family,x,y,count
P1,0.27,0.47,1403949
P1,0.27,0.48,1070492
P1,0.27,0.33,6382374
P1,0.27,0.32,388603
P1,0.27,0.30,6370077
P1,0.27,0.31,1311855
P1,0.27,0.43,7525323
P1,0.27,0.44,1378250
P1,0.27,0.34,1724336
P1,0.27,0.49,5136777
P1,0.27,0.46,6650607
P1,0.27,0.45,1145816
P1,0.27,0.42,1085277
P1,0.27,0.41,1528362
P1,0.27,0.40,8444702
P1,0.28,0.48,1058525
P1,0.28,0.49,5170622
P1,0.28,0.33,6392063
P1,0.28,0.34,1733820
P1,0.28,0.30,6361044
P1,0.28,0.31,1319196
P1,0.28,0.46,6495479
P1,0.28,0.47,1369564
P1,0.28,0.32,394802
P1,0.28,0.44,1375519
P1,0.28,0.45,1128377
P1,0.28,0.43,7556506
P1,0.28,0.42,1080953
P1,0.28,0.41,1284757
P1,0.28,0.40,7219292
P1,0.27,0.35,888449
P1,0.27,0.36,5922830
P1,0.28,0.35,901189
P1,0.28,0.36,5903653
P1,0.27,0.38,1183137
P1,0.27,0.39,1500704
P1,0.27,0.37,2599806
P1,0.28,0.37,2597962
P1,0.28,0.38,1199352
P1,0.28,0.39,1337829
P1,0.27,0.58,430877
P1,0.27,0.59,426594
P1,0.27,0.52,717238
P1,0.27,0.53,728892
P1,0.27,0.55,444898
P1,0.27,0.56,433744
P1,0.27,0.54,655623
P1,0.27,0.60,421042
P1,0.27,0.61,394204
P1,0.27,0.57,438280
P1,0.27,0.62,119998
P1,0.27,0.51,615186
P1,0.28,0.61,397729
P1,0.28,0.62,118909
P1,0.28,0.60,426836
P1,0.28,0.55,441493
P1,0.28,0.56,437596
P1,0.28,0.53,720459
P1,0.28,0.54,632543
P1,0.28,0.57,431667
P1,0.28,0.58,425585
P1,0.28,0.59,428014
P1,0.28,0.51,604911
P1,0.28,0.52,713301
P1,0.27,0.50,1088044
P1,0.28,0.50,1084528
P1,0.27,0.68,347764
P1,0.27,0.69,352311
P1,0.27,0.71,348120
P1,0.27,0.72,342898
P1,0.27,0.65,367574
P1,0.27,0.66,370782
P1,0.27,0.70,350346
P1,0.27,0.74,342312
P1,0.27,0.75,346048
P1,0.27,0.76,427983
P1,0.27,0.73,341204
P1,0.27,0.67,361072
P1,0.27,0.64,362631
P1,0.27,0.63,181158
P1,0.28,0.66,359058
P1,0.28,0.67,361277
P1,0.28,0.64,371924
P1,0.28,0.65,361199
P1,0.28,0.73,342152
P1,0.28,0.74,341849
P1,0.28,0.71,343838
P1,0.28,0.72,343167
P1,0.28,0.70,354658
P1,0.28,0.68,351846
P1,0.28,0.69,350310
P1,0.28,0.75,339942
P1,0.28,0.63,182819
P1,0.28,0.76,312644
P1,0.27,0.78,286079
P1,0.27,0.79,718120
P1,0.26,0.79,369752
P1,0.27,0.77,430835
P1,0.26,0.80,161917
P1,0.25,0.80,94702
P1,0.25,0.79,239043
P1,0.24,0.79,37202
P1,0.24,0.78,1234
P1,0.28,0.78,123769
P1,0.28,0.77,285074
P1,0.28,0.79,73172
P1,0.29,0.30,48723
P1,0.29,0.31,1405
P1,0.29,0.37,1433
P1,0.29,0.38,2682
P1,0.29,0.39,6606
P1,0.29,0.32,867
P1,0.29,0.33,36324
P1,0.29,0.34,1121
P1,0.29,0.41,3731
P1,0.29,0.42,257
P1,0.29,0.40,25768
P1,0.29,0.35,587
P1,0.29,0.36,32212
P1,0.29,0.43,23234
P1,0.29,0.44,3406
P1,0.29,0.45,63
P1,0.29,0.46,22224
P1,0.29,0.47,3122
P1,0.29,0.48,564
P1,0.29,0.49,17024
P1,0.29,0.50,2483
P1,0.29,0.52,2290
P1,0.29,0.51,1314
P1,0.29,0.54,3452
P1,0.29,0.55,1283
P1,0.29,0.53,141
P1,0.24,0.80,4435
P1,0.27,0.80,7136
P1,0.26,0.81,608
P1,0.25,0.81,5254
P1,0.24,0.81,1890
P2,-0.02,0.39,5762
P2,-0.01,0.39,6508
P2,-0.01,0.38,6371
P2,-0.20,0.89,1370
P2,-0.03,0.28,8786
P2,-0.02,0.28,9134
P2,-0.02,0.29,7946
P2,-0.01,0.28,8428
P2,0.24,0.28,4157
P2,0.23,0.28,2166
P2,-0.20,0.55,1078
P2,-0.19,0.55,456
P2,0.15,0.50,7969
P2,0.15,0.51,7941
P2,0.16,0.52,21612
P2,0.16,0.53,14184
P2,0.17,0.54,1435733
P2,0.17,0.55,22438637
P2,0.13,0.66,124158
P2,0.14,0.48,6586
P2,0.14,0.49,5985
P2,0.13,0.44,53442
P2,0.14,0.44,203019
P2,-0.18,0.76,1054
P2,-0.17,0.76,1104
P2,0.04,0.46,4452
P2,0.04,0.47,3357
P2,0.05,0.46,4591
P2,-0.04,0.31,6815
P2,-0.05,0.31,7159
P2,-0.05,0.32,6122
P2,-0.06,0.31,5951
P2,0.11,0.39,3130
P2,0.11,0.40,5220
P2,0.12,0.40,12454
P2,0.12,0.41,29163
P2,0.12,0.42,4223
P2,0.13,0.42,1838
P2,0.13,0.43,1446
P2,-0.24,0.62,3605
P2,0.15,0.60,13028
P2,0.15,0.59,21066
P2,0.16,0.58,25195
P2,0.16,0.57,54235
P2,0.17,0.56,53243
P2,-0.24,0.70,2696
P2,-0.23,0.70,3240
P2,-0.23,0.69,3495
P2,0.11,0.41,263101
P2,0.11,0.42,19159
P2,0.12,0.43,6883
P2,0.12,0.44,7905
P2,0.12,0.45,43010
P2,0.13,0.45,144441
P2,0.06,0.89,10053
P2,0.05,0.89,4379
P2,0.17,0.57,12359
P2,-0.16,0.73,738
P2,-0.16,0.74,1039
P2,-0.17,0.74,696
P2,-0.18,0.73,1168
P2,0.03,0.45,4980
P2,0.04,0.45,4130
P2,-0.24,0.64,2559
P2,-0.24,0.65,2031
P2,-0.23,0.65,2505
P2,-0.23,0.64,3404
P2,-0.05,0.20,7110
P2,-0.06,0.20,6964
P2,-0.07,0.20,7100
P2,0.04,0.35,5592
P2,0.04,0.36,5678
P2,0.03,0.36,5181
P2,0.03,0.35,5441
P2,-0.24,0.52,2709
P2,-0.09,0.29,5071
P2,-0.10,0.29,3874
P2,-0.24,0.58,3082
P2,-0.23,0.58,3270
P2,0.11,0.70,1217
P2,0.12,0.70,25852
P2,0.12,0.69,87706
P2,0.12,0.68,8485
P2,0.12,0.67,1734
P2,0.13,0.67,1046
P2,-0.03,0.68,10467
P2,-0.03,0.69,2090
P2,0.16,0.60,4848
P2,0.16,0.59,11259
P2,0.13,0.46,11338
P2,-0.17,1.33,511
P2,-0.18,1.33,429
P2,-0.19,1.33,566
P2,0.10,0.40,7757
P2,0.11,0.43,2965
P2,-0.06,1.10,353
P2,-0.07,1.10,230
P2,-0.07,1.09,356
P2,0.22,0.65,8057
P2,-0.10,0.35,3266
P2,-0.10,0.36,3842
P2,-0.09,0.35,4661
P2,0.17,0.66,40959
P2,-0.20,0.85,1293
P2,-0.20,0.86,1300
P2,-0.19,0.86,1472
P2,-0.19,0.85,1305
P2,-0.18,0.85,1153
P2,0.01,0.84,1460
P2,0.01,0.85,1299
P2,0.00,0.85,1151
P2,0.00,0.84,1854
P2,0.03,0.27,8708
P2,0.02,0.27,9768
P2,0.02,0.26,9654
P2,-0.12,0.36,2841
P2,-0.13,0.36,2136
P2,-0.13,0.37,2066
P2,-0.14,0.37,1442
P2,-0.14,0.36,1518
P2,0.10,0.37,105256
P2,0.10,0.38,14432
P2,0.10,0.39,9725
P2,0.09,0.93,2240
P2,0.08,0.93,2089
P2,0.07,0.93,1849
P2,0.03,0.75,1750
P2,0.04,0.75,30184
P2,0.04,0.76,1927
P2,0.04,0.72,763
P2,0.05,0.72,871
P2,0.05,0.71,1673
P2,0.06,0.72,955
P2,0.06,0.71,91837
P2,0.07,0.71,86850
P2,0.08,0.71,11042
P2,0.09,0.71,2756
P2,0.10,0.71,1278
P2,0.11,0.71,977
P2,0.07,0.29,5614
P2,0.07,0.30,5057
P2,0.08,0.30,4364
P2,0.08,0.29,4530
P2,0.16,0.54,5670
P2,0.09,0.72,28861
P2,0.10,0.72,13358
P2,0.17,0.58,5022
P2,-0.02,0.22,11926
P2,-0.02,0.23,13779
P2,-0.01,0.23,12938
P2,-0.01,0.22,11891
P2,0.14,0.89,2041
P2,0.14,0.90,8173
P2,0.15,0.90,7122
P2,0.15,0.89,1741
P2,0.14,0.80,790
P2,0.14,0.81,920
P2,0.13,0.80,1026
P2,0.13,0.78,14352
P2,0.12,0.78,19736
P2,0.11,0.78,15762
P2,0.10,0.78,3510
P2,0.10,0.77,31944
P2,0.02,0.72,29504
P2,0.02,0.73,58091
P2,0.01,0.73,2680
P2,0.00,0.72,1979
P2,0.13,0.41,16625
P2,0.00,0.30,7038
P2,-0.01,0.30,6910
P2,-0.02,0.30,6960
P2,0.17,0.44,248432
P2,-0.24,0.60,2640
P2,-0.23,0.60,2822
P2,-0.23,0.59,4000
P2,-0.18,0.78,1272
P2,-0.17,0.78,928
P2,-0.16,0.78,755
P2,0.15,0.66,84538
P2,-0.22,0.51,2397
P2,-0.04,0.32,7059
P2,-0.03,0.32,6671
P2,-0.11,0.26,4507
P2,-0.11,0.27,3906
P2,0.01,0.30,7365
P2,0.02,0.30,7149
P2,-0.15,0.93,581
P2,-0.16,0.93,596
P2,-0.16,0.94,807
P2,-0.17,0.93,1057
P2,0.09,0.68,165549
P2,-0.21,0.57,1540
P2,-0.20,0.57,982
P2,-0.19,0.57,641
P2,-0.24,0.45,3880
P2,-0.05,0.23,12208
P2,-0.04,0.23,11893
P2,-0.03,0.23,13241
P2,-0.24,0.43,2971
P2,-0.23,0.43,2915
P2,0.15,0.49,6250
P2,0.04,0.37,4546
P2,0.04,0.38,4812
P2,0.03,0.38,5277
P2,0.03,0.37,5127
P2,0.02,0.37,5657
P2,0.00,0.34,7091
P2,0.01,0.34,7036
P2,0.02,0.34,7283
P2,0.14,0.66,121394
P2,0.15,0.61,7794
P2,0.21,0.25,108
P2,-0.06,0.24,11501
P2,-0.06,0.25,11395
P2,-0.05,0.25,12330
P2,-0.05,0.24,11812
P2,0.00,0.28,8429
P2,0.13,0.47,4221
P2,-0.07,1.17,133
P2,-0.08,1.17,188
P2,-0.08,1.18,335
P2,0.04,1.02,559
P2,0.03,1.02,537
P2,0.02,1.02,589
P2,-0.09,0.42,3528
P2,-0.09,0.43,3080
P2,-0.10,0.43,3374
P2,-0.10,0.42,2692
P2,-0.04,0.82,1412
P2,-0.05,0.82,1499
P2,-0.05,0.83,5044
P2,-0.06,0.82,4461
P2,0.04,0.64,21456
P2,0.05,0.64,134850
P2,0.06,0.64,23692
P2,-0.11,0.46,2416
P2,-0.11,0.47,2671
P2,-0.12,0.47,2283
P2,-0.12,0.46,2124
P2,-0.13,0.46,1862
P2,-0.24,0.46,3629
P2,-0.23,0.46,2982
P2,-0.22,0.46,1660
P2,-0.05,0.44,4201
P2,-0.06,0.44,3853
P2,-0.07,0.44,3601
P2,0.12,0.66,1979
P2,0.12,0.65,171107
P2,-0.06,0.67,2709
P2,-0.06,0.68,2390
P2,-0.07,0.21,13282
P2,-0.06,0.21,13150
P2,0.04,0.32,5957
P2,0.16,0.61,2360
P2,-0.03,0.33,7808
P2,-0.02,0.32,6957
P2,0.01,0.21,13773
P2,0.01,0.22,12009
P2,0.02,0.22,12604
P2,0.02,0.21,14508
P2,-0.09,0.84,838
P2,-0.09,0.85,964
P2,-0.10,0.85,718
P2,-0.10,0.84,1057
P2,0.05,0.53,2566
P2,0.06,0.53,2503
P2,0.09,0.38,19981
P2,0.04,1.10,662
P2,0.05,1.10,595
P2,0.06,1.10,561
P2,0.09,0.83,2040
P2,0.09,0.84,1624
P2,0.08,0.84,1268
P2,0.08,0.83,1473
P2,0.07,0.83,1487
P2,0.02,0.74,1722
P2,0.01,0.74,1396
P2,-0.01,0.48,4625
P2,-0.02,0.48,4017
P2,-0.02,0.49,3820
P2,0.20,0.66,16362
P2,-0.08,0.37,3835
P2,-0.08,0.38,3721
P2,-0.07,0.38,3946
P2,-0.07,0.37,3824
P2,-0.08,0.26,6536
P2,-0.07,0.26,8276
P2,-0.06,0.26,8434
P2,-0.08,0.20,7188
P2,0.03,0.20,7287
P2,0.02,0.20,7397
P2,0.06,0.32,7391
P2,0.06,0.33,5187
P2,0.05,0.33,5516
P2,0.05,0.32,6080
P2,0.09,0.40,2700
P2,0.10,0.41,2948
P2,0.07,0.34,91279
P2,0.17,0.50,17397
P2,0.17,0.51,24749
P2,0.17,0.52,33742
P2,0.17,0.53,51957
P2,0.11,0.64,123840
P2,0.12,0.64,32869
P2,0.13,0.64,12112
P2,0.13,0.63,3595
P2,0.02,0.24,11994
P2,0.01,0.24,11102
P2,0.00,0.24,12932
P2,-0.24,0.56,3121
P2,-0.23,0.56,3201
P2,-0.22,0.56,2570
P2,0.00,0.31,7180
P2,0.01,0.31,7812
P2,0.02,0.31,6990
P2,0.08,0.21,14179
P2,0.08,0.22,8810
P2,0.09,0.22,7012
P2,0.09,0.21,9568
P2,0.10,0.21,6463
P2,0.21,0.66,8817
P2,0.00,0.42,5744
P2,0.00,0.43,5039
P2,0.01,0.43,4869
P2,0.01,0.42,5048
P2,-0.04,0.28,8012
P2,-0.05,0.28,7337
P2,-0.06,0.28,7070
P2,-0.24,0.61,2171
P2,-0.23,0.61,2673
P2,0.13,0.98,1287
P2,0.13,0.99,1406
P2,0.11,0.81,1225
P2,0.11,0.82,10218
P2,0.10,0.82,8023
P2,0.10,0.81,2986
P2,0.05,0.73,3473
P2,0.05,0.74,13221
P2,0.04,0.74,74371
P2,0.04,0.73,5210
P2,0.03,0.72,5289
P2,0.03,0.71,1456
P2,0.04,0.71,691
P2,-0.22,0.84,1773
P2,-0.22,0.85,1675
P2,-0.21,0.84,1887
P2,0.13,0.65,109097
P2,-0.04,0.38,5807
P2,-0.04,0.39,6158
P2,-0.05,0.39,4947
P2,-0.05,0.38,4576
P2,0.01,0.29,7483
P2,0.00,0.29,6932
P2,0.02,0.86,1732
P2,0.03,0.86,1354
P2,0.03,0.87,3115
P2,0.04,0.87,1425
P2,0.04,0.86,1650
P2,0.19,0.87,3428
P2,0.19,0.88,2035
P2,0.20,0.88,1727
P2,0.21,0.88,1224
P2,0.21,0.87,1962
P2,0.16,0.51,14249
P2,-0.12,0.24,3769
P2,-0.13,0.24,1960
P2,-0.14,0.24,487
P2,0.36,0.73,96
P2,0.37,0.73,98
P2,0.16,0.50,12489
P2,-0.24,0.66,2461
P2,-0.23,0.66,2985
P2,0.43,1.24,5
P2,0.42,1.24,55
P2,-0.24,0.72,2188
P2,-0.24,0.73,2063
P2,-0.23,0.73,2753
P2,-0.22,0.73,2555
P2,-0.22,0.72,2214
P2,-0.23,0.62,3488
P2,-0.05,0.26,10033
P2,-0.04,0.26,9924
P2,-0.04,0.25,12066
P2,-0.03,0.25,11040
P2,-0.01,0.32,7014
P2,-0.19,0.89,1257
P2,-0.18,0.89,1258
P2,-0.01,0.21,13165
P2,-0.02,0.21,13689
P2,-0.03,0.21,13854
P2,0.09,0.77,44045
P2,0.11,0.77,11956
P2,0.08,0.77,39177
P2,0.03,0.73,24109
P2,0.01,0.72,128638
P2,-0.10,0.72,1570
P2,-0.10,0.73,2017
P2,-0.11,0.72,1509
P2,0.07,0.22,9901
P2,-0.01,0.24,13420
P2,0.15,0.91,4001
P2,0.16,0.91,5457
P2,0.16,0.92,2572
P2,0.17,0.91,4562
P2,0.19,0.80,1081
P2,0.19,0.81,749
P2,0.20,0.81,638
P2,0.20,0.80,688
P2,0.21,0.80,687
P2,0.22,0.78,6240
P2,0.23,0.78,4420
P2,-0.01,0.26,9818
P2,-0.02,0.26,9696
P2,-0.03,0.26,10612
P2,0.13,0.40,241281
P2,0.14,0.43,10730
P2,0.09,0.37,226205
P2,-0.04,0.55,2878
P2,-0.05,0.55,3224
P2,-0.09,1.00,358
P2,-0.09,1.01,438
P2,-0.10,1.01,437
P2,-0.10,1.00,354
P2,-0.14,0.43,2312
P2,-0.15,0.43,1556
P2,-0.16,0.43,973
P2,-0.01,0.56,2787
P2,-0.01,0.57,3138
P2,-0.02,0.57,2742
P2,-0.02,0.56,3274
P2,-0.04,0.84,4933
P2,-0.04,0.85,1839
P2,-0.05,0.85,1531
P2,-0.06,0.85,851
P2,-0.06,0.84,1154
P2,0.19,0.96,1140
P2,0.20,0.96,1061
P2,0.21,0.96,987
P2,0.02,0.50,3363
P2,0.02,0.51,3284
P2,0.01,0.51,3124
P2,0.01,0.50,3943
P2,0.00,0.50,4006
P2,-0.17,0.97,1098
P2,-0.16,0.97,939
P2,-0.04,0.47,4002
P2,-0.04,0.48,3933
P2,-0.05,0.47,3040
P2,-0.12,0.42,2399
P2,-0.12,0.43,2516
P2,-0.13,0.43,2465
P2,-0.14,0.42,1578
P2,-0.24,0.41,2661
P2,-0.23,0.41,1816
P2,0.16,0.66,60827
P2,-0.13,0.82,845
P2,-0.14,0.82,970
P2,-0.14,0.83,599
P2,-0.15,0.83,531
P2,-0.15,0.82,671
P2,0.01,0.28,7996
P2,0.24,0.29,4540
P2,0.23,0.29,982
P2,0.22,0.29,1228
P2,0.12,0.85,1569
P2,0.12,0.86,9893
P2,0.11,0.86,10196
P2,0.11,0.85,1409
P2,-0.05,0.43,4850
P2,-0.06,0.43,4469
P2,-0.07,0.43,3558
P2,-0.24,1.38,500
P2,-0.24,1.37,644
P2,0.08,0.34,241713
P2,0.08,0.33,43372
P2,-0.06,0.30,6137
P2,-0.07,0.31,5616
P2,-0.07,0.30,4650
P2,-0.05,0.65,2775
P2,-0.06,0.65,2921
P2,-0.07,0.65,2706
P2,0.28,0.78,388
P2,0.28,0.79,474
P2,0.29,0.79,487
P2,0.30,0.79,465
P2,0.30,0.78,365
P2,-0.04,0.93,815
P2,-0.05,0.93,639
P2,-0.05,0.92,834
P2,0.18,0.66,30351
P2,-0.12,0.44,2187
P2,-0.12,0.45,2076
P2,-0.13,0.45,2133
P2,-0.13,0.44,1930
P2,-0.14,0.44,1639
P2,0.03,0.22,13223
P2,0.03,0.23,12553
P2,0.02,0.23,14481
P2,-0.10,0.50,2103
P2,-0.10,0.51,2308
P2,-0.11,0.34,3066
P2,-0.11,0.35,2719
P2,-0.12,0.35,2414
P2,-0.12,0.34,2380
P2,0.06,0.57,2147
P2,0.06,0.58,2027
P2,0.07,0.57,2231
P2,-0.04,0.22,12326
P2,-0.05,0.22,12353
P2,-0.06,0.23,12323
P2,-0.06,0.22,12131
P2,-0.17,1.03,1165
P2,-0.17,1.04,867
P2,-0.18,1.04,1234
P2,-0.18,1.03,1401
P2,0.16,0.87,4932
P2,0.17,0.87,4192
P2,0.17,0.88,2168
P2,0.18,0.88,1953
P2,0.18,0.87,4342
P2,0.22,0.80,661
P2,0.12,0.71,102
P2,0.13,0.69,10743
P2,0.13,0.68,866
P2,-0.24,0.57,2748
P2,-0.23,0.57,2920
P2,0.16,0.56,94075
P2,0.08,0.20,8017
P2,-0.23,0.38,1290
P2,-0.22,0.38,174
P2,0.30,0.80,781
P2,0.30,0.81,545
P2,0.29,0.81,691
P2,0.29,0.80,775
P2,-0.21,0.53,1202
P2,-0.21,0.54,1492
P2,-0.20,0.54,1043
P2,-0.19,0.54,488
P2,-0.19,0.53,413
P2,0.01,0.32,7846
P2,-0.12,0.21,1254
P2,-0.13,0.21,68
P2,-0.23,1.17,617
P2,-0.23,1.18,416
P2,-0.22,1.18,373
P2,-0.22,1.17,540
P2,-0.05,0.91,887
P2,-0.06,0.92,746
P2,-0.06,0.91,660
P2,-0.09,0.70,1424
P2,-0.09,0.71,1245
P2,-0.10,0.71,1993
P2,-0.10,0.70,1850
P2,-0.12,0.71,1207
P2,-0.12,0.72,1115
P2,-0.13,0.72,1168
P2,-0.13,0.71,853
P2,-0.14,0.71,1236
P2,-0.21,0.66,2055
P2,-0.24,0.71,2973
P2,-0.23,0.71,3677
P2,-0.22,0.71,2741
P2,-0.22,0.70,2839
P2,-0.13,0.73,1761
P2,-0.14,0.73,2329
P2,-0.15,0.73,942
P2,-0.15,0.72,1241
P2,-0.11,1.18,275
P2,-0.11,1.19,409
P2,0.14,0.63,4771
P2,0.14,0.62,6821
P2,-0.20,0.50,431
P2,-0.18,0.63,824
P2,-0.19,0.63,1122
P2,-0.20,0.63,1526
P2,0.05,0.47,3153
P2,0.05,0.48,3440
P2,0.06,0.48,2642
P2,0.07,0.48,2934
P2,0.07,0.47,2616
P2,0.01,0.27,8956
P2,-0.24,0.50,4211
P2,-0.23,0.50,3943
P2,-0.22,0.41,505
P2,-0.08,0.60,1760
P2,-0.09,0.60,1488
P2,-0.10,0.60,1716
P2,0.02,0.29,7927
P2,0.02,0.28,8033
P2,0.03,0.28,8111
P2,0.10,1.29,146
P2,0.10,1.30,102
P2,0.09,1.30,188
P2,0.09,1.29,211
P2,0.06,0.40,4155
P2,0.07,0.40,3922
P2,0.07,0.41,3715
P2,0.03,0.29,7177
P2,0.04,0.29,7958
P2,0.04,0.28,8076
P2,0.05,0.28,10315
P2,0.07,0.42,3446
P2,0.07,0.43,2865
P2,0.08,0.43,2726
P2,0.08,0.42,2474
P2,-0.21,0.41,25
P2,-0.23,0.95,1360
P2,-0.23,0.96,1630
P2,-0.22,0.96,1672
P2,-0.21,0.96,1293
P2,-0.21,0.95,1379
P2,0.00,0.22,11983
P2,0.00,0.23,13123
P2,0.06,0.59,2817
P2,0.07,0.59,4130
P2,0.07,0.58,2066
P2,0.06,0.27,7376
P2,0.05,0.27,8961
P2,0.04,0.27,9361
P2,0.04,0.26,10794
P2,-0.18,0.43,642
P2,-0.19,0.43,453
P2,-0.24,0.95,774
P2,-0.22,0.95,1287
P2,-0.09,0.20,5959
P2,-0.01,0.74,1498
P2,-0.01,0.75,2168
P2,-0.02,0.75,3123
P2,-0.02,0.74,1773
P2,0.08,0.79,905
P2,0.07,0.79,1479
P2,0.07,0.80,2745
P2,0.06,0.73,1219
P2,-0.21,0.74,1994
P2,-0.20,0.74,1764
P2,0.17,0.60,1377
P2,0.17,0.59,2583
P2,-0.24,0.34,1044
P2,-0.24,0.33,662
P2,-0.13,1.05,331
P2,-0.14,1.05,483
P2,0.04,0.43,3898
P2,0.04,0.44,4001
P2,0.05,0.44,3766
P2,0.05,0.43,3343
P2,0.06,0.43,3253
P2,-0.09,0.83,1081
P2,-0.10,0.83,1313
P2,0.01,0.66,73376
P2,0.00,0.66,2002
P2,0.00,0.67,1817
P2,0.00,0.36,6614
P2,0.00,0.37,5786
P2,-0.01,0.37,6513
P2,-0.02,0.37,5936
P2,-0.02,0.36,6670
P2,0.01,0.23,13151
P2,-0.01,0.31,7093
P2,-0.02,0.31,7429
P2,-0.03,0.31,6882
P2,-0.02,0.24,13073
P2,-0.03,0.24,12884
P2,-0.04,0.24,12615
P2,0.05,0.37,4297
P2,0.05,0.38,4148
P2,-0.11,0.24,4916
P2,-0.11,0.25,5057
P2,-0.12,0.25,3432
P2,0.03,0.65,2905
P2,0.03,0.66,8655
P2,0.02,0.66,36748
P2,0.02,0.65,6500
P2,0.35,0.74,231
P2,-0.22,0.43,1348
P2,-0.21,0.43,192
P2,-0.17,0.96,795
P2,-0.16,0.96,835
P2,-0.15,0.96,616
P2,0.14,0.65,20720
P2,-0.24,0.63,2730
P2,-0.23,0.63,3244
P2,0.14,0.47,3562
P2,0.16,0.90,5366
P2,0.17,0.90,5084
P2,0.21,0.78,5887
P2,0.24,0.78,1226
P2,-0.08,0.31,4835
P2,-0.09,0.31,5052
P2,0.14,0.41,27111
P2,0.14,0.42,10045
P2,0.15,0.44,187669
P2,0.02,0.45,4256
P2,0.02,0.46,4670
P2,0.02,0.44,4229
P2,0.17,1.00,882
P2,0.17,1.01,1176
P2,0.18,1.01,865
P2,0.18,1.00,958
P2,0.19,1.00,899
P2,-0.23,1.21,861
P2,-0.22,1.21,828
P2,-0.21,1.21,852
P2,0.01,0.36,6733
P2,-0.12,0.63,1433
P2,-0.13,0.64,1459
P2,-0.14,0.64,1296
P2,-0.14,0.63,1807
P2,-0.21,0.28,1237
P2,0.06,0.22,10741
P2,0.06,0.23,11563
P2,0.05,0.23,12282
P2,0.04,0.23,12573
P2,0.04,0.22,11970
P2,-0.03,0.46,5409
P2,-0.04,0.46,4654
P2,-0.05,0.46,4304
P2,-0.21,0.29,1756
P2,-0.21,0.30,2250
P2,-0.20,0.30,1032
P2,-0.20,0.29,571
P2,0.15,0.82,6847
P2,0.16,0.82,5086
P2,0.17,0.82,4740
P2,0.17,0.81,1029
P2,0.18,0.79,2551
P2,0.19,0.79,2136
P2,0.20,0.79,1517
P2,0.20,0.78,5837
P2,0.07,0.33,11870
P2,0.07,0.77,1814
P2,0.08,0.76,45914
P2,0.07,0.76,39815
P2,0.06,0.76,23069
P2,0.01,0.71,22274
P2,0.00,0.68,1932
P2,-0.08,0.33,4604
P2,-0.08,0.34,4563
P2,-0.09,0.34,4615
P2,-0.10,0.34,3359
P2,-0.10,0.33,3802
P2,-0.03,0.49,4303
P2,-0.03,0.50,3949
P2,-0.13,0.54,1745
P2,-0.14,0.54,1483
P2,0.03,1.19,398
P2,0.03,1.20,466
P2,0.04,1.20,610
P2,0.04,1.19,453
P2,-0.01,0.67,2341
P2,-0.01,0.68,16789
P2,-0.02,0.68,42742
P2,-0.02,0.67,9677
P2,-0.03,0.67,53348
P2,-0.22,0.34,315
P2,-0.21,0.34,1446
P2,-0.20,0.34,1637
P2,-0.17,1.25,376
P2,-0.17,1.26,507
P2,-0.16,1.26,408
P2,-0.16,1.25,351
P2,-0.15,1.25,425
P2,0.06,0.63,5441
P2,0.05,0.63,16362
P2,-0.07,0.24,11055
P2,-0.08,0.24,8212
P2,-0.08,0.25,8588
P2,-0.09,0.24,7102
P2,0.02,0.33,6923
P2,0.01,0.33,8055
P2,0.21,0.65,5754
P2,-0.18,0.77,1163
P2,-0.19,0.77,1430
P2,-0.19,0.76,1146
P2,-0.24,0.55,2820
P2,-0.15,0.45,1459
P2,-0.16,0.45,1100
P2,-0.17,0.45,821
P2,0.17,0.95,1005
P2,0.17,0.96,1214
P2,0.18,0.96,1133
P2,0.18,0.95,1475
P2,0.19,0.95,1155
P2,-0.03,0.20,7084
P2,-0.02,0.20,7091
P2,-0.01,0.20,6860
P2,0.07,0.31,6199
P2,0.06,0.31,9796
P2,0.05,0.31,6632
P2,0.05,0.30,7422
P2,-0.07,0.82,2131
P2,-0.07,0.83,1559
P2,-0.06,0.83,2284
P2,0.21,0.29,889
P2,0.05,0.22,10866
P2,-0.03,0.34,7186
P2,-0.03,0.35,6242
P2,0.01,0.64,14232
P2,0.01,0.65,38814
P2,0.02,0.64,2786
P2,-0.24,0.54,2537
P2,-0.23,0.54,2609
P2,0.01,0.44,4407
P2,0.01,0.45,5321
P2,0.00,0.45,4969
P2,0.00,0.44,4618
P2,0.08,0.81,7612
P2,0.08,0.82,1917
P2,0.07,0.82,1832
P2,0.07,0.81,5580
P2,0.06,0.81,2704
P2,0.03,0.74,30008
P2,0.05,0.67,1426
P2,0.05,0.68,4016
P2,0.06,0.68,1123
P2,0.06,0.67,1878
P2,-0.06,0.40,4208
P2,-0.06,0.41,4733
P2,-0.07,0.41,3932
P2,-0.07,0.40,4151
P2,-0.04,0.33,7708
P2,-0.04,0.34,6751
P2,-0.05,0.34,5890
P2,-0.05,0.33,6045
P2,0.05,0.52,2772
P2,0.06,0.52,2550
P2,-0.19,0.87,805
P2,-0.18,0.87,1030
P2,-0.01,0.29,7797
P2,-0.03,0.29,8265
P2,0.04,0.56,2933
P2,0.04,0.57,2515
P2,0.05,0.57,2783
P2,0.05,0.56,2720
P2,0.06,0.56,2770
P2,-0.23,0.42,2186
P2,-0.22,0.42,1039
P2,-0.21,0.42,125
P2,0.06,0.37,4273
P2,0.07,0.37,3620
P2,0.00,0.21,13202
P2,0.03,0.39,5581
P2,0.02,0.39,5222
P2,0.01,0.39,5891
P2,0.01,0.38,5733
P2,-0.22,0.77,2105
P2,-0.22,0.78,1918
P2,-0.21,0.78,2001
P2,-0.21,0.77,1924
P2,-0.20,0.77,1755
P2,-0.24,0.36,2119
P2,-0.24,0.35,1114
P2,-0.05,1.23,139
P2,-0.05,1.24,308
P2,-0.06,1.24,393
P2,-0.06,1.23,182
P2,0.11,0.74,1152
P2,0.11,0.73,49374
P2,0.12,0.72,674
P2,0.06,0.95,1425
P2,0.07,0.95,1543
P2,0.08,0.95,1818
P2,0.13,0.81,1263
P2,0.12,0.81,1135
P2,0.12,0.82,9491
P2,0.09,0.78,1318
P2,0.00,0.73,2562
P2,0.11,0.87,2930
P2,0.10,0.87,3124
P2,0.10,0.86,11601
P2,-0.05,0.57,2590
P2,-0.05,0.58,2357
P2,-0.16,0.34,573
P2,-0.17,0.34,181
P2,0.05,0.20,6942
P2,0.03,0.64,2266
P2,0.04,0.65,3247
P2,0.05,0.65,83127
P2,-0.24,0.47,3343
P2,0.03,0.41,5106
P2,0.03,0.42,5231
P2,0.02,0.42,5343
P2,0.02,0.41,5028
P2,0.01,0.41,6042
P2,0.06,0.21,13728
P2,0.07,0.21,13531
P2,0.02,1.27,278
P2,0.02,1.28,424
P2,0.09,0.81,7943
P2,0.13,0.79,1547
P2,0.14,0.79,2002
P2,0.14,0.78,10870
P2,0.15,0.78,9093
P2,0.06,0.25,11252
P2,0.06,0.26,8367
P2,-0.12,0.27,3203
P2,-0.12,0.28,2744
P2,-0.13,0.28,2040
P2,-0.14,0.27,1114
P2,-0.20,0.98,1156
P2,-0.19,0.98,1081
P2,-0.18,0.98,922
P2,-0.22,0.99,741
P2,-0.21,0.99,834
P2,-0.21,0.98,1089
P2,0.16,0.42,9753
P2,0.16,0.43,10510
P2,0.16,0.44,243328
P2,0.05,0.26,9008
P2,0.05,0.25,11145
P2,0.01,0.63,11953
P2,0.00,0.64,114901
P2,0.00,0.63,39327
P2,-0.11,0.38,2380
P2,-0.11,0.39,2335
P2,-0.12,0.39,2122
P2,-0.12,0.38,2302
P2,0.08,0.64,3029
P2,0.09,0.64,4396
P2,0.10,0.64,179885
P2,-0.20,0.71,1761
P2,-0.19,0.71,1481
P2,-0.08,0.23,9950
P2,-0.07,0.23,11425
P2,-0.14,0.96,620
P2,0.04,0.24,11820
P2,0.03,0.24,12656
P2,0.11,0.22,3582
P2,0.12,0.22,1519
P2,0.01,0.20,6812
P2,-0.09,0.26,5395
P2,-0.24,0.44,3667
P2,-0.23,0.44,3462
P2,-0.22,0.44,1431
P2,0.07,0.52,2180
P2,0.07,0.53,2127
P2,0.08,0.53,2140
P2,0.08,0.52,1757
P2,0.11,0.84,1870
P2,0.10,0.85,1638
P2,0.09,0.85,7378
P2,0.01,0.26,9028
P2,0.00,0.26,9780
P2,0.13,0.89,2179
P2,0.12,0.89,2087
P2,0.12,0.88,2252
P2,0.06,0.24,11496
P2,0.05,0.24,11941
P2,-0.03,0.47,4339
P2,-0.02,0.47,4959
P2,-0.02,0.46,5350
P2,-0.21,1.26,479
P2,-0.22,1.26,503
P2,-0.23,1.26,688
P2,-0.20,0.93,1363
P2,-0.19,0.93,1265
P2,-0.18,0.93,1139
P2,0.03,1.29,417
P2,0.02,1.29,533
P2,0.01,1.29,261
P2,-0.01,0.36,6605
P2,0.01,0.35,6830
P2,0.02,0.38,5152
P2,0.04,0.20,7390
P2,0.04,0.21,12742
P2,0.03,0.21,13714
P2,0.00,0.53,3283
P2,0.00,0.54,4315
P2,0.01,0.54,3568
P2,0.02,0.54,3360
P2,0.02,0.53,2808
P2,0.18,0.82,4590
P2,-0.05,0.79,2262
P2,-0.04,0.79,3128
P2,-0.04,0.80,2043
P2,-0.03,0.80,3176
P2,-0.03,0.79,3444
P2,-0.22,0.89,1639
P2,-0.21,0.89,1536
P2,-0.20,0.88,1384
P2,-0.05,0.35,5696
P2,-0.06,0.35,5753
P2,-0.07,0.35,5280
P2,0.05,0.21,12691
P2,0.08,0.25,7903
P2,0.08,0.26,5771
P2,0.09,0.26,6008
P2,0.10,0.26,5781
P2,0.10,0.25,4851
P2,-0.02,0.38,6380
P2,-0.03,0.38,5929
P2,-0.03,0.37,6018
P2,-0.07,1.19,161
P2,-0.07,1.20,253
P2,-0.08,1.20,201
P2,-0.08,1.19,332
P2,0.07,0.23,10345
P2,0.14,0.82,7550
P2,0.14,0.83,3195
P2,0.15,0.83,3497
P2,0.16,0.78,8699
P2,0.16,0.79,4261
P2,-0.24,1.04,1080
P2,-0.24,1.03,1057
P2,0.02,0.25,11970
P2,0.03,0.25,12105
P2,0.04,0.25,11245
P2,-0.20,0.82,1979
P2,-0.19,0.82,1557
P2,-0.06,0.66,3090
P2,-0.23,0.36,772
P2,-0.08,0.22,9514
P2,-0.09,0.23,7385
P2,-0.10,0.23,6521
P2,-0.10,0.22,6044
P2,-0.02,0.25,11655
P2,-0.01,0.25,13331
P2,0.21,1.07,346
P2,0.22,1.07,384
P2,0.23,1.07,372
P2,-0.19,0.40,397
P2,-0.18,0.40,552
P2,-0.18,0.41,577
P2,-0.17,0.41,815
P2,-0.17,0.40,672
P2,0.03,0.63,3340
P2,0.04,0.63,83758
P2,-0.03,0.22,11870
P2,0.02,0.55,3526
P2,0.01,0.55,3781
P2,0.00,0.55,4222
P2,-0.12,1.02,229
P2,-0.13,1.02,399
P2,-0.13,1.03,857
P2,0.02,0.85,1539
P2,0.03,0.85,1353
P2,0.03,0.84,2663
P2,0.08,0.73,252
P2,0.08,0.74,577
P2,0.09,0.73,48326
P2,-0.03,0.73,1763
P2,-0.03,0.74,3374
P2,-0.04,0.74,2515
P2,-0.04,0.73,3140
P2,0.08,0.35,19767
P2,-0.04,1.10,158
P2,-0.03,1.10,268
P2,-0.03,1.11,570
P2,-0.24,0.30,1141
P2,-0.13,0.25,1989
P2,-0.14,0.25,845
P2,-0.15,0.25,57
P2,-0.20,0.84,1805
P2,0.04,0.83,1749
P2,0.04,0.84,6957
P2,0.03,0.83,4735
P2,0.01,0.93,828
P2,0.01,0.94,750
P2,0.02,0.94,1100
P2,0.03,0.94,1228
P2,0.03,0.93,1363
P2,0.10,0.75,83
P2,0.11,0.75,62
P2,0.12,0.74,27073
P2,0.12,0.73,8625
P2,0.13,0.72,29
P2,0.13,0.71,79
P2,0.13,0.70,56339
P2,0.14,0.68,201
P2,0.14,0.67,346
P2,-0.02,0.35,6531
P2,-0.01,0.35,6526
P2,0.00,0.35,6379
P2,-0.11,0.43,2735
P2,0.16,0.45,18501
P2,0.15,0.98,1210
P2,0.15,0.99,1213
P2,0.16,0.98,1109
P2,0.19,0.82,5988
P2,0.21,0.79,1070
P2,0.22,0.79,800
P2,0.24,0.77,2851
P2,0.27,0.79,585
P2,0.26,0.79,446
P2,0.25,0.79,489
P2,0.25,0.77,1974
P2,0.25,0.78,437
P2,0.26,0.77,608
P2,0.26,0.76,12
P2,0.27,0.76,120
P2,0.28,0.76,174
P2,-0.08,0.78,1325
P2,-0.08,0.79,1369
P2,-0.09,0.79,3558
P2,-0.10,0.79,1915
P2,-0.10,0.78,3114
P2,-0.13,0.30,1277
P2,-0.14,0.30,883
P2,-0.04,0.75,2826
P2,-0.04,0.76,2289
P2,-0.05,0.76,2469
P2,-0.06,0.76,2674
P2,-0.06,0.75,1932
P2,-0.13,0.38,1705
P2,-0.10,0.31,3573
P2,-0.10,0.32,3346
P2,-0.11,0.32,2997
P2,-0.11,0.31,3347
P2,-0.12,0.84,645
P2,-0.13,0.84,824
P2,0.18,0.80,1313
P2,0.18,0.81,491
P2,0.19,0.78,5818
P2,0.23,0.77,299
P2,-0.04,0.36,5855
P2,-0.04,0.37,5230
P2,-0.03,0.36,6501
P2,-0.20,1.03,1396
P2,-0.11,0.42,2365
P2,-0.13,0.42,2268
P2,-0.21,0.61,2090
P2,-0.20,0.61,1463
P2,-0.19,0.61,961
P2,-0.21,0.75,1320
P2,-0.20,0.75,1121
P2,-0.05,0.45,4388
P2,-0.06,0.46,4333
P2,-0.06,0.45,4323
P2,-0.07,0.45,3876
P2,-0.23,0.79,2168
P2,-0.22,0.79,2415
P2,0.08,1.37,147
P2,0.08,1.38,330
P2,0.07,1.38,134
P2,0.07,1.37,107
P2,0.10,0.83,2122
P2,0.12,0.79,1483
P2,0.26,0.80,286
P2,0.26,0.81,1874
P2,0.27,0.81,1216
P2,0.28,0.80,556
P2,-0.09,0.46,2994
P2,-0.10,0.46,2561
P2,-0.12,0.29,3098
P2,-0.13,0.29,1762
P2,0.02,0.35,6994
P2,0.23,0.82,5995
P2,0.23,0.83,1346
P2,0.05,0.41,4952
P2,0.06,0.41,3512
P2,0.01,0.25,11381
P2,0.00,0.25,11377
P2,-0.15,0.97,646
P2,-0.01,0.46,5352
P2,-0.01,0.47,4680
P2,-0.21,0.87,983
P2,-0.20,0.87,776
P2,-0.22,1.14,960
P2,-0.21,1.14,1094
P2,-0.20,1.14,1218
P2,0.06,1.12,406
P2,0.06,1.13,513
P2,0.05,1.13,487
P2,0.05,1.12,446
P2,0.00,0.38,6282
P2,0.00,0.39,6722
P2,-0.04,0.61,3033
P2,-0.04,0.62,2929
P2,-0.05,0.62,2969
P2,-0.05,0.61,2515
P2,-0.06,0.61,2641
P2,-0.06,0.29,6688
P2,-0.07,0.29,4981
P2,-0.08,0.29,4858
P2,0.15,0.84,1366
P2,0.15,0.85,1515
P2,0.16,0.85,1649
P2,0.16,0.84,1600
P2,0.17,0.84,1644
P2,-0.21,0.71,1935
P2,-0.24,0.51,3508
P2,-0.19,0.56,544
P2,-0.20,0.56,1149
P2,-0.19,0.90,1295
P2,0.04,0.30,6980
P2,0.03,0.30,7539
P2,-0.15,1.19,343
P2,-0.14,1.19,344
P2,-0.13,1.19,241
P2,-0.13,1.18,451
P2,0.07,0.24,8899
P2,-0.01,0.45,4496
P2,-0.02,0.45,5176
P2,-0.22,0.33,800
P2,-0.21,0.33,1807
P2,-0.20,0.33,1481
P2,-0.07,0.22,10268
P2,-0.11,0.63,1530
P2,-0.11,0.64,1893
P2,-0.12,0.64,1950
P2,-0.13,0.63,1310
P2,0.14,0.46,1311
P2,0.14,0.45,9400
P2,-0.20,1.16,557
P2,-0.19,1.16,666
P2,-0.19,1.17,537
P2,-0.18,1.16,478
P2,-0.19,0.73,1303
P2,-0.04,0.45,4821
P2,-0.02,1.06,318
P2,-0.02,1.07,337
P2,0.06,0.51,2332
P2,0.08,0.51,2280
P2,-0.18,1.07,966
P2,-0.19,1.07,1209
P2,-0.20,1.07,1191
P2,0.01,1.00,595
P2,0.02,1.00,676
P2,0.02,1.01,521
P2,0.02,0.71,9352
P2,-0.08,0.80,3645
P2,-0.09,0.80,2761
P2,0.07,1.10,644
P2,0.07,1.11,787
P2,0.08,1.10,585
P2,0.18,0.84,1950
P2,0.18,0.85,1328
P2,0.19,0.85,1183
P2,0.19,0.84,1670
P2,0.23,0.79,436
P2,-0.09,0.47,2694
P2,-0.09,0.48,2420
P2,-0.10,0.48,2578
P2,-0.10,0.47,2704
P2,0.09,0.51,2148
P2,0.10,0.51,2004
P2,0.10,0.50,1846
P2,0.00,0.78,2128
P2,0.00,0.79,2429
P2,0.01,0.79,2739
P2,0.01,0.78,2995
P2,-0.15,0.76,767
P2,-0.15,0.77,958
P2,-0.16,0.77,837
P2,-0.17,0.77,1039
P2,-0.05,0.21,12559
P2,-0.04,0.20,7186
P2,-0.21,1.05,1570
P2,-0.20,1.05,1357
P2,-0.23,0.52,2493
P2,-0.23,0.51,3501
P2,-0.09,0.25,6915
P2,-0.10,0.25,6480
P2,0.03,0.31,6524
P2,0.17,0.78,5712
P2,0.18,0.78,6177
P2,-0.21,0.70,2172
P2,0.03,0.46,4654
P2,-0.10,0.24,6342
P2,0.06,0.87,1800
P2,0.07,0.87,1980
P2,0.12,0.80,958
P2,0.28,0.77,48
P2,0.29,0.78,426
P2,0.29,0.77,117
P2,0.18,0.51,23723
P2,0.18,0.52,22794
P2,-0.21,0.69,2140
P2,-0.20,0.70,1781
P2,-0.19,0.70,1550
P2,-0.19,0.69,1119
P2,0.02,0.40,5100
P2,0.03,0.40,4818
P2,-0.01,1.22,180
P2,-0.01,1.23,275
P2,0.00,1.23,407
P2,0.00,1.22,313
P2,-0.12,1.37,206
P2,-0.12,1.38,245
P2,-0.04,0.56,2358
P2,-0.04,0.57,2457
P2,-0.05,0.56,2628
P2,0.27,0.78,242
P2,0.29,0.76,113
P2,-0.24,0.53,2505
P2,-0.23,0.53,2575
P2,-0.22,0.53,1785
P2,0.11,0.32,311350
P2,0.23,0.32,6296
P2,-0.08,0.21,12205
P2,-0.07,0.63,2257
P2,-0.08,0.63,2188
P2,-0.09,0.63,2226
P2,-0.09,0.62,2250
P2,-0.18,1.31,500
P2,-0.18,1.32,448
P2,-0.17,1.32,511
P2,-0.16,1.32,421
P2,-0.16,1.31,419
P2,-0.09,0.55,2320
P2,-0.09,0.56,1967
P2,-0.21,1.16,381
P2,-0.11,0.37,2338
P2,-0.12,0.37,2281
P2,-0.06,0.70,2800
P2,-0.07,0.70,1958
P2,-0.07,0.69,2902
P2,-0.23,0.47,3255
P2,-0.04,0.29,7898
P2,0.00,0.20,6684
P2,0.15,0.52,1431
P2,-0.10,0.26,5037
P2,-0.12,0.26,3497
P2,0.04,1.39,23
P2,0.04,1.38,222
P2,-0.02,0.59,3052
P2,-0.02,0.60,3129
P2,-0.01,0.60,2886
P2,-0.01,0.59,2670
P2,-0.08,0.65,2412
P2,-0.08,0.66,2249
P2,-0.20,0.78,1621
P2,0.23,0.65,4302
P2,0.12,0.39,2235
P2,0.07,0.20,7081
P2,0.06,0.20,6366
P2,0.03,1.01,829
P2,0.04,1.01,646
P2,0.05,1.01,589
P2,-0.06,0.56,2705
P2,-0.02,0.61,2454
P2,-0.03,0.61,2669
P2,0.10,0.52,1689
P2,0.10,0.53,1842
P2,0.11,0.53,1521
P2,0.11,0.52,1043
P2,0.12,0.52,860
P2,-0.21,1.13,499
P2,-0.20,1.13,736
P2,-0.19,1.13,620
P2,-0.10,0.53,1733
P2,-0.04,0.21,13653
P2,0.15,0.79,2856
P2,0.17,0.79,4078
P2,0.02,0.32,6824
P2,0.00,0.40,5887
P2,0.01,0.40,5764
P2,-0.21,1.02,1111
P2,-0.22,1.02,914
P2,-0.23,1.02,1054
P2,-0.15,0.78,741
P2,0.06,0.30,10548
P2,0.02,0.82,2012
P2,0.03,0.82,1584
P2,0.04,0.82,1925
P2,-0.24,0.37,2154
P2,-0.03,0.75,2120
P2,-0.10,0.20,3989
P2,-0.14,1.06,666
P2,-0.13,1.06,547
P2,-0.23,0.89,1781
P2,0.34,0.75,475
P2,0.34,0.76,188
P2,0.35,0.76,261
P2,0.35,0.75,279
P2,0.36,0.75,257
P2,0.02,0.36,6068
P2,0.04,0.42,5058
P2,0.04,0.41,4950
P2,-0.24,0.80,1738
P2,-0.24,0.81,1455
P2,-0.23,0.81,2048
P2,-0.23,0.80,2302
P2,0.11,0.61,6954
P2,0.12,0.61,8522
P2,0.00,0.27,9331
P2,-0.01,0.27,8814
P2,-0.15,0.46,1334
P2,-0.16,0.46,932
P2,-0.16,0.47,872
P2,-0.17,0.47,663
P2,-0.17,0.46,519
P2,-0.14,0.72,2042
P2,0.15,0.97,1467
P2,0.16,0.97,1538
P2,0.05,1.02,630
P2,0.05,1.03,994
P2,0.04,1.03,1029
P2,0.03,1.03,923
P2,0.06,0.42,4244
P2,0.08,0.41,3039
P2,-0.01,0.90,1442
P2,0.00,0.90,1805
P2,0.00,0.91,1026
P2,0.01,0.90,1935
P2,0.06,0.75,24915
P2,0.07,0.75,4602
P2,0.08,0.75,5644
P2,-0.02,0.50,4044
P2,-0.01,0.50,3544
P2,-0.01,0.51,3526
P2,0.05,0.29,9265
P2,0.06,0.29,6771
P2,0.07,0.28,6010
P2,-0.02,0.34,7235
P2,-0.09,0.73,3119
P2,-0.11,0.73,1377
P2,-0.22,0.81,2106
P2,-0.21,0.81,1824
P2,-0.21,0.80,1669
P2,-0.04,0.44,4764
P2,-0.24,0.42,2613
P2,0.23,0.68,8
P2,0.23,0.67,12
P2,0.23,0.66,11
P2,0.22,0.66,22
P2,0.15,0.41,1480
P2,0.15,0.42,1234
P2,0.15,0.43,1661
P2,-0.08,0.47,3159
P2,-0.08,0.48,2842
P2,-0.24,1.05,941
P2,-0.24,1.06,1089
P2,-0.23,1.06,1243
P2,-0.22,1.06,938
P2,-0.22,1.05,1256
P2,0.09,0.54,2146
P2,0.10,0.54,1789
P2,0.11,0.54,1580
P2,-0.19,0.51,266
P2,-0.20,0.51,533
P2,-0.21,0.51,1282
P2,-0.08,0.56,2418
P2,-0.10,0.56,1370
P2,0.11,0.25,3818
P2,0.12,0.25,2771
P2,0.13,0.25,1503
P2,-0.22,1.07,798
P2,-0.21,1.07,1063
P2,-0.20,1.06,645
P2,-0.13,0.65,1823
P2,-0.14,0.65,1476
P2,0.10,0.24,7507
P2,0.11,0.24,5347
P2,0.12,0.24,3440
P2,0.03,0.56,2879
P2,0.03,0.57,3110
P2,0.01,1.39,24
P2,0.00,0.71,50290
P2,0.00,0.96,809
P2,0.00,0.97,879
P2,-0.01,0.97,660
P2,-0.01,0.96,697
P2,-0.06,0.38,4066
P2,-0.06,0.39,4596
P2,0.22,0.88,929
P2,0.23,0.88,781
P2,-0.07,0.55,2472
P2,-0.07,0.56,2360
P2,-0.06,0.55,3117
P2,-0.03,0.39,5764
P2,-0.22,0.69,2661
P2,-0.20,0.69,1524
P2,-0.08,0.30,4966
P2,-0.09,0.30,4898
P2,-0.10,0.30,3195
P2,-0.02,0.33,8310
P2,-0.14,0.35,1662
P2,-0.15,0.35,910
P2,-0.01,0.40,6058
P2,0.16,0.41,27610
P2,-0.20,0.66,1487
P2,0.24,0.81,1581
P2,0.24,0.82,4139
P2,0.25,0.82,1087
P2,0.25,0.81,3337
P2,0.03,0.34,6934
P2,0.04,0.34,7001
P2,0.05,0.35,5083
P2,0.06,0.35,4356
P2,0.06,0.34,5153
P2,0.05,1.04,892
P2,0.06,1.04,836
P2,0.06,1.05,423
P2,0.07,1.05,555
P2,0.07,1.04,599
P2,-0.14,0.29,1200
P2,-0.15,0.29,674
P2,-0.07,0.32,4987
P2,-0.08,0.32,4285
P2,0.00,0.41,6317
P2,-0.01,0.41,5839
P2,-0.01,0.42,5451
P2,-0.02,0.41,5583
P2,0.10,0.68,53986
P2,0.11,0.67,860
P2,0.04,0.31,6640
P2,-0.06,0.33,5298
P2,-0.04,0.40,5281
P2,-0.03,0.40,5870
P2,0.10,0.29,7404
P2,0.11,0.29,6059
P2,-0.10,0.21,7510
P2,-0.11,0.21,4043
P2,-0.15,0.91,486
P2,-0.16,0.91,772
P2,-0.17,0.91,1196
P2,-0.17,0.90,1218
P2,0.12,0.47,1197
P2,0.12,0.48,1490
P2,0.13,0.48,1048
P2,0.14,0.31,911
P2,0.15,0.31,7278
P2,0.16,0.31,4447
P2,0.03,0.26,9951
P2,0.11,0.21,3481
P2,0.12,0.21,1131
P2,0.12,0.20,170
P2,0.16,0.81,829
P2,-0.15,0.32,1005
P2,-0.16,0.32,636
P2,-0.17,0.32,136
P2,-0.09,0.22,7463
P2,-0.06,0.36,5354
P2,-0.07,0.36,4424
P2,-0.08,0.36,4035
P2,-0.22,0.67,2216
P2,-0.21,0.67,1987
P2,-0.21,0.68,2152
P2,-0.20,0.68,1994
P2,-0.20,0.67,1739
P2,0.09,1.26,182
P2,0.09,1.27,180
P2,0.10,1.27,215
P2,0.10,1.26,259
P2,-0.04,0.53,3181
P2,-0.04,0.52,3003
P2,0.05,0.93,1753
P2,0.04,0.93,1657
P2,0.09,0.23,6145
P2,0.06,1.39,26
P2,0.06,1.38,178
P2,-0.21,1.08,1263
P2,-0.20,1.08,957
P2,-0.17,0.55,841
P2,-0.18,0.55,432
P2,0.21,0.91,2416
P2,0.21,0.92,1609
P2,0.22,0.91,1892
P2,-0.24,0.87,1353
P2,-0.23,0.87,1566
P2,-0.22,0.87,1436
P2,-0.09,0.21,10485
P2,-0.22,0.55,2261
P2,-0.21,0.55,1633
P2,0.06,0.49,3032
P2,0.07,0.49,2911
P2,0.08,0.49,2138
P2,-0.24,0.97,784
P2,-0.24,0.98,795
P2,-0.23,0.98,1142
P2,-0.23,0.97,1078
P2,-0.01,0.76,3534
P2,0.00,0.76,2353
P2,0.00,0.75,1289
P2,-0.05,0.41,5313
P2,-0.05,0.42,4967
P2,-0.04,0.41,4387
P2,-0.17,1.17,590
P2,-0.17,1.18,916
P2,-0.16,1.18,919
P2,-0.16,1.17,515
P2,-0.15,1.17,637
P2,-0.18,0.74,671
P2,-0.05,0.63,2732
P2,-0.05,0.64,2610
P2,-0.06,0.64,2685
P2,0.07,0.84,1446
P2,0.06,0.84,4468
P2,0.15,0.69,1714
P2,0.16,0.68,58
P2,0.16,0.67,105
P2,0.09,0.52,1686
P2,0.09,0.33,29811
P2,0.10,0.33,12680
P2,-0.22,0.47,1804
P2,-0.11,0.51,1540
P2,-0.12,0.51,1560
P2,-0.13,0.51,1220
P2,-0.24,0.40,3770
P2,-0.04,1.11,497
P2,-0.04,1.12,418
P2,-0.05,1.12,513
P2,-0.05,1.11,301
P2,-0.24,0.69,2927
P2,0.09,0.57,1804
P2,0.10,0.57,1728
P2,0.11,0.57,2419
P2,0.11,0.56,2051
P2,-0.18,0.48,492
P2,-0.19,0.48,220
P2,-0.20,0.48,197
P2,0.22,0.32,3205
P2,0.21,0.32,6553
P2,0.00,1.08,297
P2,0.00,1.09,417
P2,0.01,1.09,482
P2,0.02,1.09,420
P2,0.02,1.08,451
P2,-0.21,1.17,505
P2,-0.20,1.17,486
P2,-0.20,1.18,694
P2,-0.19,1.18,684
P2,-0.12,0.40,2768
P2,-0.13,0.40,2539
P2,-0.14,0.40,1822
P2,-0.14,0.39,1075
P2,-0.03,0.48,4209
P2,-0.06,0.42,4610
P2,-0.07,0.42,3811
P2,0.04,1.15,265
P2,0.03,1.15,204
P2,0.02,1.15,395
P2,0.10,0.92,2712
P2,0.10,0.93,2674
P2,0.09,0.92,2973
P2,0.07,0.74,454
P2,0.08,0.72,62502
P2,0.10,0.27,6956
P2,0.11,0.27,3291
P2,0.11,0.26,2681
P2,-0.20,0.72,1759
P2,-0.19,0.72,1394
P2,-0.15,1.14,399
P2,-0.14,1.14,230
P2,-0.03,1.12,395
P2,-0.03,1.13,348
P2,-0.03,0.82,1588
P2,-0.03,0.83,1736
P2,-0.04,0.83,2599
P2,0.00,0.98,721
P2,0.05,0.66,1200
P2,0.06,0.66,76601
P2,0.06,0.65,61580
P2,-0.08,0.89,790
P2,-0.08,0.90,704
P2,-0.09,0.90,604
P2,-0.09,0.89,634
P2,0.09,0.61,25540
P2,0.10,0.61,6035
P2,0.12,0.90,11898
P2,0.11,0.90,12280
P2,0.11,0.89,2081
P2,-0.24,0.74,2088
P2,-0.24,0.75,1751
P2,-0.23,0.75,1885
P2,-0.23,0.74,2430
P2,-0.22,0.74,2380
P2,0.24,0.85,841
P2,0.24,0.86,5573
P2,0.25,0.86,1759
P2,0.25,0.85,3555
P2,0.26,0.85,3211
P2,0.10,0.23,5506
P2,0.11,0.23,4419
P2,0.19,0.66,21316
P2,0.10,0.58,3515
P2,0.11,0.58,9154
P2,0.12,0.58,13464
P2,0.13,0.28,1965
P2,0.14,0.28,1054
P2,-0.03,0.41,5062
P2,-0.03,0.71,1657
P2,-0.03,0.72,2049
P2,-0.04,0.72,2611
P2,-0.04,0.71,1964
P2,0.16,0.83,3635
P2,-0.17,0.98,857
P2,-0.13,0.83,1012
P2,0.00,0.69,6643
P2,0.01,0.68,2095
P2,0.02,0.56,2989
P2,0.01,0.56,2957
P2,0.01,0.57,3119
P2,0.00,0.57,3434
P2,0.00,0.56,3446
P2,-0.08,1.06,568
P2,-0.08,1.07,525
P2,-0.09,1.07,572
P2,-0.09,1.06,358
P2,-0.17,1.16,491
P2,-0.16,1.16,631
P2,-0.10,0.64,1860
P2,-0.10,0.65,2121
P2,-0.11,0.65,1890
P2,0.07,0.35,4454
P2,-0.20,0.90,1348
P2,-0.02,0.27,10129
P2,0.07,0.27,6374
P2,0.07,0.26,6861
P2,0.11,0.55,1906
P2,0.12,0.55,1632
P2,0.13,0.55,1520
P2,-0.02,0.69,90907
P2,-0.02,0.70,2772
P2,-0.01,0.70,73064
P2,-0.01,0.69,67842
P2,0.03,0.81,1427
P2,0.04,0.81,1776
P2,0.05,0.81,1681
P2,-0.17,0.95,929
P2,-0.16,0.95,587
P2,-0.15,0.95,472
P2,-0.18,0.51,413
P2,-0.11,1.00,261
P2,-0.12,1.00,499
P2,-0.12,1.01,509
P2,0.03,0.59,2401
P2,0.03,0.60,2487
P2,0.04,0.60,3066
P2,0.05,0.60,2886
P2,0.05,0.59,2508
P2,-0.05,0.40,4563
P2,0.03,0.49,3670
P2,0.04,0.49,3154
P2,0.05,0.49,3173
P2,0.30,0.76,70
P2,0.31,0.76,247
P2,0.31,0.77,614
P2,0.32,0.77,451
P2,0.32,0.76,545
P2,0.23,0.30,965
P2,0.22,0.30,1315
P2,0.21,0.30,1022
P2,-0.14,0.47,1884
P2,-0.15,0.47,1389
P2,0.09,0.49,2146
P2,0.10,0.49,1922
P2,-0.13,0.62,1187
P2,-0.09,0.53,1732
P2,-0.09,0.54,2365
P2,-0.08,0.35,5033
P2,-0.09,0.36,4499
P2,-0.08,0.40,3539
P2,-0.08,0.41,4194
P2,-0.09,0.40,3990
P2,0.07,0.32,11542
P2,0.08,0.32,4442
P2,-0.05,0.71,2512
P2,-0.05,0.70,1808
P2,0.08,0.38,3901
P2,0.09,0.39,2929
P2,-0.09,0.61,1780
P2,-0.23,0.30,2287
P2,-0.22,0.30,2857
P2,0.14,0.61,8507
P2,0.03,0.55,3671
P2,0.08,0.44,2569
P2,0.08,0.45,2949
P2,0.09,0.45,2087
P2,0.09,0.44,2387
P2,-0.13,0.41,2447
P2,-0.14,0.41,1963
P2,-0.15,0.41,1237
P2,-0.15,0.40,1297
P2,-0.09,0.27,5111
P2,-0.10,0.27,4738
P2,-0.10,0.28,4064
P2,-0.16,1.13,582
P2,-0.16,1.14,636
P2,-0.17,1.14,667
P2,-0.18,1.14,671
P2,-0.18,1.13,691
P2,0.06,0.80,5474
P2,0.06,0.74,2634
P2,0.07,0.72,37959
P2,-0.03,0.42,5096
P2,-0.02,0.42,4258
P2,0.06,1.00,1135
P2,0.05,1.00,1192
P2,0.04,1.00,601
P2,0.02,0.79,2034
P2,0.02,0.78,4803
P2,0.03,0.78,2484
P2,0.09,0.74,1117
P2,-0.21,1.00,740
P2,-0.20,1.00,716
P2,-0.20,1.01,649
P2,-0.19,1.00,702
P2,-0.21,0.76,1594
P2,-0.20,0.76,1431
P2,0.03,0.44,3963
P2,0.04,0.39,5113
P2,-0.06,0.63,2172
P2,0.02,0.62,3207
P2,0.02,0.63,3812
P2,0.01,0.62,2832
P2,0.01,0.95,803
P2,0.08,0.80,1014
P2,0.10,0.79,1277
P2,0.09,0.79,1210
P2,-0.14,0.31,1810
P2,-0.15,0.31,1043
P2,-0.16,0.31,397
P2,-0.16,0.30,318
P2,-0.22,0.57,2455
P2,-0.21,0.56,2013
P2,0.12,0.23,2544
P2,0.13,0.23,1062
P2,0.14,0.23,220
P2,-0.11,0.41,2940
P2,-0.12,0.41,2441
P2,0.00,0.74,1724
P2,0.04,0.89,3378
P2,-0.23,1.10,999
P2,-0.22,1.10,1085
P2,-0.21,1.10,838
P2,-0.15,1.31,260
P2,-0.15,1.32,461
P2,-0.14,1.31,520
P2,0.04,0.61,12765
P2,0.04,0.62,71661
P2,0.05,0.62,11247
P2,0.05,0.61,3572
P2,-0.13,0.47,2086
P2,0.01,0.61,2463
P2,0.00,0.61,2265
P2,0.00,0.62,3243
P2,-0.01,0.62,2605
P2,-0.01,0.61,2527
P2,-0.03,0.51,3180
P2,-0.04,0.51,3349
P2,-0.04,0.50,3800
P2,-0.22,0.66,2661
P2,-0.15,0.37,941
P2,-0.15,0.36,1169
P2,0.17,0.42,2584
P2,0.17,0.43,3712
P2,0.12,0.56,1238
P2,0.12,0.57,4372
P2,0.13,0.57,13687
P2,0.14,0.57,28277
P2,0.14,0.56,4919
P2,-0.24,0.59,3414
P2,-0.22,0.59,2802
P2,-0.22,0.58,2388
P2,-0.23,0.49,3692
P2,-0.22,0.49,2345
P2,-0.21,0.49,1354
P2,-0.10,1.06,571
P2,-0.11,1.06,359
P2,-0.12,1.06,392
P2,-0.12,1.05,349
P2,-0.13,0.52,1447
P2,-0.14,0.52,1200
P2,-0.14,0.51,983
P2,-0.09,0.67,1608
P2,-0.10,0.67,1779
P2,-0.10,0.66,1883
P2,0.00,0.32,7559
P2,-0.19,0.67,1451
P2,-0.16,1.20,507
P2,-0.15,1.20,519
P2,-0.14,1.20,378
P2,-0.11,1.07,435
P2,-0.11,1.08,476
P2,-0.12,1.08,388
P2,-0.12,1.07,396
P2,0.03,1.08,446
P2,0.03,1.09,606
P2,0.15,0.80,998
P2,0.05,0.95,1269
P2,0.04,0.95,1197
P2,0.04,0.96,1281
P2,0.03,0.96,923
P2,0.03,0.95,870
P2,0.03,0.51,3267
P2,0.02,0.52,3306
P2,0.01,0.52,3941
P2,0.05,0.91,2474
P2,0.04,0.91,2195
P2,0.03,0.91,1488
P2,0.22,0.31,1149
P2,0.21,0.31,1402
P2,-0.16,0.86,832
P2,-0.17,0.86,815
P2,-0.18,0.86,1128
P2,-0.06,0.27,7898
P2,0.14,0.70,42362
P2,0.14,0.69,3263
P2,0.15,0.67,176
P2,-0.16,0.48,803
P2,-0.17,0.48,661
P2,-0.18,0.47,491
P2,-0.02,0.98,726
P2,-0.03,0.98,647
P2,-0.03,0.99,385
P2,-0.04,0.98,426
P2,-0.02,0.40,5574
P2,-0.23,0.45,3325
P2,-0.22,0.45,1592
P2,-0.21,0.45,506
P2,-0.21,0.44,251
P2,-0.10,0.90,418
P2,-0.05,0.80,1437
P2,-0.06,0.80,1142
P2,-0.06,0.79,1658
P2,0.02,0.48,3506
P2,0.02,0.49,4055
P2,0.03,0.48,3209
P2,-0.05,0.66,2850
P2,0.01,0.60,2815
P2,0.23,1.02,440
P2,0.23,1.03,404
P2,0.24,1.03,341
P2,0.24,1.02,372
P2,0.25,1.02,364
P2,-0.22,0.98,1279
P2,-0.23,0.29,2467
P2,-0.03,0.59,3217
P2,-0.04,0.59,2920
P2,-0.05,0.59,2634
P2,-0.01,0.72,1716
P2,-0.02,0.72,1584
P2,0.14,0.40,205701
P2,-0.02,0.51,3139
P2,-0.14,1.16,618
P2,-0.13,1.16,409
P2,0.06,0.90,2197
P2,0.05,0.90,2357
P2,0.04,0.90,2295
P2,0.04,1.12,507
P2,0.17,0.93,1896
P2,0.18,0.93,1722
P2,0.18,0.94,1495
P2,0.19,0.93,1745
P2,0.07,0.46,4257
P2,0.08,0.47,2778
P2,0.09,0.47,2888
P2,0.09,0.46,2566
P2,0.01,0.46,5313
P2,0.00,0.46,5643
P2,0.06,0.47,2899
P2,0.07,0.86,2379
P2,0.06,0.86,2210
P2,0.05,0.86,2002
P2,-0.16,0.37,737
P2,-0.17,0.37,468
P2,-0.17,0.36,320
P2,0.27,0.84,784
P2,0.28,0.84,824
P2,0.28,0.85,789
P2,0.29,0.84,526
P2,-0.04,0.60,2185
P2,-0.05,0.60,1905
P2,-0.06,0.60,1857
P2,-0.07,0.97,508
P2,-0.07,0.98,508
P2,-0.09,0.33,5050
P2,0.27,0.82,680
P2,0.27,0.83,1003
P2,0.28,0.83,591
P2,0.29,0.83,737
P2,0.29,0.82,735
P2,-0.07,0.58,1918
P2,-0.07,0.59,2595
P2,-0.07,0.84,1154
P2,-0.08,0.84,814
P2,-0.06,0.54,2915
P2,-0.07,0.54,2797
P2,-0.08,0.54,2942
P2,-0.24,0.94,1037
P2,0.09,0.98,1061
P2,0.09,0.99,1253
P2,0.10,0.99,1418
P2,0.11,0.99,953
P2,0.11,0.98,1047
P2,0.17,0.86,5742
P2,0.18,0.86,5550
P2,0.21,0.81,446
P2,0.22,0.81,473
P2,0.23,0.81,468
P2,-0.08,0.71,1310
P2,-0.08,0.72,1534
P2,-0.09,0.72,1428
P2,0.10,0.32,3358
P2,-0.03,0.30,6952
P2,-0.11,0.67,1875
P2,-0.11,0.66,1440
P2,0.32,0.78,668
P2,0.33,0.78,552
P2,0.34,0.78,445
P2,-0.14,1.09,306
P2,-0.15,1.09,323
P2,-0.16,1.09,454
P2,-0.08,0.62,2003
P2,-0.12,1.17,232
P2,-0.12,1.18,448
P2,-0.13,1.17,282
P2,-0.11,0.23,4792
P2,-0.15,0.33,966
P2,-0.16,0.33,566
P2,-0.03,0.89,1094
P2,-0.03,0.90,1030
P2,-0.04,0.90,819
P2,-0.04,0.89,866
P2,-0.11,0.29,3577
P2,-0.12,0.30,2281
P2,0.14,0.96,1827
P2,0.13,0.96,1423
P2,0.13,0.97,1494
P2,-0.05,1.00,332
P2,-0.06,1.00,243
P2,-0.07,1.00,270
P2,0.08,0.23,7931
P2,0.17,0.85,1662
P2,0.05,0.98,869
P2,0.06,0.98,765
P2,0.06,0.97,1218
P2,-0.10,1.08,486
P2,-0.24,0.49,3725
P2,0.19,1.15,323
P2,0.19,1.16,357
P2,0.20,1.16,365
P2,0.20,1.15,284
P2,0.22,0.95,590
P2,0.22,0.96,923
P2,0.23,0.96,1058
P2,0.24,0.96,636
P2,0.24,0.95,477
P2,0.05,0.34,5661
P2,-0.24,1.11,554
P2,-0.24,1.10,547
P2,-0.02,0.71,1670
P2,-0.01,0.71,2145
P2,0.00,0.70,17725
P2,0.10,0.65,2600
P2,0.10,0.66,2407
P2,0.11,0.66,1350
P2,0.26,0.83,649
P2,0.25,0.83,746
P2,-0.15,0.89,755
P2,-0.14,0.89,466
P2,0.03,0.52,3393
P2,0.28,0.82,487
P2,0.10,1.10,595
P2,0.09,1.10,408
P2,0.09,1.11,523
P2,0.09,0.86,6128
P2,0.13,0.82,8528
P2,0.11,0.79,1408
P2,-0.04,0.27,9276
P2,-0.03,0.27,9469
P2,-0.07,0.25,10481
P2,0.02,0.67,141125
P2,0.02,0.68,18323
P2,-0.20,1.22,640
P2,-0.19,1.22,495
P2,-0.10,1.04,226
P2,-0.10,1.05,404
P2,-0.11,1.05,395
P2,-0.11,1.04,484
P2,-0.06,1.01,391
P2,-0.06,1.02,631
P2,-0.24,0.68,2615
P2,-0.07,1.06,544
P2,-0.07,1.07,752
P2,-0.22,0.97,1104
P2,-0.24,0.90,1269
P2,-0.15,0.44,1426
P2,0.27,0.80,426
P2,-0.22,0.54,1991
P2,-0.01,0.34,7160
P2,-0.10,0.38,2668
P2,-0.10,0.39,2692
P2,0.10,0.94,1881
P2,0.10,0.95,1671
P2,0.09,0.95,1184
P2,0.09,0.94,1942
P2,0.08,0.94,1692
P2,0.05,0.80,4148
P2,0.17,0.61,792
P2,0.33,0.77,350
P2,-0.14,0.95,298
P2,0.01,0.37,6113
P2,0.11,0.93,2302
P2,-0.12,0.73,1354
P2,-0.05,0.29,7862
P2,0.08,0.62,177578
P2,0.08,0.63,2948
P2,0.09,0.63,182097
P2,0.09,0.62,50760
P2,0.08,0.28,5198
P2,-0.23,0.27,1028
P2,-0.22,0.27,1482
P2,-0.21,0.27,1160
P2,0.01,1.32,235
P2,0.00,1.32,286
P2,-0.01,1.32,304
P2,-0.01,0.44,4602
P2,0.03,1.10,532
P2,0.02,1.10,427
P2,0.08,0.56,2872
P2,0.08,0.57,2712
P2,0.04,0.54,3580
P2,0.05,0.54,2789
P2,0.06,0.54,2338
P2,0.07,1.01,1157
P2,0.06,1.01,1014
P2,0.19,0.65,304
P2,0.13,1.00,1267
P2,0.12,1.00,1482
P2,0.12,0.99,1443
P2,0.12,0.32,227714
P2,-0.02,0.84,1413
P2,-0.02,0.85,6093
P2,-0.03,0.85,3493
P2,-0.03,0.84,4947
P2,0.23,0.46,3861
P2,-0.07,0.27,8137
P2,-0.07,0.28,6174
P2,0.00,0.92,907
P2,-0.01,0.92,908
P2,-0.02,0.92,866
P2,-0.02,0.91,847
P2,-0.08,0.39,3735
P2,-0.17,0.99,778
P2,-0.16,0.99,686
P2,-0.16,0.98,906
P2,0.04,0.40,4522
P2,-0.02,0.44,4474
P2,-0.03,0.44,4692
P2,0.05,0.36,4688
P2,0.24,0.31,594
P2,-0.23,1.04,1431
P2,-0.23,1.03,1084
P2,0.16,0.86,5580
P2,0.13,1.04,725
P2,0.13,1.05,833
P2,0.12,1.05,390
P2,0.12,1.04,784
P2,0.07,0.25,8949
P2,-0.22,0.50,2371
P2,-0.21,0.50,1331
P2,0.02,0.77,1137
P2,0.01,0.77,2844
P2,0.00,0.77,2669
P2,0.10,0.55,1750
P2,0.12,0.54,1153
P2,-0.01,0.43,5157
P2,-0.20,0.59,1352
P2,-0.19,0.59,948
P2,-0.05,0.69,2508
P2,-0.06,0.69,2752
P2,0.04,0.52,3109
P2,0.05,0.51,3005
P2,-0.11,0.55,1879
P2,-0.11,0.56,1254
P2,-0.12,0.56,1340
P2,-0.12,0.55,1989
P2,-0.22,0.63,2530
P2,0.20,0.30,3131
P2,0.09,0.25,8231
P2,-0.04,0.99,578
P2,-0.05,0.99,171
P2,-0.06,0.99,449
P2,-0.06,0.98,500
P2,-0.04,0.69,1681
P2,-0.04,0.68,2285
P2,-0.23,0.99,1066
P2,0.09,0.43,2447
P2,0.09,0.42,1963
P2,-0.24,0.29,746
P2,-0.22,0.29,2662
P2,-0.13,0.35,2023
P2,0.16,0.88,2243
P2,0.16,0.89,2263
P2,0.17,0.89,1651
P2,0.21,0.82,6096
P2,0.22,0.82,6117
P2,-0.24,1.09,1012
P2,-0.23,1.09,1049
P2,-0.06,0.34,6100
P2,-0.07,0.34,4716
P2,-0.07,0.33,5234
P2,0.24,0.79,346
P2,-0.13,0.26,2335
P2,-0.14,0.26,1051
P2,0.08,0.46,3840
P2,0.10,0.46,2553
P2,0.12,0.29,2111
P2,0.13,0.29,1026
P2,-0.02,0.63,2000
P2,-0.03,0.63,2170
P2,-0.04,0.63,2239
P2,0.09,0.56,2239
P2,0.10,0.56,1893
P2,0.04,0.69,138172
P2,0.04,0.68,16574
P2,0.15,0.40,13769
P2,-0.09,0.49,2581
P2,0.38,0.76,105
P2,0.38,0.77,139
P2,0.39,0.77,174
P2,0.40,0.77,95
P2,0.40,0.76,39
P2,0.05,0.58,2117
P2,-0.02,0.43,4484
P2,-0.03,0.43,4644
P2,-0.04,0.43,4450
P2,-0.04,0.42,5110
P2,-0.06,1.04,470
P2,-0.07,1.04,437
P2,-0.07,1.03,616
P2,-0.16,1.12,781
P2,-0.17,1.12,711
P2,0.17,1.22,207
P2,0.17,1.23,335
P2,0.18,1.23,408
P2,0.18,1.22,353
P2,-0.13,0.61,1539
P2,-0.14,0.62,1297
P2,-0.14,0.61,1192
P2,0.30,0.82,560
P2,0.31,0.82,951
P2,0.31,0.81,685
P2,-0.13,0.48,1458
P2,-0.14,0.48,1124
P2,-0.15,0.48,960
P2,-0.03,1.37,180
P2,-0.03,1.38,211
P2,-0.13,0.59,1694
P2,-0.14,0.59,1297
P2,-0.15,0.59,1225
P2,-0.08,1.09,349
P2,-0.09,1.09,427
P2,-0.10,1.09,390
P2,-0.24,0.85,1321
P2,-0.23,0.85,1994
P2,0.24,0.30,516
P2,0.23,0.31,627
P2,0.02,0.43,4549
P2,0.03,0.43,4551
P2,-0.22,0.65,2399
P2,-0.21,0.65,2209
P2,-0.21,0.64,1816
P2,-0.21,0.32,2483
P2,-0.20,0.32,1631
P2,-0.19,0.32,588
P2,-0.11,0.50,2035
P2,-0.12,0.50,1688
P2,-0.13,0.50,1348
P2,-0.03,0.53,3555
P2,-0.02,0.52,3554
P2,0.09,0.55,2125
P2,0.09,0.24,7545
P2,-0.06,0.58,1883
P2,-0.06,0.59,2101
P2,-0.11,0.57,1817
P2,-0.11,0.58,1597
P2,0.28,0.81,784
P2,-0.05,0.52,2721
P2,-0.05,0.53,2892
P2,-0.07,0.39,4004
P2,0.10,0.62,17937
P2,0.10,0.63,69445
P2,0.11,0.63,15877
P2,0.12,0.63,6602
P2,0.12,0.62,5838
P2,-0.05,0.37,5152
P2,0.07,0.66,117810
P2,-0.07,0.91,637
P2,-0.08,0.91,432
P2,-0.09,0.91,356
P2,-0.13,0.39,1455
P2,-0.22,1.22,405
P2,-0.21,1.22,521
P2,-0.21,1.23,607
P2,-0.20,1.23,477
P2,0.10,0.22,5696
P2,-0.09,0.38,3498
P2,-0.09,0.39,3662
P2,0.04,0.53,3055
P2,-0.06,0.49,3251
P2,-0.06,0.50,3687
P2,-0.07,0.50,3312
P2,-0.07,0.49,2815
P2,0.08,0.27,4945
P2,0.09,0.27,4476
P2,0.43,0.76,27
P2,0.42,0.76,224
P2,0.08,0.24,7870
P2,-0.23,1.05,1202
P2,-0.01,0.52,3755
P2,0.00,0.52,4196
P2,0.03,0.68,61378
P2,0.04,0.67,2140
P2,0.01,1.08,334
P2,0.09,0.20,7587
P2,-0.07,0.64,2400
P2,-0.08,0.64,2250
P2,-0.02,0.65,3380
P2,-0.03,0.65,24681
P2,-0.03,0.66,47789
P2,-0.04,0.65,65060
P2,0.05,0.82,1836
P2,-0.24,0.39,2302
P2,-0.24,0.38,2610
P2,-0.16,1.07,739
P2,-0.15,1.07,831
P2,0.09,0.29,4187
P2,0.09,0.28,5111
P2,-0.19,0.34,395
P2,-0.24,1.27,183
P2,-0.24,1.28,576
P2,-0.23,1.28,602
P2,-0.22,1.28,396
P2,-0.22,1.27,625
P2,0.06,0.82,1824
P2,0.03,0.76,1695
P2,0.04,0.33,7343
P2,-0.08,0.27,6713
P2,-0.08,0.28,5509
P2,-0.09,0.28,4518
P2,0.43,0.70,13
P2,0.42,0.69,108
P2,-0.10,0.92,474
P2,-0.10,0.93,643
P2,-0.01,0.33,8004
P2,0.00,0.33,8632
P2,0.23,0.27,2098
P2,0.05,0.45,3799
P2,0.07,0.54,2489
P2,0.18,0.57,1305
P2,-0.04,1.24,415
P2,-0.04,1.25,118
P2,0.20,1.00,802
P2,0.19,1.01,656
P2,0.21,0.86,6788
P2,0.22,0.87,1625
P2,0.23,0.86,6259
P2,0.08,0.31,3627
P2,0.09,0.31,3577
P2,0.10,0.31,3037
P2,-0.23,0.72,2253
P2,0.13,0.24,1698
P2,0.14,0.24,896
P2,0.18,0.98,814
P2,0.18,0.99,1058
P2,0.17,0.99,1044
P2,0.17,0.98,968
P2,0.14,0.86,7403
P2,0.13,0.86,9817
P2,0.13,0.85,1666
P2,-0.02,0.80,3571
P2,-0.01,0.80,1775
P2,-0.01,0.81,5294
P2,0.00,0.81,3036
P2,0.00,0.80,1749
P2,0.05,0.75,71326
P2,0.09,0.87,2213
P2,0.08,0.87,2177
P2,0.08,0.88,1846
P2,0.07,0.88,2080
P2,0.03,0.77,1649
P2,-0.06,0.51,2604
P2,-0.07,0.51,2630
P2,-0.08,0.51,2854
P2,0.01,1.19,332
P2,0.01,1.20,303
P2,0.02,1.19,558
P2,-0.11,0.54,2132
P2,-0.12,0.54,1818
P2,0.23,1.25,144
P2,0.23,1.26,217
P2,0.24,1.26,271
P2,0.24,1.25,99
P2,0.25,1.25,122
P2,-0.21,0.31,2326
P2,-0.20,0.31,1097
P2,-0.19,0.31,304
P2,0.08,0.37,3691
P2,-0.18,0.91,1403
P2,-0.09,0.32,4281
P2,-0.24,0.79,1647
P2,-0.20,0.83,1808
P2,-0.19,0.83,1492
P2,-0.18,0.82,1401
P2,-0.13,1.11,428
P2,-0.07,0.72,1788
P2,-0.07,0.73,1291
P2,-0.08,0.73,1381
P2,-0.22,0.62,2341
P2,0.20,0.84,1599
P2,-0.18,1.06,956
P2,-0.17,1.06,924
P2,0.13,0.54,1264
P2,0.14,0.55,1285
P2,0.15,0.55,2105
P2,0.15,0.54,651
P2,-0.06,0.37,4204
P2,-0.07,0.48,3473
P2,-0.07,0.47,3273
P2,0.12,0.33,22603
P2,0.13,0.32,12574
P2,-0.21,0.63,1849
P2,0.22,0.28,1709
P2,0.21,0.28,1557
P2,0.16,0.75,15
P2,0.16,0.74,8643
P2,0.16,0.73,129
P2,0.16,0.72,12
P2,0.17,0.72,17
P2,0.17,0.71,36
P2,0.17,0.70,16034
P2,0.17,0.69,332
P2,0.17,0.68,80
P2,0.17,0.67,124
P2,0.06,0.78,1580
P2,0.05,0.78,1344
P2,0.04,0.78,1285
P2,0.24,0.84,1154
P2,0.23,0.84,712
P2,0.25,0.80,318
P2,-0.22,0.28,2051
P2,-0.20,0.27,178
P2,-0.05,0.78,2825
P2,-0.04,0.78,2529
P2,0.06,0.28,7773
P2,-0.04,1.02,512
P2,-0.04,1.03,595
P2,-0.05,1.03,852
P2,-0.06,1.03,730
P2,-0.01,0.63,3766
P2,-0.09,0.68,2296
P2,-0.10,0.68,1750
P2,-0.09,0.51,2535
P2,0.01,1.03,759
P2,0.01,1.04,340
P2,0.02,1.04,506
P2,0.02,1.03,1104
P2,0.11,0.83,2322
P2,0.12,0.83,2545
P2,0.17,0.80,1325
P2,-0.05,0.51,2924
P2,0.11,0.31,13391
P2,-0.19,1.03,1495
P2,-0.09,0.65,1483
P2,-0.09,0.64,2213
P2,0.05,0.50,2645
P2,0.04,0.50,3023
P2,0.15,1.14,453
P2,0.15,1.15,315
P2,0.08,0.92,2355
P2,-0.02,0.77,2132
P2,-0.02,0.78,1831
P2,-0.01,0.78,1714
P2,-0.01,0.77,2280
P2,-0.19,1.20,893
P2,-0.18,1.20,582
P2,0.01,0.67,4119
P2,-0.24,0.76,1843
P2,-0.11,1.29,230
P2,-0.12,1.29,318
P2,-0.13,1.29,188
P2,0.15,1.05,712
P2,0.15,1.06,698
P2,0.14,1.06,485
P2,0.14,1.05,700
P2,-0.19,1.04,1491
P2,-0.20,1.04,1399
P2,-0.09,0.98,562
P2,-0.09,0.99,488
P2,0.06,0.62,2894
P2,-0.04,1.16,177
P2,-0.04,1.17,180
P2,-0.05,1.17,137
P2,-0.05,1.16,323
P2,-0.06,1.16,263
P2,0.10,0.47,2422
P2,-0.13,0.80,753
P2,-0.13,0.81,689
P2,-0.14,0.80,441
P2,0.18,0.58,937
P2,-0.08,0.83,1392
P2,-0.23,0.37,1372
P2,-0.17,1.23,570
P2,-0.18,1.23,532
P2,-0.18,1.24,468
P2,-0.19,1.24,538
P2,-0.19,1.23,400
P2,-0.21,1.25,720
P2,-0.20,1.25,800
P2,-0.19,1.25,523
P2,-0.05,1.07,600
P2,-0.05,1.08,582
P2,-0.03,1.14,156
P2,-0.03,1.15,439
P2,-0.04,1.15,366
P2,-0.04,1.14,297
P2,0.15,0.68,89
P2,-0.21,1.01,866
P2,-0.20,1.02,1144
P2,-0.19,1.02,865
P2,-0.19,1.01,1066
P2,-0.19,0.68,1343
P2,-0.18,0.68,1049
P2,-0.22,0.60,2000
P2,-0.21,0.60,1668
P2,-0.22,0.91,1386
P2,-0.21,0.91,1390
P2,-0.20,0.91,1431
P2,0.06,0.45,3205
P2,0.07,0.45,3359
P2,-0.10,0.58,1699
P2,-0.11,0.59,1389
P2,-0.22,0.92,1216
P2,-0.21,0.92,1237
P2,-0.20,0.92,1332
P2,-0.23,0.68,2824
P2,-0.22,0.68,2433
P2,0.22,0.26,606
P2,0.21,0.26,398
P2,0.20,0.26,993
P2,-0.20,0.79,2056
P2,-0.19,0.79,1418
P2,-0.19,0.78,1524
P2,0.18,1.11,544
P2,0.18,1.12,389
P2,0.19,1.12,402
P2,0.19,1.11,493
P2,0.15,0.92,2700
P2,0.14,0.92,2867
P2,0.14,0.91,4598
P2,0.13,0.91,3632
P2,-0.21,1.09,939
P2,-0.20,1.09,1038
P2,-0.19,1.09,739
P2,-0.14,0.75,948
P2,-0.15,0.75,707
P2,-0.05,0.49,3785
P2,-0.05,0.50,3654
P2,-0.04,0.49,4015
P2,-0.22,1.13,427
P2,-0.23,1.14,952
P2,-0.24,1.14,754
P2,-0.24,1.13,458
P2,-0.04,0.54,3502
P2,-0.05,0.54,3962
P2,-0.06,0.53,2478
P2,0.02,0.75,1483
P2,0.02,0.76,1672
P2,0.01,0.75,1597
P2,-0.04,0.35,5889
P2,-0.09,0.52,2775
P2,-0.08,0.52,2776
P2,0.05,0.55,3013
P2,-0.02,1.16,346
P2,-0.02,1.17,239
P2,-0.01,1.17,216
P2,-0.01,1.16,396
P2,0.16,0.38,10929
P2,0.16,0.39,12896
P2,0.16,0.40,434316
P2,0.17,0.41,3901
P2,0.01,0.47,3919
P2,-0.21,1.06,623
P2,-0.01,0.79,2472
P2,-0.20,0.80,1665
P2,-0.19,0.80,1504
P2,-0.18,0.80,1132
P2,-0.24,0.93,1337
P2,-0.23,0.93,1740
P2,0.43,0.97,57
P2,0.42,0.97,76
P2,0.01,0.83,2320
P2,0.00,0.83,2548
P2,-0.01,0.83,1927
P2,-0.01,0.82,2691
P2,0.08,0.48,2248
P2,0.09,0.48,1733
P2,0.06,0.50,2125
P2,-0.11,0.61,1752
P2,-0.12,0.61,1667
P2,-0.13,0.60,1024
P2,0.01,1.15,401
P2,0.01,1.16,292
P2,0.00,1.16,382
P2,0.00,1.15,240
P2,-0.21,0.79,2379
P2,-0.23,0.94,1196
P2,-0.21,0.94,1515
P2,-0.16,0.76,985
P2,0.22,0.83,1434
P2,0.24,0.83,860
P2,-0.07,0.94,413
P2,-0.07,0.95,631
P2,0.19,0.40,366781
P2,0.19,0.41,25829
P2,0.19,0.42,5476
P2,0.19,0.43,5184
P2,0.19,0.44,235151
P2,-0.12,0.32,2632
P2,-0.13,0.32,2052
P2,-0.13,0.31,2669
P2,0.13,0.39,12157
P2,-0.23,0.76,1792
P2,0.15,0.65,6497
P2,0.18,0.56,884
P2,-0.20,0.81,1561
P2,-0.19,0.81,1642
P2,0.04,0.66,1615
P2,-0.05,0.30,7117
P2,-0.21,0.72,2088
P2,0.26,0.84,577
P2,-0.02,0.64,2689
P2,-0.08,0.69,1823
P2,-0.13,1.15,560
P2,-0.12,1.15,336
P2,-0.06,0.52,3142
P2,0.13,0.56,1029
P2,0.15,0.56,28671
P2,-0.20,0.96,989
P2,-0.19,0.96,1058
P2,-0.19,0.95,1412
P2,0.05,1.31,106
P2,0.04,1.31,269
P2,0.08,0.59,5721
P2,0.09,0.59,7489
P2,0.10,0.59,8920
P2,0.12,0.27,2643
P2,0.13,0.27,1538
P2,-0.13,0.69,1120
P2,-0.14,0.69,941
P2,0.16,1.16,336
P2,0.16,1.17,279
P2,0.15,1.17,204
P2,0.15,1.16,219
P2,-0.08,0.85,977
P2,-0.21,0.97,1184
P2,-0.20,0.97,946
P2,-0.19,0.97,797
P2,-0.03,0.45,4600
P2,-0.24,0.86,1268
P2,-0.23,0.86,1549
P2,-0.12,0.81,941
P2,-0.14,0.81,770
P2,-0.19,0.91,1470
P2,0.02,0.57,3212
P2,0.10,1.19,574
P2,0.11,1.19,532
P2,0.21,0.84,1412
P2,0.19,0.83,2984
P2,0.18,0.39,714
P2,0.18,0.40,34343
P2,0.18,0.41,9373
P2,0.18,0.42,4315
P2,0.18,0.43,6748
P2,0.18,0.44,228558
P2,0.41,0.78,156
P2,0.41,0.79,185
P2,0.40,0.79,86
P2,0.40,0.78,149
P2,0.29,0.85,378
P2,0.30,0.85,591
P2,-0.24,0.67,2370
P2,-0.23,0.67,2777
P2,-0.12,0.22,2477
P2,-0.13,0.22,694
P2,-0.17,0.61,497
P2,-0.18,0.61,579
P2,-0.19,0.60,886
P2,-0.02,0.81,2703
P2,-0.03,0.81,2358
P2,-0.04,0.81,1595
P2,-0.20,0.60,1236
P2,-0.22,0.86,1071
P2,-0.21,0.86,1201
P2,-0.06,0.72,2337
P2,-0.06,0.73,1672
P2,0.02,0.59,3520
P2,0.04,0.59,2487
P2,0.09,0.66,2655
P2,-0.10,0.80,1474
P2,-0.11,0.80,1089
P2,-0.13,0.95,303
P2,0.01,0.89,1807
P2,0.11,0.44,1942
P2,0.01,0.86,2203
P2,0.01,0.87,5348
P2,0.02,0.87,6282
P2,0.14,0.25,671
P2,-0.24,0.31,262
P2,0.06,0.85,5719
P2,0.05,0.85,2583
P2,0.21,0.93,937
P2,0.21,0.94,1028
P2,0.22,0.94,891
P2,0.22,0.93,1036
P2,0.23,0.93,806
P2,-0.21,0.58,1873
P2,-0.20,0.58,1041
P2,0.22,1.17,224
P2,0.22,1.18,126
P2,0.23,1.18,352
P2,0.23,1.17,102
P2,0.07,0.38,4040
P2,-0.22,1.01,1035
P2,-0.05,1.04,330
P2,-0.11,0.33,2816
P2,0.14,0.87,3515
P2,0.15,0.86,6715
P2,0.18,0.83,4044
P2,0.40,1.18,22
P2,0.40,1.19,27
P2,0.39,1.19,46
P2,0.38,1.19,15
P2,0.38,1.18,4
P2,0.15,0.93,2008
P2,0.15,0.94,2299
P2,0.16,0.94,1480
P2,0.16,0.93,2355
P2,0.18,0.89,1270
P2,0.21,0.85,892
P2,0.22,0.85,1051
P2,0.23,0.85,752
P2,0.41,1.38,31
P2,0.40,1.38,31
P2,0.39,1.38,19
P2,0.15,0.39,992
P2,0.03,0.32,6672
P2,0.43,0.73,43
P2,0.42,0.73,331
P2,0.41,0.73,109
P2,0.41,0.72,77
P2,-0.22,1.30,190
P2,-0.21,1.30,343
P2,-0.21,1.31,541
P2,-0.20,1.31,783
P2,-0.20,1.30,574
P2,0.02,0.47,4288
P2,-0.23,0.91,1354
P2,-0.23,0.90,1678
P2,-0.22,0.90,1476
P2,-0.19,1.08,707
P2,-0.08,1.02,485
P2,-0.08,1.03,689
P2,-0.09,1.03,422
P2,-0.09,1.02,471
P2,0.22,0.27,984
P2,-0.02,1.31,169
P2,-0.02,1.32,155
P2,-0.01,1.31,183
P2,-0.18,0.72,1005
P2,-0.16,0.41,662
P2,0.24,0.64,4931
P2,0.24,0.63,442
P2,0.25,0.63,6105
P2,-0.03,0.95,616
P2,-0.03,0.96,703
P2,0.09,0.88,2230
P2,0.09,0.82,2523
P2,-0.02,0.90,1174
P2,-0.03,0.91,654
P2,-0.10,0.61,1810
P2,-0.15,1.26,488
P2,-0.15,1.27,601
P2,-0.16,1.27,802
P2,-0.22,0.76,1522
P2,-0.22,0.75,1484
P2,-0.15,1.15,457
P2,-0.15,1.16,694
P2,-0.16,1.15,509
P2,-0.06,0.47,3012
P2,-0.06,0.48,3169
P2,-0.19,1.14,975
P2,-0.14,0.58,971
P2,-0.15,0.58,774
P2,-0.16,0.59,1137
P2,-0.16,0.58,725
P2,-0.22,0.64,2787
P2,0.43,1.23,8
P2,0.42,1.23,18
P2,-0.07,0.67,2037
P2,-0.07,0.68,3176
P2,0.03,0.54,3606
P2,0.43,0.71,14
P2,0.42,0.71,166
P2,0.42,0.70,51
P2,-0.23,0.40,2408
P2,-0.22,0.40,343
P2,-0.24,1.08,588
P2,-0.23,1.08,980
P2,-0.22,1.08,1238
P2,-0.03,0.52,3486
P2,-0.22,0.52,1531
P2,-0.21,0.52,793
P2,0.07,0.51,2457
P2,0.11,1.01,1011
P2,0.11,1.02,1304
P2,0.10,1.01,1070
P2,0.43,0.69,19
P2,-0.23,1.22,577
P2,-0.23,1.23,787
P2,-0.24,1.23,327
P2,-0.24,1.22,547
P2,-0.23,1.33,664
P2,-0.22,1.33,585
P2,-0.21,1.33,326
P2,-0.24,0.48,2830
P2,-0.14,1.13,464
P2,0.04,1.09,599
P2,0.05,1.09,476
P2,0.07,1.23,513
P2,0.06,1.23,320
P2,0.07,0.50,2293
P2,0.07,0.63,3729
P2,0.00,0.51,3253
P2,0.03,1.22,278
P2,0.04,1.22,257
P2,0.05,1.22,257
P2,-0.08,0.70,1871
P2,-0.10,0.69,1375
P2,0.43,0.65,8
P2,0.42,0.65,103
P2,-0.12,0.33,2303
P2,-0.13,0.33,2106
P2,-0.14,0.33,1409
P2,-0.14,0.32,1559
P2,-0.22,1.03,858
P2,-0.05,0.27,8370
P2,-0.22,1.35,541
P2,-0.21,1.35,614
P2,-0.20,1.35,569
P2,-0.18,0.62,747
P2,-0.19,0.62,873
P2,-0.14,1.03,636
P2,-0.14,1.04,558
P2,-0.15,1.03,804
P2,0.21,0.67,13
P2,-0.07,0.80,1339
P2,-0.07,0.81,4885
P2,-0.08,0.81,3171
P2,-0.06,0.74,1466
P2,-0.07,0.75,2954
P2,-0.08,0.75,3430
P2,-0.08,0.74,3616
P2,0.08,0.50,2270
P2,-0.10,0.52,2692
P2,-0.11,0.52,2423
P2,-0.11,0.53,1742
P2,-0.12,0.53,1409
P2,-0.12,0.52,1873
P2,0.08,0.60,29872
P2,0.09,0.60,5000
P2,-0.10,0.97,469
P2,-0.11,0.97,227
P2,-0.12,0.97,306
P2,-0.08,0.55,2956
P2,-0.10,0.55,2649
P2,-0.17,0.71,621
P2,-0.17,0.72,971
P2,0.15,1.22,164
P2,0.15,1.23,311
P2,0.14,1.23,348
P2,0.13,1.23,293
P2,0.13,1.22,490
P2,-0.09,0.76,2016
P2,-0.09,0.77,1309
P2,-0.10,0.77,1228
P2,-0.10,0.76,1300
P2,-0.21,0.85,1269
P2,-0.21,0.90,1364
P2,0.23,0.94,629
P2,-0.24,1.32,341
P2,-0.24,1.33,497
P2,-0.22,1.32,404
P2,-0.06,1.07,581
P2,-0.06,1.08,600
P2,-0.12,0.31,3011
P2,-0.07,0.74,1644
P2,-0.21,0.62,1766
P2,-0.20,0.62,1344
P2,0.02,0.61,2627
P2,0.01,0.53,3224
P2,0.11,0.38,2445
P2,-0.09,0.45,3171
P2,-0.05,0.73,2089
P2,-0.21,0.83,1996
P2,0.30,0.83,726
P2,0.30,0.84,525
P2,0.00,0.49,4401
P2,0.01,0.49,4699
P2,0.22,0.70,1731
P2,0.22,0.69,2653
P2,0.21,0.68,8
P2,-0.09,0.37,3257
P2,-0.10,0.37,2725
P2,0.43,0.74,40
P2,0.42,0.74,456
P2,0.41,0.74,115
P2,-0.15,0.55,1216
P2,-0.16,0.55,1136
P2,-0.02,0.82,2414
P2,0.00,0.58,2897
P2,0.00,0.59,2926
P2,0.01,0.59,3160
P2,0.01,0.58,2868
P2,-0.20,1.21,928
P2,-0.19,1.21,748
P2,-0.18,1.21,569
P2,-0.01,0.54,4254
P2,-0.01,0.53,3374
P2,-0.05,0.36,5510
P2,-0.02,0.86,2227
P2,-0.02,0.87,1659
P2,-0.01,0.87,1936
P2,-0.01,0.86,5670
P2,0.06,0.60,3553
P2,-0.04,0.91,792
P2,-0.17,1.07,760
P2,-0.10,1.03,458
P2,-0.11,1.03,503
P2,-0.12,1.03,502
P2,0.11,0.48,1506
P2,0.04,1.04,763
P2,0.03,1.04,542
P2,-0.22,0.80,1744
P2,0.21,0.89,984
P2,0.21,0.90,5764
P2,0.11,1.28,168
P2,0.10,1.28,194
P2,0.09,1.28,103
P2,-0.16,0.35,475
P2,-0.23,0.34,218
P2,-0.16,1.38,560
P2,-0.16,1.39,55
P2,-0.17,1.39,65
P2,-0.17,1.38,600
P2,-0.17,1.02,940
P2,-0.16,1.02,844
P2,-0.15,1.02,670
P2,-0.24,0.96,980
P2,-0.23,0.84,1795
P2,0.00,1.00,295
P2,0.00,1.01,419
P2,-0.01,1.01,363
P2,-0.01,1.00,535
P2,-0.02,1.00,408
P2,-0.06,1.28,75
P2,-0.06,1.29,118
P2,-0.05,1.29,177
P2,-0.05,1.28,124
P2,0.15,0.62,3395
P2,-0.09,1.27,282
P2,-0.09,1.26,165
P2,0.04,0.48,2935
P2,0.06,0.36,4011
P2,0.08,0.36,5866
P2,0.09,0.34,4461
P2,0.09,0.32,4235
P2,0.09,0.41,2534
P2,-0.07,0.61,2546
P2,-0.07,0.62,2558
P2,-0.08,0.61,2064
P2,-0.08,0.53,2041
P2,0.06,0.83,1478
P2,0.05,0.83,1304
P2,0.05,0.79,1597
P2,0.06,0.79,1218
P2,0.07,0.73,249
P2,0.03,1.13,311
P2,0.03,1.14,278
P2,0.08,0.54,2533
P2,0.09,0.53,2080
P2,0.27,0.85,1612
P2,0.03,0.47,3848
P2,0.13,0.49,1298
P2,-0.23,0.28,1631
P2,0.26,0.92,355
P2,0.27,0.92,441
P2,0.28,0.92,406
P2,0.20,0.31,4269
P2,0.09,0.36,7910
P2,-0.12,1.30,466
P2,-0.13,1.30,410
P2,-0.13,1.31,456
P2,0.42,0.72,332
P2,-0.08,0.59,1755
P2,-0.09,0.59,1756
P2,0.28,1.20,105
P2,0.29,1.20,20
P2,0.00,1.03,476
P2,0.01,0.76,2092
P2,-0.23,1.13,362
P2,-0.01,0.73,2014
P2,-0.02,0.73,1632
P2,-0.24,0.78,1469
P2,-0.23,0.78,1928
P2,-0.14,0.46,1540
P2,-0.11,0.40,3141
P2,-0.03,0.78,1460
P2,-0.10,0.45,2574
P2,-0.11,0.45,2245
P2,-0.08,0.50,2779
P2,-0.15,0.28,471
P2,-0.16,0.28,56
P2,0.21,0.27,1124
P2,0.20,0.27,2123
P2,0.14,1.29,107
P2,0.15,1.29,278
P2,0.16,1.29,150
P2,0.19,0.89,1130
P2,0.19,0.90,5259
P2,0.18,0.90,4952
P2,-0.04,0.94,555
P2,-0.03,0.94,738
P2,-0.03,0.93,845
P2,-0.20,1.27,242
P2,-0.19,1.27,586
P2,0.16,0.99,1271
P2,-0.06,0.62,2365
P2,0.11,0.47,1748
P2,0.11,0.46,2257
P2,0.07,0.64,2676
P2,-0.17,0.43,694
P2,-0.17,0.83,1082
P2,-0.16,0.83,780
P2,-0.11,0.36,3043
P2,-0.10,0.54,2255
P2,-0.09,1.20,285
P2,-0.09,1.21,321
P2,-0.10,1.21,130
P2,-0.10,1.20,144
P2,-0.19,1.35,441
P2,-0.18,1.35,550
P2,-0.17,1.35,511
P2,0.00,0.47,4254
P2,0.19,0.68,53
P2,0.19,0.67,61
P2,-0.19,1.30,694
P2,-0.19,1.29,536
P2,-0.01,0.58,2183
P2,-0.02,0.58,2258
P2,0.12,1.09,931
P2,0.11,1.09,588
P2,0.10,1.09,533
P2,0.07,0.96,1485
P2,0.08,0.96,1710
P2,-0.04,0.67,1944
P2,-0.05,0.68,2136
P2,-0.05,0.67,2190
P2,-0.18,0.69,794
P2,-0.17,0.69,780
P2,0.18,1.18,250
P2,0.19,1.18,417
P2,0.19,1.19,243
P2,0.31,0.83,686
P2,0.07,0.85,9827
P2,0.08,0.85,9911
P2,-0.23,0.83,2513
P2,-0.22,0.83,2190
P2,0.43,0.77,17
P2,0.42,0.77,317
P2,0.10,0.28,10467
P2,0.11,0.28,6167
P2,0.12,0.28,3301
P2,0.18,0.59,634
P2,-0.20,1.33,471
P2,-0.20,1.32,370
P2,-0.23,0.55,2943
P2,-0.19,0.84,1539
P2,-0.18,0.84,1292
P2,-0.17,0.84,956
P2,0.12,0.53,1246
P2,-0.23,0.31,1008
P2,-0.23,0.32,236
P2,-0.22,0.32,1746
P2,0.12,1.10,824
P2,0.12,1.11,611
P2,0.13,0.22,295
P2,-0.22,1.19,524
P2,-0.23,1.19,361
P2,-0.24,1.18,300
P2,0.02,1.20,341
P2,-0.18,0.52,434
P2,-0.19,0.52,222
P2,0.05,0.40,4766
P2,0.17,0.94,1611
P2,0.05,0.39,5009
P2,-0.04,1.00,317
P2,-0.03,1.00,359
P2,-0.11,0.30,2738
P2,0.12,1.02,812
P2,0.13,1.02,863
P2,0.08,0.40,2755
P2,0.17,0.40,99605
P2,0.14,0.39,2476
P2,-0.01,0.91,852
P2,0.04,0.85,2325
P2,0.05,0.84,7090
P2,0.01,0.91,1221
P2,0.01,0.92,1121
P2,0.02,0.92,1408
P2,0.02,0.91,1860
P2,0.10,0.84,1711
P2,-0.10,0.44,3110
P2,-0.12,0.94,442
P2,-0.13,0.94,347
P2,-0.14,0.94,405
P2,-0.10,0.99,572
P2,-0.22,0.31,2622
P2,0.08,0.55,2643
P2,0.03,1.05,660
P2,0.03,1.06,523
P2,-0.19,0.74,1175
P2,0.00,0.82,4324
P2,-0.02,0.83,2177
P2,-0.05,0.77,2473
P2,-0.04,0.77,1750
P2,0.10,0.48,1859
P2,-0.20,0.73,1756
P2,0.07,0.97,1613
P2,0.07,0.98,1003
P2,0.08,0.98,1364
P2,0.08,0.97,1287
P2,-0.24,0.88,1224
P2,0.07,0.70,14809
P2,0.08,0.70,1202
P2,0.06,0.70,12708
P2,0.05,0.70,81386
P2,0.04,0.70,23002
P2,0.03,0.70,1636
P2,0.02,0.70,1434
P2,0.02,0.69,1425
P2,0.01,0.69,1791
P2,-0.10,1.31,292
P2,-0.10,1.32,141
P2,-0.11,1.32,213
P2,-0.11,1.31,541
P2,0.07,0.78,1769
P2,0.08,0.78,1535
P2,0.04,0.51,2838
P2,-0.04,1.34,154
P2,-0.03,1.34,310
P2,-0.03,1.33,177
P2,0.00,0.95,515
P2,0.00,0.94,593
P2,-0.03,0.97,649
P2,-0.04,0.97,460
P2,-0.05,0.97,678
P2,-0.06,0.32,5504
P2,-0.15,0.61,998
P2,-0.16,0.61,793
P2,0.09,0.50,2216
P2,0.11,1.39,25
P2,0.11,1.38,403
P2,0.15,0.88,1982
P2,-0.16,0.40,1030
P2,-0.05,1.02,526
P2,-0.05,0.72,3486
P2,-0.23,0.25,31
P2,-0.22,0.25,199
P2,0.07,0.67,80447
P2,0.06,0.94,1353
P2,0.05,0.94,1579
P2,0.04,0.94,1288
P2,-0.22,0.94,1548
P2,-0.15,0.74,1111
P2,-0.17,0.73,919
P2,-0.20,0.53,636
P2,-0.20,0.52,378
P2,-0.12,0.59,1690
P2,-0.12,0.60,1258
P2,0.42,1.20,45
P2,-0.03,0.64,3976
P2,0.05,1.05,555
P2,-0.18,1.11,586
P2,-0.17,1.11,465
P2,-0.16,1.11,432
P2,-0.17,1.13,803
P2,-0.15,0.39,1069
P2,-0.16,0.39,669
P2,-0.17,0.39,421
P2,-0.17,0.38,683
P2,0.10,1.25,152
P2,0.11,1.26,173
P2,0.12,1.26,207
P2,0.12,1.25,418
P2,-0.12,0.90,466
P2,-0.12,0.91,489
P2,-0.13,0.91,591
P2,-0.14,0.91,507
P2,-0.14,0.90,588
P2,-0.20,0.36,915
P2,-0.19,0.36,696
P2,-0.21,1.03,1206
P2,-0.05,1.09,536
P2,-0.06,1.09,398
P2,-0.23,1.20,884
P2,-0.22,1.20,935
P2,-0.21,1.20,920
P2,-0.21,1.19,802
P2,-0.11,0.68,1800
P2,-0.12,0.68,1201
P2,-0.13,0.68,1075
P2,-0.23,0.77,2094
P2,0.12,1.34,108
P2,0.13,1.34,126
P2,-0.03,0.56,2956
P2,0.06,1.06,663
P2,0.06,1.07,801
P2,0.07,1.07,568
P2,0.07,1.06,994
P2,0.31,1.18,87
P2,0.31,1.19,49
P2,0.30,1.19,88
P2,0.30,1.18,62
P2,0.05,0.88,6119
P2,0.04,0.88,7754
P2,0.09,1.20,478
P2,0.10,1.20,406
P2,0.11,1.20,510
P2,0.11,1.27,118
P2,0.26,0.78,157
P2,0.27,0.77,226
P2,0.22,0.90,5734
P2,0.23,0.90,5690
P2,-0.09,0.86,581
P2,-0.10,0.86,663
P2,-0.11,0.86,736
P2,-0.11,0.85,532
P2,-0.01,0.55,3876
P2,-0.05,0.96,820
P2,-0.06,0.97,668
P2,-0.07,0.96,500
P2,0.07,1.16,349
P2,0.07,1.17,459
P2,-0.17,0.68,923
P2,-0.16,0.81,1064
P2,-0.15,0.81,619
P2,-0.13,0.56,1249
P2,-0.13,0.57,1434
P2,-0.14,0.57,1108
P2,-0.14,0.56,1041
P2,0.10,0.90,12965
P2,0.10,0.89,2537
P2,-0.19,0.65,1293
P2,-0.18,0.65,1210
P2,-0.17,0.65,941
P2,-0.09,0.50,2235
P2,-0.08,0.45,3444
P2,0.09,1.33,185
P2,0.10,1.33,363
P2,0.10,1.32,175
P2,0.10,0.88,2794
P2,0.08,0.89,11581
P2,0.07,0.89,11385
P2,0.07,0.90,2624
P2,0.12,0.95,1224
P2,0.12,0.96,1305
P2,0.07,1.15,283
P2,0.08,1.15,243
P2,-0.14,0.55,1251
P2,-0.15,0.54,1233
P2,0.01,0.82,4863
P2,0.29,0.94,197
P2,0.28,0.94,335
P2,0.27,0.94,491
P2,-0.18,0.81,1368
P2,-0.02,1.18,278
P2,-0.02,1.19,152
P2,-0.01,0.65,3341
P2,-0.01,0.66,1773
P2,0.00,0.65,33247
P2,-0.11,0.44,2659
P2,-0.04,0.66,75353
P2,0.04,0.80,1815
P2,0.09,0.30,4180
P2,-0.15,0.99,917
P2,-0.14,0.99,627
P2,0.11,0.51,1342
P2,0.12,0.51,875
P2,0.13,0.51,973
P2,-0.22,0.82,1933
P2,-0.21,0.82,1937
P2,0.06,0.93,1762
P2,-0.14,1.27,507
P2,-0.14,1.26,446
P2,0.00,0.87,2780
P2,0.00,0.86,5984
P2,0.03,0.88,6905
P2,0.02,0.88,3168
P2,0.03,0.80,1541
P2,-0.24,1.07,279
P2,-0.18,1.17,483
P2,-0.02,0.79,2075
P2,-0.13,0.53,1312
P2,-0.14,0.53,1133
P2,-0.18,0.96,951
P2,0.10,1.03,739
P2,0.10,1.04,675
P2,-0.11,0.22,4368
P2,0.01,1.27,233
P2,0.01,1.28,381
P2,-0.11,0.28,3051
P2,-0.02,0.66,6210
P2,-0.03,0.86,2010
P2,0.00,0.48,4050
P2,0.01,0.48,4213
P2,0.04,0.77,1465
P2,0.06,0.91,2483
P2,0.01,0.88,2397
P2,0.00,0.88,1722
P2,-0.01,0.88,1402
P2,0.16,0.49,8310
P2,0.03,0.89,2210
P2,0.01,1.14,353
P2,0.05,0.77,1599
P2,0.23,1.21,275
P2,0.24,1.21,247
P2,0.37,0.78,272
P2,0.38,0.78,221
P2,0.39,0.78,245
P2,0.05,0.42,4342
P2,0.15,0.58,32176
P2,-0.10,0.87,809
P2,-0.10,0.88,715
P2,-0.17,0.88,1039
P2,-0.16,0.88,957
P2,-0.15,0.88,707
P2,-0.15,0.87,720
P2,0.08,0.86,3147
P2,0.06,0.55,2510
P2,0.16,0.80,1211
P2,-0.11,1.01,551
P2,-0.11,1.02,453
P2,0.35,0.73,68
P2,-0.10,0.40,3345
P2,0.24,0.80,507
P2,0.23,0.80,781
P2,0.22,0.89,733
P2,0.23,0.89,761
P2,0.03,0.33,7714
P2,0.07,0.55,3135
P2,0.12,0.98,1197
P2,-0.09,0.41,3847
P2,0.02,0.84,1792
P2,-0.20,0.94,1238
P2,-0.19,0.94,1031
P2,-0.13,0.97,467
P2,-0.08,0.82,1447
P2,-0.20,0.44,49
P2,0.06,1.28,171
P2,0.06,1.29,228
P2,0.11,0.80,1148
P2,-0.03,0.76,2862
P2,-0.03,0.77,1888
P2,-0.07,1.01,424
P2,-0.13,0.34,2180
P2,-0.14,0.34,1543
P2,-0.15,0.34,1053
P2,0.24,0.93,429
P2,0.02,0.80,1692
P2,0.02,0.81,1618
P2,0.01,0.81,1458
P2,0.01,0.70,4750
P2,0.13,0.87,3534
P2,-0.08,0.96,592
P2,-0.08,0.95,562
P2,-0.23,0.92,1202
P2,-0.22,0.93,1647
P2,0.23,0.87,1098
P2,0.07,0.36,4501
P2,0.06,0.61,4575
P2,0.07,0.61,76608
P2,0.07,0.60,100190
P2,-0.16,0.89,827
P2,0.22,0.99,569
P2,0.23,0.99,457
P2,0.12,0.30,2789
P2,0.13,0.30,1753
P2,0.14,0.30,1014
P2,-0.10,0.41,3244
P2,-0.24,1.34,562
P2,-0.24,1.35,465
P2,-0.23,1.35,581
P2,-0.22,1.34,546
P2,-0.22,1.04,1577
P2,-0.04,0.70,1769
P2,-0.12,0.66,1551
P2,-0.13,0.66,1530
P2,0.06,1.27,201
P2,0.07,1.28,241
P2,0.08,1.28,238
P2,0.08,1.27,298
P2,0.23,0.64,1788
P2,0.14,0.85,1586
P2,0.13,0.53,1333
P2,-0.13,0.86,789
P2,-0.13,0.87,630
P2,-0.14,0.87,720
P2,-0.14,0.86,595
P2,-0.16,1.01,793
P2,-0.10,0.91,396
P2,-0.11,0.90,463
P2,-0.03,0.57,2654
P2,0.17,1.03,669
P2,0.17,1.04,601
P2,0.18,1.04,457
P2,0.18,1.03,730
P2,0.09,0.89,4742
P2,0.06,1.08,737
P2,0.07,1.08,766
P2,0.08,1.08,550
P2,0.08,1.07,610
P2,0.19,1.14,357
P2,0.20,1.14,287
P2,0.21,1.14,199
P2,-0.17,0.82,1160
P2,-0.16,0.82,756
P2,-0.11,0.48,1946
P2,-0.14,0.50,1288
P2,-0.14,0.49,1356
P2,-0.12,0.23,2596
P2,-0.13,0.23,1084
P2,0.15,1.03,998
P2,0.15,1.04,760
P2,0.16,1.03,641
P2,0.30,0.75,24
P2,0.20,0.29,2792
P2,-0.07,0.46,3863
P2,0.20,0.91,2809
P2,0.20,0.92,1626
P2,-0.21,0.93,1542
P2,0.00,0.89,1606
P2,-0.01,0.89,1719
P2,-0.15,1.33,657
P2,-0.14,1.33,543
P2,-0.13,1.33,375
P2,-0.18,0.94,1047
P2,0.16,1.35,116
P2,0.16,1.36,64
P2,0.17,1.35,125
P2,0.05,0.92,1900
P2,-0.20,0.65,1655
P2,0.20,0.58,19
P2,0.19,0.57,76
P2,-0.10,1.07,595
P2,-0.08,0.58,1629
P2,-0.09,0.58,1341
P2,0.03,0.67,12814
P2,-0.07,1.36,134
P2,-0.07,1.37,154
P2,-0.11,0.60,1453
P2,0.06,0.46,3555
P2,0.13,0.52,870
P2,0.06,0.92,2030
P2,-0.11,0.49,1663
P2,-0.12,0.49,1727
P2,-0.09,0.57,1921
P2,-0.10,0.57,1939
P2,0.02,0.83,4139
P2,-0.03,1.01,347
P2,-0.04,1.01,477
P2,0.30,0.77,245
P2,0.07,0.94,1704
P2,-0.01,0.84,1614
P2,0.33,0.76,640
P2,-0.18,0.79,1409
P2,0.09,0.90,11053
P2,0.08,0.90,4400
P2,0.10,1.05,729
P2,0.11,1.05,761
P2,0.11,1.06,820
P2,-0.23,0.82,2131
P2,-0.14,0.78,641
P2,-0.05,0.48,3057
P2,-0.12,0.69,1496
P2,-0.12,0.70,1487
P2,-0.11,0.74,1416
P2,-0.12,0.74,1431
P2,-0.08,0.44,2728
P2,-0.09,0.44,3244
P2,-0.10,0.74,1813
P2,0.06,0.88,1798
P2,-0.15,0.42,939
P2,-0.17,0.42,598
P2,0.25,1.32,16
P2,0.26,1.32,80
P2,0.27,1.32,114
P2,0.27,0.87,641
P2,0.28,0.87,523
P2,-0.14,0.45,1704
P2,0.26,0.82,993
P2,-0.14,0.38,1368
P2,-0.15,0.38,1172
P2,-0.16,0.38,716
P2,0.29,0.75,26
P2,0.24,0.90,5168
P2,0.25,0.90,3133
P2,0.42,0.89,108
P2,0.10,0.98,1229
P2,-0.13,0.92,451
P2,-0.14,0.93,549
P2,-0.14,0.92,583
P2,-0.18,0.60,581
P2,-0.08,0.94,502
P2,0.14,0.88,2057
P2,-0.15,0.85,778
P2,-0.15,0.86,929
P2,-0.16,0.85,784
P2,-0.17,0.85,843
P2,-0.20,1.11,628
P2,-0.19,1.11,549
P2,-0.19,1.10,840
P2,-0.13,1.07,392
P2,-0.18,0.90,1404
P2,-0.15,0.53,906
P2,-0.16,0.53,737
P2,-0.16,0.52,864
P2,0.32,0.75,119
P2,0.33,0.75,276
P2,0.18,0.55,382
P2,-0.21,0.73,2278
P2,-0.20,1.20,1062
P2,0.05,0.99,806
P2,0.04,0.99,939
P2,0.04,0.98,1099
P2,0.12,1.07,858
P2,0.13,1.07,1183
P2,0.21,0.83,1911
P2,0.22,0.84,1010
P2,0.17,0.83,4227
P2,-0.09,1.31,188
P2,-0.10,1.30,197
P2,-0.16,0.50,919
P2,-0.21,1.28,379
P2,-0.22,1.36,347
P2,-0.21,1.36,384
P2,-0.20,1.36,398
P2,-0.20,0.95,1459
P2,-0.18,0.95,982
P2,-0.11,0.77,3721
P2,-0.12,0.77,1912
P2,0.07,0.39,4410
P2,0.08,0.39,3714
P2,-0.20,0.28,344
P2,-0.19,0.28,35
P2,-0.23,1.34,572
P2,-0.21,1.34,405
P2,0.00,1.21,232
P2,-0.01,1.21,226
P2,-0.02,1.21,108
P2,-0.11,1.39,20
P2,-0.11,1.38,169
P2,-0.02,1.33,181
P2,-0.01,1.33,243
P2,-0.01,1.34,141
P2,0.20,0.83,2307
P2,0.03,0.53,3435
P2,-0.02,1.20,177
P2,-0.03,1.21,194
P2,-0.03,1.20,134
P2,0.24,1.00,416
P2,0.24,1.01,386
P2,0.25,1.01,259
P2,0.25,1.00,290
P2,0.13,0.62,6999
P2,0.21,1.15,324
P2,0.22,1.15,285
P2,0.22,1.14,292
P2,0.23,1.14,385
P2,0.10,0.42,2043
P2,0.07,0.56,2519
P2,-0.02,0.89,1578
P2,-0.18,0.83,1199
P2,-0.04,1.20,299
P2,-0.04,1.21,290
P2,-0.05,1.21,116
P2,-0.05,1.20,197
P2,0.18,0.54,5326
P2,-0.03,1.16,371
P2,0.27,0.86,498
P2,0.28,0.86,674
P2,0.10,0.30,4914
P2,0.11,0.30,11512
P2,-0.21,1.15,864
P2,-0.22,1.15,852
P2,0.22,1.03,451
P2,0.22,1.04,487
P2,0.23,1.04,499
P2,-0.24,0.83,1808
P2,0.10,0.20,4163
P2,-0.12,0.65,2051
P2,0.24,1.06,330
P2,0.25,1.06,316
P2,0.26,1.06,221
P2,-0.16,1.10,378
P2,-0.18,1.10,671
P2,0.11,0.20,1224
P2,-0.01,0.49,3967
P2,-0.07,0.79,1646
P2,0.43,0.90,225
P2,0.42,0.90,330
P2,-0.21,1.18,532
P2,-0.23,0.39,1354
P2,-0.22,0.39,247
P2,0.08,0.66,17974
P2,0.04,0.92,1810
P2,-0.23,0.48,2851
P2,-0.22,0.48,1758
P2,0.16,0.55,21149
P2,0.18,0.53,21329
P2,-0.04,0.96,559
P2,0.30,0.86,551
P2,-0.21,0.48,973
P2,-0.20,1.15,736
P2,-0.19,0.33,540
P2,-0.15,0.52,1059
P2,-0.04,1.33,157
P2,-0.05,1.33,162
P2,-0.06,1.33,182
P2,-0.06,1.32,208
P2,-0.13,0.49,1273
P2,-0.15,0.49,1251
P2,0.01,1.21,223
P2,0.18,1.28,282
P2,0.18,1.29,135
P2,-0.10,1.23,224
P2,-0.11,1.23,168
P2,-0.11,1.24,263
P2,-0.12,1.23,261
P2,-0.24,1.31,216
P2,-0.23,1.32,365
P2,-0.23,1.31,140
P2,0.22,0.92,1409
P2,0.23,0.92,764
P2,0.02,1.13,249
P2,0.02,1.14,367
P2,-0.16,0.72,977
P2,0.31,0.80,431
P2,0.03,0.79,3545
P2,0.20,0.89,1193
P2,0.20,0.90,5544
P2,0.20,0.82,5682
P2,-0.02,1.01,425
P2,0.34,0.77,348
P2,0.35,0.77,303
P2,0.36,0.77,321
P2,0.36,0.76,85
P2,-0.10,1.17,165
P2,-0.11,1.17,362
P2,0.08,0.99,1345
P2,0.10,0.80,1079
P2,0.09,0.80,814
P2,-0.02,0.97,385
P2,0.01,0.80,1698
P2,0.25,0.91,534
P2,0.26,0.91,510
P2,0.26,0.90,743
P2,-0.12,0.85,645
P2,-0.04,0.58,2186
P2,-0.03,0.58,2551
P2,-0.20,1.34,438
P2,-0.19,1.34,544
P2,-0.18,1.34,428
P2,0.20,1.01,783
P2,0.21,1.01,655
P2,0.21,1.00,784
P2,-0.24,1.20,643
P2,-0.24,1.19,387
P2,-0.04,0.87,1076
P2,-0.04,0.88,1152
P2,-0.05,0.88,857
P2,-0.05,0.87,1069
P2,-0.02,0.53,3244
P2,-0.02,0.54,3966
P2,-0.08,0.67,2025
P2,-0.08,0.68,2729
P2,0.35,0.78,322
P2,-0.18,1.39,63
P2,-0.04,1.29,113
P2,0.09,1.09,528
P2,0.08,1.09,507
P2,-0.18,0.99,763
P2,-0.19,0.99,767
P2,-0.20,0.99,864
P2,-0.05,1.19,506
P2,-0.06,1.20,121
P2,-0.06,1.19,189
P2,0.05,0.76,1559
P2,0.42,1.37,17
P2,0.41,1.37,24
P2,0.40,1.37,9
P2,0.32,0.79,492
P2,-0.04,1.05,244
P2,-0.05,1.05,366
P2,-0.06,1.05,463
P2,-0.15,1.34,363
P2,-0.16,1.34,557
P2,-0.17,1.34,538
P2,0.09,0.35,4112
P2,0.10,0.34,3451
P2,0.04,0.79,3381
P2,-0.15,0.98,693
P2,0.02,0.58,2809
P2,0.03,0.58,2235
P2,-0.06,1.15,146
P2,0.13,0.93,2211
P2,0.13,0.94,1655
P2,0.12,0.94,1817
P2,0.12,0.93,2449
P2,-0.01,1.07,294
P2,-0.02,1.08,291
P2,-0.03,1.07,259
P2,0.09,1.22,506
P2,0.10,1.22,564
P2,0.10,1.23,448
P2,0.11,1.23,263
P2,0.11,1.22,441
P2,-0.13,0.93,420
P2,-0.18,1.30,462
P2,-0.17,1.29,340
P2,0.14,1.32,200
P2,0.14,1.33,212
P2,-0.18,1.37,331
P2,-0.19,1.37,406
P2,-0.20,1.37,354
P2,-0.24,0.77,1945
P2,-0.07,1.08,374
P2,-0.08,1.08,354
P2,-0.19,1.32,286
P2,0.18,0.45,24404
P2,0.32,0.81,494
P2,-0.02,1.24,502
P2,-0.02,1.25,322
P2,0.02,0.99,854
P2,0.03,1.00,655
P2,0.07,0.92,2040
P2,-0.13,0.27,2147
P2,-0.01,1.18,309
P2,-0.03,1.18,202
P2,-0.24,1.21,835
P2,-0.18,1.01,1103
P2,-0.17,1.01,821
P2,-0.09,0.66,1687
P2,-0.20,0.37,489
P2,-0.19,0.37,625
P2,-0.18,0.37,453
P2,-0.14,0.28,1011
P2,-0.20,0.64,1050
P2,-0.22,0.61,2592
P2,-0.07,0.57,2233
P2,0.11,1.32,150
P2,0.12,1.32,298
P2,0.13,1.32,267
P2,-0.20,1.38,503
P2,-0.20,1.39,92
P2,-0.19,1.38,723
P2,-0.04,0.30,7179
P2,-0.01,0.94,661
P2,-0.02,0.94,455
P2,-0.03,0.60,2726
P2,-0.11,0.87,490
P2,-0.14,0.84,684
P2,0.01,1.24,142
P2,0.01,1.25,249
P2,0.00,1.25,197
P2,0.00,1.24,362
P2,0.37,0.76,82
P2,-0.08,0.43,3576
P2,-0.01,1.30,229
P2,-0.02,1.30,162
P2,-0.24,0.99,1195
P2,0.14,0.29,592
P2,-0.03,0.87,1336
P2,-0.07,0.60,2132
P2,-0.15,0.71,1665
P2,-0.16,0.71,787
P2,-0.16,0.70,893
P2,-0.05,0.81,1230
P2,-0.06,0.81,1080
P2,0.09,1.02,712
P2,0.09,1.03,785
P2,0.08,1.03,685
P2,0.07,1.03,822
P2,0.07,1.02,853
P2,0.06,0.44,3591
P2,0.07,0.44,2763
P2,-0.24,1.12,307
P2,-0.23,1.12,503
P2,-0.18,0.75,797
P2,-0.18,0.70,1135
P2,-0.19,0.41,207
P2,0.09,0.91,2756
P2,0.08,0.91,2840
P2,0.07,0.91,2121
P2,0.03,1.21,298
P2,0.02,1.21,344
P2,-0.05,1.01,337
P2,-0.19,0.39,472
P2,-0.18,0.39,612
P2,0.09,0.76,9527
P2,-0.04,1.06,209
P2,-0.04,1.07,304
P2,-0.06,1.06,423
P2,0.02,0.60,2850
P2,-0.06,0.93,446
P2,-0.06,0.94,296
P2,-0.07,0.93,605
P2,-0.17,0.87,982
P2,-0.16,0.87,953
P2,0.12,0.97,1671
P2,-0.06,1.22,34
P2,-0.07,1.23,368
P2,-0.08,1.23,113
P2,-0.08,1.22,69
P2,-0.10,0.89,547
P2,0.23,0.26,282
P2,-0.15,0.63,1389
P2,-0.02,1.28,143
P2,-0.03,1.28,140
P2,-0.03,1.29,98
P2,-0.04,1.28,60
P2,-0.10,0.63,2336
P2,-0.17,1.27,724
P2,-0.17,1.28,547
P2,-0.18,1.28,448
P2,-0.18,1.27,779
P2,-0.01,1.27,170
P2,0.00,1.27,169
P2,0.00,1.28,315
P2,-0.14,0.23,130
P2,-0.07,0.52,3023
P2,-0.23,1.11,739
P2,-0.08,0.97,674
P2,-0.09,0.96,478
P2,0.02,1.07,340
P2,0.01,1.07,270
P2,-0.22,1.23,743
P2,-0.21,1.24,387
P2,-0.20,1.24,450
P2,-0.18,0.45,510
P2,-0.01,1.15,237
P2,0.06,0.38,4097
P2,-0.23,1.38,643
P2,-0.23,1.37,625
P2,-0.03,1.06,284
P2,0.43,1.15,4
P2,0.42,1.15,83
P2,-0.13,1.39,61
P2,-0.13,1.38,167
P2,-0.24,0.84,1438
P2,-0.06,0.95,449
P2,-0.06,0.96,465
P2,-0.05,0.95,684
P2,0.20,0.85,886
P2,0.13,0.83,3054
P2,-0.19,0.75,982
P2,-0.24,0.89,1376
P2,-0.17,0.89,1083
P2,-0.14,1.02,441
P2,0.01,1.02,453
P2,-0.07,1.18,302
P2,-0.09,1.19,151
P2,-0.09,1.18,213
P2,-0.07,0.86,830
P2,-0.08,0.86,975
P2,-0.12,0.89,451
P2,-0.13,0.90,581
P2,-0.13,0.89,550
P2,0.15,0.45,23130
P2,0.17,0.65,840
P2,0.43,0.79,48
P2,0.42,0.79,252
P2,-0.14,1.28,263
P2,-0.15,1.28,187
P2,-0.16,1.28,342
P2,0.12,0.87,2815
P2,0.10,0.43,2096
P2,0.14,0.27,929
P2,0.15,0.27,3572
P2,0.33,1.28,15
P2,0.33,1.29,32
P2,0.34,1.29,33
P2,0.35,1.29,11
P2,0.35,1.28,33
P2,0.24,0.47,662
P2,0.24,0.46,3593
P2,0.15,0.48,9502
P2,0.17,0.48,10584
P2,0.17,0.49,14472
P2,-0.11,0.79,1496
P2,-0.14,1.32,406
P2,-0.13,1.32,527
P2,0.09,0.58,1790
P2,-0.18,0.88,1112
P2,-0.12,1.27,386
P2,-0.21,0.88,1064
P2,-0.19,0.88,1166
P2,-0.18,0.58,339
P2,-0.19,0.58,557
P2,0.16,1.12,549
P2,0.16,1.11,565
P2,0.19,0.92,1717
P2,0.20,0.93,1008
P2,0.31,0.78,334
P2,0.03,1.26,271
P2,0.03,1.27,329
P2,0.02,1.26,339
P2,0.01,1.26,288
P2,-0.04,0.95,553
P2,-0.05,0.94,654
P2,0.03,0.50,2887
P2,0.00,1.37,241
P2,0.00,1.38,241
P2,-0.01,1.38,138
P2,-0.01,1.37,191
P2,-0.02,1.37,261
P2,0.14,1.13,404
P2,0.14,1.14,417
P2,0.43,0.75,28
P2,0.42,0.75,332
P2,0.06,0.77,1392
P2,0.18,0.69,328
P2,0.18,0.68,71
P2,0.18,0.67,94
P2,0.21,0.98,767
P2,0.22,0.98,676
P2,0.23,0.98,531
P2,0.16,1.19,338
P2,0.17,1.19,234
P2,0.17,1.20,406
P2,0.28,1.04,163
P2,0.29,1.04,114
P2,-0.13,0.55,1777
P2,-0.18,1.25,448
P2,-0.08,1.10,279
P2,-0.19,1.31,418
P2,-0.07,1.26,239
P2,-0.08,1.26,265
P2,-0.18,0.92,971
P2,-0.17,0.92,944
P2,-0.16,0.92,978
P2,0.23,1.22,408
P2,0.23,1.23,189
P2,0.24,1.23,153
P2,0.25,1.23,209
P2,0.25,1.22,230
P2,-0.08,0.98,615
P2,-0.14,0.97,517
P2,-0.02,0.55,4011
P2,-0.06,1.21,84
P2,-0.15,0.27,313
P2,-0.15,0.26,233
P2,-0.16,0.75,710
P2,-0.17,0.75,787
P2,0.08,1.19,323
P2,0.09,1.19,345
P2,0.17,1.21,230
P2,0.18,1.20,142
P2,-0.15,0.50,1085
P2,-0.07,0.78,1382
P2,-0.09,0.78,947
P2,-0.07,0.71,1441
P2,-0.03,0.92,990
P2,-0.04,0.92,1284
P2,0.41,0.69,14
P2,-0.04,1.26,210
P2,0.31,0.86,518
P2,0.32,0.86,664
P2,0.33,0.79,273
P2,0.33,0.80,513
P2,0.34,0.80,601
P2,0.34,0.79,354
P2,-0.11,1.26,228
P2,-0.12,1.26,273
P2,-0.13,1.26,365
P2,-0.13,1.37,257
P2,-0.14,1.37,416
P2,0.42,0.99,85
P2,0.41,0.99,9
P2,-0.09,0.97,607
P2,-0.24,1.25,451
P2,-0.23,1.25,494
P2,-0.23,1.24,564
P2,0.12,0.84,1811
P2,0.13,0.84,1632
P2,0.16,0.95,1370
P2,0.15,0.96,1829
P2,0.14,0.95,1430
P2,-0.12,0.95,308
P2,-0.12,0.96,275
P2,-0.13,0.96,358
P2,-0.05,1.15,156
P2,-0.07,1.15,115
P2,-0.05,0.75,2260
P2,0.22,1.05,516
P2,0.22,1.06,321
P2,0.23,1.06,481
P2,0.23,1.05,551
P2,0.12,0.31,2828
P2,-0.02,0.62,2648
P2,-0.03,0.62,2582
P2,0.13,0.26,1497
P2,0.14,0.26,592
P2,0.15,0.26,1739
P2,0.18,0.70,11548
P2,0.02,0.93,1296
P2,0.00,0.93,753
P2,0.04,0.55,3522
P2,-0.12,0.79,1416
P2,-0.23,1.07,607
P2,-0.14,1.10,612
P2,-0.15,1.10,485
P2,0.19,1.31,228
P2,0.19,1.32,254
P2,0.42,1.07,79
P2,0.41,1.07,37
P2,0.32,0.83,452
P2,0.32,0.82,650
P2,0.16,1.38,365
P2,0.16,1.39,85
P2,0.06,1.15,332
P2,-0.07,0.85,592
P2,-0.22,1.12,456
P2,-0.22,1.11,931
P2,-0.10,1.19,286
P2,0.11,0.62,6664
P2,-0.10,0.62,1820
P2,-0.15,0.30,661
P2,-0.18,1.09,726
P2,-0.06,1.12,627
P2,-0.06,1.13,599
P2,0.42,1.12,28
P2,0.41,1.12,37
P2,-0.15,0.90,635
P2,-0.14,0.60,866
P2,-0.15,0.60,881
P2,-0.22,0.88,997
P2,0.15,0.30,6306
P2,0.16,0.30,1992
P2,-0.09,1.17,107
P2,-0.10,1.18,314
P2,0.24,1.14,421
P2,0.24,1.15,238
P2,0.25,1.15,169
P2,0.25,1.14,149
P2,0.26,1.14,103
P2,0.20,0.44,197646
P2,-0.13,1.27,415
P2,0.10,1.02,1044
P2,0.11,1.03,885
P2,0.03,0.97,856
P2,0.02,0.97,789
P2,0.02,0.96,802
P2,0.17,1.24,160
P2,0.18,1.24,317
P2,0.42,1.03,70
P2,0.13,0.92,2585
P2,0.12,0.92,2802
P2,0.12,0.91,3490
P2,-0.16,1.03,1022
P2,-0.18,1.02,858
P2,-0.07,0.53,2290
P2,-0.16,1.36,283
P2,-0.15,1.36,296
P2,-0.14,1.36,327
P2,0.20,0.28,3704
P2,0.18,1.05,669
P2,0.18,1.06,450
P2,0.16,0.96,1518
P2,0.37,0.74,127
P2,0.37,0.75,151
P2,0.38,0.75,103
P2,0.38,0.74,29
P2,-0.04,0.64,3497
P2,0.27,1.17,152
P2,0.28,1.17,43
P2,0.29,1.17,33
P2,0.05,0.87,1609
P2,-0.24,0.82,1822
P2,-0.07,1.05,197
P2,-0.08,1.05,378
P2,-0.10,0.98,442
P2,-0.17,0.57,678
P2,-0.18,0.57,542
P2,0.43,1.17,2
P2,0.42,1.17,30
P2,0.41,1.17,8
P2,0.41,1.16,28
P2,0.35,0.79,517
P2,0.36,0.79,685
P2,0.36,0.78,208
P2,-0.18,1.29,551
P2,-0.24,1.24,414
P2,-0.13,0.58,1382
P2,0.14,1.03,895
P2,0.14,1.04,821
P2,0.41,1.18,17
P2,0.39,1.18,6
P2,-0.08,0.92,773
P2,-0.17,0.79,1116
P2,0.11,0.36,2792
P2,0.11,0.37,20273
P2,0.12,0.38,2539
P2,0.26,0.93,572
P2,0.26,0.94,571
P2,0.27,0.93,304
P2,0.28,0.93,266
P2,0.06,1.32,215
P2,0.07,1.32,255
P2,0.07,1.33,78
P2,0.08,1.32,142
P2,0.13,1.12,469
P2,0.13,1.13,630
P2,0.12,1.13,284
P2,0.12,1.12,607
P2,0.40,1.39,3
P2,0.22,1.00,595
P2,0.17,0.92,2058
P2,0.25,0.87,600
P2,0.26,0.87,737
P2,0.25,0.94,567
P2,0.25,0.93,556
P2,0.26,0.88,625
P2,0.27,0.88,518
P2,-0.18,0.53,335
P2,0.11,0.33,39517
P2,0.19,0.91,3169
P2,0.29,0.95,323
P2,0.30,0.95,598
P2,0.30,0.96,577
P2,0.31,0.95,518
P2,-0.23,1.30,207
P2,-0.22,1.31,307
P2,0.11,1.04,882
P2,-0.07,0.99,553
P2,-0.14,0.67,1079
P2,-0.14,0.68,805
P2,-0.15,0.68,722
P2,-0.15,0.67,849
P2,-0.16,0.67,768
P2,0.07,0.65,14817
P2,0.41,0.76,143
P2,0.11,0.96,1743
P2,0.11,0.97,1459
P2,0.10,0.97,1189
P2,0.10,0.96,1430
P2,-0.15,1.08,421
P2,-0.14,1.08,444
P2,-0.14,1.07,638
P2,0.43,1.07,4
P2,-0.10,0.49,1709
P2,-0.15,0.64,1044
P2,-0.11,0.70,2442
P2,-0.11,0.69,2226
P2,0.03,0.92,1439
P2,-0.02,0.99,664
P2,-0.01,1.04,265
P2,-0.01,1.05,202
P2,-0.02,1.05,148
P2,-0.02,1.04,424
P2,-0.16,0.68,632
P2,-0.04,1.22,84
P2,-0.04,1.23,201
P2,-0.05,1.22,128
P2,-0.19,0.30,328
P2,0.09,0.96,1540
P2,-0.16,0.90,893
P2,-0.10,1.27,101
P2,-0.11,1.27,325
P2,0.08,1.21,255
P2,0.09,1.21,451
P2,0.10,1.21,367
P2,0.38,0.87,389
P2,0.38,0.88,292
P2,0.39,0.88,338
P2,0.39,0.87,404
P2,0.40,0.87,377
P2,-0.12,0.67,1325
P2,-0.13,0.67,1470
P2,-0.24,1.15,678
P2,-0.23,1.15,716
P2,-0.12,1.25,174
P2,-0.13,1.25,372
P2,-0.14,1.25,414
P2,-0.14,1.24,373
P2,-0.09,0.81,1750
P2,-0.10,0.81,1332
P2,-0.11,0.62,1539
P2,-0.14,0.85,704
P2,-0.15,0.84,612
P2,0.22,1.01,577
P2,0.22,1.02,513
P2,0.23,1.01,453
P2,-0.03,0.70,2316
P2,-0.14,0.66,1128
P2,0.11,0.94,2091
P2,0.11,0.95,1223
P2,0.02,0.98,604
P2,0.03,0.99,890
P2,0.15,0.81,863
P2,0.10,1.11,600
P2,0.11,1.11,489
P2,0.04,1.36,153
P2,0.04,1.37,172
P2,0.03,1.37,294
P2,0.03,1.36,202
P2,-0.02,0.93,804
P2,-0.09,0.75,2258
P2,-0.09,0.74,1399
P2,-0.23,0.26,377
P2,-0.22,0.26,857
P2,0.11,0.88,2061
P2,0.07,0.69,919
P2,0.06,0.69,2958
P2,0.05,0.69,17601
P2,0.23,1.36,97
P2,0.23,1.37,103
P2,0.24,1.37,85
P2,0.25,1.37,43
P2,0.25,1.36,64
P2,0.13,1.08,848
P2,0.14,1.08,704
P2,0.14,0.94,1676
P2,0.00,1.10,176
P2,0.01,1.10,339
P2,0.01,1.11,425
P2,-0.12,0.87,690
P2,-0.12,0.88,454
P2,-0.13,0.88,609
P2,-0.12,0.57,1701
P2,0.11,0.91,3262
P2,0.11,0.92,2074
P2,0.10,0.91,2650
P2,0.14,0.58,26091
P2,-0.07,1.25,343
P2,-0.23,0.88,1270
P2,-0.16,1.06,449
P2,0.18,0.92,1845
P2,0.04,0.58,2394
P2,-0.21,0.59,1882
P2,-0.15,0.57,1060
P2,-0.16,0.57,1023
P2,-0.17,1.31,707
P2,0.43,1.14,3
P2,0.42,1.14,49
P2,-0.15,0.80,754
P2,-0.21,1.04,1307
P2,0.09,0.97,1547
P2,0.34,0.74,205
P2,0.36,0.74,188
P2,-0.12,0.80,1024
P2,-0.11,0.81,1102
P2,-0.11,0.82,998
P2,-0.12,0.82,862
P2,0.02,1.05,493
P2,0.02,1.06,487
P2,-0.18,1.38,696
P2,-0.18,1.08,751
P2,-0.17,0.53,515
P2,-0.03,1.05,303
P2,-0.19,1.15,665
P2,-0.20,1.10,713
P2,-0.21,1.11,695
P2,-0.21,1.12,650
P2,-0.20,1.12,628
P2,0.03,0.61,6896
P2,0.03,0.69,22215
P2,-0.08,0.46,3903
P2,0.15,0.29,5220
P2,0.16,0.29,959
P2,0.16,0.28,953
P2,0.01,1.22,281
P2,0.01,1.23,280
P2,0.02,1.23,300
P2,0.02,1.22,256
P2,-0.05,0.74,1898
P2,-0.24,1.01,482
P2,-0.24,1.00,550
P2,-0.23,1.00,643
P2,-0.10,0.75,1796
P2,-0.11,0.75,1166
P2,-0.09,1.32,283
P2,-0.22,1.09,774
P2,-0.09,0.82,1223
P2,-0.10,0.82,1069
P2,-0.17,1.08,643
P2,-0.16,1.08,492
P2,0.19,0.58,158
P2,-0.21,1.39,78
P2,-0.21,1.38,491
P2,-0.22,1.37,480
P2,-0.21,1.37,227
P2,-0.19,0.64,894
P2,-0.18,0.64,874
P2,0.13,0.90,10710
P2,0.14,0.64,2413
P2,0.05,1.38,186
P2,0.05,1.39,34
P2,0.16,1.04,787
P2,0.17,1.05,592
P2,-0.08,0.87,787
P2,-0.08,0.88,832
P2,-0.09,0.88,934
P2,-0.09,0.87,804
P2,0.15,0.87,5102
P2,0.19,1.09,532
P2,0.20,1.09,772
P2,0.21,1.09,501
P2,-0.17,1.37,260
P2,-0.16,1.37,308
P2,-0.15,1.37,419
P2,0.18,0.65,492
P2,0.41,1.29,50
P2,-0.16,0.63,793
P2,-0.10,1.24,279
P2,-0.12,1.24,211
P2,0.14,0.84,1854
P2,0.13,1.14,427
P2,0.13,1.15,178
P2,0.14,1.15,291
P2,-0.08,1.01,559
P2,0.06,0.39,4460
P2,-0.12,0.76,2969
P2,-0.13,0.77,1128
P2,-0.14,0.77,962
P2,-0.14,0.76,908
P2,0.33,0.74,20
P2,-0.22,1.00,676
P2,-0.18,0.66,665
P2,-0.17,0.66,702
P2,-0.12,1.32,395
P2,0.12,0.26,2276
P2,-0.01,1.08,195
P2,-0.15,0.70,1512
P2,-0.17,0.70,993
P2,-0.12,0.83,913
P2,0.10,0.60,7260
P2,0.11,0.60,9562
P2,0.11,0.59,8611
P2,-0.13,0.78,791
P2,-0.11,1.14,207
P2,-0.12,1.14,249
P2,-0.13,1.14,217
P2,0.15,0.25,931
P2,-0.07,1.16,293
P2,-0.08,1.16,270
P2,-0.08,1.15,213
P2,0.18,1.08,640
P2,0.19,1.08,483
P2,0.34,0.73,9
P2,0.02,0.89,2139
P2,0.16,0.65,2401
P2,0.18,1.14,446
P2,-0.24,0.91,978
P2,0.06,0.96,1348
P2,0.05,0.96,1397
P2,-0.08,1.32,357
P2,-0.08,1.33,162
P2,0.25,0.84,705
P2,0.11,1.00,1092
P2,-0.12,1.31,455
P2,0.37,0.77,285
P2,-0.21,0.40,18
P2,-0.20,0.40,161
P2,-0.20,0.41,34
P2,-0.08,0.93,558
P2,-0.09,0.93,561
P2,-0.09,0.94,511
P2,-0.12,0.58,1516
P2,-0.15,1.23,292
P2,-0.14,1.23,344
P2,-0.18,1.18,845
P2,0.35,0.72,46
P2,0.36,0.72,53
P2,0.37,0.72,40
P2,-0.11,1.37,149
P2,-0.10,1.37,153
P2,-0.12,0.62,1148
P2,-0.03,0.55,3626
P2,-0.15,0.69,867
P2,-0.16,0.69,943
P2,-0.05,0.84,1894
P2,0.27,0.61,62
P2,0.27,0.60,1994
P2,-0.16,1.35,308
P2,-0.11,1.09,339
P2,-0.12,1.09,449
P2,-0.16,0.56,527
P2,-0.11,0.71,1771
P2,0.20,0.69,89
P2,0.20,0.68,32
P2,0.20,0.67,34
P2,0.11,0.49,1515
P2,0.11,0.50,1574
P2,0.12,0.50,1526
P2,0.12,0.49,1345
P2,-0.17,0.54,609
P2,-0.18,0.54,452
P2,-0.05,0.89,601
P2,-0.08,0.57,1555
P2,-0.06,0.87,971
P2,-0.07,0.87,715
P2,-0.11,0.95,365
P2,-0.09,1.28,188
P2,-0.09,1.29,251
P2,-0.08,1.29,53
P2,-0.08,1.28,265
P2,0.08,1.14,334
P2,0.09,1.14,380
P2,0.09,1.15,206
P2,0.10,1.14,531
P2,-0.14,1.15,419
P2,0.32,0.80,574
P2,0.18,1.13,543
P2,0.00,1.17,318
P2,0.01,1.17,233
P2,0.01,1.18,262
P2,0.08,0.58,2127
P2,-0.16,0.65,823
P2,-0.16,0.66,575
P2,-0.15,0.62,1058
P2,-0.16,0.62,725
P2,0.09,1.01,940
P2,0.08,1.02,771
P2,0.08,1.01,1160
P2,-0.20,0.49,374
P2,-0.21,0.37,132
P2,-0.20,1.29,403
P2,0.29,0.86,710
P2,0.16,1.02,758
P2,0.20,0.87,2741
P2,-0.15,1.35,268
P2,-0.14,1.35,173
P2,0.05,1.36,209
P2,0.04,1.35,151
P2,-0.06,0.71,1836
P2,0.10,1.07,598
P2,0.11,1.07,559
P2,-0.15,0.92,666
P2,0.19,0.94,1297
P2,-0.23,0.35,341
P2,0.02,1.39,23
P2,0.02,1.38,253
P2,0.01,1.06,416
P2,-0.07,0.92,644
P2,-0.22,0.35,83
P2,-0.22,0.36,40
P2,-0.21,0.36,420
P2,-0.20,0.35,1119
P2,-0.05,1.10,151
P2,-0.13,1.36,286
P2,0.17,0.97,1447
P2,0.18,0.97,1102
P2,-0.16,1.19,367
P2,-0.17,1.19,700
P2,-0.19,0.92,1042
P2,-0.23,1.39,44
P2,-0.04,1.18,287
P2,-0.03,1.19,315
P2,0.43,0.81,50
P2,0.42,0.81,179
P2,0.42,0.82,97
P2,0.41,0.82,107
P2,0.41,0.81,246
P2,-0.08,0.42,3287
P2,0.08,0.65,3053
P2,0.09,0.65,1927
P2,-0.16,0.54,1009
P2,-0.19,1.05,1003
P2,-0.18,1.05,912
P2,-0.17,1.05,750
P2,0.10,0.44,2272
P2,-0.21,0.35,806
P2,-0.13,1.04,471
P2,-0.15,1.05,440
P2,-0.15,1.04,651
P2,0.20,0.97,874
P2,0.21,0.97,965
P2,-0.14,1.17,495
P2,-0.14,1.01,911
P2,-0.15,1.01,1011
P2,0.19,0.56,28
P2,-0.16,1.04,577
P2,-0.18,1.00,788
P2,-0.17,1.00,764
P2,-0.16,1.00,537
P2,0.13,1.09,241
P2,-0.11,0.98,409
P2,0.37,0.70,29
P2,0.38,0.70,24
P2,0.39,0.70,9
P2,0.35,0.80,673
P2,0.36,0.80,307
P2,0.37,0.79,395
P2,-0.17,0.63,703
P2,-0.07,0.76,3369
P2,-0.08,0.76,2656
P2,-0.08,0.49,2684
P2,-0.05,1.06,291
P2,0.23,1.00,608
P2,0.41,1.15,68
P2,-0.12,1.19,370
P2,0.19,0.86,6304
P2,0.43,0.72,27
P2,0.00,1.34,163
P2,0.00,1.33,288
P2,-0.06,0.86,900
P2,0.14,1.37,89
P2,0.14,1.38,243
P2,0.03,0.62,64656
P2,0.35,0.81,331
P2,0.36,0.81,290
P2,0.37,0.81,171
P2,0.37,0.80,247
P2,0.41,1.20,24
P2,0.40,1.20,10
P2,0.29,0.87,618
P2,-0.13,1.10,434
P2,-0.14,1.39,35
P2,-0.14,1.38,188
P2,0.13,0.50,1475
P2,0.14,0.50,882
P2,0.42,0.78,245
P2,0.38,0.82,255
P2,0.39,0.82,362
P2,0.13,1.29,216
P2,0.13,1.30,133
P2,0.20,1.07,505
P2,-0.13,0.70,1207
P2,-0.14,0.70,923
P2,-0.10,1.28,57
P2,-0.11,1.28,134
P2,0.21,0.64,4
P2,0.22,0.64,372
P2,0.41,1.32,46
P2,0.40,1.32,24
P2,0.00,0.60,2604
P2,0.23,1.19,204
P2,0.24,1.19,191
P2,-0.20,1.28,366
P2,-0.19,1.28,420
P2,0.09,1.07,552
P2,0.09,1.08,664
P2,0.07,0.99,999
P2,0.06,0.99,782
P2,0.26,0.86,619
P2,-0.11,1.30,271
P2,-0.03,1.09,298
P2,-0.02,1.10,311
P2,-0.02,1.09,245
P2,-0.10,0.94,467
P2,0.31,0.84,399
P2,-0.10,0.59,1310
P2,-0.18,1.12,717
P2,-0.22,1.39,48
P2,-0.22,1.38,512
P2,0.11,0.65,133453
P2,0.16,0.62,1168
P2,0.24,1.24,209
P2,0.26,1.25,63
P2,0.26,1.24,178
P2,0.16,1.18,342
P2,0.17,1.18,380
P2,0.17,1.17,393
P2,0.21,1.03,579
P2,0.25,0.89,1632
P2,-0.17,1.09,821
P2,-0.10,1.02,307
P2,0.42,0.64,44
P2,0.08,1.00,1052
P2,0.09,1.00,989
P2,0.10,1.00,1123
P2,-0.07,1.29,186
P2,-0.07,1.30,272
P2,0.36,0.83,293
P2,0.37,0.83,352
P2,0.38,0.83,377
P2,-0.19,1.26,446
P2,0.06,1.03,808
P2,-0.11,0.78,2300
P2,-0.03,0.54,3595
P2,-0.15,1.12,743
P2,-0.14,1.12,550
P2,0.27,1.12,81
P2,0.28,1.12,110
P2,-0.17,0.80,1136
P2,-0.15,0.94,452
P2,-0.07,1.02,356
P2,-0.17,0.62,581
P2,-0.07,0.89,664
P2,0.43,0.78,13
P2,0.41,1.26,23
P2,0.40,1.26,30
P2,0.42,1.25,59
P2,0.41,1.25,37
P2,0.40,1.25,11
P2,0.22,0.97,849
P2,0.23,0.97,465
P2,-0.17,1.10,437
P2,0.01,1.31,85
P2,0.02,1.32,248
P2,0.02,1.31,136
P2,0.07,1.00,1023
P2,0.12,1.29,144
P2,0.13,1.28,277
P2,-0.06,0.88,709
P2,-0.06,0.89,621
P2,-0.07,0.88,718
P2,0.43,1.16,7
P2,0.42,1.16,151
P2,-0.03,1.26,147
P2,-0.04,1.27,246
P2,0.20,0.98,716
P2,0.20,0.99,879
P2,0.21,0.99,743
P2,-0.09,1.33,114
P2,-0.16,0.44,996
P2,0.04,1.05,453
P2,0.14,1.12,347
P2,0.01,0.97,757
P2,0.01,0.96,731
P2,-0.15,1.13,537
P2,-0.24,0.32,521
P2,0.07,1.21,280
P2,0.06,1.22,300
P2,0.05,1.21,230
P2,-0.17,0.94,933
P2,0.35,0.99,245
P2,0.35,1.00,101
P2,0.36,1.00,105
P2,0.36,0.99,26
P2,-0.07,1.11,311
P2,-0.06,0.78,1517
P2,0.42,1.36,22
P2,0.41,1.36,30
P2,0.40,1.36,12
P2,0.40,1.35,11
P2,-0.16,0.29,174
P2,-0.06,0.57,2174
P2,0.20,0.65,1141
P2,0.18,0.60,450
P2,0.18,1.25,234
P2,0.19,1.25,330
P2,0.20,1.25,189
P2,-0.13,1.01,529
P2,-0.13,1.00,542
P2,-0.01,0.93,803
P2,0.16,1.21,303
P2,0.33,0.81,540
P2,0.34,0.81,578
P2,0.07,1.39,25
P2,0.08,1.16,206
P2,0.06,1.16,328
P2,-0.21,0.46,488
P2,0.18,0.91,3180
P2,0.03,0.90,1908
P2,-0.08,1.14,401
P2,-0.09,1.14,460
P2,-0.10,1.14,200
P2,-0.18,0.67,876
P2,-0.18,0.71,899
P2,-0.11,0.92,776
P2,-0.12,0.92,488
P2,-0.12,0.93,438
P2,0.05,1.06,277
P2,0.02,0.90,1535
P2,-0.02,1.13,229
P2,-0.02,1.14,200
P2,0.03,0.98,861
P2,0.23,0.25,39
P2,0.22,0.25,160
P2,-0.13,1.12,500
P2,-0.11,0.20,1457
P2,-0.04,1.08,371
P2,-0.15,1.38,480
P2,-0.15,1.39,49
P2,-0.17,1.20,384
P2,-0.24,0.92,898
P2,-0.15,0.51,971
P2,0.28,0.89,1662
P2,0.29,0.89,423
P2,0.00,1.29,231
P2,-0.24,1.02,803
P2,-0.01,1.24,239
P2,-0.24,1.16,571
P2,-0.24,1.17,517
P2,-0.23,1.16,552
P2,0.10,0.45,2092
P2,0.27,0.62,35
P2,-0.17,0.33,141
P2,0.43,1.29,2
P2,0.42,1.29,48
P2,0.03,1.11,448
P2,0.20,1.06,680
P2,0.21,1.06,235
P2,-0.16,0.60,827
P2,-0.17,0.60,570
P2,0.08,1.34,113
P2,0.09,1.34,135
P2,0.09,1.35,147
P2,0.10,1.34,204
P2,0.13,0.88,2297
P2,-0.11,0.89,477
P2,0.28,0.59,391
P2,0.14,0.72,35
P2,0.14,0.71,57
P2,-0.03,1.17,251
P2,0.13,0.95,1242
P2,-0.01,0.98,497
P2,-0.01,1.06,372
P2,0.11,0.45,1749
P2,-0.17,0.44,534
P2,-0.18,0.44,359
P2,-0.16,1.23,368
P2,-0.16,1.24,284
P2,-0.17,1.24,323
P2,0.35,0.70,5
P2,0.36,0.70,28
P2,0.37,0.69,14
P2,-0.24,0.28,111
P2,-0.15,1.18,642
P2,-0.14,1.18,496
P2,-0.07,0.66,2117
P2,-0.18,1.19,836
P2,0.11,0.72,5026
P2,0.13,0.61,9991
P2,-0.04,0.86,1166
P2,0.14,0.54,950
P2,-0.18,0.97,1029
P2,-0.17,0.50,843
P2,-0.18,0.50,674
P2,-0.01,0.64,3147
P2,-0.02,1.23,178
P2,0.13,1.27,289
P2,0.14,1.28,134
P2,0.15,1.28,335
P2,0.15,1.27,234
P2,-0.08,0.99,610
P2,-0.10,0.96,284
P2,-0.11,0.96,200
P2,-0.07,1.21,268
P2,-0.07,1.22,219
P2,0.19,0.29,619
P2,0.24,0.94,649
P2,0.43,0.83,6
P2,0.42,0.83,103
P2,0.41,0.83,120
P2,0.19,1.05,557
P2,0.19,1.06,638
P2,0.20,1.05,654
P2,0.00,1.39,30
P2,0.13,1.37,195
P2,0.15,1.37,122
P2,-0.07,1.35,91
P2,-0.07,1.34,27
P2,-0.16,0.49,879
P2,-0.17,0.49,642
P2,-0.18,0.49,385
P2,0.15,1.36,297
P2,0.16,1.37,146
P2,0.17,1.37,264
P2,0.17,1.36,132
P2,0.27,0.59,16
P2,0.13,1.35,89
P2,-0.01,0.85,3016
P2,0.03,1.23,430
P2,0.14,0.52,1049
P2,-0.18,0.34,91
P2,-0.02,0.76,2660
P2,0.01,1.13,238
P2,0.20,1.33,151
P2,0.21,1.33,175
P2,0.21,1.34,161
P2,0.22,1.33,83
P2,-0.01,1.36,144
P2,0.00,1.36,167
P2,-0.07,1.13,654
P2,-0.07,1.14,396
P2,0.40,0.73,44
P2,0.14,1.01,1072
P2,0.13,1.01,754
P2,0.12,1.01,937
P2,0.20,0.57,8
P2,-0.13,1.13,483
P2,-0.12,1.13,462
P2,-0.11,1.13,377
P2,0.04,1.27,182
P2,0.04,1.28,194
P2,0.05,1.28,109
P2,0.05,1.27,227
P2,-0.09,0.69,1124
P2,-0.17,0.52,649
P2,0.31,0.79,565
P2,-0.06,1.14,399
P2,0.14,1.21,408
P2,0.15,1.21,317
P2,-0.18,1.26,518
P2,0.11,0.68,16957
P2,0.15,1.01,873
P2,0.15,1.02,751
P2,0.14,1.02,888
P2,-0.19,1.19,727
P2,-0.20,1.19,829
P2,-0.12,0.48,1901
P2,0.03,1.31,217
P2,0.03,1.32,278
P2,-0.19,0.45,257
P2,-0.20,0.45,46
P2,0.40,1.00,7
P2,0.41,1.00,19
P2,0.41,1.01,24
P2,0.42,1.01,50
P2,0.42,1.00,53
P2,0.43,1.00,31
P2,0.28,0.58,342
P2,-0.01,1.28,239
P2,0.23,1.10,297
P2,0.24,1.10,248
P2,0.24,1.11,291
P2,0.25,1.10,200
P2,0.14,0.60,14773
P2,0.02,1.24,307
P2,0.25,0.95,466
P2,0.26,0.95,358
P2,0.26,0.96,371
P2,0.27,0.96,430
P2,0.27,0.95,420
P2,-0.03,1.30,213
P2,0.08,0.61,59039
P2,0.14,0.98,962
P2,0.14,0.97,1388
P2,0.22,0.86,6747
P2,0.10,0.67,7189
P2,-0.12,1.21,254
P2,-0.12,1.22,330
P2,0.08,1.22,324
P2,0.20,0.94,1275
P2,0.20,0.95,841
P2,0.21,0.95,1012
P2,-0.19,1.12,694
P2,-0.08,1.27,239
P2,0.28,1.25,50
P2,0.29,1.25,80
P2,-0.11,0.88,612
P2,0.03,1.33,262
P2,0.04,1.33,300
P2,0.04,1.32,353
P2,-0.10,1.15,283
P2,-0.10,1.16,295
P2,-0.21,1.27,301
P2,-0.20,1.26,563
P2,0.04,1.24,421
P2,0.03,1.24,378
P2,0.24,0.99,302
P2,0.24,0.98,349
P2,0.27,0.91,686
P2,0.28,0.91,345
P2,0.29,0.91,547
P2,0.22,1.09,385
P2,0.05,1.07,570
P2,0.05,1.08,601
P2,0.04,1.08,527
P2,0.03,1.07,465
P2,-0.17,0.31,50
P2,0.15,0.95,1578
P2,0.32,0.92,485
P2,0.32,0.93,634
P2,0.31,0.92,526
P2,0.10,0.73,90450
P2,-0.11,1.36,200
P2,-0.10,1.36,121
P2,0.12,1.39,9
P2,0.12,1.38,138
P2,0.14,1.39,37
P2,0.12,1.20,564
P2,0.12,1.21,511
P2,0.11,1.21,522
P2,0.21,0.57,4
P2,0.20,0.56,5
P2,0.40,0.80,95
P2,0.41,0.80,58
P2,0.42,0.80,123
P2,-0.02,0.88,1267
P2,-0.14,0.98,581
P2,-0.11,0.84,774
P2,-0.11,0.83,1050
P2,0.18,1.02,853
P2,0.19,1.03,668
P2,0.19,1.02,844
P2,0.05,1.16,317
P2,0.40,0.72,27
P2,0.39,0.72,48
P2,-0.15,1.24,356
P2,0.41,1.14,35
P2,-0.21,0.38,82
P2,-0.20,0.38,437
P2,-0.19,0.38,639
P2,0.19,0.69,23
P2,0.30,0.89,416
P2,0.31,1.30,7
P2,0.32,1.30,7
P2,0.28,0.88,486
P2,0.29,0.88,706
P2,-0.09,1.04,304
P2,0.10,1.17,316
P2,0.09,1.17,400
P2,0.08,1.17,239
P2,-0.23,1.27,533
P2,0.07,1.29,259
P2,0.24,0.62,249
P2,0.33,0.93,429
P2,0.34,0.93,322
P2,0.41,0.77,105
P2,0.25,0.99,444
P2,0.19,0.99,1087
P2,-0.13,0.74,2160
P2,-0.13,0.75,1843
P2,0.13,0.31,1503
P2,0.03,1.39,45
P2,0.03,1.38,228
P2,0.09,1.23,370
P2,0.27,1.19,53
P2,0.28,1.19,94
P2,0.29,1.19,99
P2,-0.24,1.36,381
P2,-0.23,1.36,305
P2,0.26,0.98,280
P2,0.26,0.99,443
P2,0.27,0.99,221
P2,0.27,0.98,179
P2,0.14,1.18,173
P2,0.14,1.19,169
P2,-0.09,1.08,401
P2,0.00,1.20,227
P2,0.25,1.19,158
P2,0.25,1.20,131
P2,0.26,1.20,197
P2,0.26,1.19,92
P2,0.19,1.37,161
P2,0.19,1.38,141
P2,0.20,1.38,167
P2,0.20,1.37,129
P2,-0.02,0.95,477
P2,-0.08,0.77,1449
P2,0.25,0.97,478
P2,0.25,0.98,479
P2,0.26,0.97,338
P2,0.26,1.15,184
P2,0.29,1.28,80
P2,0.30,1.28,10
P2,0.20,1.23,270
P2,0.21,1.24,232
P2,0.21,1.23,376
P2,0.22,1.23,278
P2,0.41,0.71,23
P2,-0.16,0.42,740
P2,0.21,1.18,180
P2,0.21,1.19,220
P2,0.22,1.19,201
P2,0.28,1.24,85
P2,0.29,1.24,78
P2,-0.18,1.15,621
P2,0.20,0.70,6106
P2,0.05,0.97,1139
P2,-0.04,1.13,271
P2,-0.05,1.14,227
P2,-0.05,1.13,227
P2,0.43,0.66,3
P2,0.42,0.66,35
P2,-0.20,0.39,146
P2,-0.18,0.38,678
P2,0.20,0.32,152840
P2,0.12,0.59,14192
P2,0.13,0.59,16391
P2,0.33,0.82,403
P2,0.19,0.97,867
P2,0.15,0.38,791
P2,0.43,0.80,30
P2,0.20,1.39,40
P2,0.29,0.61,1
P2,0.28,0.61,5
P2,0.28,0.60,3
P2,0.04,0.97,721
P2,0.12,1.17,403
P2,0.11,1.17,391
P2,0.11,1.18,263
P2,-0.11,0.94,486
P2,0.20,1.08,563
P2,0.21,1.08,489
P2,-0.17,1.21,516
P2,0.07,0.62,3940
P2,-0.09,1.37,71
P2,0.43,1.33,4
P2,0.42,1.33,69
P2,0.41,1.33,42
P2,-0.06,1.39,37
P2,-0.06,1.38,187
P2,-0.05,0.86,853
P2,-0.16,0.51,741
P2,0.19,1.07,482
P2,0.14,0.32,4058
P2,0.15,0.32,246805
P2,0.16,0.32,212676
P2,0.09,1.06,620
P2,0.24,1.18,269
P2,0.25,1.18,188
P2,0.31,0.75,20
P2,0.11,1.12,437
P2,-0.17,0.59,775
P2,0.43,0.67,1
P2,0.42,0.67,7
P2,-0.17,1.15,529
P2,0.33,0.72,125
P2,0.34,0.72,31
P2,-0.24,1.39,68
P2,-0.10,0.95,490
P2,0.39,0.66,17
P2,0.40,0.66,19
P2,0.41,0.66,1
P2,0.03,1.28,227
P2,0.10,1.13,424
P2,0.04,1.07,457
P2,0.14,1.30,121
P2,0.15,1.30,241
P2,0.16,1.30,151
P2,-0.17,1.30,343
P2,-0.16,1.30,349
P2,-0.09,1.12,327
P2,-0.09,1.13,464
P2,-0.12,1.04,338
P2,0.15,1.08,758
P2,0.16,1.08,681
P2,-0.14,0.74,1429
P2,-0.16,0.80,888
P2,0.07,1.27,149
P2,0.13,1.33,345
P2,0.15,1.33,210
P2,0.26,0.63,15
P2,-0.13,0.76,1298
P2,0.06,1.20,449
P2,0.06,1.21,354
P2,-0.17,0.81,1172
P2,0.13,0.58,19002
P2,0.02,0.95,755
P2,0.19,0.31,2497
P2,-0.03,1.02,579
P2,-0.03,1.03,550
P2,0.09,1.05,888
P2,0.01,0.98,593
P2,-0.03,1.23,212
P2,0.07,1.31,252
P2,0.08,1.31,194
P2,0.09,1.31,114
P2,0.19,0.73,139
P2,0.19,0.72,25
P2,0.19,0.71,37
P2,0.24,0.89,722
P2,0.10,1.39,6
P2,0.10,1.38,79
P2,-0.09,0.92,466
P2,-0.16,0.36,760
P2,0.36,0.71,26
P2,0.37,0.71,138
P2,-0.17,0.35,201
P2,-0.18,0.35,250
P2,0.06,1.14,410
P2,0.07,1.14,300
P2,0.07,1.13,400
P2,-0.01,1.29,296
P2,-0.02,1.29,128
P2,0.19,1.13,330
P2,0.11,1.30,201
P2,0.20,0.86,6825
P2,-0.08,1.00,450
P2,-0.09,0.95,656
P2,0.09,1.37,158
P2,0.10,1.37,103
P2,0.11,1.37,192
P2,0.11,1.36,113
P2,0.20,1.12,316
P2,0.20,1.13,336
P2,0.21,1.12,296
P2,0.06,1.18,337
P2,0.05,1.18,347
P2,0.04,1.18,377
P2,0.04,1.17,355
P2,-0.03,1.24,290
P2,-0.15,0.56,683
P2,-0.10,1.26,102
P2,0.01,1.05,349
P2,0.30,1.02,107
P2,0.31,1.02,188
P2,0.01,1.01,618
P2,-0.22,1.16,386
P2,-0.07,1.33,12
P2,-0.07,1.32,240
P2,0.38,0.69,29
P2,0.39,0.69,28
P2,0.30,0.94,316
P2,-0.12,0.20,179
P2,0.08,0.69,1429
P2,0.08,0.68,34512
P2,0.40,0.83,181
P2,0.39,0.83,231
P2,0.13,0.33,2072
P2,0.15,1.32,140
P2,0.16,1.33,194
P2,0.16,1.32,227
P2,0.17,1.32,85
P2,0.16,0.26,43
P2,0.24,0.32,5139
P2,0.43,0.87,56
P2,0.42,0.87,153
P2,0.41,0.87,223
P2,0.41,0.86,311
P2,0.09,1.24,298
P2,0.10,1.24,256
P2,0.11,1.24,392
P2,0.19,0.30,1284
P2,0.30,0.92,496
P2,-0.12,0.86,552
P2,0.17,0.31,498
P2,0.23,0.95,449
P2,-0.05,1.30,246
P2,-0.04,1.30,137
P2,-0.04,1.31,252
P2,0.42,1.22,54
P2,0.41,1.22,25
P2,0.26,1.03,260
P2,-0.07,1.12,458
P2,-0.08,1.13,460
P2,-0.08,1.12,489
P2,-0.07,1.24,237
P2,-0.08,1.25,215
P2,-0.08,1.24,138
P2,-0.09,1.24,259
P2,-0.01,1.20,218
P2,-0.04,1.32,81
P2,-0.03,1.32,240
P2,-0.03,1.31,231
P2,-0.04,1.09,316
P2,0.40,1.12,52
P2,-0.14,0.88,447
P2,0.24,0.87,707
P2,-0.09,1.15,321
P2,-0.09,1.16,260
P2,-0.12,1.36,183
P2,0.06,1.02,752
P2,-0.14,1.11,634
P2,0.33,0.83,195
P2,0.34,0.83,358
P2,0.35,0.83,466
P2,0.35,0.82,142
P2,-0.01,1.03,394
P2,-0.01,1.02,627
P2,-0.14,1.30,483
P2,-0.15,1.30,404
P2,0.01,0.99,661
P2,0.43,1.13,2
P2,0.42,1.13,30
P2,0.41,1.13,22
P2,0.18,1.07,515
P2,-0.16,1.21,266
P2,-0.08,1.21,115
P2,0.20,1.29,262
P2,0.20,1.30,141
P2,0.21,1.30,158
P2,0.21,1.29,155
P2,0.22,1.29,139
P2,-0.06,1.11,593
P2,-0.08,1.11,251
P2,0.41,0.89,73
P2,0.14,0.38,1704
P2,0.28,1.16,72
P2,0.29,1.16,85
P2,0.28,0.65,240
P2,0.27,0.65,2
P2,0.27,0.64,2
P2,0.26,0.64,2
P2,0.25,0.96,562
P2,-0.06,1.31,131
P2,0.04,1.16,267
P2,-0.21,1.32,636
P2,-0.11,0.93,643
P2,0.12,1.14,258
P2,0.02,1.33,123
P2,0.03,1.34,264
P2,0.00,1.07,304
P2,-0.10,1.13,412
P2,0.01,1.38,133
P2,0.43,1.19,4
P2,0.42,1.19,65
P2,0.41,1.19,27
P2,-0.21,1.29,309
P2,0.18,1.30,207
P2,0.19,1.30,317
P2,0.19,1.29,169
P2,-0.01,0.99,516
P2,-0.11,1.11,294
P2,-0.11,1.12,408
P2,-0.12,1.12,450
P2,-0.12,1.11,532
P2,0.22,0.68,15
P2,0.22,0.67,18
P2,0.08,1.20,441
P2,-0.13,1.28,261
P2,0.27,1.36,87
P2,0.28,1.36,58
P2,0.29,1.36,26
P2,-0.19,1.39,74
P2,0.14,0.93,2116
P2,0.18,1.19,392
P2,0.27,1.15,122
P2,0.28,1.15,73
P2,0.29,1.15,48
P2,-0.18,0.56,277
P2,-0.09,1.05,402
P2,-0.23,1.01,847
P2,0.42,0.98,113
P2,0.41,0.98,8
P2,0.00,1.02,614
P2,0.16,1.07,551
P2,0.09,1.38,355
P2,0.00,1.12,367
P2,0.01,1.12,414
P2,0.02,1.12,333
P2,-0.03,0.88,1506
P2,0.13,1.20,515
P2,0.13,1.21,301
P2,0.21,1.02,562
P2,0.22,1.24,291
P2,0.23,1.24,258
P2,0.24,0.92,732
P2,0.05,1.23,310
P2,0.05,1.24,428
P2,0.15,1.11,527
P2,0.15,1.12,461
P2,0.15,1.00,1230
P2,0.13,0.37,28424
P2,0.13,0.38,10912
P2,0.17,0.45,12226
P2,0.12,0.36,276924
P2,0.12,0.37,24773
P2,0.13,0.60,12210
P2,0.14,0.59,19801
P2,-0.07,1.27,147
P2,-0.07,1.28,165
P2,-0.09,1.25,296
P2,-0.10,1.25,152
P2,0.09,0.69,892
P2,0.15,0.47,9202
P2,0.18,0.32,2059
P2,0.18,0.31,259
P2,0.16,0.48,3641
P2,0.15,0.53,936
P2,0.10,0.35,2861
P2,0.11,0.34,4822
P2,-0.13,0.99,663
P2,0.15,0.46,8142
P2,0.13,0.21,101
P2,0.15,0.57,44728
P2,-0.16,1.33,587
P2,-0.16,1.22,392
P2,-0.17,1.22,427
P2,-0.18,1.22,458
P2,0.14,0.37,1894
P2,-0.08,1.30,339
P2,-0.08,1.31,194
P2,0.17,1.02,968
P2,-0.09,1.36,62
P2,0.19,0.28,334
P2,0.13,0.36,223721
P2,-0.19,0.66,852
P2,-0.16,1.29,326
P2,0.09,1.12,382
P2,0.08,1.12,512
P2,0.08,1.13,367
P2,0.02,1.17,313
P2,0.03,1.17,414
P2,0.05,1.14,489
P2,-0.15,1.22,209
P2,-0.17,0.67,549
P2,0.00,1.13,173
P2,0.00,1.14,211
P2,-0.01,1.14,239
P2,-0.01,1.13,328
P2,-0.21,0.47,668
P2,0.11,0.35,2063
P2,0.12,0.35,12338
P2,0.13,0.35,2317
P2,-0.22,1.24,334
P2,-0.11,0.91,565
P2,-0.09,1.23,199
P2,-0.13,0.98,400
P2,-0.12,0.98,538
P2,0.24,0.33,40744
P2,-0.02,1.02,438
P2,-0.16,0.84,867
P2,-0.12,0.75,1546
P2,0.16,1.01,1100
P2,0.12,0.46,1485
P2,0.06,1.11,697
P2,0.30,0.87,492
P2,0.10,0.70,422
P2,0.10,0.69,45891
P2,0.38,0.91,355
P2,0.39,0.91,154
P2,0.40,0.91,143
P2,0.02,1.18,480
P2,-0.01,0.95,710
P2,0.21,0.45,31212
P2,0.18,1.09,554
P2,0.18,1.10,624
P2,0.19,1.10,743
P2,0.22,0.45,22976
P2,0.10,1.18,244
P2,0.12,1.18,554
P2,-0.11,1.25,144
P2,-0.03,1.08,260
P2,-0.19,0.50,331
P2,0.40,0.81,145
P2,0.18,1.37,168
P2,0.25,1.04,223
P2,0.26,1.04,229
P2,-0.19,0.35,775
P2,0.09,0.75,968
P2,0.10,0.74,513
P2,0.11,0.69,142538
P2,-0.12,1.39,51
P2,0.23,1.15,271
P2,0.06,1.09,505
P2,0.07,1.09,625
P2,0.17,0.32,7963
P2,0.15,1.26,229
P2,0.16,1.26,182
P2,0.17,1.26,302
P2,0.10,0.36,2814
P2,0.08,0.67,72682
P2,0.09,1.32,203
P2,0.08,1.04,609
P2,0.08,1.05,663
P2,0.09,1.04,594
P2,-0.12,1.16,290
P2,0.43,0.93,20
P2,-0.02,1.34,150
P2,0.31,1.04,177
P2,0.32,1.04,131
P2,0.33,1.04,87
P2,-0.07,0.90,473
P2,-0.13,0.79,875
P2,0.15,0.28,5525
P2,0.43,1.30,6
P2,0.42,1.30,45
P2,0.09,0.70,195
P2,-0.18,0.59,567
P2,0.08,1.39,21
P2,-0.13,0.85,650
P2,0.17,0.39,2017
P2,0.03,1.18,481
P2,-0.15,0.66,645
P2,-0.03,1.27,129
P2,0.06,1.17,353
P2,0.05,1.17,273
P2,0.17,0.38,1398
P2,0.29,0.92,449
P2,0.30,1.09,74
P2,0.30,1.10,53
P2,0.31,1.10,22
P2,0.32,1.10,4
P2,0.32,1.09,42
P2,0.14,0.53,1299
P2,-0.01,1.39,14
P2,0.12,0.34,15208
P2,0.13,0.34,1832
P2,0.00,1.06,473
P2,0.00,1.04,466
P2,0.38,0.80,76
P2,0.39,0.80,115
P2,0.21,0.44,159551
P2,-0.09,1.34,142
P2,-0.10,1.34,122
P2,-0.10,1.33,175
P2,-0.11,1.33,121
P2,0.21,0.43,5871
P2,0.13,1.39,19
P2,0.14,0.99,1158
P2,0.14,1.00,1318
P2,0.28,1.10,128
P2,0.28,1.11,69
P2,0.29,1.11,121
P2,0.29,1.10,158
P2,-0.15,0.79,688
P2,-0.16,0.79,903
P2,0.12,1.08,559
P2,0.07,1.12,543
P2,0.08,1.18,336
P2,0.07,1.18,334
P2,0.04,1.06,342
P2,0.04,1.23,347
P2,0.19,0.32,134378
P2,0.24,0.88,440
P2,-0.02,1.03,485
P2,0.11,1.10,551
P2,0.33,1.06,71
P2,0.40,0.75,13
P2,-0.01,1.09,153
P2,-0.07,1.31,225
P2,0.00,1.31,153
P2,0.43,1.34,2
P2,0.42,1.34,40
P2,0.00,1.18,171
P2,0.00,1.19,261
P2,-0.16,0.64,628
P2,0.24,0.66,5
P2,0.24,0.65,9
P2,0.08,1.23,450
P2,0.17,1.06,562
P2,0.17,1.07,625
P2,0.05,1.19,412
P2,0.06,1.19,383
P2,0.19,1.17,411
P2,0.20,1.17,297
P2,0.43,0.99,5
P2,0.38,0.79,175
P2,0.05,1.32,348
P2,0.06,1.31,87
P2,0.05,1.34,255
P2,0.06,1.34,225
P2,0.06,1.33,178
P2,-0.19,1.36,486
P2,-0.14,0.79,870
P2,0.21,1.04,532
P2,0.21,1.05,569
P2,0.37,0.85,244
P2,0.38,0.85,195
P2,0.38,0.86,230
P2,0.39,0.86,290
P2,0.39,0.85,131
P2,-0.03,1.04,377
P2,0.05,1.37,65
P2,0.06,1.36,20
P2,0.14,0.51,1057
P2,0.24,1.17,101
P2,0.25,1.17,66
P2,0.26,1.18,87
P2,0.26,1.17,113
P2,0.04,1.26,225
P2,-0.08,1.04,339
P2,0.12,0.60,10607
P2,-0.19,0.47,382
P2,0.06,1.30,162
P2,0.07,1.30,200
P2,0.08,1.30,284
P2,0.25,1.11,297
P2,0.26,1.11,83
P2,0.26,1.10,218
P2,-0.20,0.47,171
P2,-0.11,1.21,325
P2,-0.11,1.20,312
P2,-0.22,1.25,494
P2,-0.17,0.64,596
P2,-0.12,1.20,266
P2,-0.13,1.21,272
P2,-0.13,1.20,337
P2,-0.17,0.56,394
P2,0.14,0.36,12802
P2,-0.07,1.39,6
P2,-0.07,1.38,100
P2,-0.06,1.25,208
P2,-0.06,1.26,78
P2,-0.05,1.26,280
P2,-0.05,1.25,288
P2,-0.14,1.34,205
P2,-0.22,1.29,425
P2,0.39,0.76,55
P2,-0.13,1.09,277
P2,0.09,0.67,34340
P2,-0.15,1.21,371
P2,0.20,1.32,100
P2,0.21,1.32,81
P2,0.16,1.06,461
P2,0.16,1.05,522
P2,0.19,1.28,289
P2,0.02,1.16,142
P2,0.00,1.30,101
P2,0.01,1.30,69
P2,0.27,1.01,89
P2,0.28,1.01,154
P2,-0.16,0.27,19
P2,-0.10,1.11,460
P2,-0.10,1.12,337
P2,0.24,1.09,211
P2,0.25,1.09,173
P2,0.26,1.09,92
P2,0.09,1.25,120
P2,0.25,0.64,8
P2,0.08,1.29,348
P2,-0.19,1.06,662
P2,0.24,0.97,487
P2,0.26,1.02,249
P2,0.28,1.28,70
P2,0.28,1.29,38
P2,-0.02,0.96,501
P2,0.13,1.10,609
P2,0.13,1.11,494
P2,0.22,1.08,293
P2,-0.18,0.46,630
P2,0.43,1.03,4
P2,-0.17,0.58,569
P2,-0.24,1.26,682
P2,-0.16,1.05,393
P2,0.13,1.16,351
P2,0.19,0.53,464
P2,0.40,1.22,9
P2,0.39,1.22,3
P2,0.30,0.88,1004
P2,-0.12,1.34,330
P2,-0.13,1.35,242
P2,-0.13,1.34,204
P2,0.43,1.08,2
P2,0.42,1.08,17
P2,-0.05,0.90,763
P2,-0.11,1.15,249
P2,0.07,1.20,501
P2,-0.18,0.33,160
P2,0.43,1.12,2
P2,0.42,1.11,35
P2,0.35,1.03,50
P2,0.35,1.04,73
P2,0.36,1.03,61
P2,0.27,1.09,113
P2,0.02,1.25,317
P2,0.23,0.45,5310
P2,0.23,1.11,323
P2,0.23,1.12,345
P2,0.24,1.12,276
P2,0.25,1.03,398
P2,0.43,0.64,3
P2,0.41,0.64,4
P2,0.20,1.04,613
P2,-0.17,1.36,227
P2,-0.18,1.36,326
P2,0.41,1.34,36
P2,0.38,0.72,47
P2,0.25,1.08,200
P2,0.26,1.08,163
P2,0.21,1.26,159
P2,0.22,1.26,148
P2,0.22,1.27,183
P2,-0.02,1.22,186
P2,0.40,0.86,242
P2,0.17,1.13,392
P2,0.17,1.14,385
P2,0.27,1.00,219
P2,0.28,1.00,142
P2,0.05,1.26,257
P2,0.06,1.26,413
P2,0.06,1.25,183
P2,0.31,0.85,612
P2,0.11,1.13,410
P2,0.28,0.99,194
P2,0.29,0.99,239
P2,0.30,0.99,365
P2,0.24,0.70,3
P2,0.24,0.69,1567
P2,0.23,0.69,1928
P2,0.07,1.26,327
P2,0.08,1.26,167
P2,0.08,1.25,235
P2,0.20,1.19,164
P2,0.20,1.20,236
P2,0.21,1.20,456
P2,0.43,1.01,7
P2,0.19,0.54,164
P2,0.40,1.07,19
P2,0.16,0.46,7462
P2,0.16,0.47,6180
P2,0.31,0.96,347
P2,0.30,1.16,71
P2,0.30,1.17,34
P2,0.31,1.17,41
P2,0.32,1.17,23
P2,0.32,1.16,15
P2,0.32,0.85,576
P2,0.33,0.85,757
P2,0.43,0.88,26
P2,0.31,1.23,21
P2,0.32,1.23,29
P2,0.15,1.10,630
P2,0.14,1.10,649
P2,0.25,1.38,94
P2,0.26,1.37,127
P2,0.03,1.12,363
P2,0.42,1.32,25
P2,0.19,1.20,213
P2,-0.11,0.99,577
P2,-0.12,0.99,396
P2,0.37,0.67,2
P2,0.38,0.67,19
P2,0.39,0.67,9
P2,-0.04,1.19,556
P2,0.12,1.19,384
P2,-0.01,1.12,232
P2,-0.02,1.12,200
P2,-0.05,1.39,30
P2,-0.05,1.38,152
P2,0.37,0.90,115
P2,0.37,0.91,384
P2,0.38,0.90,115
P2,0.23,0.91,1177
P2,-0.22,0.37,77
P2,0.09,1.18,286
P2,0.11,1.33,172
P2,0.19,0.60,140
P2,0.19,0.59,179
P2,0.15,1.13,373
P2,0.43,0.95,59
P2,0.42,0.95,163
P2,-0.15,1.29,319
P2,-0.14,1.29,289
P2,0.39,0.75,95
P2,0.20,1.31,142
P2,0.21,1.31,109
P2,0.22,1.31,98
P2,0.43,0.98,27
P2,-0.19,0.44,217
P2,-0.12,0.78,1360
P2,0.15,0.37,1001
P2,0.34,0.82,235
P2,0.43,0.68,3
P2,0.42,0.68,19
P2,0.31,1.03,140
P2,0.32,1.03,111
P2,-0.02,1.15,194
P2,0.16,1.20,312
P2,0.18,1.17,507
P2,0.41,1.05,42
P2,0.40,1.05,8
P2,-0.02,1.36,155
P2,-0.09,1.39,21
P2,-0.09,1.38,129
P2,0.26,1.05,296
P2,0.27,1.05,215
P2,-0.15,1.11,677
P2,0.29,0.63,1
P2,0.28,0.62,4
P2,0.25,0.88,416
P2,0.40,0.85,172
P2,0.16,1.10,862
P2,0.10,1.06,679
P2,0.14,0.33,1174
P2,0.39,1.36,21
P2,0.38,1.36,16
P2,0.12,1.24,441
P2,0.11,1.25,337
P2,0.21,1.16,210
P2,0.21,1.17,209
P2,0.23,1.16,112
P2,0.43,1.31,1
P2,0.42,1.31,17
P2,0.43,0.96,45
P2,0.42,0.96,184
P2,-0.14,1.21,292
P2,0.12,1.30,199
P2,0.11,1.29,152
P2,0.08,1.06,655
P2,0.18,1.21,261
P2,-0.01,1.19,203
P2,0.11,1.16,298
P2,0.10,1.16,326
P2,0.25,1.21,218
P2,0.26,1.22,136
P2,0.26,1.21,116
P2,0.27,1.21,54
P2,0.20,1.03,678
P2,0.39,1.25,4
P2,-0.01,1.10,128
P2,-0.01,1.11,254
P2,0.43,1.25,3
P2,0.17,1.27,110
P2,0.18,1.27,123
P2,0.18,1.26,324
P2,0.22,1.20,266
P2,0.22,1.21,253
P2,0.23,1.20,141
P2,0.24,0.67,1
P2,0.19,0.61,91
P2,0.18,0.61,278
P2,0.07,1.22,165
P2,0.27,1.28,85
P2,0.20,1.10,405
P2,0.21,1.10,325
P2,0.30,1.13,62
P2,0.31,1.13,21
P2,0.32,1.13,17
P2,-0.23,0.33,108
P2,-0.11,0.76,1694
P2,0.02,1.11,446
P2,0.09,1.16,309
P2,0.10,1.15,403
P2,-0.11,1.34,133
P2,-0.11,1.35,218
P2,-0.05,1.31,185
P2,-0.06,1.30,142
P2,0.11,1.34,296
P2,0.11,1.35,233
P2,-0.14,1.00,604
P2,0.21,1.38,186
P2,0.21,1.39,26
P2,0.22,1.38,81
P2,0.38,1.38,4
P2,0.19,0.98,952
P2,0.10,1.12,621
P2,0.09,1.13,486
P2,0.22,1.16,130
P2,0.20,1.27,229
P2,0.20,1.28,289
P2,0.21,1.28,202
P2,0.21,1.27,263
P2,-0.06,1.18,253
P2,0.08,1.33,63
P2,-0.09,1.11,271
P2,-0.09,1.10,158
P2,0.24,1.20,149
P2,0.24,1.04,476
P2,0.20,1.02,633
P2,-0.08,1.34,35
P2,0.16,0.36,484192
P2,0.16,0.37,31137
P2,-0.05,1.32,156
P2,0.23,1.38,99
P2,0.23,1.39,17
P2,0.40,1.09,11
P2,0.40,1.10,45
P2,0.39,1.10,23
P2,0.39,1.09,13
P2,0.39,1.29,1
P2,0.38,1.29,18
P2,0.37,1.29,10
P2,0.02,1.37,319
P2,0.14,1.09,571
P2,-0.13,1.23,399
P2,-0.13,1.22,191
P2,0.21,1.11,456
P2,0.22,1.11,420
P2,0.22,1.10,223
P2,-0.05,0.98,356
P2,0.42,0.88,126
P2,0.41,0.88,273
P2,0.40,0.88,210
P2,-0.22,0.24,2
P2,0.24,1.07,466
P2,0.25,1.07,210
P2,0.26,1.07,203
P2,-0.12,1.33,162
P2,-0.21,0.25,158
P2,0.17,1.08,444
P2,0.17,1.09,381
P2,0.43,1.20,7
P2,-0.24,1.29,173
P2,-0.23,1.29,282
P2,0.26,0.89,3309
P2,0.27,0.90,497
P2,0.27,0.89,2776
P2,0.38,0.73,56
P2,0.36,0.94,329
P2,0.37,0.94,143
P2,0.38,0.94,85
P2,0.40,1.15,24
P2,0.32,0.84,311
P2,0.33,0.84,380
P2,0.39,1.28,17
P2,0.38,1.28,15
P2,0.41,0.95,119
P2,0.41,0.94,5
P2,-0.15,1.06,366
P2,0.24,0.91,784
P2,0.25,0.92,547
P2,0.19,0.70,9599
P2,0.43,1.04,12
P2,0.42,1.04,8
P2,0.40,0.89,97
P2,0.39,0.89,172
P2,0.39,0.90,216
P2,0.38,0.89,178
P2,0.05,1.29,115
P2,0.22,1.37,96
P2,0.40,1.33,64
P2,0.43,1.32,1
P2,0.01,1.33,172
P2,0.04,1.11,405
P2,0.14,1.31,325
P2,-0.17,0.51,595
P2,0.03,1.35,269
P2,0.04,1.34,200
P2,0.05,1.11,457
P2,0.03,1.16,330
P2,0.00,0.99,593
P2,0.17,1.25,100
P2,0.07,1.25,189
P2,0.04,1.14,309
P2,0.13,1.36,128
P2,0.14,1.36,207
P2,0.42,1.21,27
P2,0.41,1.21,26
P2,-0.08,1.35,95
P2,-0.08,1.36,148
P2,0.14,1.11,640
P2,0.04,1.21,168
P2,0.05,1.20,511
P2,0.35,0.86,216
P2,0.36,0.86,187
P2,0.36,0.87,202
P2,0.37,0.86,273
P2,0.04,1.30,254
P2,0.03,1.30,239
P2,0.00,1.11,393
P2,-0.02,1.27,117
P2,-0.18,0.36,280
P2,0.00,1.26,335
P2,-0.01,1.25,192
P2,0.05,1.15,353
P2,0.09,1.39,25
P2,0.13,1.17,459
P2,0.13,1.18,549
P2,0.19,0.52,1081
P2,0.21,0.58,2
P2,-0.06,0.90,987
P2,-0.11,1.16,300
P2,0.36,0.82,309
P2,0.37,0.82,257
P2,-0.06,1.36,229
P2,0.11,1.31,278
P2,0.10,1.31,108
P2,0.31,1.11,126
P2,0.31,1.12,46
P2,0.30,1.11,55
P2,-0.14,1.22,169
P2,-0.12,1.35,237
P2,0.42,1.02,78
P2,0.22,1.36,158
P2,0.24,1.36,91
P2,0.39,1.35,15
P2,0.40,0.82,293
P2,0.39,0.81,125
P2,0.16,1.00,998
P2,0.41,1.03,130
P2,0.27,0.97,170
P2,0.28,0.96,426
P2,0.41,0.75,50
P2,0.41,1.30,29
P2,0.13,1.19,289
P2,0.14,0.35,1032
P2,0.35,0.84,242
P2,0.36,0.84,309
P2,0.01,1.37,197
P2,0.18,0.36,8453
P2,0.18,0.37,484
P2,0.18,0.38,328
P2,0.18,0.49,13888
P2,0.18,0.50,18859
P2,0.15,0.36,18855
P2,0.17,0.47,6277
P2,0.19,0.33,18144
P2,-0.08,1.39,11
P2,-0.08,1.38,110
P2,0.38,0.71,69
P2,0.39,0.71,55
P2,0.05,1.33,305
P2,0.15,0.33,20434
P2,0.27,1.14,70
P2,-0.02,1.11,330
P2,0.17,0.37,1373
P2,0.17,0.36,31392
P2,-0.15,0.65,1060
P2,0.15,0.35,2397
P2,0.21,0.42,8685
P2,0.18,1.32,202
P2,0.19,1.33,88
P2,0.16,0.35,10182
P2,-0.03,1.39,36
P2,0.20,0.40,42076
P2,0.20,0.41,2038
P2,0.20,0.42,546
P2,0.20,0.43,2976
P2,0.19,1.04,461
P2,0.18,0.33,207
P2,0.22,1.32,96
P2,0.23,1.32,132
P2,0.24,1.32,134
P2,-0.07,0.77,1987
P2,0.29,0.90,381
P2,0.17,0.35,645
P2,0.15,0.34,3093
P2,0.16,0.34,7127
P2,0.16,0.33,12395
P2,0.17,0.33,597
P2,-0.09,1.30,301
P2,0.19,0.45,9003
P2,0.17,0.46,3352
P2,0.23,0.42,766
P2,0.22,0.43,451
P2,0.22,0.44,255
P2,-0.10,1.35,155
P2,-0.09,1.35,86
P2,0.35,0.95,234
P2,0.35,0.96,194
P2,-0.11,1.22,287
P2,0.19,0.37,28961
P2,0.19,0.38,7067
P2,0.19,0.39,9185
P2,0.38,1.24,4
P2,0.37,1.24,15
P2,0.18,0.71,44
P2,0.23,1.27,114
P2,0.24,1.27,112
P2,0.28,1.14,83
P2,0.24,0.68,522
P2,0.12,1.33,142
P2,0.42,0.86,331
P2,0.28,1.22,66
P2,0.29,1.22,96
P2,0.30,1.22,49
P2,0.24,1.05,425
P2,0.20,0.37,4036
P2,0.20,0.38,914
P2,0.20,0.39,941
P2,0.23,0.38,2054
P2,0.23,0.39,462
P2,0.22,0.40,95468
P2,0.22,0.41,52548
P2,0.22,0.42,2872
P2,0.20,0.45,39996
P2,0.27,1.04,194
P2,0.28,1.05,100
P2,-0.11,1.10,190
P2,0.18,0.47,10413
P2,0.18,0.48,12008
P2,0.27,1.25,35
P2,0.43,0.86,92
P2,0.31,0.99,193
P2,0.31,1.00,350
P2,0.32,0.99,259
P2,0.32,1.18,35
P2,0.33,1.18,11
P2,0.15,1.09,565
P2,0.15,1.07,694
P2,0.27,1.39,6
P2,0.27,1.38,14
P2,0.28,1.38,19
P2,-0.21,0.26,455
P2,0.19,1.27,108
P2,-0.15,1.00,371
P2,0.23,1.09,335
P2,0.41,1.23,5
P2,0.24,1.16,135
P2,0.25,1.28,125
P2,0.26,1.28,91
P2,0.41,0.96,74
P2,0.22,0.24,3129
P2,0.22,1.30,89
P2,0.39,1.33,15
P2,0.06,1.35,28
P2,0.05,1.35,63
P2,0.22,1.22,278
P2,0.24,1.22,253
P2,0.13,1.03,891
P2,0.43,1.05,1
P2,0.42,1.05,25
P2,0.14,0.34,899
P2,0.43,1.10,3
P2,0.42,1.10,30
P2,0.42,1.09,41
P2,0.14,1.16,214
P2,0.43,1.02,15
P2,0.43,1.22,3
P2,0.23,1.34,156
P2,0.24,1.34,125
P2,0.25,1.34,37
P2,-0.24,1.30,151
P2,0.43,1.26,3
P2,0.42,1.26,41
P2,0.07,0.68,675
P2,0.15,1.38,250
P2,0.14,1.20,212
P2,0.29,1.18,68
P2,0.40,1.14,1
P2,0.14,1.24,361
P2,0.20,1.11,369
P2,0.20,1.26,119
P2,0.21,1.25,126
P2,0.30,0.90,470
P2,0.31,0.90,367
P2,0.32,0.90,261
P2,0.17,1.16,319
P2,0.38,1.34,9
P2,0.37,1.34,5
P2,0.37,1.35,24
P2,0.36,1.34,16
P2,0.41,1.10,32
P2,0.19,1.21,159
P2,0.32,0.87,661
P2,0.28,1.03,180
P2,0.42,0.93,42
P2,0.42,0.92,72
P2,0.38,1.22,12
P2,0.37,1.22,29
P2,0.30,0.91,579
P2,0.25,1.12,223
P2,0.25,1.13,310
P2,0.26,1.12,181
P2,0.16,1.31,316
P2,0.22,1.12,244
P2,0.11,1.08,612
P2,0.10,1.08,559
P2,0.21,0.41,35685
P2,-0.13,1.08,264
P2,-0.03,1.25,141
P2,-0.17,0.30,30
P2,0.19,0.36,274708
P2,-0.06,0.77,2259
P2,0.43,1.38,1
P2,0.42,1.38,41
P2,-0.13,1.24,411
P2,0.27,1.06,106
P2,0.27,1.11,54
P2,0.13,1.06,766
P2,-0.18,0.32,33
P2,0.18,1.38,135
P2,0.41,1.39,12
P2,0.23,0.33,60228
P2,0.20,0.71,16
P2,0.41,0.90,166
P2,0.43,0.92,49
P2,0.39,0.73,28
P2,0.23,1.29,79
P2,0.24,1.29,92
P2,0.25,1.29,40
P2,0.15,1.24,268
P2,0.30,0.98,195
P2,0.21,0.59,6
P2,0.21,0.71,12
P2,0.33,0.95,337
P2,0.34,0.95,97
P2,0.42,0.85,184
P2,0.41,0.85,190
P2,0.31,1.22,47
P2,0.11,1.15,347
P2,-0.18,0.42,507
P2,-0.19,0.42,146
P2,0.13,1.31,209
P2,-0.06,1.35,103
P2,0.16,1.22,307
P2,0.16,1.23,290
P2,-0.10,1.22,172
P2,0.14,1.34,127
P2,0.14,1.35,135
P2,-0.19,0.46,346
P2,0.16,1.13,376
P2,0.04,1.29,179
P2,0.27,1.10,125
P2,0.08,1.11,806
P2,0.18,1.35,160
P2,0.18,1.36,100
P2,0.19,1.36,109
P2,0.19,1.35,96
P2,0.20,1.35,167
P2,-0.12,1.10,334
P2,0.12,1.22,376
P2,0.14,1.22,381
P2,0.29,0.93,262
P2,0.18,1.39,24
P2,0.43,0.63,1
P2,0.42,0.63,2
P2,0.43,0.62,1
P2,0.42,0.62,1
P2,0.28,1.21,72
P2,0.29,1.21,86
P2,0.30,1.21,23
P2,0.04,1.25,282
P2,0.03,1.25,329
P2,0.13,1.38,159
P2,0.41,0.84,153
P2,0.40,0.70,7
P2,0.41,0.70,23
P2,-0.03,1.36,117
P2,0.39,1.12,5
P2,0.20,1.18,250
P2,0.19,1.23,419
P2,-0.02,1.26,138
P2,0.12,1.16,178
P2,0.35,1.25,20
P2,0.36,1.25,18
P2,0.21,0.38,239
P2,0.21,0.39,1367
P2,0.21,0.40,148697
P2,0.20,0.60,40
P2,0.20,0.59,30
P2,0.15,1.35,132
P2,0.21,1.13,310
P2,0.22,1.13,180
P2,0.43,0.89,59
P2,0.28,1.39,1
P2,-0.20,0.43,75
P2,0.00,1.05,305
P2,0.14,1.27,233
P2,-0.04,1.37,161
P2,-0.04,1.38,145
P2,0.26,1.26,143
P2,0.27,1.26,100
P2,0.28,1.18,51
P2,0.16,1.15,347
P2,0.17,1.15,334
P2,0.21,0.33,684
P2,0.43,0.94,35
P2,0.42,0.94,42
P2,-0.18,0.30,4
P2,0.31,1.16,42
P2,0.26,1.34,62
P2,0.27,1.34,35
P2,0.22,1.34,121
P2,0.23,1.33,83
P2,0.27,1.02,279
P2,0.17,1.33,81
P2,0.17,1.34,260
P2,0.18,1.34,110
P2,0.18,1.33,73
P2,0.41,1.09,6
P2,-0.10,1.39,23
P2,-0.10,1.38,170
P2,0.28,1.02,141
P2,0.29,1.02,209
P2,0.30,1.01,90
P2,0.42,0.84,167
P2,0.40,0.84,129
P2,0.14,1.07,426
P2,0.40,0.74,22
P2,0.22,0.46,869
P2,0.05,1.30,181
P2,0.40,1.21,28
P2,0.39,1.21,22
P2,-0.05,1.27,143
P2,0.40,1.03,10
P2,0.40,0.71,18
P2,0.16,0.69,1054
P2,0.19,0.55,24
P2,0.19,1.24,365
P2,0.27,1.07,55
P2,0.19,1.26,152
P2,0.19,1.22,267
P2,0.20,1.22,210
P2,0.18,1.31,134
P2,0.22,0.33,242
P2,0.20,0.36,71574
P2,0.16,1.09,578
P2,0.19,0.49,12222
P2,0.22,0.38,10671
P2,0.22,0.39,4870
P2,0.19,0.35,5402
P2,0.21,0.37,665
P2,0.24,0.35,219
P2,0.20,0.54,18
P2,0.22,0.37,41975
P2,0.19,0.50,10005
P2,0.25,1.26,94
P2,0.21,0.46,1659
P2,0.28,0.90,255
P2,0.18,0.46,8739
P2,0.19,0.48,9923
P2,0.25,1.05,341
P2,0.21,1.22,304
P2,0.19,0.51,3033
P2,0.12,1.06,716
P2,0.02,1.36,193
P2,0.01,1.36,130
P2,0.16,0.70,21832
P2,0.23,1.13,138
P2,0.24,0.38,351
P2,0.24,0.39,32
P2,0.23,0.40,286
P2,0.23,0.41,10600
P2,0.17,1.28,252
P2,0.17,1.29,214
P2,0.40,1.34,27
P2,0.29,1.12,108
P2,0.23,0.43,52
P2,0.23,0.37,91467
P2,0.31,0.98,235
P2,0.32,0.98,197
P2,0.32,0.88,520
P2,0.32,0.89,261
P2,0.33,0.89,393
P2,0.33,0.88,342
P2,0.15,0.70,37044
P2,0.41,1.02,69
P2,0.40,1.02,9
P2,0.43,0.82,105
P2,0.05,1.25,184
P2,0.43,1.21,1
P2,0.29,1.03,111
P2,0.30,1.03,102
P2,0.33,1.17,18
P2,0.34,1.17,10
P2,0.31,0.87,655
P2,0.20,0.53,47
P2,0.23,0.44,49
P2,0.23,0.47,126
P2,0.19,1.34,80
P2,0.43,0.91,66
P2,0.42,0.91,109
P2,0.21,0.36,7792
P2,0.22,0.36,85576
P2,0.20,0.33,6844
P2,0.41,1.35,12
P2,0.17,1.39,24
P2,0.17,1.38,138
P2,0.07,1.19,294
P2,-0.19,0.49,236
P2,0.22,1.28,140
P2,0.23,1.28,183
P2,0.17,1.12,309
P2,0.42,1.06,4
P2,0.41,1.06,4
P2,0.24,0.34,1550
P2,0.09,1.36,116
P2,0.10,1.36,226
P2,0.18,1.16,328
P2,0.39,0.84,166
P2,0.08,1.36,169
P2,0.07,1.36,82
P2,0.27,1.18,25
P2,0.23,0.36,13420
P2,-0.06,1.17,97
P2,0.29,0.98,88
P2,0.32,1.21,63
P2,0.32,1.22,133
P2,0.12,1.23,309
P2,0.31,0.89,248
P2,0.31,0.88,565
P2,0.43,0.84,103
P2,0.27,0.52,128
P2,0.30,1.15,59
P2,0.31,1.15,33
P2,0.32,1.15,9
P2,0.27,1.08,93
P2,0.28,1.08,15
P2,0.41,0.93,37
P2,0.22,1.25,183
P2,0.21,0.54,3
P2,-0.06,1.34,39
P2,0.06,1.24,386
P2,0.07,1.24,371
P2,0.08,1.24,346
P2,-0.01,1.26,238
P2,0.43,1.09,2
P2,0.41,1.04,7
P2,0.38,0.84,154
P2,0.24,1.13,228
P2,0.43,1.36,1
P2,0.23,1.08,434
P2,0.28,0.63,2
P2,-0.10,1.10,291
P2,0.24,0.36,138
P2,0.12,1.36,257
P2,0.12,1.37,372
P2,0.22,0.58,1
P2,0.24,1.08,246
P2,0.40,1.16,16
P2,0.39,1.16,11
P2,0.17,0.34,585
P2,0.16,1.27,160
P2,0.16,1.28,294
P2,0.40,1.01,34
P2,0.26,1.35,51
P2,0.27,1.35,67
P2,0.28,1.35,39
P2,-0.06,1.27,145
P2,0.16,1.24,191
P2,0.19,0.47,5905
P2,0.17,1.11,443
P2,0.20,1.24,348
P2,0.27,0.42,13
P2,0.27,0.43,14
P2,0.27,0.44,15
P2,0.27,0.45,20
P2,0.27,0.46,19
P2,0.27,0.47,22
P2,0.27,0.48,25
P2,0.27,0.49,27
P2,0.27,0.50,476
P2,0.27,0.51,120
P2,0.12,1.03,809
P2,0.13,1.25,310
P2,0.13,1.26,280
P2,0.29,1.00,201
P2,0.28,1.26,29
P2,0.27,1.20,239
P2,0.04,1.13,293
P2,-0.09,1.22,137
P2,0.29,0.59,1
P2,-0.10,1.29,93
P2,0.39,1.00,11
P2,0.39,1.01,12
P2,0.24,1.35,32
P2,0.15,0.24,1790
P2,0.26,1.01,211
P2,0.38,0.81,254
P2,0.28,0.95,169
P2,0.19,0.46,1245
P2,0.15,1.39,24
P2,-0.15,0.24,6
P2,0.20,0.46,7147
P2,0.26,1.36,69
P2,0.27,1.37,91
P2,0.39,1.15,7
P2,0.39,1.14,3
P2,0.18,1.15,331
P2,-0.19,0.29,99
P2,0.25,1.16,64
P2,-0.06,1.37,26
P2,0.39,1.31,8
P2,0.39,1.32,4
P2,0.30,0.93,338
P2,0.31,0.93,347
P2,0.32,1.00,234
P2,0.33,0.98,201
P2,0.34,0.98,130
P2,0.25,1.24,158
P2,0.24,0.45,6
P2,0.25,1.27,142
P2,0.26,1.27,113
P2,0.24,1.28,192
P2,0.15,1.19,221
P2,0.07,1.35,142
P2,0.20,0.51,194
P2,0.20,0.49,466
P2,0.24,0.42,1190
P2,0.24,0.37,4213
P2,0.20,0.47,3442
P2,0.23,0.35,2880
P2,0.20,0.52,101
P2,0.20,0.48,1081
P2,0.17,1.10,575
P2,0.14,1.17,198
P2,0.24,0.40,19
P2,0.20,0.50,286
P2,0.40,1.29,32
P2,-0.18,0.31,40
P2,0.15,0.71,57
P2,0.31,1.21,29
P2,0.33,1.21,55
P2,0.41,0.97,21
P2,0.40,0.97,73
P2,0.39,0.97,131
P2,0.39,0.96,140
P2,0.23,0.34,9321
P2,0.24,0.41,1922
P2,0.21,1.35,158
P2,0.22,1.35,116
P2,0.35,0.89,370
P2,0.36,0.89,242
P2,0.36,0.90,270
P2,0.43,1.35,1
P2,0.42,1.35,2
P2,0.24,0.44,4
P2,0.15,1.18,58
P2,0.40,1.27,7
P2,0.32,1.05,84
P2,0.32,1.06,106
P2,0.27,1.03,110
P2,0.22,0.34,127
P2,0.21,0.34,288
P2,0.21,0.35,241
P2,0.20,0.34,1637
P2,0.24,0.43,1
P2,0.29,1.14,38
P2,0.36,1.29,12
P2,0.31,1.26,57
P2,0.31,1.27,31
P2,0.32,1.27,48
P2,0.33,1.27,24
P2,0.33,1.26,4
P2,0.39,1.34,11
P2,0.18,0.35,127
P2,0.24,0.48,6
P2,0.27,1.27,74
P2,0.28,1.27,56
P2,0.41,1.24,12
P2,0.40,1.24,2
P2,0.20,1.36,108
P2,0.22,0.35,460
P2,0.20,0.35,1682
P2,0.14,0.22,6
P2,0.37,0.98,198
P2,0.37,0.99,36
P2,0.38,0.99,47
P2,0.38,0.98,204
P2,0.41,1.28,6
P2,0.27,1.16,33
P2,0.21,0.51,22
P2,0.20,1.21,306
P2,0.21,1.21,299
P2,0.40,1.13,15
P2,0.29,1.05,69
P2,0.30,1.05,86
P2,0.31,1.05,56
P2,0.39,0.74,26
P2,0.29,1.32,4
P2,0.29,1.33,19
P2,0.30,1.33,31
P2,0.31,1.33,8
P2,0.31,1.32,25
P2,0.33,1.24,31
P2,0.34,1.24,17
P2,0.16,0.27,984
P2,0.31,0.94,258
P2,0.12,1.31,101
P2,0.19,0.34,3854
P2,0.16,1.14,304
P2,0.27,0.39,5
P2,0.27,0.40,4
P2,0.27,0.41,5
P2,0.42,1.39,10
P2,0.39,0.79,47
P2,0.15,1.20,221
P2,0.30,0.74,7
P2,0.31,0.74,11
P2,0.32,0.94,254
P2,0.32,0.95,294
P2,0.02,1.30,141
P2,0.34,0.84,477
P2,0.06,1.37,86
P2,0.29,1.07,55
P2,0.29,1.08,81
P2,0.30,1.08,193
P2,0.31,1.08,200
P2,0.31,1.07,100
P2,0.36,1.01,36
P2,0.35,1.01,46
P2,0.34,1.01,40
P2,0.37,0.95,62
P2,0.36,0.95,86
P2,0.26,1.38,73
P2,0.26,1.39,13
P2,0.29,0.96,261
P2,0.34,0.88,324
P2,0.35,0.88,269
P2,0.36,0.88,417
P2,0.34,0.85,324
P2,0.23,0.71,1
P2,0.23,0.70,2
P2,0.30,1.00,209
P2,0.32,1.07,105
P2,0.33,1.07,28
P2,0.15,0.64,891
P2,0.15,0.63,1694
P2,0.15,0.72,30
P2,0.14,0.77,133
P2,0.14,0.76,19
P2,0.14,0.75,21
P2,0.14,0.74,12932
P2,0.14,0.73,476
P2,0.16,0.64,388
P2,0.16,0.63,630
P2,0.19,0.27,163
P2,0.17,0.63,278
P2,0.17,0.62,475
P2,-0.04,1.04,279
P2,0.33,0.86,460
P2,0.34,0.86,322
P2,0.17,1.30,150
P2,0.11,1.14,190
P2,0.47,0.77,21
P2,0.46,0.77,236
P2,0.13,0.77,383
P2,0.13,0.76,18
P2,0.21,0.70,6314
P2,0.16,0.71,30
P2,0.20,0.62,31
P2,0.20,0.61,38
P2,0.10,0.76,2473
P2,0.13,0.73,1330
P2,0.47,1.29,3
P2,0.46,1.29,42
P2,0.46,1.28,6
P2,0.31,0.91,406
P2,0.32,0.91,252
P2,0.13,0.75,35
P2,0.13,0.74,18886
P2,0.47,1.08,1
P2,0.46,1.08,15
P2,0.26,1.16,40
P2,0.47,1.18,1
P2,0.46,1.18,34
P2,0.30,1.34,3
P2,0.30,1.35,12
P2,0.31,1.35,34
P2,0.32,1.35,17
P2,0.32,1.34,5
P2,0.18,0.74,4692
P2,0.18,0.73,21
P2,0.18,0.72,25
P2,0.34,0.87,351
P2,0.35,0.87,246
P2,0.47,1.09,1
P2,0.46,1.09,16
P2,0.20,0.73,10
P2,0.20,0.72,9
P2,0.02,1.34,83
P2,0.01,1.34,69
P2,0.01,1.35,132
P2,0.28,0.98,250
P2,0.28,0.97,195
P2,0.35,0.94,218
P2,0.28,1.07,40
P2,0.33,0.87,387
P2,0.35,0.85,369
P2,0.36,0.85,437
P2,0.23,0.74,93
P2,0.22,0.74,2242
P2,0.22,0.73,130
P2,0.22,0.72,8
P2,0.22,0.71,8
P2,0.14,1.25,74
P2,0.15,1.25,222
P2,0.17,0.64,157
P2,0.12,1.27,60
P2,0.47,1.26,4
P2,0.46,1.26,2
P2,0.46,0.73,39
P2,0.47,0.69,3
P2,0.46,0.69,34
P2,0.25,1.31,130
P2,0.26,1.31,117
P2,0.27,1.31,111
P2,-0.05,1.34,71
P2,0.26,0.67,893
P2,-0.12,1.28,63
P2,-0.02,1.35,54
P2,0.47,0.94,21
P2,0.46,0.94,31
P2,0.46,0.95,56
P2,0.45,0.95,37
P2,0.45,0.94,46
P2,0.37,0.88,338
P2,0.37,0.87,273
P2,0.18,0.62,174
P2,0.37,0.84,257
P2,-0.03,1.35,127
P2,-0.04,1.35,90
P2,0.47,0.85,20
P2,0.46,0.85,36
P2,0.46,0.86,29
P2,0.45,0.86,54
P2,0.45,0.85,72
P2,0.27,1.24,80
P2,0.30,1.25,56
P2,0.31,1.25,22
P2,0.47,0.81,7
P2,0.46,0.81,121
P2,0.46,0.80,110
P2,0.47,0.83,32
P2,0.46,0.83,162
P2,0.28,1.37,4
P2,0.29,1.38,13
P2,0.29,1.37,18
P2,0.19,0.63,54
P2,0.19,0.62,74
P2,0.27,0.67,476
P2,0.37,1.01,71
P2,0.37,1.02,69
P2,0.47,0.72,8
P2,0.46,0.72,62
P2,-0.05,1.36,23
P2,-0.05,1.37,135
P2,0.46,1.37,26
P2,0.45,1.37,5
P2,-0.05,1.18,147
P2,-0.03,1.22,169
P2,0.24,1.33,97
P2,0.25,1.33,103
P2,0.26,1.33,60
P2,0.18,0.64,71
P2,0.18,0.63,110
P2,-0.04,1.39,54
P2,0.27,0.70,7
P2,0.26,0.69,8
P2,0.26,0.68,587
P2,0.46,0.74,166
P2,0.46,0.76,292
P2,0.45,0.76,87
P2,0.44,0.76,41
P2,0.25,0.72,1
P2,0.25,0.71,2
P2,0.25,0.70,5
P2,0.33,0.92,423
P2,0.34,0.92,267
P2,0.34,1.02,109
P2,0.34,1.03,35
P2,0.33,1.03,80
P2,0.32,1.02,119
P2,0.26,1.30,77
P2,0.27,1.30,53
P2,0.28,1.30,13
P2,0.45,0.72,23
P2,0.45,0.71,22
P2,0.17,1.31,70
P2,0.27,1.13,110
P2,0.28,1.13,127
P2,0.47,0.74,24
P2,0.47,0.76,15
P2,0.45,0.75,47
P2,0.29,1.06,57
P2,0.30,1.06,168
P2,0.31,1.06,67
P2,0.20,0.74,3234
P2,0.10,1.35,228
P2,0.39,1.06,15
P2,0.45,0.89,24
P2,0.44,0.89,58
P2,0.14,1.26,192
P2,0.46,0.71,50
P2,0.44,0.71,2
P2,0.45,1.29,2
P2,0.33,0.90,273
P2,0.34,0.90,248
P2,0.34,0.89,354
P2,0.30,1.23,37
P2,0.31,1.24,13
P2,0.32,1.24,9
P2,0.21,0.69,243
P2,0.45,0.99,4
P2,0.45,1.00,47
P2,0.46,1.00,50
P2,0.46,0.99,22
P2,0.47,0.99,2
P2,0.28,0.66,330
P2,0.29,0.64,322
P2,0.29,0.65,408
P2,0.47,0.87,35
P2,0.46,0.87,69
P2,0.45,0.87,22
P2,0.15,1.31,222
P2,0.00,1.35,168
P2,0.46,0.92,72
P2,0.12,1.35,148
P2,0.45,0.74,35
P2,0.21,0.73,8
P2,0.21,0.72,7
P2,0.43,0.85,155
P2,0.12,0.77,337
P2,0.12,0.76,137
P2,0.12,0.75,27
P2,0.47,0.82,6
P2,0.46,0.82,110
P2,0.45,0.82,133
P2,0.21,0.60,7
P2,0.11,0.76,123
P2,0.47,0.73,8
P2,0.47,0.78,12
P2,0.46,0.78,163
P2,0.19,0.64,36
P2,0.46,0.97,16
P2,0.22,0.62,2
P2,0.21,0.61,8
P2,0.46,0.75,200
P2,0.44,0.75,39
P2,0.30,1.20,24
P2,0.31,1.20,5
P2,0.28,1.23,119
P2,0.29,1.23,55
P2,0.47,0.75,15
P2,0.23,1.31,173
P2,0.24,1.31,195
P2,0.02,1.35,180
P2,-0.14,0.22,8
P2,0.25,0.68,1082
P2,0.30,1.04,146
P2,-0.04,1.36,76
P2,0.44,0.86,45
P2,0.12,1.28,72
P2,0.26,0.70,3
P2,0.25,0.69,6
P2,0.15,1.34,297
P2,0.16,1.34,188
P2,0.26,1.13,172
P2,0.45,1.04,24
P2,0.44,1.04,53
P2,0.47,0.84,33
P2,0.46,0.84,81
P2,0.45,0.84,109
P2,0.21,1.36,154
P2,0.23,1.35,54
P2,0.32,1.08,84
P2,0.13,1.24,278
P2,0.47,1.16,4
P2,0.46,1.16,44
P2,0.46,1.15,17
P2,0.19,0.75,6
P2,0.19,0.74,3097
P2,0.27,0.69,2
P2,0.47,1.05,1
P2,0.46,1.05,3
P2,0.21,1.37,132
P2,0.20,1.34,158
P2,0.47,1.37,2
P2,0.45,0.78,59
P2,0.44,0.78,23
P2,-0.20,0.42,25
P2,0.47,1.14,1
P2,0.46,1.14,8
P2,-0.20,0.46,72
P2,-0.20,0.26,64
P2,0.45,0.83,55
P2,0.47,1.17,2
P2,0.46,1.17,25
P2,0.45,1.17,9
P2,0.47,1.23,1
P2,0.46,1.23,1
P2,0.24,1.38,65
P2,0.47,1.35,1
P2,0.46,1.35,6
P2,0.46,1.01,54
P2,0.45,1.01,33
P2,0.28,1.06,74
P2,0.47,1.13,1
P2,0.46,1.13,15
P2,-0.08,1.37,94
P2,0.47,0.80,27
P2,0.46,0.79,211
P2,0.17,0.73,167
P2,0.28,1.34,7
P2,0.29,0.97,259
P2,0.30,0.97,344
P2,0.47,0.79,19
P2,0.26,1.00,306
P2,0.44,0.84,104
P2,0.17,0.28,213
P2,0.26,1.23,148
P2,0.27,0.66,96
P2,0.36,1.12,28
P2,0.37,1.12,30
P2,0.46,1.22,23
P2,-0.21,0.39,13
P2,0.46,1.27,17
P2,0.33,1.16,16
P2,0.33,1.15,15
P2,0.34,1.15,58
P2,0.47,1.07,2
P2,0.46,1.07,18
P2,0.44,0.87,23
P2,0.47,1.00,2
P2,0.15,0.73,404
P2,0.45,1.16,10
P2,0.17,0.27,270
P2,0.36,1.17,11
P2,0.37,1.17,18
P2,0.38,1.17,6
P2,0.18,0.27,74
P2,0.15,0.74,11844
P2,0.44,0.85,175
P2,0.45,1.14,4
P2,0.44,1.14,2
P2,0.46,1.24,17
P2,0.47,1.33,1
P2,0.46,1.33,4
P2,0.45,0.77,61
P2,0.44,0.77,5
P2,0.18,0.75,15
P2,0.45,0.80,56
P2,0.45,0.79,35
P2,0.47,1.20,15
P2,0.33,1.08,50
P2,-0.05,1.35,103
P2,0.47,1.25,5
P2,0.46,1.25,20
P2,0.12,1.15,248
P2,-0.02,1.38,112
P2,0.46,1.11,15
P2,0.45,1.11,4
P2,0.32,0.97,170
P2,0.33,0.97,287
P2,0.17,0.74,7305
P2,0.38,0.92,134
P2,0.39,0.92,255
P2,0.46,0.70,41
P2,0.45,0.69,9
P2,0.47,1.22,2
P2,0.18,0.34,146
P2,0.17,0.29,91
P2,0.18,0.28,118
P2,0.47,0.63,1
P2,0.46,0.63,10
P2,0.47,0.68,2
P2,0.46,0.68,46
P2,0.46,0.67,37
P2,0.29,1.27,34
P2,0.29,1.13,69
P2,0.30,1.12,59
P2,0.33,1.19,4
P2,0.33,1.20,48
P2,0.34,1.20,21
P2,0.34,1.19,6
P2,0.45,1.10,3
P2,0.44,1.10,13
P2,0.29,1.35,6
P2,0.46,1.20,34
P2,0.45,1.20,8
P2,0.30,1.26,34
P2,0.32,1.26,9
P2,0.32,1.25,11
P2,0.45,0.90,88
P2,0.45,0.91,52
P2,0.44,0.91,109
P2,0.32,1.14,34
P2,0.33,1.14,12
P2,0.28,1.32,41
P2,0.47,1.12,1
P2,0.46,1.12,12
P2,0.44,0.82,118
P2,0.46,1.32,7
P2,0.47,1.21,17
P2,0.46,1.21,4
P2,0.47,1.02,1
P2,0.46,1.02,5
P2,0.45,0.98,16
P2,0.46,0.98,39
P2,0.47,0.98,5
P2,0.31,0.97,163
P2,0.32,0.96,368
P2,0.21,0.63,9
P2,0.20,0.63,14
P2,0.46,0.90,27
P2,0.44,0.90,145
P2,0.45,0.92,46
P2,0.44,0.92,19
P2,0.47,1.15,1
P2,0.47,0.95,5
P2,0.45,1.21,17
P2,0.44,1.21,27
P2,0.44,1.20,16
P2,0.47,1.04,2
P2,0.46,1.04,17
P2,0.33,0.91,378
P2,0.34,0.91,470
P2,0.47,1.01,1
P2,0.45,0.81,31
P2,0.47,1.30,1
P2,0.46,1.30,19
P2,0.45,1.30,20
P2,0.44,0.83,9
P2,0.21,0.62,12
P2,0.47,1.31,1
P2,0.46,1.31,12
P2,0.18,0.29,23
P2,0.20,0.64,10
P2,0.32,1.11,76
P2,0.33,1.11,56
P2,0.46,1.06,4
P2,0.07,1.34,204
P2,0.33,0.99,205
P2,0.34,0.99,155
P2,0.16,1.25,146
P2,0.33,0.96,289
P2,0.34,0.96,142
P2,0.19,1.39,7
P2,0.46,0.65,13
P2,0.33,1.22,26
P2,0.34,1.22,47
P2,0.35,1.22,38
P2,0.24,0.27,3
P2,0.22,0.51,5
P2,0.21,0.52,13
P2,0.22,1.39,7
P2,0.08,1.35,207
P2,0.36,1.20,17
P2,0.37,1.20,31
P2,0.38,1.20,13
P2,0.35,0.92,284
P2,0.36,0.92,246
P2,0.37,0.92,311
P2,0.37,0.89,108
P2,0.27,1.23,129
P2,0.27,1.22,50
P2,0.47,1.36,1
P2,0.46,1.36,3
P2,0.21,0.53,6
P2,0.20,0.55,3
P2,0.30,1.07,152
P2,0.47,0.71,21
P2,0.27,1.33,75
P2,0.45,1.18,32
P2,0.44,0.81,33
P2,0.47,0.67,2
P2,0.21,0.50,28
P2,0.33,1.13,19
P2,0.34,1.13,19
P2,0.36,0.96,112
P2,-0.01,1.35,148
P2,0.47,1.19,1
P2,0.46,1.19,2
P2,0.44,1.18,3
P2,0.45,1.23,10
P2,0.44,1.23,20
P2,0.41,0.68,2
P2,0.22,0.77,2
P2,0.21,0.76,2
P2,0.21,0.75,4
P2,0.21,0.74,1231
P2,0.21,0.48,83
P2,0.29,1.01,209
P2,0.31,1.14,82
P2,0.30,1.14,46
P2,0.21,0.47,110
P2,0.21,0.49,68
P2,0.47,1.11,1
P2,0.44,0.88,68
P2,0.45,0.88,49
P2,0.34,1.21,25
P2,0.22,0.47,26
P2,0.45,0.67,2
P2,0.47,1.27,1
P2,0.46,1.34,23
P2,0.18,0.30,34
P2,0.35,1.08,35
P2,0.35,1.09,76
P2,0.17,0.30,158
P2,0.47,1.34,1
P2,0.34,1.28,39
P2,0.33,0.94,371
P2,0.34,0.94,297
P2,0.47,1.24,1
P2,0.25,1.30,93
P2,0.47,0.92,6
P2,0.47,0.70,3
P2,0.47,0.65,1
P2,0.22,0.48,14
P2,0.22,0.50,4
P2,0.24,1.30,99
P2,0.47,0.66,1
P2,0.46,0.66,17
P2,0.39,0.93,114
P2,0.40,0.93,10
P2,0.40,0.92,89
P2,0.45,1.08,7
P2,0.45,1.07,1
P2,0.36,1.02,53
P2,0.33,1.00,165
P2,0.47,1.10,1
P2,0.46,1.10,12
P2,0.21,0.24,1377
P2,0.45,1.34,18
P2,0.44,0.96,39
P2,0.45,0.96,19
P2,0.38,0.97,232
P2,0.34,1.04,69
P2,0.30,1.36,1
P2,0.45,0.68,5
P2,0.43,1.39,8
P2,0.36,1.31,16
P2,0.37,1.31,7
P2,0.33,1.05,70
P2,0.45,1.25,20
P2,0.44,1.25,12
P2,0.46,1.03,21
P2,0.35,0.93,440
P2,0.36,0.93,267
P2,0.37,0.93,172
P2,0.44,1.30,19
P2,0.15,0.75,24
P2,0.15,0.76,12
P2,0.50,1.23,7
P2,0.49,1.23,27
P2,0.35,0.90,433
P2,0.50,1.38,2
P2,0.49,1.38,19
P2,0.48,1.38,14
P2,0.51,0.80,8
P2,0.50,0.80,61
P2,0.35,0.91,159
P2,0.36,0.91,224
P2,0.51,0.78,6
P2,0.50,0.78,95
P2,0.18,0.77,4
P2,0.18,0.76,9
P2,0.31,1.01,110
P2,0.32,1.01,85
P2,0.33,1.01,21
P2,0.23,0.76,3
P2,0.23,0.75,1
P2,0.22,0.75,1
P2,0.17,0.76,11
P2,0.17,0.75,30
P2,0.27,0.71,260
P2,0.28,0.71,334
P2,0.20,0.76,4
P2,0.20,0.75,9
P2,0.51,0.85,3
P2,0.50,0.79,140
P2,0.50,0.77,99
P2,0.49,0.79,47
P2,0.51,0.95,1
P2,0.50,0.95,23
P2,0.49,0.95,16
P2,0.49,0.94,23
P2,0.19,0.77,5
P2,0.51,0.79,12
P2,0.27,1.29,30
P2,0.29,1.29,15
P2,0.15,0.77,7
P2,0.16,0.77,5
P2,0.16,0.76,11
P2,0.51,0.70,3
P2,0.51,0.83,9
P2,0.50,0.83,72
P2,0.50,0.82,47
P2,0.28,1.33,14
P2,0.24,0.73,450
P2,0.44,0.80,21
P2,0.23,0.73,1643
P2,0.22,0.60,2
P2,-0.02,1.39,12
P2,0.25,1.35,25
P2,0.51,0.81,8
P2,0.50,0.81,85
P2,0.40,0.90,172
P2,0.24,1.39,8
P2,0.28,1.09,46
P2,0.29,1.09,23
P2,0.27,0.72,154
P2,0.23,0.62,2
P2,0.22,0.61,3
P2,0.26,0.72,372
P2,0.50,1.09,30
P2,0.49,1.09,19
P2,0.49,1.10,28
P2,0.48,1.09,11
P2,0.17,0.77,4
P2,0.44,0.74,29
P2,0.25,0.73,178
P2,0.35,1.15,52
P2,0.36,1.15,9
P2,0.48,0.74,37
P2,0.20,0.77,1
P2,0.31,1.28,24
P2,0.32,1.28,27
P2,0.29,1.30,8
P2,0.30,1.30,13
P2,0.51,0.77,11
P2,-0.20,0.25,8
P2,0.28,0.72,1
P2,0.51,0.82,6
P2,0.16,0.24,472
P2,0.16,0.23,593
P2,-0.17,0.29,1
P2,0.30,1.31,13
P2,0.31,1.31,32
P2,0.51,0.86,3
P2,0.50,0.86,52
P2,0.51,1.16,1
P2,0.50,1.16,7
P2,0.51,1.19,2
P2,0.50,1.19,13
P2,0.22,0.23,2829
P2,0.21,0.23,1096
P2,0.17,0.23,263
P2,0.50,0.76,26
P2,0.34,0.97,119
P2,0.35,0.97,132
P2,0.36,0.97,114
P2,0.51,0.69,5
P2,0.50,0.69,22
P2,0.22,0.22,63
P2,0.15,0.23,1049
P2,0.25,1.39,1
P2,0.35,1.14,5
P2,0.36,1.22,41
P2,0.30,1.24,21
P2,0.17,0.24,159
P2,0.48,0.87,22
P2,0.32,1.20,29
P2,0.49,0.92,3
P2,0.49,0.93,12
P2,0.48,0.93,24
P2,0.47,0.93,4
P2,0.44,0.79,22
P2,0.37,0.96,50
P2,0.38,0.96,96
P2,0.38,0.95,64
P2,0.23,0.24,379
P2,0.32,0.67,124
P2,0.34,1.11,13
P2,0.49,0.74,6
P2,0.49,0.73,18
P2,0.33,0.66,12
P2,0.33,0.65,112
P2,0.51,0.68,2
P2,0.49,1.20,23
P2,0.48,1.20,28
P2,0.34,1.08,27
P2,0.49,0.86,22
P2,0.19,0.76,6
P2,0.51,0.84,3
P2,0.50,0.84,13
P2,0.49,0.90,10
P2,0.48,0.90,16
P2,0.48,0.89,1
P2,0.47,0.89,18
P2,0.48,1.23,5
P2,0.19,0.24,203
P2,0.19,0.23,189
P2,0.20,0.23,332
P2,0.20,0.24,1436
P2,0.20,0.25,625
P2,0.49,0.85,27
P2,0.51,1.17,3
P2,0.50,1.17,51
P2,0.16,0.25,24
P2,0.35,0.98,238
P2,0.18,0.24,70
P2,0.18,0.23,105
P2,0.19,0.25,3
P2,0.17,0.25,14
P2,0.50,0.68,19
P2,0.49,0.80,10
P2,0.48,0.80,20
P2,0.51,0.93,2
P2,0.50,0.93,7
P2,0.51,0.73,1
P2,0.50,0.73,20
P2,0.51,1.35,1
P2,0.50,1.35,15
P2,0.49,0.68,4
P2,0.50,0.85,35
P2,0.23,1.30,59
P2,0.29,1.26,9
P2,0.49,1.24,9
P2,0.48,1.24,6
P2,0.51,1.15,1
P2,0.50,1.15,11
P2,0.23,0.61,1
P2,0.30,0.69,124
P2,0.31,1.09,58
P2,0.50,1.13,1
P2,0.36,0.98,196
P2,0.51,1.21,1
P2,0.50,1.21,3
P2,0.51,0.76,1
P2,0.36,1.28,6
P2,0.51,0.99,1
P2,0.51,0.98,1
P2,0.34,1.25,25
P2,0.35,1.26,18
P2,0.36,1.26,7
P2,0.34,1.18,31
P2,0.35,1.18,16
P2,0.35,1.32,13
P2,0.35,1.33,15
P2,0.36,1.33,12
P2,0.36,1.32,15
P2,0.48,1.25,2
P2,0.48,1.26,9
P2,0.49,1.17,6
P2,0.50,0.70,38
P2,0.49,0.70,3
P2,0.49,0.69,4
P2,0.38,0.93,119
P2,0.50,1.14,3
P2,0.41,0.91,173
P2,0.35,1.17,13
P2,0.23,0.50,1
P2,0.48,0.88,20
P2,0.49,0.88,27
P2,0.34,1.05,80
P2,0.49,0.77,3
P2,0.26,1.29,24
P2,0.39,0.98,119
P2,0.28,1.31,41
P2,0.51,1.02,1
P2,0.50,1.02,36
P2,0.49,1.02,29
P2,0.33,1.25,12
P2,0.35,1.24,5
P2,0.51,1.33,1
P2,0.50,1.33,4
P2,0.37,0.97,135
P2,0.37,1.00,89
P2,0.38,1.00,44
P2,0.45,0.97,15
P2,0.47,0.97,7
P2,0.22,0.49,5
P2,0.49,1.12,7
P2,0.51,0.91,2
P2,0.50,0.91,29
P2,0.49,0.91,23
P2,0.50,0.92,21
P2,0.49,0.78,2
P2,0.44,1.01,6
P2,0.44,1.02,25
P2,0.45,1.02,16
P2,0.49,0.82,8
P2,0.41,0.92,111
P2,0.50,1.20,6
P2,0.32,1.29,10
P2,0.51,0.87,1
P2,0.50,0.87,23
P2,0.34,1.12,9
P2,0.49,0.81,12
P2,0.46,0.89,13
P2,0.50,1.34,1
P2,0.49,1.35,21
P2,0.48,1.35,9
P2,0.48,1.34,3
P2,0.48,0.94,22
P2,0.50,0.88,11
P2,0.34,1.06,37
P2,0.35,1.05,20
P2,0.44,0.95,51
P2,0.40,0.98,25
P2,0.54,1.16,7
P2,0.54,0.84,27
P2,0.54,0.83,3
P2,0.55,0.80,5
P2,0.54,0.80,33
P2,0.44,0.94,52
P2,0.45,0.93,26
P2,0.46,0.88,51
P2,0.47,0.88,42
P2,0.55,0.82,1
P2,0.54,0.82,19
P2,0.53,0.82,3
P2,0.55,0.81,4
P2,0.54,0.81,35
P2,0.55,0.71,1
P2,0.54,0.71,8
P2,0.33,1.02,93
P2,0.37,1.13,3
P2,0.38,1.13,4
P2,0.36,1.04,10
P2,0.52,1.06,7
P2,0.52,1.07,13
P2,0.51,1.07,12
P2,0.51,1.06,8
P2,0.48,1.21,1
P2,0.39,0.95,5
P2,0.40,0.95,31
P2,0.40,0.96,109
P2,0.30,1.29,6
P2,0.31,1.29,16
P2,0.36,1.09,38
P2,0.37,1.09,4
P2,0.37,1.08,1
P2,0.35,0.69,124
P2,0.25,0.76,25
P2,0.55,0.86,3
P2,0.54,0.86,28
P2,0.34,1.00,52
P2,0.33,0.73,3
P2,0.44,0.97,19
P2,0.21,0.20,137
P2,0.44,1.03,21
P2,0.45,1.03,39
P2,0.15,0.20,92
P2,0.55,1.21,1
P2,0.54,1.21,6
P2,0.35,1.02,50
P2,0.13,0.20,3
P2,0.16,0.20,30
P2,0.37,1.04,4
P2,0.38,1.04,1
P2,0.14,0.20,202
P2,0.53,0.86,2
P2,0.48,0.83,8
P2,0.55,0.84,2
P2,0.53,0.84,17
P2,0.34,1.09,38
P2,0.39,0.99,22
P2,0.38,1.01,3
P2,0.48,0.86,3
P2,0.31,0.73,124
P2,0.35,1.07,5
P2,0.36,1.07,17
P2,0.34,0.71,125
P2,0.35,1.16,18
P2,0.36,1.16,19
P2,0.37,1.15,2
P2,0.55,0.87,4
P2,0.54,0.87,17
P2,0.53,0.81,2
P2,0.15,0.21,9
P2,0.14,0.21,16
P2,0.18,0.20,7
P2,0.17,0.26,22
P2,0.17,0.20,15
P2,0.54,0.65,12
P2,0.34,1.07,9
P2,0.37,1.03,12
P2,0.20,0.20,128
P2,0.55,0.79,3
P2,0.54,0.79,27
P2,0.53,0.79,3
P2,0.35,1.12,17
P2,0.48,0.91,9
P2,0.16,0.21,1
P2,0.50,1.10,20
P2,0.39,0.94,93
P2,0.38,1.12,8
P2,0.36,1.38,12
P2,0.36,1.39,8
P2,0.37,1.38,21
P2,0.55,0.78,1
P2,0.54,0.78,13
P2,0.55,1.26,1
P2,0.54,1.26,8
P2,0.55,0.89,1
P2,0.54,0.89,18
P2,0.53,0.89,13
P2,0.53,1.28,7
P2,0.52,1.28,10
P2,0.55,0.85,2
P2,0.54,0.85,13
P2,0.55,0.88,2
P2,0.54,0.88,12
P2,0.19,0.20,7
P2,0.55,0.76,1
P2,0.54,0.76,13
P2,0.54,1.11,4
P2,0.53,1.11,24
P2,0.52,1.11,19
P2,0.52,1.10,1
P2,0.54,0.90,29
P2,0.53,0.90,13
P2,0.20,0.21,17
P2,0.22,0.20,14
P2,0.21,0.21,3
P2,0.22,0.21,15
P2,0.23,0.48,2
P2,0.55,0.92,1
P2,0.54,0.92,10
P2,0.36,1.18,18
P2,0.37,1.18,10
P2,0.37,1.06,8
P2,0.38,1.06,20
P2,0.50,0.89,2
P2,0.51,0.89,17
P2,0.52,0.89,1
P2,0.44,0.98,29
P2,0.33,1.09,53
P2,0.33,1.10,4
P2,0.55,0.94,2
P2,0.54,0.94,19
P2,0.54,0.93,2
P2,0.35,1.06,10
P2,0.36,1.06,17
P2,0.46,0.93,10
P2,0.44,1.00,3
P2,0.44,0.99,13
P2,0.53,1.38,16
P2,0.52,1.38,11
P2,0.44,0.93,19
P2,0.37,1.39,5
P2,0.32,1.31,8
P2,0.47,0.90,16
P2,0.22,0.52,1
P2,0.27,0.37,2
P2,0.27,0.38,1
P2,0.27,0.53,7
P2,0.27,0.54,13
P2,0.27,0.55,69
P2,0.55,0.75,1
P2,0.54,0.75,23
P2,0.53,0.75,5
P2,0.53,0.74,10
P2,0.36,1.10,3
P2,0.39,1.26,53
P2,0.38,1.26,6
P2,0.38,1.25,3
P2,0.55,1.00,1
P2,0.54,1.00,23
P2,0.53,1.00,11
P2,0.39,1.23,26
P2,0.39,1.24,25
P2,0.38,1.23,12
P2,0.48,0.85,20
P2,0.32,1.12,21
P2,0.33,1.12,21
P2,0.46,0.91,4
P2,0.47,0.91,2
P2,0.40,0.94,12
P2,0.49,0.87,10
P2,0.55,0.90,1
P3,0.19,0.39,24992
P3,0.18,0.39,36523
P3,0.18,0.40,26533
P3,0.17,0.39,22920
P3,0.00,0.50,1684
P3,-0.01,0.51,1759
P3,-0.01,0.50,1993
P3,0.11,0.63,442
P3,0.12,0.63,522
P3,0.13,0.63,646
P3,-0.24,0.43,256636
P3,-0.23,0.43,80927
P3,-0.23,0.44,57685
P3,-0.22,0.43,49351
P3,0.24,0.46,19853
P3,0.24,0.45,32217
P3,0.23,0.43,82145
P3,0.23,0.44,58802
P3,0.22,0.44,46119
P3,0.22,0.43,48132
P3,-0.02,1.09,388
P3,-0.03,1.09,435
P3,-0.04,1.09,541
P3,-0.09,0.30,21432
P3,-0.09,0.31,11641
P3,-0.16,0.74,482
P3,-0.17,0.74,336
P3,-0.17,0.75,466
P3,-0.18,0.74,451
P3,-0.24,0.44,53090
P3,0.01,0.23,11298
P3,0.00,0.23,11678
P3,-0.01,0.23,11353
P3,-0.01,0.22,13122
P3,0.21,0.41,8957
P3,0.20,0.41,31334
P3,0.20,0.40,18769
P3,0.19,0.41,31306
P3,0.18,0.41,13631
P3,0.18,0.42,9983
P3,0.17,0.42,4977
P3,0.17,0.41,8455
P3,-0.22,0.94,874
P3,-0.21,0.94,766
P3,-0.20,0.94,775
P3,0.18,0.32,273
P3,0.17,0.32,3089
P3,0.17,0.31,1854
P3,0.07,0.45,1566
P3,0.07,0.46,1536
P3,0.08,0.45,1165
P3,0.22,0.72,1953
P3,0.21,0.72,1765
P3,0.20,0.72,1379
P3,-0.06,0.36,2735
P3,-0.07,0.36,2515
P3,-0.07,0.37,2485
P3,-0.08,0.36,2075
P3,0.14,0.21,1061
P3,0.13,0.21,5772
P3,0.12,0.21,11572
P3,-0.09,0.22,42147
P3,-0.09,0.23,43626
P3,-0.10,0.23,36019
P3,-0.10,0.22,21775
P3,-0.13,0.41,1491
P3,-0.12,0.41,2141
P3,-0.12,0.40,1639
P3,0.20,0.85,826
P3,0.17,0.30,816
P3,0.16,0.30,4034
P3,0.15,0.30,10108
P3,-0.14,0.29,16741
P3,-0.13,0.29,27836
P3,-0.12,0.29,20346
P3,0.19,0.48,3540
P3,0.19,0.49,2957
P3,-0.07,0.25,36835
P3,-0.06,0.25,53662
P3,-0.06,0.26,43739
P3,-0.20,0.87,736
P3,-0.19,0.87,607
P3,-0.18,0.87,699
P3,-0.18,0.86,653
P3,0.18,0.38,33062
P3,0.19,0.38,16037
P3,-0.15,0.25,1218
P3,-0.14,0.25,4726
P3,-0.13,0.25,6629
P3,0.12,0.72,365
P3,0.12,0.73,433
P3,0.13,0.73,462
P3,0.13,0.72,353
P3,0.23,0.59,4464
P3,0.23,0.60,3882
P3,0.22,0.60,2975
P3,0.21,0.60,2459
P3,0.21,0.59,2540
P3,0.21,0.53,4917
P3,0.22,0.53,5544
P3,0.22,0.52,6414
P3,0.23,0.45,26926
P3,0.22,0.45,18770
P3,0.00,0.46,2203
P3,0.00,0.47,1931
P3,-0.01,0.47,1798
P3,-0.02,0.47,2242
P3,-0.02,0.46,2502
P3,-0.15,0.24,483
P3,-0.14,0.24,3052
P3,-0.13,0.24,6017
P3,-0.17,0.31,1908
P3,-0.17,0.30,684
P3,0.15,0.87,485
P3,0.16,0.87,376
P3,0.17,0.87,439
P3,0.17,0.34,14458
P3,0.16,0.34,25272
P3,0.07,0.23,12843
P3,0.07,0.24,11510
P3,-0.15,0.32,24397
P3,-0.15,0.33,25171
P3,-0.14,0.32,24675
P3,-0.13,0.32,22947
P3,-0.12,0.32,32201
P3,0.03,1.18,158
P3,0.03,1.19,306
P3,0.02,1.19,278
P3,0.02,1.18,226
P3,-0.14,0.26,5424
P3,-0.13,0.26,6169
P3,-0.13,0.27,13976
P3,-0.12,0.26,25331
P3,-0.12,1.32,190
P3,-0.13,1.32,225
P3,-0.13,1.33,269
P3,-0.14,1.33,308
P3,-0.14,1.32,215
P3,-0.24,0.45,33548
P3,-0.24,0.46,22031
P3,-0.23,0.46,22215
P3,-0.23,0.45,28514
P3,-0.22,0.44,45340
P3,-0.21,0.43,40109
P3,0.06,0.43,1763
P3,0.06,0.44,1773
P3,0.07,0.44,1360
P3,0.08,0.44,1261
P3,0.08,0.43,1450
P3,0.21,0.69,2060
P3,0.20,0.69,1692
P3,-0.19,0.75,741
P3,-0.18,0.75,481
P3,0.17,0.45,2526
P3,0.17,0.46,2468
P3,0.15,0.29,6123
P3,0.24,0.56,4224
P3,0.24,0.57,3953
P3,0.23,0.57,5029
P3,0.22,0.57,3449
P3,0.22,0.56,4001
P3,-0.01,1.14,411
P3,-0.01,1.15,445
P3,-0.14,0.21,877
P3,-0.22,0.57,3327
P3,-0.22,0.58,3658
P3,-0.21,0.58,2607
P3,-0.20,0.58,2218
P3,-0.20,0.57,2441
P3,0.03,0.23,42907
P3,0.04,0.23,69528
P3,0.05,0.23,53328
P3,0.05,0.22,20978
P3,0.04,0.22,63859
P3,0.03,0.22,69827
P3,0.17,0.75,423
P3,0.17,0.76,467
P3,0.18,0.76,540
P3,0.19,0.76,987
P3,0.19,0.75,1182
P3,0.21,0.46,10121
P3,0.21,0.47,8143
P3,0.22,0.47,14197
P3,0.22,0.46,13051
P3,0.21,0.43,39584
P3,-0.20,0.79,1040
P3,-0.19,0.80,988
P3,-0.18,0.80,946
P3,-0.18,0.79,660
P3,0.06,0.24,43889
P3,0.05,0.24,61845
P3,0.04,0.24,39117
P3,-0.14,0.22,3347
P3,0.19,0.82,908
P3,0.20,0.82,991
P3,0.20,0.83,494
P3,0.21,0.82,1031
P3,0.13,0.24,6455
P3,0.14,0.24,3043
P3,0.15,0.23,250
P3,0.14,0.23,3060
P3,0.14,0.22,3538
P3,0.21,0.44,26998
P3,0.19,0.52,2379
P3,0.19,0.53,2545
P3,0.16,0.32,11887
P3,0.15,0.32,25789
P3,-0.04,0.85,715
P3,-0.04,0.86,574
P3,-0.05,0.86,653
P3,-0.05,0.85,551
P3,-0.06,0.85,502
P3,-0.22,0.62,3218
P3,-0.21,0.62,2452
P3,-0.18,0.36,14688
P3,-0.18,0.37,20943
P3,-0.09,0.64,888
P3,-0.10,0.64,782
P3,-0.10,0.65,768
P3,-0.11,0.64,789
P3,-0.01,0.64,1748
P3,-0.01,0.65,1597
P3,0.06,0.40,2320
P3,0.06,0.41,2028
P3,0.07,0.41,1392
P3,0.07,0.40,1793
P3,0.08,0.40,1654
P3,0.13,0.27,14782
P3,0.12,0.27,28951
P3,0.12,0.26,23670
P3,0.14,0.38,4386
P3,0.13,0.38,2358
P3,0.12,0.38,2001
P3,-0.21,0.41,10197
P3,-0.20,0.41,30356
P3,0.10,0.33,4622
P3,0.10,0.34,2182
P3,-0.13,0.37,2789
P3,-0.14,0.37,4596
P3,-0.15,0.37,13255
P3,0.16,0.36,33704
P3,0.16,0.37,28662
P3,0.15,0.37,15698
P3,0.14,0.37,5488
P3,0.14,0.36,12261
P3,-0.24,0.49,9453
P3,-0.24,0.50,9398
P3,-0.23,0.49,13540
P3,0.13,0.22,8126
P3,0.13,0.23,5391
P3,0.12,0.23,5808
P3,0.12,0.22,6945
P3,0.24,0.43,263456
P3,0.24,0.44,53433
P3,0.17,0.28,26
P3,0.16,0.28,1426
P3,0.16,0.29,2675
P3,0.15,0.28,4304
P3,0.11,0.32,27170
P3,0.12,0.32,33204
P3,0.03,0.24,23872
P3,0.02,0.24,12383
P3,0.01,0.24,10956
P3,0.09,0.29,38592
P3,0.10,0.29,34636
P3,0.10,0.30,40526
P3,0.11,0.30,32256
P3,0.11,0.29,14085
P3,-0.24,0.76,899
P3,-0.23,0.76,1272
P3,-0.23,0.77,1538
P3,-0.22,0.76,1282
P3,0.04,0.62,1283
P3,0.04,0.63,952
P3,0.03,0.63,1159
P3,0.03,0.62,1158
P3,0.20,0.48,4098
P3,0.20,0.49,4642
P3,0.18,0.48,3185
P3,-0.20,0.45,9615
P3,-0.20,0.46,7738
P3,-0.21,0.46,9947
P3,-0.21,0.45,13207
P3,-0.03,0.70,1067
P3,-0.03,0.71,536
P3,-0.15,0.46,1369
P3,-0.15,0.47,1141
P3,-0.14,0.47,1306
P3,-0.14,0.46,1181
P3,-0.23,0.61,3600
P3,-0.23,0.62,3641
P3,-0.22,0.61,3057
P3,0.01,0.74,984
P3,0.01,0.75,622
P3,0.07,0.32,2898
P3,0.08,0.32,2679
P3,0.08,0.33,2531
P3,0.09,0.33,2823
P3,0.09,0.32,4952
P3,-0.02,0.27,6206
P3,-0.03,0.27,4906
P3,-0.21,0.61,2303
P3,0.23,0.77,1199
P3,0.22,0.77,1415
P3,0.21,0.77,1216
P3,0.05,1.39,31
P3,0.05,1.38,261
P3,0.16,0.33,22445
P3,0.15,0.33,26740
P3,0.14,0.33,23314
P3,0.14,0.32,24968
P3,0.13,0.26,6366
P3,-0.20,0.37,1207
P3,-0.19,0.37,5444
P3,-0.21,0.44,27040
P3,-0.20,0.44,13241
P3,-0.20,0.43,23375
P3,0.22,0.74,1556
P3,0.21,0.74,1473
P3,0.20,0.74,1370
P3,0.20,0.73,1616
P3,0.02,0.53,1890
P3,0.03,0.53,1876
P3,0.03,0.54,1787
P3,0.04,0.53,1710
P3,-0.16,0.83,400
P3,-0.16,0.84,500
P3,-0.17,0.84,595
P3,-0.18,0.83,825
P3,-0.24,0.51,8294
P3,-0.14,0.58,404
P3,-0.15,0.58,716
P3,-0.15,0.59,488
P3,-0.16,0.58,961
P3,-0.11,0.23,9267
P3,0.12,0.78,281
P3,0.13,0.78,342
P3,0.14,0.78,368
P3,-0.21,0.47,8088
P3,-0.21,0.48,7788
P3,-0.22,0.48,12977
P3,-0.22,0.47,13354
P3,-0.03,0.58,1077
P3,-0.03,0.57,1418
P3,0.03,1.32,236
P3,0.04,1.32,319
P3,0.04,1.33,321
P3,0.05,1.32,300
P3,-0.24,0.53,7138
P3,-0.24,0.52,7799
P3,0.22,1.26,379
P3,0.21,1.26,276
P3,0.20,1.26,288
P3,-0.23,0.50,10792
P3,-0.10,0.89,480
P3,-0.11,0.89,356
P3,-0.12,0.89,422
P3,0.17,0.33,5311
P3,0.16,0.31,6054
P3,0.11,0.54,923
P3,0.11,0.55,838
P3,0.12,0.55,815
P3,0.12,0.54,815
P3,-0.09,0.48,960
P3,-0.09,0.49,1092
P3,0.21,0.94,766
P3,0.21,0.95,893
P3,0.20,0.95,785
P3,0.19,0.95,743
P3,0.19,0.94,840
P3,-0.17,0.35,21902
P3,-0.17,0.36,24811
P3,-0.16,0.36,31661
P3,-0.15,0.36,25660
P3,-0.15,0.35,30076
P3,0.22,0.49,11839
P3,0.23,0.49,13679
P3,-0.21,0.49,7936
P3,-0.21,0.50,6888
P3,-0.20,0.50,4367
P3,-0.20,0.49,4706
P3,-0.21,0.56,3264
P3,-0.21,0.57,2834
P3,-0.19,0.57,2263
P3,-0.19,0.56,2555
P3,-0.15,0.38,6085
P3,-0.14,0.38,3142
P3,-0.24,0.62,3128
P3,-0.24,0.63,2445
P3,-0.24,0.60,3783
P3,-0.06,0.35,3411
P3,-0.07,0.35,2964
P3,-0.08,0.35,1799
P3,0.00,0.33,3607
P3,-0.01,0.33,4695
P3,-0.02,0.33,4388
P3,-0.15,0.26,1946
P3,-0.15,0.30,10061
P3,-0.15,0.31,18835
P3,-0.14,0.31,26227
P3,-0.14,0.30,24152
P3,0.17,0.40,11371
P3,0.16,0.40,5836
P3,0.16,0.39,9071
P3,0.15,0.39,4490
P3,0.21,0.93,745
P3,0.20,0.94,879
P3,0.20,0.93,669
P3,0.19,0.93,655
P3,-0.24,0.54,6437
P3,-0.24,0.55,5361
P3,-0.23,0.54,6217
P3,0.22,0.88,961
P3,0.21,0.88,752
P3,0.00,0.65,1411
P3,0.01,0.65,1225
P3,0.01,0.64,1046
P3,0.16,0.41,4621
P3,0.11,0.49,884
P3,0.11,0.50,719
P3,0.12,0.50,1013
P3,0.12,0.49,1122
P3,0.04,0.39,2776
P3,0.03,0.39,3141
P3,0.03,0.40,2537
P3,0.02,0.40,2583
P3,0.02,0.39,3011
P3,0.11,0.23,9478
P3,0.04,0.40,2157
P3,0.04,0.41,2256
P3,0.05,0.41,2259
P3,0.05,0.40,2374
P3,-0.02,1.10,380
P3,-0.03,1.10,448
P3,-0.04,1.10,455
P3,-0.19,0.34,687
P3,-0.18,0.34,2735
P3,-0.02,0.22,27515
P3,-0.02,0.23,19410
P3,0.00,0.24,10881
P3,-0.01,0.24,11423
P3,-0.05,0.43,2331
P3,-0.06,0.43,2075
P3,-0.07,0.43,1735
P3,0.00,0.21,15127
P3,0.01,0.21,18195
P3,0.02,0.21,64021
P3,0.02,0.36,2466
P3,0.03,0.36,2582
P3,0.04,0.36,2618
P3,0.15,0.43,2239
P3,0.14,0.43,1357
P3,0.13,0.43,1060
P3,-0.01,0.76,1143
P3,-0.01,0.77,577
P3,0.00,0.77,1097
P3,0.00,0.76,1047
P3,-0.05,0.53,1059
P3,-0.06,0.53,1196
P3,-0.06,0.54,1264
P3,-0.07,0.53,870
P3,0.20,0.44,15527
P3,0.20,0.45,9590
P3,0.19,0.45,5693
P3,0.19,0.44,8356
P3,0.09,0.31,12222
P3,0.10,0.31,28464
P3,0.11,0.31,36057
P3,-0.04,0.75,1288
P3,-0.04,0.76,1246
P3,0.24,0.55,5648
P3,0.24,0.54,5633
P3,-0.08,0.49,884
P3,-0.10,0.49,896
P3,0.18,0.35,5670
P3,0.18,0.36,14618
P3,0.17,0.36,26488
P3,0.17,0.35,22882
P3,-0.03,0.20,19944
P3,-0.02,0.20,23095
P3,-0.08,0.39,1932
P3,-0.08,0.40,2325
P3,0.09,0.86,406
P3,0.09,0.87,275
P3,-0.24,0.71,1594
P3,-0.21,0.40,783
P3,-0.19,0.41,30644
P3,-0.19,0.40,35835
P3,0.02,0.25,8574
P3,0.03,0.25,12776
P3,0.04,0.25,20028
P3,0.22,0.50,10139
P3,-0.04,0.31,3536
P3,-0.04,0.32,3362
P3,-0.03,0.32,3229
P3,-0.03,0.31,3062
P3,-0.08,0.28,39388
P3,-0.08,0.29,18103
P3,-0.09,0.29,35425
P3,-0.10,0.29,35382
P3,-0.10,0.28,15064
P3,-0.22,0.65,2216
P3,-0.21,0.65,1995
P3,-0.21,0.64,1638
P3,-0.01,0.80,794
P3,-0.02,0.80,496
P3,-0.02,0.81,909
P3,-0.03,0.81,838
P3,-0.03,0.80,660
P3,-0.15,0.42,2100
P3,-0.16,0.42,2703
P3,0.20,0.42,31689
P3,0.19,0.42,16750
P3,-0.24,0.66,2414
P3,-0.23,0.66,2465
P3,0.04,0.35,2853
P3,0.03,0.35,3107
P3,0.14,0.97,271
P3,0.13,0.97,216
P3,0.13,0.98,424
P3,0.12,0.97,265
P3,-0.19,0.44,7319
P3,-0.19,0.45,5737
P3,-0.18,0.45,4418
P3,-0.18,0.44,4353
P3,-0.14,0.77,304
P3,-0.15,0.77,262
P3,-0.16,0.77,335
P3,-0.16,0.76,392
P3,0.06,0.97,221
P3,0.06,0.98,379
P3,-0.02,0.24,13272
P3,-0.02,0.25,9288
P3,-0.03,0.24,25901
P3,0.23,0.53,6582
P3,0.23,0.52,7495
P3,-0.20,1.16,443
P3,-0.19,1.16,427
P3,-0.18,1.16,277
P3,0.10,0.42,1260
P3,0.11,0.42,1218
P3,0.12,0.42,1500
P3,0.12,0.41,1296
P3,0.04,1.18,329
P3,0.04,1.19,208
P3,0.05,1.19,206
P3,0.05,1.18,214
P3,0.11,0.37,1884
P3,0.12,0.37,2254
P3,0.13,0.37,3003
P3,0.01,0.36,2729
P3,0.03,0.20,19949
P3,0.03,0.21,68875
P3,0.04,0.21,29432
P3,0.04,0.20,7019
P3,0.05,1.07,371
P3,0.05,1.08,241
P3,0.04,1.08,266
P3,0.04,1.07,581
P3,0.15,0.34,27848
P3,0.14,0.34,33303
P3,0.19,0.50,2435
P3,0.18,0.50,1972
P3,0.17,0.50,1826
P3,0.20,0.50,4465
P3,-0.02,0.41,3090
P3,-0.03,0.41,2548
P3,-0.04,0.41,1950
P3,0.06,0.32,3157
P3,0.06,0.33,3163
P3,0.07,0.33,2720
P3,-0.15,1.24,262
P3,-0.14,1.24,369
P3,-0.18,0.67,648
P3,-0.17,0.67,489
P3,0.19,0.43,10710
P3,0.08,0.90,474
P3,0.09,0.90,429
P3,0.10,0.90,336
P3,0.19,0.73,1221
P3,0.18,0.73,694
P3,0.08,0.29,17832
P3,-0.24,0.69,1840
P3,-0.24,0.70,1668
P3,-0.23,0.70,2097
P3,-0.23,0.69,2686
P3,-0.16,0.27,632
P3,-0.16,0.26,157
P3,0.08,0.61,730
P3,0.08,0.62,1051
P3,0.24,0.72,1320
P3,-0.08,0.45,1548
P3,-0.09,0.45,1471
P3,-0.10,0.45,1414
P3,-0.21,0.51,7289
P3,-0.21,0.52,6017
P3,-0.20,0.52,4350
P3,-0.19,0.52,2313
P3,-0.19,0.51,2223
P3,0.00,0.41,2378
P3,0.00,0.42,2115
P3,-0.01,0.42,2091
P3,-0.01,0.41,2352
P3,-0.10,1.19,277
P3,-0.10,1.20,272
P3,-0.11,1.19,451
P3,-0.12,0.52,1078
P3,-0.11,0.52,695
P3,-0.10,0.52,908
P3,-0.13,0.28,23873
P3,-0.12,0.28,29832
P3,-0.12,0.34,7687
P3,-0.13,0.34,27734
P3,-0.14,0.34,31254
P3,0.15,0.31,20837
P3,-0.01,0.26,8927
P3,-0.02,0.26,7412
P3,-0.03,0.30,3338
P3,-0.04,0.30,5081
P3,-0.05,0.26,19310
P3,-0.04,0.26,9980
P3,-0.03,0.26,7489
P3,0.06,0.36,2241
P3,0.06,0.37,2189
P3,0.07,0.37,1972
P3,0.08,0.37,1363
P3,0.08,0.36,1767
P3,0.08,0.41,1414
P3,0.08,0.42,1308
P3,0.09,0.42,1933
P3,0.10,0.41,1227
P3,-0.21,1.14,479
P3,-0.20,1.14,444
P3,-0.19,1.14,335
P3,0.20,0.43,22347
P3,0.21,0.42,23472
P3,0.17,0.44,3179
P3,0.16,0.45,1886
P3,0.15,0.45,1453
P3,0.15,0.44,1575
P3,0.24,0.59,3681
P3,0.23,0.58,4645
P3,-0.16,1.32,233
P3,-0.16,1.33,280
P3,-0.17,1.33,336
P3,-0.17,1.32,250
P3,-0.18,1.32,351
P3,0.16,0.26,176
P3,0.15,0.26,1988
P3,0.15,0.25,1182
P3,-0.18,0.35,5766
P3,-0.07,0.23,11993
P3,-0.07,0.24,11216
P3,-0.08,0.23,16753
P3,0.18,0.49,2117
P3,0.17,0.48,1949
P3,0.20,0.63,1546
P3,0.21,0.63,2156
P3,0.22,0.63,2333
P3,0.24,0.91,766
P3,0.23,0.91,1104
P3,0.22,0.91,862
P3,-0.24,0.56,4623
P3,-0.23,0.56,5314
P3,-0.23,0.55,5193
P3,-0.19,1.26,132
P3,-0.18,1.26,275
P3,-0.17,1.26,312
P3,0.02,0.35,3147
P3,0.01,0.35,2963
P3,0.17,0.49,1755
P3,-0.18,0.50,1610
P3,-0.18,0.51,1396
P3,0.06,0.45,1650
P3,-0.18,0.33,1416
P3,-0.17,0.33,5567
P3,-0.16,0.33,19819
P3,-0.14,0.36,11576
P3,0.05,0.21,10773
P3,0.06,0.22,11677
P3,0.06,0.21,16713
P3,0.24,0.78,1077
P3,0.24,0.77,984
P3,0.24,0.60,3354
P3,-0.20,0.39,5998
P3,-0.20,0.40,19487
P3,-0.19,0.39,26274
P3,-0.18,0.52,1820
P3,-0.21,0.92,918
P3,-0.22,0.92,918
P3,0.11,0.39,1435
P3,0.12,0.39,1932
P3,0.13,0.39,2109
P3,-0.24,0.47,14895
P3,-0.16,0.28,1963
P3,-0.15,0.28,5360
P3,-0.15,0.27,3598
P3,-0.22,0.53,5661
P3,-0.22,0.54,4721
P3,-0.21,0.54,4006
P3,-0.21,0.53,5011
P3,-0.20,0.53,3798
P3,-0.02,0.31,3228
P3,-0.02,0.32,4918
P3,-0.01,0.32,7914
P3,-0.01,0.31,4806
P3,0.00,0.31,463331
P3,0.04,0.51,1330
P3,0.05,0.51,1312
P3,0.05,0.52,1412
P3,0.06,0.52,1153
P3,0.06,0.51,795
P3,-0.16,0.30,4437
P3,0.17,0.93,522
P3,0.16,0.93,410
P3,0.15,0.93,295
P3,0.02,0.50,1127
P3,0.03,0.50,1247
P3,-0.09,0.76,749
P3,-0.10,0.76,467
P3,0.15,0.69,566
P3,0.15,0.70,386
P3,-0.05,0.45,2145
P3,-0.05,0.46,1810
P3,-0.04,0.45,1769
P3,0.17,0.29,291
P3,0.23,0.50,10399
P3,0.23,0.51,8237
P3,0.24,0.51,8046
P3,0.24,0.50,8317
P3,0.07,0.34,2458
P3,0.08,0.34,2145
P3,0.08,0.35,2016
P3,0.09,0.34,1703
P3,0.24,0.52,7865
P3,0.23,1.39,57
P3,0.22,1.38,259
P3,-0.17,0.80,718
P3,-0.16,0.80,288
P3,-0.22,0.52,6054
P3,-0.22,0.51,7933
P3,0.03,0.41,2236
P3,0.02,0.41,2063
P3,-0.03,1.06,343
P3,-0.03,1.07,464
P3,-0.04,1.07,768
P3,-0.04,1.06,454
P3,-0.05,1.06,460
P3,0.21,0.45,13902
P3,-0.20,1.39,33
P3,-0.20,1.38,322
P3,0.02,0.59,1553
P3,0.03,0.59,1443
P3,0.03,0.60,1433
P3,0.23,0.87,1112
P3,0.22,0.87,741
P3,0.21,0.87,491
P3,-0.24,0.90,801
P3,-0.23,0.90,924
P3,-0.22,0.90,1062
P3,0.16,0.44,2372
P3,-0.03,0.51,1734
P3,-0.02,0.51,1710
P3,-0.02,0.52,1759
P3,-0.21,0.42,25513
P3,-0.22,0.42,2592
P3,0.07,0.20,31574
P3,0.06,0.20,36217
P3,0.17,0.38,31855
P3,0.14,0.25,4699
P3,-0.01,0.54,1493
P3,-0.01,0.55,1686
P3,-0.02,0.55,1826
P3,-0.03,0.55,1779
P3,-0.03,0.54,1522
P3,-0.09,1.10,262
P3,-0.09,1.11,499
P3,0.14,0.39,2817
P3,0.14,0.40,2520
P3,0.18,0.46,2377
P3,0.18,0.45,3726
P3,0.11,0.21,7577
P3,-0.05,0.29,5434
P3,-0.04,0.29,7673
P3,-0.04,0.28,6210
P3,-0.06,0.44,1842
P3,-0.07,0.44,1471
P3,-0.08,0.43,1533
P3,0.03,0.45,2028
P3,0.04,0.45,2076
P3,0.04,0.44,1833
P3,-0.24,0.57,3985
P3,-0.08,1.28,29
P3,-0.09,1.28,122
P3,-0.09,1.27,245
P3,-0.07,0.30,4346
P3,-0.07,0.31,4674
P3,-0.08,0.31,4882
P3,-0.08,0.30,7971
P3,0.11,0.27,25674
P3,0.11,0.28,13977
P3,0.10,0.28,17304
P3,0.09,0.28,37682
P3,0.09,0.27,19762
P3,-0.05,1.07,724
P3,-0.17,0.50,1629
P3,-0.17,0.51,1636
P3,-0.16,0.51,1217
P3,-0.16,0.50,1386
P3,0.01,0.79,705
P3,0.01,0.80,626
P3,0.02,0.80,656
P3,0.03,0.80,673
P3,0.03,0.79,621
P3,-0.16,0.31,5573
P3,-0.16,0.32,11518
P3,-0.15,0.54,737
P3,-0.16,0.54,857
P3,-0.17,0.54,1157
P3,0.24,0.49,9690
P3,-0.17,0.29,420
P3,-0.16,0.29,3328
P3,0.15,0.46,1129
P3,-0.22,0.74,1390
P3,-0.22,0.75,1060
P3,-0.23,0.75,1208
P3,-0.23,0.74,1292
P3,0.00,0.64,1483
P3,-0.07,0.20,32040
P3,-0.07,0.21,27956
P3,-0.18,0.38,32744
P3,0.06,1.15,243
P3,0.06,1.16,124
P3,0.07,1.15,112
P3,-0.22,0.56,3919
P3,0.17,0.58,939
P3,0.17,0.59,1156
P3,0.16,0.59,962
P3,0.16,0.58,678
P3,-0.22,0.60,2779
P3,-0.21,0.60,2068
P3,-0.20,0.60,1948
P3,-0.05,0.22,17833
P3,-0.05,0.23,49956
P3,-0.04,0.23,66919
P3,-0.04,0.22,62667
P3,-0.03,0.22,69613
P3,0.22,0.64,2199
P3,0.21,0.64,1891
P3,0.20,0.64,1327
P3,-0.24,0.48,10641
P3,0.07,0.67,778
P3,0.07,0.68,927
P3,0.08,0.67,798
P3,-0.11,0.35,1799
P3,-0.11,0.36,2040
P3,-0.12,0.36,2043
P3,-0.12,0.35,3698
P3,-0.17,0.43,3661
P3,-0.17,0.44,2825
P3,-0.16,0.44,2070
P3,-0.16,0.43,2691
P3,-0.23,0.68,2398
P3,-0.22,0.68,2146
P3,-0.21,0.68,1975
P3,0.09,0.24,23831
P3,0.08,0.24,12562
P3,0.08,0.25,10602
P3,0.07,0.25,38006
P3,-0.12,0.24,6126
P3,0.04,0.27,5210
P3,0.04,0.28,6307
P3,0.03,0.28,6106
P3,0.03,0.27,4748
P3,0.02,0.27,6095
P3,0.24,0.67,1411
P3,0.23,0.67,2351
P3,0.23,0.66,2759
P3,0.18,0.55,1245
P3,0.17,0.55,795
P3,-0.17,0.78,506
P3,-0.18,0.78,760
P3,-0.19,0.78,835
P3,-0.19,0.77,751
P3,0.03,0.26,6956
P3,0.02,0.26,7823
P3,0.21,0.40,697
P3,0.19,0.60,1840
P3,0.19,0.61,1918
P3,0.20,0.61,2485
P3,0.20,0.60,1879
P3,0.15,1.14,221
P3,0.16,1.14,429
P3,0.16,1.15,439
P3,0.17,1.15,490
P3,0.17,1.14,405
P3,-0.14,0.41,1519
P3,-0.14,0.42,1490
P3,-0.15,0.41,2274
P3,0.16,0.35,31125
P3,0.13,0.33,33257
P3,0.13,0.32,24501
P3,-0.12,0.27,29489
P3,-0.11,0.27,26580
P3,-0.10,0.27,10734
P3,-0.06,0.24,43073
P3,0.22,1.00,591
P3,0.22,1.01,871
P3,0.21,1.01,788
P3,0.21,1.00,748
P3,-0.23,0.58,4934
P3,-0.23,0.59,4324
P3,-0.22,0.59,3745
P3,-0.21,0.59,2680
P3,-0.20,0.51,4245
P3,-0.02,0.50,1638
P3,0.00,0.51,1210
P3,0.17,0.37,34763
P3,-0.03,0.23,43684
P3,0.10,0.56,1041
P3,0.10,0.57,1186
P3,0.11,0.57,816
P3,0.11,0.56,824
P3,0.01,0.44,2078
P3,0.01,0.45,1838
P3,0.00,0.45,2304
P3,-0.01,0.45,1880
P3,-0.01,0.44,1724
P3,-0.18,0.77,613
P3,-0.17,0.77,491
P3,0.02,0.20,24635
P3,-0.22,0.96,884
P3,-0.21,0.96,1034
P3,-0.14,0.27,6302
P3,-0.24,0.85,737
P3,-0.23,0.85,1021
P3,-0.14,0.28,8462
P3,0.13,0.25,6550
P3,0.12,0.25,11419
P3,0.11,0.24,24668
P3,0.05,0.64,1309
P3,0.05,0.65,1311
P3,0.06,0.65,918
P3,0.06,0.64,1211
P3,-0.15,0.23,270
P3,-0.14,0.23,2891
P3,0.02,0.74,898
P3,0.03,0.74,951
P3,-0.22,0.45,18288
P3,0.04,0.37,2448
P3,0.05,0.37,2149
P3,-0.22,0.89,756
P3,-0.21,0.89,808
P3,0.14,0.20,62
P3,0.13,0.20,1263
P3,0.02,1.10,283
P3,0.02,1.11,423
P3,0.01,1.11,406
P3,0.01,1.10,395
P3,-0.04,0.73,775
P3,-0.05,0.73,873
P3,-0.06,0.73,773
P3,0.01,0.22,13368
P3,0.02,0.23,19235
P3,0.02,0.22,27891
P3,-0.06,0.37,2510
P3,0.18,1.34,227
P3,0.17,1.34,131
P3,-0.20,0.42,35343
P3,-0.19,0.42,18528
P3,-0.02,0.83,846
P3,-0.02,0.84,801
P3,-0.03,0.84,798
P3,-0.03,0.83,855
P3,-0.04,0.83,618
P3,-0.13,0.31,18693
P3,0.05,0.27,8962
P3,0.06,0.27,17162
P3,-0.04,0.24,41780
P3,-0.05,0.27,8295
P3,-0.05,0.28,5877
P3,-0.06,0.28,7654
P3,-0.06,0.27,16352
P3,-0.07,0.27,43162
P3,0.21,0.76,1919
P3,0.20,0.76,1304
P3,0.12,0.57,620
P3,0.12,0.56,564
P3,0.19,0.35,1678
P3,0.19,0.96,611
P3,0.18,0.96,486
P3,0.17,0.96,323
P3,0.17,0.95,602
P3,-0.03,0.43,2310
P3,-0.03,0.44,1756
P3,0.14,0.28,7536
P3,0.14,0.27,6427
P3,-0.24,0.58,4360
P3,-0.24,0.59,4214
P3,-0.19,0.46,4869
P3,0.12,0.28,29819
P3,0.13,0.28,25010
P3,-0.18,0.46,4037
P3,0.00,0.49,1656
P3,-0.01,0.49,1903
P3,-0.02,0.49,1723
P3,-0.13,0.23,4947
P3,-0.13,0.22,7812
P3,-0.12,0.22,6651
P3,-0.02,1.02,745
P3,-0.02,1.03,551
P3,0.03,0.48,2007
P3,0.03,0.49,1494
P3,0.02,0.49,1741
P3,0.02,0.48,1523
P3,-0.08,0.57,1090
P3,-0.08,0.58,754
P3,-0.09,0.57,857
P3,0.00,0.54,1966
P3,0.00,0.55,1731
P3,0.01,0.55,1307
P3,0.01,0.54,1743
P3,-0.01,0.48,1882
P3,-0.02,0.48,1923
P3,0.05,0.43,2058
P3,0.05,0.44,1844
P3,-0.16,1.16,340
P3,-0.17,1.16,272
P3,-0.20,0.93,692
P3,-0.21,0.93,860
P3,-0.22,0.93,663
P3,0.21,0.78,816
P3,0.22,0.78,980
P3,0.15,1.11,297
P3,0.16,1.11,374
P3,0.17,1.11,442
P3,0.00,0.26,476795
P3,0.19,0.37,6434
P3,0.09,0.26,10351
P3,0.10,0.27,12090
P3,0.11,0.26,31766
P3,-0.02,0.28,6154
P3,-0.01,0.28,4873
P3,-0.01,0.29,4157
P3,0.00,0.29,4015
P3,0.00,0.28,4446
P3,0.05,0.53,1576
P3,0.05,0.54,1309
P3,0.06,0.54,1128
P3,0.06,0.53,1151
P3,0.11,0.77,601
P3,0.12,0.77,685
P3,0.13,0.77,557
P3,-0.23,0.79,1216
P3,-0.23,0.80,1407
P3,-0.13,0.36,4259
P3,0.18,0.37,21750
P3,-0.05,0.21,11805
P3,-0.06,0.21,16619
P3,-0.12,0.25,12064
P3,-0.03,0.21,69031
P3,-0.02,0.21,63155
P3,-0.19,0.38,14860
P3,-0.17,0.38,28970
P3,-0.05,0.44,2127
P3,0.15,0.48,1086
P3,0.15,0.49,1052
P3,0.14,0.49,748
P3,0.14,0.48,941
P3,-0.22,0.46,12851
P3,0.24,1.04,425
P3,0.24,1.05,405
P3,0.23,1.05,518
P3,0.22,1.05,431
P3,0.22,1.04,892
P3,0.19,0.46,4782
P3,0.20,0.46,7720
P3,0.08,0.30,8255
P3,0.09,0.30,22802
P3,-0.08,0.85,510
P3,-0.08,0.86,316
P3,-0.09,0.86,660
P3,-0.09,0.85,507
P3,-0.03,0.50,2058
P3,-0.04,0.50,2010
P3,-0.10,0.25,32794
P3,-0.11,0.25,31646
P3,-0.11,0.26,33171
P3,0.14,0.44,1344
P3,0.01,0.28,5299
P3,0.02,0.28,5957
P3,0.06,0.35,2871
P3,0.05,0.36,2216
P3,0.05,0.35,2729
P3,-0.15,0.43,1980
P3,-0.14,0.43,1682
P3,-0.13,0.43,1568
P3,0.06,0.25,55784
P3,0.05,0.25,42748
P3,0.05,0.26,19499
P3,0.04,0.26,9010
P3,-0.02,0.59,1567
P3,-0.02,0.60,1403
P3,0.06,0.68,712
P3,-0.14,0.33,24153
P3,-0.13,0.33,30579
P3,0.23,0.54,5766
P3,0.24,0.53,6653
P3,0.00,0.68,1141
P3,0.00,0.69,1237
P3,-0.01,0.69,892
P3,-0.01,0.68,1208
P3,-0.03,0.52,1711
P3,-0.03,0.53,1367
P3,-0.02,0.53,1574
P3,0.03,0.68,1276
P3,0.03,0.69,1000
P3,0.04,0.69,854
P3,0.05,0.69,924
P3,0.05,0.68,945
P3,-0.11,0.46,1227
P3,-0.12,0.46,1074
P3,-0.12,0.45,1045
P3,-0.11,0.24,24467
P3,0.22,0.48,14034
P3,-0.12,0.43,1183
P3,-0.13,0.44,1222
P3,-0.14,0.44,1304
P3,0.18,0.60,1421
P3,0.20,0.37,1000
P3,0.19,0.36,2484
P3,0.10,0.32,11291
P3,0.24,0.95,569
P3,-0.24,0.64,3130
P3,-0.23,0.47,18006
P3,-0.09,1.07,556
P3,-0.09,1.08,370
P3,-0.10,1.07,608
P3,-0.19,0.48,3506
P3,-0.19,0.49,3275
P3,-0.20,0.48,4313
P3,0.13,0.29,26149
P3,0.13,0.30,25850
P3,0.12,0.29,21927
P3,0.24,0.58,4327
P3,-0.19,0.97,592
P3,-0.19,0.98,662
P3,-0.18,0.98,607
P3,-0.17,0.98,514
P3,-0.17,0.97,426
P3,-0.05,0.54,1202
P3,-0.07,0.54,1217
P3,-0.16,0.37,26906
P3,-0.16,0.38,18568
P3,-0.09,0.20,11398
P3,-0.09,0.21,41387
P3,-0.08,0.21,58066
P3,-0.08,0.20,23570
P3,-0.20,0.47,5879
P3,-0.05,0.61,1253
P3,-0.05,0.62,1370
P3,-0.06,0.62,1278
P3,-0.06,0.61,1005
P3,-0.18,0.42,9692
P3,-0.17,0.42,5129
P3,-0.19,0.43,11271
P3,-0.06,0.72,861
P3,-0.01,0.38,3158
P3,-0.01,0.39,3578
P3,0.00,0.39,2973
P3,0.00,0.38,3312
P3,0.23,0.68,1684
P3,0.22,0.68,1751
P3,0.22,0.67,2158
P3,0.21,0.67,1703
P3,0.07,0.73,745
P3,0.07,0.72,437
P3,0.16,0.46,1538
P3,0.07,0.84,465
P3,0.07,0.85,468
P3,0.05,0.34,3371
P3,0.01,0.27,8309
P3,0.15,0.24,593
P3,-0.15,1.16,281
P3,-0.16,1.17,315
P3,0.07,0.69,785
P3,0.08,0.69,987
P3,0.09,0.69,691
P3,0.18,1.22,336
P3,0.18,1.23,277
P3,0.17,1.23,274
P3,0.17,1.22,336
P3,0.16,1.22,320
P3,-0.10,0.63,555
P3,-0.11,0.63,655
P3,-0.12,0.63,481
P3,0.21,0.70,1962
P3,-0.17,0.34,13699
P3,-0.01,0.53,1575
P3,0.00,0.53,1480
P3,0.01,0.53,1682
P3,0.01,0.71,678
P3,0.01,0.72,551
P3,0.00,0.72,695
P3,0.00,0.71,515
P3,-0.13,1.20,257
P3,-0.13,1.21,98
P3,-0.14,1.21,158
P3,-0.15,1.21,132
P3,-0.15,1.20,202
P3,-0.19,0.53,2178
P3,-0.10,0.36,1885
P3,-0.10,0.37,2009
P3,0.14,0.31,26299
P3,0.14,0.30,24465
P3,-0.20,0.67,1361
P3,-0.19,0.67,701
P3,-0.03,0.67,1418
P3,-0.03,0.68,817
P3,-0.04,0.68,992
P3,-0.04,0.67,859
P3,-0.05,0.67,902
P3,-0.14,0.57,546
P3,-0.15,0.57,648
P3,-0.16,0.57,907
P3,0.01,0.40,2542
P3,0.00,0.40,2501
P3,-0.01,0.40,2518
P3,0.15,0.40,3289
P3,0.09,0.25,14022
P3,0.10,0.26,18629
P3,0.10,0.25,33898
P3,-0.23,0.67,1827
P3,-0.04,0.39,2556
P3,-0.05,0.39,2455
P3,-0.02,0.34,3796
P3,-0.02,0.35,3109
P3,-0.03,0.35,2856
P3,-0.03,0.34,3485
P3,-0.04,0.34,3214
P3,-0.22,0.77,1243
P3,-0.22,0.78,1070
P3,-0.21,0.78,1149
P3,-0.21,0.77,1162
P3,-0.01,0.30,4020
P3,-0.02,0.30,2836
P3,0.09,0.61,813
P3,0.10,0.61,462
P3,0.11,0.61,524
P3,-0.20,1.29,187
P3,-0.19,1.29,343
P3,-0.18,1.29,379
P3,-0.06,1.15,319
P3,-0.07,1.15,205
P3,-0.08,1.15,282
P3,-0.08,1.14,323
P3,0.08,0.46,1561
P3,0.08,0.47,1144
P3,0.09,0.46,1297
P3,-0.17,0.49,1295
P3,-0.16,0.49,1404
P3,-0.15,0.49,1273
P3,-0.15,0.48,869
P3,0.05,0.32,3654
P3,0.04,0.32,3879
P3,0.04,0.33,3802
P3,0.03,0.33,4798
P3,0.03,0.32,3375
P3,-0.04,0.49,1700
P3,0.06,0.38,2305
P3,0.05,0.38,2297
P3,0.03,0.34,3774
P3,0.04,0.34,3654
P3,-0.08,0.65,1089
P3,-0.08,0.66,786
P3,-0.09,0.66,896
P3,-0.09,0.65,720
P3,-0.23,0.51,8972
P3,-0.09,0.70,757
P3,-0.10,0.70,933
P3,-0.10,0.69,801
P3,-0.01,0.21,17394
P3,-0.01,0.20,14907
P3,-0.09,0.61,764
P3,-0.09,0.62,712
P3,-0.10,0.62,723
P3,-0.10,0.61,759
P3,-0.16,0.35,29290
P3,0.24,0.88,768
P3,0.24,0.87,841
P3,0.13,1.02,215
P3,0.12,1.02,279
P3,0.23,0.64,2906
P3,0.23,0.63,2749
P3,0.05,0.28,6258
P3,0.05,0.29,4793
P3,-0.24,0.65,2233
P3,-0.23,0.65,2873
P3,-0.15,0.55,685
P3,-0.14,0.55,993
P3,-0.14,0.54,938
P3,-0.23,0.71,1941
P3,0.22,0.66,2624
P3,0.17,0.88,504
P3,0.17,0.89,587
P3,0.16,0.89,542
P3,0.16,0.88,493
P3,0.21,0.68,1797
P3,0.20,0.68,1635
P3,0.20,0.67,1075
P3,0.14,0.26,5579
P3,0.22,0.54,4437
P3,-0.07,0.22,13805
P3,-0.06,0.22,10678
P3,0.22,0.84,1228
P3,0.21,0.84,1001
P3,0.20,0.84,905
P3,0.22,0.42,2508
P3,-0.21,0.66,1727
P3,-0.20,0.66,1421
P3,-0.18,0.40,26239
P3,-0.18,0.41,14735
P3,-0.17,0.40,11722
P3,-0.18,0.31,71
P3,0.00,0.56,1455
P3,-0.02,0.29,3281
P3,0.00,0.30,3710
P3,-0.24,0.84,718
P3,-0.23,0.84,857
P3,-0.23,0.83,1341
P3,0.24,0.92,622
P3,0.15,0.35,31199
P3,-0.20,0.88,775
P3,0.13,0.36,4670
P3,0.12,0.36,2380
P3,-0.15,0.34,25266
P3,-0.14,0.35,25624
P3,-0.13,1.07,444
P3,-0.14,1.07,451
P3,-0.15,1.07,407
P3,0.04,0.83,536
P3,0.05,0.83,858
P3,0.06,0.83,547
P3,0.06,0.82,507
P3,0.21,0.54,3665
P3,-0.17,0.58,903
P3,-0.17,0.59,897
P3,-0.05,0.20,25470
P3,-0.04,0.21,31082
P3,-0.04,0.20,7054
P3,0.21,0.61,2623
P3,0.21,0.62,2555
P3,0.22,0.62,3169
P3,0.22,0.61,3522
P3,-0.07,0.26,46775
P3,0.10,0.20,7509
P3,-0.05,1.10,315
P3,-0.05,1.11,427
P3,0.21,0.66,2082
P3,-0.24,0.67,1155
P3,-0.05,0.35,2915
P3,-0.05,0.36,2701
P3,-0.04,0.36,2817
P3,-0.04,0.35,2791
P3,0.22,1.10,519
P3,0.22,1.11,586
P3,0.21,1.11,658
P3,0.20,1.11,467
P3,0.20,1.10,500
P3,0.23,1.06,385
P3,0.23,1.07,675
P3,0.22,1.07,751
P3,0.22,1.06,484
P3,-0.16,0.87,416
P3,0.06,0.42,2016
P3,0.05,0.42,1975
P3,0.13,0.34,24549
P3,-0.10,0.77,447
P3,-0.11,0.77,394
P3,-0.11,0.78,314
P3,-0.12,0.77,227
P3,0.21,0.48,8275
P3,0.21,0.49,8625
P3,0.21,1.05,322
P3,0.20,1.05,527
P3,0.19,1.05,622
P3,-0.02,1.01,530
P3,-0.01,1.01,639
P3,-0.01,1.02,408
P3,0.00,1.01,219
P3,0.01,0.43,2442
P3,0.02,0.43,2481
P3,0.06,0.72,576
P3,0.06,0.73,732
P3,0.08,0.72,452
P3,0.21,0.50,7286
P3,0.10,0.24,37276
P3,-0.13,0.39,2039
P3,-0.14,0.39,2521
P3,-0.15,0.39,4344
P3,0.15,0.59,826
P3,0.16,0.60,1210
P3,-0.16,0.34,25362
P3,0.06,0.30,5352
P3,0.06,0.31,4675
P3,0.07,0.31,4244
P3,0.07,0.30,4464
P3,-0.02,0.65,1345
P3,-0.02,0.64,1330
P3,-0.09,1.37,194
P3,-0.10,1.37,288
P3,-0.11,1.37,264
P3,0.12,0.71,321
P3,0.13,0.71,416
P3,0.12,0.24,6342
P3,-0.11,0.43,1215
P3,0.06,0.55,1342
P3,0.06,0.56,995
P3,0.07,0.56,884
P3,0.07,0.55,1153
P3,0.08,0.55,1098
P3,0.09,0.50,1098
P3,0.10,0.50,824
P3,0.10,0.51,849
P3,0.11,0.51,772
P3,0.03,0.47,1988
P3,0.04,0.47,1791
P3,0.16,0.38,21306
P3,0.10,1.11,284
P3,0.11,1.11,231
P3,0.11,1.12,206
P3,0.12,1.11,257
P3,0.14,0.29,17723
P3,-0.23,0.81,1208
P3,-0.22,0.81,905
P3,-0.21,0.81,823
P3,0.11,0.25,32680
P3,0.09,0.35,1740
P3,0.10,0.35,1987
P3,0.22,0.71,1873
P3,0.21,0.71,1884
P3,-0.09,0.67,766
P3,-0.10,0.67,779
P3,-0.10,0.66,729
P3,-0.05,0.24,59527
P3,-0.19,0.95,673
P3,-0.18,0.95,509
P3,-0.17,0.95,454
P3,-0.22,0.95,666
P3,-0.20,0.96,936
P3,-0.20,0.95,894
P3,-0.20,0.65,1305
P3,-0.21,0.70,1433
P3,-0.20,0.70,1194
P3,-0.19,0.70,1326
P3,-0.24,0.94,680
P3,-0.24,0.95,452
P3,-0.23,0.95,712
P3,-0.23,0.94,807
P3,-0.21,0.90,895
P3,0.24,0.48,10573
P3,0.23,0.48,15225
P3,-0.01,0.72,740
P3,-0.01,0.71,703
P3,0.01,0.95,467
P3,0.01,0.96,590
P3,-0.23,0.57,4894
P3,-0.04,0.40,2565
P3,-0.03,0.40,2325
P3,-0.03,0.39,2612
P3,-0.02,0.39,2928
P3,0.19,1.02,455
P3,0.18,1.02,497
P3,0.17,1.02,333
P3,0.15,0.61,426
P3,0.14,0.61,335
P3,0.23,0.76,1254
P3,-0.02,0.82,618
P3,0.09,1.02,447
P3,0.09,1.03,530
P3,0.10,1.03,461
P3,0.10,1.02,449
P3,-0.02,0.62,1260
P3,-0.02,0.63,1181
P3,-0.03,0.63,1195
P3,-0.03,0.62,1536
P3,0.24,1.25,173
P3,0.23,1.25,150
P3,0.23,1.24,489
P3,0.24,0.47,13811
P3,0.23,0.47,18361
P3,0.00,0.22,11532
P3,0.19,1.12,573
P3,0.18,1.12,725
P3,0.17,1.12,506
P3,-0.04,0.27,5221
P3,-0.12,0.23,5174
P3,-0.05,0.50,1608
P3,-0.03,0.33,5066
P3,0.08,1.30,360
P3,0.08,1.31,129
P3,-0.15,0.29,6839
P3,0.04,0.43,2198
P3,-0.19,0.92,903
P3,-0.18,0.92,600
P3,-0.17,0.92,559
P3,0.24,0.64,2461
P3,0.24,0.63,2451
P3,0.15,0.38,8556
P3,0.10,0.52,619
P3,0.11,0.52,495
P3,0.12,0.52,791
P3,0.00,0.80,729
P3,0.00,0.81,783
P3,0.01,0.81,698
P3,-0.22,0.71,1772
P3,-0.22,0.72,1684
P3,-0.17,0.37,33573
P3,-0.16,1.02,447
P3,-0.15,1.02,468
P3,-0.06,0.23,15168
P3,-0.20,0.61,2110
P3,-0.19,0.61,1566
P3,-0.18,0.61,1196
P3,-0.05,1.12,401
P3,-0.05,1.13,216
P3,-0.04,1.13,332
P3,-0.04,1.12,351
P3,0.23,0.65,2708
P3,0.22,0.65,2430
P3,0.21,0.65,1813
P3,-0.12,1.03,321
P3,-0.12,1.04,420
P3,-0.13,1.04,346
P3,-0.13,1.03,333
P3,0.24,0.94,387
P3,0.23,0.94,381
P3,0.02,0.42,2525
P3,-0.12,0.30,12783
P3,-0.11,0.30,33738
P3,-0.10,0.30,40760
P3,-0.04,0.33,3770
P3,0.16,0.94,371
P3,0.17,0.94,434
P3,-0.24,0.73,1320
P3,-0.21,0.72,1654
P3,-0.20,0.72,1556
P3,-0.20,0.71,1333
P3,0.01,0.58,1498
P3,0.02,0.58,1415
P3,0.03,0.58,1263
P3,-0.08,0.44,1277
P3,-0.09,0.44,1901
P3,-0.10,0.44,1335
P3,0.04,0.42,2275
P3,0.05,0.73,863
P3,0.05,0.72,593
P3,-0.09,0.63,762
P3,-0.22,1.21,516
P3,-0.21,1.21,425
P3,-0.20,1.21,311
P3,0.06,0.61,817
P3,0.06,0.62,1188
P3,0.05,0.62,1113
P3,0.05,0.61,537
P3,-0.12,1.20,290
P3,-0.11,1.20,305
P3,-0.23,0.73,1689
P3,-0.22,0.73,1409
P3,-0.24,1.25,282
P3,0.12,0.43,1002
P3,0.13,0.42,1439
P3,-0.11,0.75,265
P3,-0.12,0.75,411
P3,-0.08,0.37,1962
P3,-0.08,0.38,1847
P3,-0.09,0.38,1403
P3,-0.09,0.37,1625
P3,0.24,0.68,1398
P3,0.15,0.85,394
P3,0.14,0.85,343
P3,-0.18,0.39,34446
P3,-0.17,0.39,21851
P3,-0.10,0.35,1286
P3,0.19,0.47,3752
P3,0.12,1.06,192
P3,-0.02,0.92,638
P3,-0.02,0.93,401
P3,-0.01,0.93,533
P3,-0.01,0.92,736
P3,0.13,0.90,387
P3,0.14,0.91,374
P3,0.14,0.90,489
P3,0.15,0.90,384
P3,0.16,0.52,750
P3,0.16,0.53,995
P3,-0.08,0.25,9755
P3,-0.09,0.25,13284
P3,-0.09,0.26,10223
P3,-0.10,0.26,17031
P3,0.23,0.56,4833
P3,-0.20,0.59,2176
P3,-0.19,0.54,2781
P3,-0.19,0.55,2775
P3,0.20,0.90,842
P3,0.21,0.90,826
P3,0.22,0.90,898
P3,0.22,0.89,799
P3,-0.18,0.32,338
P3,-0.17,0.32,3072
P3,-0.04,0.37,2620
P3,-0.03,0.37,2532
P3,-0.02,0.37,2373
P3,-0.08,0.34,1389
P3,-0.07,0.34,2111
P3,0.12,0.53,785
P3,0.23,0.46,19379
P3,0.24,0.75,1465
P3,0.23,0.75,1573
P3,-0.20,0.54,3724
P3,-0.18,0.53,1437
P3,-0.20,0.55,3216
P3,-0.20,0.56,3250
P3,-0.21,0.55,3512
P3,0.23,0.88,1158
P3,-0.11,0.76,516
P3,-0.12,0.76,343
P3,-0.13,0.76,387
P3,-0.04,0.44,2407
P3,-0.12,0.81,501
P3,-0.13,0.81,513
P3,-0.20,0.64,1434
P3,-0.11,0.99,424
P3,-0.11,1.00,273
P3,-0.12,1.00,348
P3,-0.12,0.99,503
P3,0.00,0.66,1022
P3,0.01,0.66,1385
P3,0.02,0.66,1127
P3,0.02,0.65,1208
P3,-0.19,0.35,1633
P3,-0.06,0.45,2017
P3,-0.06,0.46,2190
P3,0.01,0.31,4146
P3,0.18,0.44,4687
P3,0.00,0.27,8805
P3,0.01,0.26,8363
P3,0.14,1.05,254
P3,0.14,1.06,301
P3,0.13,1.06,309
P3,0.12,1.05,336
P3,0.10,0.40,1325
P3,0.11,0.41,1090
P3,0.12,0.40,1300
P3,0.18,0.95,533
P3,0.18,0.94,620
P3,-0.21,0.73,1809
P3,-0.18,0.43,6542
P3,-0.03,0.45,2040
P3,-0.24,0.89,863
P3,-0.23,0.89,853
P3,0.22,0.76,1632
P3,0.02,0.60,1498
P3,0.04,0.60,1433
P3,-0.08,0.24,12314
P3,-0.21,0.82,974
P3,-0.20,0.82,964
P3,-0.19,0.82,955
P3,-0.19,0.81,851
P3,0.20,1.12,424
P3,0.20,1.13,537
P3,0.19,1.13,668
P3,0.18,1.13,406
P3,0.21,0.51,6508
P3,0.20,0.51,3540
P3,-0.14,0.63,385
P3,-0.15,0.63,440
P3,-0.15,0.64,395
P3,-0.16,0.64,500
P3,-0.16,0.63,726
P3,-0.04,0.38,1979
P3,0.16,0.25,3
P3,0.01,0.29,4231
P3,0.02,0.31,3496
P3,0.02,0.32,4423
P3,0.03,0.31,3420
P3,0.18,0.31,57
P3,-0.01,0.25,8484
P3,0.22,0.51,7579
P3,-0.13,0.30,29885
P3,-0.07,0.59,926
P3,-0.08,0.59,1065
P3,-0.09,0.59,969
P3,-0.22,0.50,10010
P3,0.05,0.91,310
P3,0.05,0.92,794
P3,-0.16,0.40,6297
P3,-0.15,0.40,3537
P3,0.11,0.70,581
P3,0.11,0.71,381
P3,0.02,0.33,4230
P3,0.01,0.33,5345
P3,0.12,0.20,4623
P3,-0.01,0.63,1281
P3,0.00,0.63,1108
P3,0.00,0.62,994
P3,-0.07,0.33,2317
P3,-0.08,0.33,1906
P3,-0.09,0.33,2318
P3,0.01,0.50,1656
P3,-0.16,0.41,3608
P3,-0.17,0.41,8027
P3,-0.04,0.25,21550
P3,-0.03,0.25,12614
P3,-0.13,0.38,1813
P3,-0.12,0.38,1590
P3,-0.11,0.38,1701
P3,-0.21,0.88,587
P3,-0.19,0.88,946
P3,0.21,0.52,6197
P3,-0.19,0.50,2928
P3,0.24,0.61,3108
P3,0.06,0.48,1410
P3,0.06,0.49,1609
P3,0.07,0.49,1707
P3,0.07,0.48,1283
P3,-0.05,0.82,534
P3,-0.05,0.83,597
P3,-0.06,0.83,613
P3,-0.06,0.82,769
P3,-0.01,0.88,752
P3,-0.01,0.89,871
P3,0.00,0.89,675
P3,0.00,0.88,648
P3,0.00,0.32,8981
P3,-0.22,0.49,11943
P3,-0.04,0.55,1691
P3,-0.03,0.28,4961
P3,-0.20,0.38,1148
P3,0.19,0.56,2133
P3,0.18,0.56,1392
P3,0.17,0.56,808
P3,0.23,1.36,383
P3,0.23,1.37,276
P3,0.22,1.37,243
P3,0.21,1.37,115
P3,0.21,1.36,271
P3,0.12,0.94,358
P3,0.12,0.95,354
P3,0.13,0.94,248
P3,-0.24,1.30,158
P3,0.20,0.59,2056
P3,0.19,0.59,1751
P3,0.24,0.76,1324
P3,-0.05,0.25,43799
P3,-0.11,0.37,1782
P3,-0.12,0.37,1888
P3,0.08,0.49,1268
P3,0.09,0.49,1120
P3,0.06,0.29,4122
P3,0.05,0.30,6196
P3,0.04,0.30,4619
P3,0.04,0.29,7001
P3,-0.13,0.35,10214
P3,0.14,0.45,1153
P3,0.02,0.82,827
P3,0.02,0.83,899
P3,-0.19,0.47,4866
P3,-0.09,0.28,36529
P3,-0.09,0.27,19997
P3,0.17,1.38,178
P3,0.18,1.38,234
P3,0.19,1.38,396
P3,-0.23,0.48,14262
P3,-0.16,0.48,1300
P3,-0.14,0.49,1267
P3,-0.14,0.48,988
P3,-0.11,0.41,1870
P3,-0.11,0.42,1143
P3,-0.12,0.42,1163
P3,0.22,1.39,80
P3,-0.11,0.55,709
P3,-0.12,0.55,740
P3,-0.02,0.98,650
P3,-0.02,0.99,906
P3,-0.01,0.99,493
P3,-0.01,0.98,501
P3,-0.18,0.82,790
P3,-0.19,0.83,1003
P3,-0.23,0.53,6671
P3,0.22,0.55,4142
P3,0.21,0.55,3400
P3,-0.02,1.06,554
P3,-0.02,1.07,511
P3,-0.13,0.46,1122
P3,0.09,0.20,10416
P3,0.08,0.20,22496
P3,0.11,0.45,1171
P3,0.11,0.46,1386
P3,0.12,0.46,1120
P3,0.13,0.46,1144
P3,0.13,0.45,1219
P3,-0.03,0.36,2558
P3,0.23,0.72,1961
P3,-0.14,0.71,437
P3,-0.15,0.71,380
P3,-0.16,0.71,340
P3,0.20,0.71,1394
P3,-0.18,0.70,1175
P3,-0.17,0.70,727
P3,0.00,0.25,117704
P3,0.24,1.06,351
P3,0.01,0.25,8814
P3,0.16,0.42,2742
P3,-0.10,0.34,1642
P3,-0.11,0.34,3620
P3,0.20,0.47,4908
P3,0.24,0.62,2795
P3,-0.10,0.41,1387
P3,-0.22,0.64,2351
P3,-0.21,0.76,1002
P3,-0.13,1.22,51
P3,-0.14,1.22,152
P3,-0.14,1.23,413
P3,-0.15,1.22,195
P3,-0.11,0.40,1530
P3,-0.13,0.40,1728
P3,-0.11,0.29,13151
P3,-0.02,0.40,2686
P3,0.19,1.11,400
P3,0.18,1.11,314
P3,-0.06,1.09,435
P3,-0.06,1.10,297
P3,-0.24,1.21,396
P3,-0.24,1.20,313
P3,-0.23,1.20,558
P3,0.16,0.96,373
P3,0.16,0.97,465
P3,0.15,0.97,382
P3,0.15,0.96,383
P3,0.20,0.38,1077
P3,0.09,0.36,1625
P3,0.14,0.77,439
P3,0.15,0.77,420
P3,0.15,0.76,277
P3,0.16,0.76,469
P3,-0.04,0.43,1818
P3,-0.01,0.34,3967
P3,0.00,0.34,4061
P3,-0.21,0.91,884
P3,-0.20,0.91,823
P3,0.19,0.65,1043
P3,0.20,0.65,1432
P3,-0.20,0.68,1295
P3,-0.19,0.68,1051
P3,0.22,0.58,3293
P3,0.22,0.59,3426
P3,0.21,0.58,2506
P3,0.23,0.95,767
P3,-0.03,0.29,5415
P3,-0.08,0.42,1970
P3,-0.09,0.42,2181
P3,-0.17,0.46,2737
P3,-0.17,0.47,1844
P3,-0.16,0.47,1383
P3,0.21,1.33,234
P3,0.22,1.33,145
P3,-0.18,0.69,922
P3,0.09,0.41,1542
P3,-0.18,0.47,3436
P3,0.00,0.58,1276
P3,0.00,0.57,1371
P3,0.14,0.35,27090
P3,0.13,0.35,9242
P3,-0.09,1.13,322
P3,-0.09,1.14,253
P3,0.05,0.45,1687
P3,-0.03,0.98,462
P3,-0.03,0.99,759
P3,-0.09,0.32,5461
P3,-0.03,0.97,242
P3,-0.02,0.97,220
P3,0.07,0.38,2321
P3,0.20,0.39,6776
P3,-0.05,0.69,672
P3,-0.05,0.70,1141
P3,-0.04,0.70,1210
P3,-0.04,0.69,673
P3,-0.24,1.19,269
P3,-0.23,1.19,265
P3,-0.22,1.19,323
P3,-0.24,0.79,1138
P3,0.05,0.81,794
P3,0.05,0.82,671
P3,0.06,0.81,579
P3,0.07,0.81,734
P3,0.19,0.34,888
P3,0.18,0.34,2652
P3,-0.20,0.97,669
P3,-0.20,0.98,783
P3,0.15,0.68,278
P3,0.16,0.68,372
P3,0.16,0.69,586
P3,0.17,0.69,460
P3,0.17,0.68,395
P3,-0.15,0.98,289
P3,-0.14,0.98,281
P3,-0.13,0.98,224
P3,0.13,0.79,304
P3,0.13,0.80,468
P3,0.14,0.80,508
P3,0.14,0.79,386
P3,0.18,0.97,525
P3,0.17,0.97,479
P3,0.06,0.46,1581
P3,0.07,0.47,1531
P3,-0.06,0.29,5165
P3,-0.06,0.30,5060
P3,0.12,0.67,666
P3,0.13,0.67,495
P3,0.13,0.68,372
P3,0.14,0.67,287
P3,-0.09,0.34,1667
P3,-0.09,0.35,1543
P3,-0.01,0.75,781
P3,0.06,0.23,16386
P3,0.00,0.35,3160
P3,0.00,0.36,2915
P3,-0.22,1.00,434
P3,-0.21,1.00,494
P3,-0.21,0.99,584
P3,0.07,0.65,682
P3,0.07,0.66,833
P3,0.08,0.66,692
P3,0.08,0.65,703
P3,0.04,0.64,1389
P3,0.04,0.65,1366
P3,0.03,0.65,1562
P3,0.02,0.64,1200
P3,0.24,0.99,587
P3,0.24,0.98,581
P3,0.23,0.98,648
P3,0.04,0.48,1389
P3,0.05,0.48,1675
P3,0.05,0.47,1618
P3,0.03,0.55,1429
P3,0.04,0.55,1563
P3,0.04,0.56,1336
P3,0.05,0.56,1096
P3,0.05,0.55,1414
P3,-0.05,0.52,1559
P3,-0.06,0.52,1493
P3,-0.07,0.52,1474
P3,0.08,0.21,57924
P3,0.07,0.29,7003
P3,-0.23,0.52,7108
P3,-0.08,0.22,33578
P3,-0.16,0.99,424
P3,-0.15,0.99,422
P3,-0.17,1.01,312
P3,-0.16,1.01,280
P3,-0.15,1.01,331
P3,0.23,0.55,5786
P3,0.24,0.84,1380
P3,0.23,0.84,1612
P3,0.23,0.85,1009
P3,0.22,0.85,1291
P3,-0.04,0.52,1454
P3,-0.04,0.53,955
P3,0.05,0.33,3410
P3,-0.13,0.21,5619
P3,-0.12,0.21,10891
P3,0.13,0.57,712
P3,0.14,0.57,821
P3,-0.23,0.63,3000
P3,-0.23,0.64,3285
P3,-0.22,0.63,2721
P3,0.19,0.40,38144
P3,-0.17,1.17,224
P3,-0.15,1.17,377
P3,0.11,0.38,1498
P3,-0.04,0.81,634
P3,0.12,0.33,27634
P3,0.12,0.34,8193
P3,-0.08,1.30,244
P3,-0.09,1.30,247
P3,-0.10,1.30,255
P3,-0.10,0.40,1333
P3,0.16,1.33,366
P3,0.15,1.33,343
P3,0.14,1.33,247
P3,-0.11,0.80,475
P3,-0.12,0.80,469
P3,0.15,0.27,3110
P3,0.04,1.09,319
P3,0.05,1.09,454
P3,0.01,0.62,1182
P3,0.01,0.63,1009
P3,0.13,0.47,1042
P3,0.14,0.47,1027
P3,0.15,0.47,938
P3,-0.01,0.43,2487
P3,0.00,0.43,2471
P3,-0.18,0.89,647
P3,-0.17,0.89,589
P3,-0.17,0.88,449
P3,0.15,0.41,2413
P3,-0.20,0.73,1715
P3,-0.20,0.74,1168
P3,-0.21,0.74,1379
P3,0.06,0.26,45419
P3,-0.10,0.24,37326
P3,0.17,0.53,1136
P3,0.17,0.54,897
P3,-0.07,0.55,1729
P3,-0.07,0.56,914
P3,-0.08,0.56,1035
P3,-0.08,0.55,1457
P3,0.11,0.47,1342
P3,0.12,0.47,1417
P3,-0.10,0.71,436
P3,-0.11,0.71,358
P3,-0.12,0.70,298
P3,-0.18,0.59,1445
P3,-0.19,0.59,1911
P3,-0.11,0.28,12200
P3,-0.21,0.71,1870
P3,-0.19,0.71,1196
P3,-0.19,0.58,1828
P3,0.14,0.73,494
P3,0.15,0.73,571
P3,0.16,0.73,747
P3,-0.18,0.56,1561
P3,-0.18,0.57,1396
P3,-0.17,0.57,1002
P3,-0.17,0.56,1037
P3,0.24,0.74,1464
P3,0.23,0.74,2016
P3,0.04,0.38,2420
P3,-0.24,0.78,1324
P3,-0.23,0.78,1323
P3,0.03,0.43,2118
P3,0.03,0.42,2261
P3,0.19,0.77,658
P3,0.18,0.77,641
P3,0.17,0.77,495
P3,-0.24,0.61,3012
P3,0.10,0.62,572
P3,0.11,0.62,797
P3,-0.01,0.37,2208
P3,-0.01,0.36,2906
P3,0.24,1.16,154
P3,0.24,1.17,234
P3,0.23,1.17,413
P3,0.23,1.16,226
P3,0.22,1.16,346
P3,-0.07,1.03,454
P3,-0.08,1.03,454
P3,-0.09,1.03,452
P3,-0.09,1.02,375
P3,0.15,1.04,589
P3,0.14,1.04,418
P3,0.03,0.72,529
P3,0.04,0.72,707
P3,-0.16,0.39,9114
P3,-0.14,0.40,2088
P3,0.01,0.57,1607
P3,0.01,0.56,1416
P3,0.24,0.86,945
P3,-0.09,0.51,730
P3,-0.09,0.52,938
P3,-0.10,0.51,709
P3,-0.21,0.63,1861
P3,0.23,0.99,733
P3,0.22,0.99,643
P3,0.21,0.99,610
P3,0.17,1.33,336
P3,0.18,1.33,298
P3,0.19,1.33,211
P3,-0.21,1.20,334
P3,-0.19,1.21,362
P3,-0.19,1.20,442
P3,-0.24,1.26,290
P3,-0.23,1.26,427
P3,-0.23,1.25,267
P3,0.21,1.06,572
P3,0.21,1.07,627
P3,0.20,1.07,730
P3,0.20,1.06,629
P3,0.01,0.78,703
P3,0.02,0.78,668
P3,-0.01,0.70,1153
P3,0.00,0.70,912
P3,-0.06,0.39,2112
P3,-0.06,0.38,2035
P3,0.13,0.95,434
P3,0.19,0.57,2141
P3,0.20,0.57,2130
P3,0.20,0.58,2281
P3,0.18,0.43,5854
P3,0.17,0.43,4198
P3,-0.01,0.27,8005
P3,0.18,0.65,1159
P3,0.18,0.64,943
P3,0.02,1.09,453
P3,0.03,1.09,553
P3,0.02,0.45,2177
P3,-0.02,0.71,567
P3,-0.02,0.72,937
P3,-0.03,0.72,997
P3,-0.21,0.97,747
P3,-0.14,0.89,452
P3,-0.13,0.89,403
P3,-0.11,0.33,9137
P3,-0.10,0.33,4457
P3,-0.19,0.91,633
P3,-0.18,0.91,489
P3,0.24,1.12,269
P3,0.23,1.12,553
P3,0.22,1.12,453
P3,-0.05,0.34,3350
P3,-0.05,0.33,3161
P3,-0.19,0.36,2181
P3,-0.16,0.45,1868
P3,-0.16,0.46,1703
P3,0.08,0.26,26417
P3,0.01,0.92,426
P3,0.01,0.93,556
P3,0.11,0.64,653
P3,0.12,0.64,582
P3,-0.10,0.31,29445
P3,-0.11,0.31,39153
P3,0.13,0.55,984
P3,-0.23,0.60,4029
P3,0.03,0.44,1981
P3,0.23,0.61,3504
P3,-0.10,0.79,573
P3,-0.10,0.80,493
P3,-0.11,0.79,413
P3,-0.08,0.97,412
P3,-0.08,0.98,307
P3,-0.09,0.98,362
P3,-0.09,0.97,574
P3,-0.24,0.74,1248
P3,-0.05,0.84,558
P3,-0.06,0.84,469
P3,-0.07,0.84,516
P3,-0.24,0.77,1221
P3,-0.01,0.35,3444
P3,-0.13,0.70,487
P3,-0.13,0.71,376
P3,-0.14,0.70,427
P3,0.07,0.35,2340
P3,-0.22,0.69,2132
P3,-0.21,0.69,1741
P3,0.16,0.43,2474
P3,0.01,0.49,1809
P3,-0.20,0.81,768
P3,0.19,0.54,2959
P3,0.19,0.55,2540
P3,0.20,0.55,3366
P3,0.20,0.54,3716
P3,0.21,0.56,3490
P3,0.20,0.56,2498
P3,0.16,0.27,577
P3,0.01,0.46,2786
P3,-0.01,0.46,2329
P3,0.20,0.88,685
P3,0.16,0.54,810
P3,0.14,0.96,359
P3,0.23,0.90,1217
P3,-0.07,0.74,778
P3,-0.07,0.75,957
P3,-0.08,0.75,742
P3,-0.08,0.74,796
P3,0.12,0.30,13302
P3,0.23,0.80,1388
P3,0.22,0.80,1313
P3,0.21,0.80,978
P3,0.03,0.29,6283
P3,-0.17,0.48,1653
P3,-0.18,0.49,1976
P3,-0.18,0.48,2482
P3,0.00,0.90,702
P3,0.00,0.91,566
P3,0.01,0.91,569
P3,0.01,0.90,533
P3,-0.12,0.64,700
P3,-0.13,0.64,498
P3,0.19,0.84,528
P3,-0.24,0.93,706
P3,-0.23,0.93,839
P3,0.13,0.31,16840
P3,0.20,0.62,1635
P3,0.11,0.72,508
P3,0.19,0.68,1381
P3,0.19,0.67,804
P3,-0.18,1.00,440
P3,-0.17,1.00,349
P3,-0.16,1.00,287
P3,0.19,0.66,1143
P3,0.18,0.66,848
P3,0.18,0.67,826
P3,0.17,0.67,785
P3,0.17,0.66,490
P3,-0.17,0.93,570
P3,-0.17,0.94,513
P3,-0.18,0.94,812
P3,-0.18,0.93,731
P3,-0.19,0.93,757
P3,0.02,0.54,1724
P3,0.02,0.29,4113
P3,0.02,0.30,3722
P3,0.01,0.30,3915
P3,0.18,0.47,2973
P3,-0.20,0.62,1937
P3,-0.20,0.80,1061
P3,-0.21,0.80,1205
P3,0.01,0.69,1122
P3,0.01,0.70,751
P3,-0.24,0.80,1170
P3,-0.24,0.81,1284
P3,-0.22,0.80,951
P3,-0.09,1.16,302
P3,-0.10,1.16,341
P3,-0.11,1.16,289
P3,-0.04,0.46,2029
P3,0.20,0.87,530
P3,0.20,0.86,604
P3,0.05,0.20,25295
P3,-0.24,1.22,392
P3,-0.23,1.22,502
P3,-0.23,1.21,421
P3,0.08,1.26,155
P3,0.09,1.26,394
P3,0.09,1.27,244
P3,0.10,1.26,208
P3,0.13,0.49,794
P3,0.12,0.48,1175
P3,0.05,0.31,4287
P3,0.04,0.31,3949
P3,0.03,0.30,3796
P3,-0.04,1.23,275
P3,-0.04,1.24,437
P3,-0.05,1.24,364
P3,-0.05,1.23,188
P3,0.01,0.38,2970
P3,0.02,0.38,2400
P3,0.03,0.38,2321
P3,-0.13,1.28,154
P3,-0.13,1.29,91
P3,-0.14,1.29,325
P3,-0.14,1.28,198
P3,0.17,0.57,1031
P3,0.16,0.57,724
P3,0.22,0.79,1460
P3,0.23,0.79,1273
P3,-0.02,0.45,1696
P3,0.17,0.60,1082
P3,0.17,0.61,1108
P3,-0.11,0.73,598
P3,-0.11,0.74,559
P3,-0.12,0.74,475
P3,-0.13,0.74,452
P3,-0.13,0.73,433
P3,0.11,1.05,377
P3,0.13,1.05,280
P3,-0.14,0.87,342
P3,-0.14,0.88,497
P3,-0.15,0.88,576
P3,-0.16,0.88,383
P3,0.23,1.11,481
P3,0.24,1.11,289
P3,0.24,1.10,319
P3,-0.01,0.57,1215
P3,-0.02,0.57,1352
P3,0.13,1.04,484
P3,0.12,1.04,483
P3,0.11,1.04,244
P3,0.11,1.03,512
P3,-0.07,0.58,899
P3,-0.09,0.58,700
P3,-0.09,0.50,1049
P3,-0.11,0.51,883
P3,-0.11,0.50,909
P3,0.03,0.66,1142
P3,0.04,0.66,1187
P3,0.15,1.00,283
P3,0.14,1.00,284
P3,-0.15,0.56,650
P3,-0.07,0.63,812
P3,-0.07,0.64,691
P3,-0.08,0.64,923
P3,-0.08,0.63,963
P3,0.04,1.05,314
P3,0.05,1.05,392
P3,0.09,0.89,437
P3,0.10,0.89,387
P3,0.06,1.31,332
P3,0.06,1.32,247
P3,0.07,1.32,226
P3,0.07,1.31,150
P3,0.08,0.22,33082
P3,0.09,0.22,43739
P3,0.08,0.63,556
P3,0.08,0.64,1104
P3,-0.20,0.69,1168
P3,-0.19,0.69,973
P3,-0.06,0.20,38353
P3,0.11,0.66,469
P3,0.12,0.66,449
P3,0.13,0.66,346
P3,0.07,0.60,1180
P3,0.07,0.61,1046
P3,0.09,0.60,1277
P3,0.19,0.79,773
P3,0.18,0.79,697
P3,0.17,0.79,517
P3,0.07,0.42,1795
P3,-0.14,0.81,463
P3,-0.15,0.81,477
P3,-0.15,0.80,364
P3,0.18,0.74,782
P3,0.17,0.74,531
P3,0.16,0.74,467
P3,0.23,1.19,490
P3,0.22,1.19,509
P3,0.22,1.20,560
P3,0.21,1.19,337
P3,0.12,0.31,29056
P3,0.11,0.33,9448
P3,0.14,0.68,335
P3,0.15,0.67,319
P3,0.11,0.67,618
P3,-0.03,0.60,1241
P3,-0.03,0.61,1035
P3,-0.04,0.61,1243
P3,-0.05,0.60,981
P3,-0.15,0.53,596
P3,-0.16,0.53,837
P3,-0.17,0.53,1292
P3,0.14,0.64,580
P3,0.15,0.64,804
P3,0.16,0.64,673
P3,0.08,0.74,847
P3,0.09,0.74,754
P3,0.10,0.74,585
P3,0.07,0.27,45254
P3,0.07,0.28,16903
P3,0.06,0.28,7773
P3,-0.04,0.54,1229
P3,-0.23,1.36,279
P3,-0.23,1.37,346
P3,-0.22,1.37,200
P3,-0.21,1.37,117
P3,-0.21,1.36,254
P3,-0.12,1.31,400
P3,-0.13,1.31,252
P3,-0.13,1.30,292
P3,-0.19,0.64,1263
P3,-0.02,0.44,1695
P3,0.18,0.33,1348
P3,-0.05,0.31,4586
P3,-0.05,0.30,5792
P3,-0.09,0.39,1779
P3,-0.10,0.39,1416
P3,-0.10,0.38,1573
P3,-0.09,1.12,306
P3,-0.10,1.12,272
P3,-0.11,1.12,387
P3,-0.11,1.11,237
P3,0.23,1.31,342
P3,0.23,1.32,522
P3,0.24,1.32,297
P3,0.24,1.31,295
P3,-0.18,0.88,707
P3,-0.17,0.87,616
P3,-0.21,0.95,826
P3,0.24,1.36,245
P3,-0.08,0.48,1209
P3,-0.07,0.49,1093
P3,-0.07,0.48,1360
P3,-0.04,0.65,1218
P3,-0.04,0.66,913
P3,-0.03,0.66,1040
P3,-0.03,0.65,1053
P3,-0.11,0.21,7449
P3,-0.17,0.45,2813
P3,-0.21,1.30,218
P3,-0.20,1.30,268
P3,-0.19,1.30,368
P3,0.01,0.41,2109
P3,0.22,0.92,608
P3,0.21,0.92,863
P3,0.20,0.92,911
P3,0.11,0.22,4947
P3,-0.07,0.78,475
P3,-0.08,0.78,500
P3,-0.18,0.81,637
P3,-0.17,0.81,519
P3,0.19,0.72,856
P3,0.18,0.72,488
P3,0.18,0.84,535
P3,0.17,0.84,536
P3,0.17,0.85,448
P3,0.16,0.84,406
P3,0.11,0.48,1114
P3,0.10,0.47,1159
P3,-0.04,0.88,602
P3,-0.04,0.89,556
P3,-0.07,0.95,215
P3,-0.08,0.96,293
P3,-0.09,0.96,344
P3,-0.09,0.95,163
P3,-0.17,0.96,417
P3,-0.16,0.96,379
P3,-0.15,0.96,365
P3,-0.02,0.43,2513
P3,0.11,0.97,176
P3,0.12,0.98,437
P3,0.04,0.46,2269
P3,0.24,1.18,200
P3,0.09,0.55,743
P3,0.09,0.56,1165
P3,0.10,0.55,990
P3,-0.02,0.36,3195
P3,0.24,0.81,964
P3,0.23,0.81,1425
P3,0.03,0.94,504
P3,0.03,0.95,326
P3,0.04,0.95,449
P3,0.04,0.94,446
P3,0.23,0.73,1299
P3,0.22,0.73,1689
P3,0.09,0.23,40376
P3,0.10,0.23,34587
P3,0.03,0.46,2438
P3,0.11,0.34,3905
P3,-0.11,0.22,4870
P3,-0.06,0.67,901
P3,0.11,0.89,388
P3,0.02,0.47,1964
P3,0.01,0.47,2137
P3,0.02,0.46,2291
P3,0.12,0.74,475
P3,0.13,0.74,414
P3,-0.04,0.97,291
P3,-0.04,0.98,274
P3,-0.05,0.98,478
P3,-0.05,0.97,362
P3,-0.06,0.97,353
P3,0.19,0.92,555
P3,0.20,0.52,4174
P3,-0.09,0.36,1662
P3,-0.12,1.02,251
P3,-0.11,1.03,470
P3,-0.11,1.02,295
P3,-0.10,1.02,252
P3,0.07,0.21,28723
P3,0.13,0.87,332
P3,0.13,0.88,280
P3,0.14,0.88,399
P3,0.15,0.88,420
P3,0.17,0.47,2739
P3,0.17,0.65,744
P3,0.16,0.65,532
P3,-0.10,0.56,736
P3,-0.10,0.57,996
P3,-0.11,0.56,801
P3,0.00,1.14,264
P3,0.00,1.15,430
P3,0.02,0.86,608
P3,0.02,0.87,520
P3,0.03,0.87,470
P3,0.03,0.86,498
P3,-0.12,0.31,28525
P3,-0.04,0.71,550
P3,-0.04,0.51,1463
P3,0.24,0.83,1137
P3,-0.03,1.27,283
P3,-0.03,1.26,232
P3,0.04,1.02,406
P3,0.04,1.03,437
P3,0.05,1.03,494
P3,0.05,1.02,188
P3,-0.22,0.98,747
P3,-0.21,0.98,742
P3,0.17,0.86,478
P3,0.16,0.86,526
P3,0.15,0.86,356
P3,0.18,0.53,1730
P3,0.17,0.52,1092
P3,0.23,0.71,1816
P3,0.24,0.71,1371
P3,0.24,0.70,1356
P3,0.06,0.76,425
P3,0.06,0.77,820
P3,0.07,0.77,578
P3,0.07,0.76,309
P3,0.21,0.57,2783
P3,-0.18,0.55,1440
P3,0.07,0.43,1338
P3,0.05,0.46,1850
P3,-0.14,0.64,444
P3,0.14,0.42,1312
P3,-0.14,0.99,314
P3,0.14,0.72,407
P3,-0.23,1.02,452
P3,-0.23,1.03,834
P3,-0.22,1.03,622
P3,-0.21,1.03,633
P3,-0.21,1.02,574
P3,-0.03,0.46,2328
P3,0.15,0.78,341
P3,0.15,0.79,395
P3,0.16,0.79,437
P3,0.17,0.78,461
P3,-0.15,0.70,371
P3,-0.16,0.70,433
P3,-0.19,1.27,350
P3,-0.18,1.27,394
P3,-0.10,0.53,749
P3,-0.11,0.53,728
P3,-0.22,0.66,2134
P3,-0.22,0.67,1864
P3,-0.21,0.67,1766
P3,-0.20,0.83,1059
P3,-0.19,0.84,745
P3,-0.18,0.84,552
P3,0.15,0.56,539
P3,0.16,0.56,779
P3,0.22,0.81,1376
P3,0.11,0.69,658
P3,0.12,0.69,479
P3,-0.05,0.80,661
P3,-0.05,0.81,708
P3,0.11,0.40,1057
P3,-0.01,0.58,1183
P3,-0.02,0.58,1206
P3,0.03,1.02,261
P3,0.03,1.03,464
P3,0.02,1.03,704
P3,0.02,1.02,466
P3,0.15,1.03,490
P3,0.14,1.03,419
P3,0.13,1.03,337
P3,-0.10,0.42,1421
P3,0.20,0.89,830
P3,0.19,0.90,695
P3,0.19,0.89,805
P3,0.18,0.89,739
P3,0.09,0.68,682
P3,0.10,0.68,528
P3,0.11,0.68,487
P3,-0.03,0.85,559
P3,-0.04,0.84,464
P3,-0.13,0.45,1195
P3,-0.11,0.45,1079
P3,0.02,0.34,4005
P3,0.01,0.34,3751
P3,-0.03,1.01,342
P3,-0.03,1.02,325
P3,-0.04,1.02,432
P3,-0.05,1.01,352
P3,0.16,1.07,426
P3,0.15,1.07,411
P3,0.14,1.07,252
P3,-0.16,0.55,1021
P3,0.06,1.21,283
P3,0.06,1.20,168
P3,-0.02,0.61,918
P3,-0.01,0.61,831
P3,-0.01,0.60,1145
P3,0.08,0.23,16017
P3,-0.22,0.82,1246
P3,-0.22,0.83,1272
P3,-0.21,0.83,950
P3,-0.24,1.03,658
P3,-0.24,1.04,591
P3,-0.23,1.04,842
P3,-0.22,1.04,769
P3,0.23,1.00,663
P3,0.23,1.01,601
P3,0.18,0.59,1381
P3,-0.21,0.39,187
P3,0.12,1.36,128
P3,0.13,1.36,166
P3,0.14,1.36,136
P3,0.01,0.32,7065
P3,-0.20,0.63,1378
P3,-0.19,0.63,1285
P3,-0.19,0.62,1526
P3,0.21,0.83,809
P3,0.19,0.83,598
P3,0.00,0.44,1917
P3,0.05,0.88,811
P3,0.05,0.89,857
P3,-0.08,0.27,42878
P3,-0.08,0.26,25496
P3,-0.13,0.55,790
P3,-0.13,0.56,610
P3,-0.09,0.72,679
P3,-0.09,0.73,762
P3,-0.10,0.73,775
P3,-0.10,0.72,639
P3,0.00,0.83,855
P3,0.00,0.84,727
P3,0.01,0.83,764
P3,0.01,1.26,290
P3,0.01,1.27,337
P3,0.02,1.26,193
P3,0.09,0.62,751
P3,-0.02,0.42,2433
P3,-0.03,0.42,2325
P3,0.21,0.75,1592
P3,0.20,0.75,1418
P3,0.19,0.74,1119
P3,0.03,0.84,937
P3,0.03,0.85,580
P3,0.02,0.85,410
P3,0.02,0.84,638
P3,-0.21,1.04,504
P3,-0.05,1.21,213
P3,-0.05,1.22,181
P3,-0.07,0.45,2018
P3,-0.19,0.73,791
P3,0.17,0.90,480
P3,0.18,0.90,519
P3,-0.01,1.08,337
P3,-0.01,1.09,369
P3,-0.02,1.08,194
P3,-0.03,1.08,292
P3,-0.01,0.56,1607
P3,-0.02,0.56,1762
P3,-0.03,0.56,1321
P3,-0.01,1.22,174
P3,-0.01,1.23,232
P3,-0.17,0.64,1000
P3,-0.18,0.64,874
P3,-0.18,0.65,968
P3,-0.19,0.65,969
P3,0.03,0.89,669
P3,0.04,0.89,511
P3,0.22,0.75,1654
P3,0.13,0.40,1408
P3,-0.05,0.32,2766
P3,-0.06,0.32,2941
P3,0.24,1.01,424
P3,0.24,1.00,459
P3,-0.22,0.99,612
P3,-0.04,0.63,974
P3,-0.19,1.02,593
P3,-0.20,1.02,656
P3,-0.20,1.03,599
P3,0.16,0.85,481
P3,-0.14,0.20,64
P3,-0.13,0.20,1176
P3,-0.07,0.29,8129
P3,0.11,1.15,233
P3,0.11,1.16,359
P3,0.02,0.69,828
P3,0.02,0.70,923
P3,-0.09,0.74,578
P3,0.17,1.35,166
P3,0.16,1.35,186
P3,0.15,1.35,165
P3,0.14,0.55,794
P3,0.15,0.55,691
P3,0.16,0.55,780
P3,0.14,1.11,243
P3,0.14,1.12,282
P3,0.13,1.12,229
P3,0.13,1.11,266
P3,-0.01,1.18,290
P3,0.00,1.18,227
P3,0.00,1.17,173
P3,0.16,1.02,244
P3,0.01,0.60,1589
P3,0.01,0.61,1294
P3,0.07,0.22,15351
P3,0.01,1.06,248
P3,0.01,1.07,362
P3,0.09,0.63,503
P3,0.10,0.64,593
P3,0.11,0.43,962
P3,0.12,0.44,829
P3,0.20,0.99,577
P3,0.19,0.99,463
P3,0.18,0.99,400
P3,0.21,1.04,915
P3,0.23,1.04,781
P3,-0.19,0.74,748
P3,-0.18,0.73,601
P3,-0.17,0.73,467
P3,-0.05,0.40,2001
P3,-0.05,0.41,2146
P3,-0.06,0.41,1719
P3,-0.07,0.41,1973
P3,-0.07,0.40,2364
P3,0.07,0.82,394
P3,0.08,0.82,644
P3,0.10,0.48,1140
P3,0.10,0.49,917
P3,-0.01,0.59,1341
P3,-0.03,0.59,1178
P3,0.06,0.89,417
P3,0.07,0.89,413
P3,0.08,0.89,404
P3,-0.08,0.87,576
P3,-0.09,0.87,442
P3,0.19,0.62,1241
P3,-0.05,0.37,2214
P3,0.07,0.62,1101
P3,-0.08,1.07,379
P3,0.11,0.35,1915
P3,0.12,0.35,3459
P3,0.09,0.45,1412
P3,0.10,0.45,1551
P3,-0.17,1.08,483
P3,-0.16,1.08,335
P3,-0.16,1.07,510
P3,0.18,0.85,510
P3,0.05,1.12,326
P3,0.05,1.13,307
P3,0.06,1.12,183
P3,0.08,0.38,1863
P3,-0.13,0.63,407
P3,0.18,0.54,1242
P3,-0.13,0.42,1131
P3,0.06,0.34,2728
P3,0.02,0.92,419
P3,0.00,0.93,635
P3,0.00,0.92,590
P3,-0.16,0.91,504
P3,-0.15,0.91,509
P3,-0.15,0.92,506
P3,-0.14,0.92,437
P3,-0.14,0.91,393
P3,-0.18,1.19,611
P3,-0.17,1.19,549
P3,-0.02,0.38,2391
P3,-0.23,0.92,841
P3,0.07,0.39,2362
P3,0.08,0.39,1798
P3,0.09,0.39,1521
P3,-0.07,0.28,16474
P3,0.24,0.79,1013
P3,0.23,0.78,1239
P3,-0.24,0.92,589
P3,-0.16,0.25,4
P3,-0.03,0.92,533
P3,-0.04,0.92,579
P3,-0.04,0.93,561
P3,-0.05,0.93,472
P3,-0.05,0.92,382
P3,0.16,0.61,815
P3,0.19,1.16,363
P3,0.18,1.16,473
P3,0.17,1.16,399
P3,0.12,0.62,705
P3,0.12,0.61,460
P3,-0.15,1.26,361
P3,-0.15,1.27,248
P3,-0.16,1.27,207
P3,-0.16,1.26,272
P3,-0.18,0.54,1155
P3,-0.03,0.38,2311
P3,0.21,0.89,956
P3,-0.05,0.57,1470
P3,-0.05,0.58,896
P3,-0.19,0.79,785
P3,-0.20,0.77,1057
P3,-0.20,0.76,809
P3,0.15,1.20,296
P3,0.16,1.20,315
P3,-0.24,1.32,242
P3,0.09,0.48,1052
P3,-0.17,0.28,31
P3,0.15,0.36,28714
P3,0.01,0.76,1049
P3,0.02,0.75,804
P3,0.13,0.85,353
P3,0.13,0.86,159
P3,0.14,0.86,188
P3,-0.22,0.70,1933
P3,0.24,0.82,994
P3,-0.12,1.08,358
P3,-0.13,1.08,423
P3,-0.14,1.08,266
P3,0.13,0.61,278
P3,0.13,0.62,532
P3,0.14,0.62,446
P3,0.09,0.54,961
P3,0.15,0.80,515
P3,0.16,0.80,448
P3,-0.16,0.81,478
P3,-0.11,1.13,184
P3,-0.11,1.14,179
P3,-0.12,1.14,219
P3,-0.12,1.13,223
P3,-0.13,1.13,255
P3,-0.15,1.25,270
P3,-0.16,1.25,236
P3,-0.17,1.25,208
P3,-0.17,1.24,263
P3,-0.07,0.61,1063
P3,-0.08,0.61,911
P3,-0.09,0.60,722
P3,0.07,1.22,89
P3,0.08,1.22,280
P3,0.09,1.22,245
P3,-0.14,0.79,461
P3,-0.14,0.80,470
P3,-0.15,0.79,512
P3,0.08,0.73,669
P3,0.17,0.91,346
P3,0.16,0.91,423
P3,0.15,0.91,415
P3,-0.16,1.05,520
P3,-0.15,1.05,379
P3,0.12,0.87,510
P3,0.22,0.94,601
P3,0.01,0.51,1364
P3,0.02,0.51,1419
P3,0.02,0.52,1873
P3,0.03,0.51,1424
P3,-0.13,0.85,357
P3,-0.14,0.85,345
P3,-0.15,0.85,567
P3,-0.15,0.84,412
P3,0.14,0.54,649
P3,0.15,0.54,529
P3,-0.13,0.96,249
P3,-0.14,0.96,245
P3,0.13,0.41,1483
P3,0.09,0.21,40113
P3,0.10,0.21,7919
P3,-0.09,0.54,820
P3,-0.10,0.54,1036
P3,-0.11,0.54,896
P3,-0.09,0.43,1942
P3,0.13,0.48,886
P3,0.00,0.59,1192
P3,0.00,0.60,1197
P3,0.01,0.59,1436
P3,-0.17,1.05,446
P3,-0.17,1.06,347
P3,-0.18,1.06,453
P3,-0.18,1.05,432
P3,0.23,0.86,795
P3,0.22,0.86,773
P3,-0.04,1.17,263
P3,-0.03,1.17,303
P3,-0.03,1.18,431
P3,-0.16,0.67,512
P3,-0.16,0.68,570
P3,-0.17,0.68,471
P3,-0.16,0.92,450
P3,0.06,1.11,488
P3,0.05,1.11,376
P3,0.11,0.53,683
P3,0.13,0.52,650
P3,0.08,0.77,556
P3,0.08,0.78,668
P3,0.09,0.78,475
P3,0.09,0.77,658
P3,-0.14,1.14,173
P3,-0.14,1.15,342
P3,-0.15,1.15,395
P3,-0.16,1.14,291
P3,0.04,0.54,1808
P3,-0.06,0.69,671
P3,-0.06,0.70,1465
P3,0.15,0.66,303
P3,0.14,0.66,452
P3,0.05,0.59,1124
P3,0.06,0.59,1245
P3,0.06,0.60,1212
P3,0.07,0.59,1156
P3,0.14,0.87,293
P3,0.07,0.26,47146
P3,0.08,0.53,1251
P3,0.09,0.53,1136
P3,0.10,0.53,731
P3,0.22,0.83,1562
P3,-0.07,0.62,825
P3,-0.08,0.62,918
P3,0.05,0.70,787
P3,0.06,0.70,932
P3,0.21,0.86,753
P3,0.07,0.50,1224
P3,0.08,0.50,1162
P3,-0.23,1.39,43
P3,-0.23,1.38,366
P3,0.07,0.64,1010
P3,-0.07,0.51,761
P3,0.09,0.38,1342
P3,0.09,0.37,1354
P3,0.10,0.37,1679
P3,-0.15,0.50,1476
P3,-0.14,0.50,878
P3,-0.14,1.17,315
P3,0.12,0.88,323
P3,0.11,0.88,360
P3,-0.23,0.87,1024
P3,-0.24,0.87,877
P3,-0.24,0.86,668
P3,0.18,0.58,1175
P3,-0.09,0.75,550
P3,-0.10,0.75,368
P3,-0.10,0.74,728
P3,0.20,0.53,4133
P3,0.08,0.27,40290
P3,0.08,0.28,40255
P3,0.14,0.46,1242
P3,-0.06,0.33,2955
P3,-0.14,0.52,1071
P3,-0.15,0.52,1020
P3,-0.16,0.52,939
P3,0.13,1.27,196
P3,0.14,1.27,260
P3,0.15,1.27,334
P3,0.15,1.26,324
P3,0.24,1.14,344
P3,0.24,1.15,253
P3,0.23,1.15,292
P3,0.22,1.15,291
P3,0.22,1.14,378
P3,-0.16,0.93,471
P3,-0.04,0.47,1841
P3,-0.04,0.48,1715
P3,-0.05,0.48,1524
P3,-0.05,0.47,1738
P3,0.24,0.65,2050
P3,-0.18,1.02,483
P3,0.22,1.34,229
P3,0.22,1.35,528
P3,0.21,1.35,602
P3,0.21,1.34,264
P3,0.20,1.34,384
P3,0.24,0.66,2117
P3,-0.22,0.55,3887
P3,-0.18,0.63,1015
P3,-0.15,0.89,646
P3,-0.16,0.89,694
P3,-0.08,0.99,328
P3,-0.09,0.99,499
P3,0.08,0.52,1045
P3,0.09,0.52,842
P3,0.23,1.14,485
P3,0.21,1.14,477
P3,-0.21,0.85,940
P3,-0.21,0.86,976
P3,-0.20,0.86,1003
P3,-0.20,0.85,672
P3,-0.17,1.11,240
P3,-0.16,1.11,375
P3,0.03,0.67,1134
P3,0.04,0.67,986
P3,-0.10,0.55,921
P3,-0.12,0.56,553
P3,0.04,0.59,1105
P3,0.04,0.58,801
P3,0.05,0.58,1062
P3,0.21,0.73,1569
P3,-0.07,1.28,39
P3,-0.07,1.29,178
P3,-0.14,0.93,475
P3,-0.15,0.93,457
P3,0.06,0.58,1057
P3,0.07,0.58,1020
P3,-0.13,0.69,431
P3,-0.14,0.69,430
P3,-0.15,0.69,504
P3,0.24,0.89,790
P3,0.23,0.89,793
P3,-0.05,1.03,674
P3,-0.06,1.03,590
P3,0.20,1.01,802
P3,0.19,1.01,750
P3,0.18,1.01,546
P3,0.01,1.05,512
P3,0.00,0.82,576
P3,-0.01,0.82,408
P3,0.23,0.83,1348
P3,-0.05,0.66,853
P3,0.16,0.49,1427
P3,0.16,0.48,1524
P3,-0.12,0.61,656
P3,-0.13,0.61,687
P3,-0.13,0.62,601
P3,-0.14,0.61,487
P3,0.23,0.62,3378
P3,0.21,0.79,1407
P3,0.12,0.51,778
P3,-0.06,1.13,402
P3,-0.06,1.14,272
P3,0.24,1.03,235
P3,0.23,1.03,484
P3,0.22,1.03,440
P3,-0.17,1.02,546
P3,0.09,0.51,968
P3,0.01,0.42,2462
P3,0.10,0.46,1569
P3,-0.24,0.72,1220
P3,-0.10,0.78,481
P3,-0.14,0.65,672
P3,-0.15,0.65,561
P3,-0.16,0.65,553
P3,-0.05,1.02,701
P3,0.17,0.73,659
P3,0.18,0.83,671
P3,-0.07,0.85,597
P3,-0.08,0.84,442
P3,-0.12,0.96,230
P3,-0.13,0.97,372
P3,0.13,1.07,140
P3,-0.05,0.38,2242
P3,-0.04,0.62,1338
P3,-0.06,0.31,4716
P3,-0.12,0.33,25017
P3,-0.16,1.04,220
P3,-0.15,1.04,314
P3,-0.14,1.04,416
P3,0.07,0.36,2352
P3,0.16,0.83,563
P3,0.15,0.83,421
P3,-0.03,1.35,112
P3,-0.03,1.36,131
P3,-0.04,1.36,88
P3,-0.05,1.36,140
P3,-0.05,1.35,196
P3,-0.07,1.30,296
P3,-0.10,0.20,7615
P3,-0.11,0.20,14401
P3,0.19,0.64,906
P3,0.19,1.17,281
P3,0.19,1.18,258
P3,0.20,1.18,364
P3,0.20,1.17,442
P3,0.19,0.71,827
P3,0.18,0.71,559
P3,0.00,0.73,673
P3,-0.01,0.73,1070
P3,-0.01,0.74,1174
P3,-0.02,0.74,913
P3,-0.02,0.73,826
P3,-0.24,0.68,1711
P3,0.20,1.39,48
P3,0.20,1.38,419
P3,-0.24,0.91,586
P3,-0.23,0.91,882
P3,-0.22,0.91,841
P3,0.19,0.78,823
P3,0.18,0.78,716
P3,0.08,1.19,327
P3,0.08,1.20,275
P3,-0.05,0.55,1183
P3,-0.05,0.56,1123
P3,0.24,0.73,1132
P3,0.06,0.71,521
P3,0.05,0.71,543
P3,0.21,0.39,179
P3,0.18,0.68,682
P3,0.07,0.51,1057
P3,0.08,0.51,1069
P3,-0.24,1.29,137
P3,-0.24,1.28,245
P3,-0.11,0.98,466
P3,-0.12,0.98,380
P3,0.05,1.33,231
P3,0.05,0.50,1234
P3,0.04,0.50,1429
P3,0.13,1.21,156
P3,0.12,1.21,99
P3,0.06,1.04,446
P3,0.07,1.04,430
P3,0.07,1.05,355
P3,0.08,1.05,312
P3,0.08,1.04,313
P3,-0.17,0.79,606
P3,-0.18,0.58,1445
P3,-0.24,0.88,626
P3,-0.23,0.88,854
P3,0.05,0.67,736
P3,0.07,0.54,1400
P3,-0.21,1.16,315
P3,-0.22,1.16,334
P3,-0.05,1.34,90
P3,0.11,0.90,294
P3,0.11,0.91,361
P3,0.12,0.91,308
P3,0.13,0.91,336
P3,-0.17,1.38,296
P3,-0.16,1.38,473
P3,-0.15,1.38,351
P3,0.07,1.28,223
P3,0.07,1.29,206
P3,0.24,1.39,41
P3,0.24,1.38,225
P3,-0.11,0.39,1621
P3,0.24,1.33,312
P3,-0.01,0.52,1624
P3,-0.09,0.89,421
P3,-0.10,0.90,380
P3,-0.03,0.93,475
P3,0.02,0.63,891
P3,-0.17,0.66,724
P3,-0.16,0.66,650
P3,-0.07,0.65,823
P3,-0.07,0.66,934
P3,0.19,0.69,1094
P3,0.18,0.69,481
P3,0.22,1.25,156
P3,-0.06,0.60,988
P3,0.17,0.83,504
P3,0.15,0.84,210
P3,0.03,0.61,1254
P3,0.04,0.61,968
P3,0.05,0.60,1261
P3,-0.10,0.43,1408
P3,0.10,1.01,288
P3,0.11,1.01,267
P3,0.12,1.01,280
P3,-0.20,0.90,1069
P3,-0.19,0.90,965
P3,-0.18,0.90,749
P3,0.16,1.18,327
P3,0.17,1.18,231
P3,0.17,1.17,380
P3,-0.19,1.15,376
P3,-0.20,1.15,335
P3,-0.21,1.15,393
P3,-0.05,0.63,972
P3,0.24,0.69,1762
P3,0.23,0.69,2200
P3,0.03,1.33,111
P3,0.04,1.34,79
P3,0.01,1.13,297
P3,0.01,1.14,451
P3,0.02,1.14,181
P3,0.02,1.13,333
P3,-0.07,0.67,1120
P3,0.10,0.95,354
P3,0.10,0.96,257
P3,0.11,0.96,211
P3,0.11,0.95,240
P3,0.12,1.16,171
P3,-0.08,0.60,804
P3,-0.07,0.76,518
P3,-0.19,1.09,391
P3,-0.18,1.09,376
P3,-0.17,1.09,392
P3,0.12,0.45,1010
P3,-0.24,0.98,418
P3,-0.23,0.98,597
P3,-0.22,0.97,794
P3,0.15,0.42,2048
P3,-0.02,0.54,1509
P3,-0.15,0.75,343
P3,-0.15,0.76,367
P3,-0.16,0.75,347
P3,-0.11,1.06,256
P3,-0.10,1.06,404
P3,-0.09,1.06,495
P3,-0.15,1.14,257
P3,0.18,1.03,544
P3,0.17,1.03,533
P3,0.16,0.51,810
P3,0.15,0.51,623
P3,0.15,0.50,853
P3,-0.03,0.89,356
P3,-0.03,0.90,413
P3,-0.19,0.86,790
P3,0.18,1.20,381
P3,0.17,1.20,256
P3,0.17,1.21,440
P3,0.02,0.44,2009
P3,-0.09,0.56,749
P3,0.08,0.48,1169
P3,-0.04,1.03,683
P3,-0.10,1.00,288
P3,-0.10,1.01,412
P3,-0.11,1.01,694
P3,-0.06,0.59,1146
P3,-0.07,0.60,1188
P3,0.21,0.81,1112
P3,0.20,0.81,770
P3,0.19,0.81,704
P3,-0.09,0.68,531
P3,-0.09,0.69,715
P3,-0.10,0.68,618
P3,0.03,0.75,817
P3,0.03,0.76,802
P3,0.04,0.76,690
P3,0.05,0.76,489
P3,0.05,0.75,782
P3,0.01,0.39,3058
P3,-0.16,0.95,362
P3,-0.15,0.95,252
P3,-0.01,0.90,734
P3,-0.20,0.78,879
P3,0.01,0.67,1182
P3,0.01,0.68,1285
P3,-0.08,0.67,1044
P3,-0.07,0.32,2880
P3,0.12,0.59,670
P3,0.13,0.59,646
P3,0.14,0.59,775
P3,0.19,1.15,361
P3,0.18,1.15,443
P3,-0.20,0.89,676
P3,-0.19,0.89,622
P3,-0.14,1.11,430
P3,-0.14,1.12,234
P3,-0.15,1.12,388
P3,0.15,0.57,659
P3,0.08,0.54,1260
P3,-0.22,1.26,315
P3,-0.22,1.27,138
P3,-0.21,1.26,205
P3,-0.11,0.60,630
P3,-0.11,0.61,620
P3,-0.04,0.56,1177
P3,0.04,0.52,1724
P3,0.03,0.52,1827
P3,0.19,0.63,989
P3,0.18,0.63,851
P3,0.01,0.20,15265
P3,0.00,0.20,6873
P3,-0.18,1.13,386
P3,-0.17,1.13,361
P3,-0.16,1.13,409
P3,0.14,0.95,283
P3,0.14,0.60,537
P3,0.15,0.60,779
P3,-0.11,0.85,466
P3,-0.12,0.85,433
P3,-0.19,1.05,425
P3,0.01,1.22,121
P3,0.02,1.22,87
P3,0.02,1.23,300
P3,0.03,1.22,175
P3,0.11,0.65,663
P3,0.12,0.65,665
P3,0.13,0.65,707
P3,-0.21,0.87,861
P3,0.11,1.30,129
P3,0.11,1.31,191
P3,0.10,1.31,98
P3,0.10,1.30,127
P3,0.09,1.30,221
P3,0.07,0.80,738
P3,0.08,0.80,637
P3,0.08,0.81,531
P3,0.09,0.81,697
P3,0.09,0.80,878
P3,0.06,1.39,34
P3,0.06,1.38,215
P3,-0.20,0.75,870
P3,0.16,0.78,397
P3,-0.17,0.52,1217
P3,0.15,0.82,418
P3,0.16,0.82,638
P3,0.17,0.82,768
P3,0.14,0.65,569
P3,0.15,0.65,503
P3,0.18,0.61,1225
P3,-0.06,0.40,2193
P3,-0.17,0.82,489
P3,-0.16,0.82,425
P3,0.10,0.91,238
P3,0.10,0.92,417
P3,-0.07,0.82,365
P3,0.14,0.50,628
P3,0.16,0.50,975
P3,0.05,0.74,892
P3,0.18,0.98,393
P3,0.17,0.98,376
P3,0.16,0.98,509
P3,0.00,0.61,1054
P3,0.05,1.06,376
P3,-0.12,0.49,941
P3,-0.12,0.50,1051
P3,0.00,0.52,1630
P3,0.01,0.52,1768
P3,0.24,1.19,399
P3,0.02,0.68,1017
P3,0.02,0.67,1033
P3,0.22,0.82,1159
P3,-0.22,0.79,1070
P3,-0.11,0.57,844
P3,-0.01,0.94,501
P3,-0.01,0.95,521
P3,-0.10,0.96,336
P3,-0.10,0.95,355
P3,-0.06,0.50,1209
P3,-0.07,0.50,914
P3,-0.14,1.05,332
P3,-0.14,0.53,735
P3,-0.07,0.94,402
P3,-0.09,0.24,24919
P3,-0.02,0.89,649
P3,-0.02,0.90,543
P3,-0.06,0.55,1381
P3,-0.08,0.54,1054
P3,0.14,1.29,226
P3,0.15,1.29,295
P3,0.15,1.30,263
P3,0.16,1.30,262
P3,0.16,1.29,220
P3,-0.02,0.79,621
P3,-0.03,0.79,612
P3,-0.04,0.79,713
P3,-0.12,0.39,1721
P3,-0.04,0.57,1353
P3,-0.04,0.58,1056
P3,0.10,0.22,23414
P3,0.02,0.62,1330
P3,0.23,1.10,545
P3,0.23,1.09,855
P3,-0.07,0.81,461
P3,-0.18,1.08,636
P3,-0.15,1.09,314
P3,-0.16,1.09,418
P3,-0.16,1.10,250
P3,-0.22,1.15,461
P3,0.20,1.22,439
P3,0.21,1.22,425
P3,0.22,1.22,380
P3,-0.14,1.18,298
P3,-0.15,1.18,309
P3,-0.16,1.18,433
P3,0.18,0.70,440
P3,0.17,0.70,376
P3,0.01,0.94,379
P3,0.24,1.09,670
P3,0.19,1.07,587
P3,-0.11,0.95,300
P3,-0.11,0.96,152
P3,-0.12,0.95,293
P3,-0.13,0.95,294
P3,-0.05,1.04,505
P3,-0.05,1.05,318
P3,0.18,0.57,1968
P3,-0.10,0.32,12382
P3,-0.11,0.32,27957
P3,0.00,0.37,2328
P3,0.01,0.37,2597
P3,0.02,0.37,2570
P3,0.02,1.07,438
P3,-0.11,0.44,745
P3,0.21,1.29,161
P3,0.20,1.29,267
P3,0.19,1.29,381
P3,0.03,1.23,278
P3,0.04,1.23,346
P3,0.05,1.23,185
P3,-0.14,1.26,360
P3,-0.13,1.26,228
P3,-0.07,0.72,804
P3,-0.16,1.24,246
P3,-0.08,0.41,1881
P3,-0.09,0.41,1783
P3,-0.11,1.18,452
P3,-0.20,1.17,383
P3,-0.20,1.18,263
P3,-0.21,1.18,332
P3,-0.21,1.17,483
P3,-0.12,0.79,333
P3,-0.06,0.75,850
P3,-0.16,1.22,217
P3,-0.17,1.22,215
P3,-0.17,1.21,328
P3,0.00,0.78,807
P3,0.00,0.79,667
P3,-0.19,0.94,682
P3,-0.13,0.86,477
P3,-0.13,0.87,365
P3,-0.12,0.87,332
P3,-0.12,0.86,410
P3,-0.11,0.86,405
P3,-0.15,1.19,317
P3,-0.16,1.20,294
P3,-0.16,1.19,428
P3,0.19,0.58,1930
P3,-0.24,0.83,1015
P3,-0.24,0.82,1084
P3,0.21,0.96,558
P3,0.21,0.97,659
P3,0.22,0.97,490
P3,0.22,0.96,792
P3,-0.06,0.64,711
P3,-0.06,0.63,777
P3,0.06,1.07,280
P3,0.06,1.06,186
P3,-0.15,0.44,1407
P3,-0.15,0.45,1231
P3,0.00,0.74,835
P3,0.17,0.62,789
P3,0.16,0.62,552
P3,-0.15,1.33,253
P3,-0.15,1.32,198
P3,0.16,0.99,399
P3,0.17,0.99,501
P3,-0.23,1.32,294
P3,-0.23,1.33,476
P3,-0.22,1.32,242
P3,0.13,0.92,177
P3,0.14,0.92,200
P3,0.14,0.93,303
P3,0.15,0.92,357
P3,0.14,0.56,676
P3,0.09,0.47,1105
P3,0.20,1.04,600
P3,0.19,1.04,406
P3,-0.06,0.86,391
P3,-0.07,0.86,413
P3,0.06,1.28,198
P3,0.06,1.29,209
P3,-0.05,0.95,325
P3,-0.05,0.96,315
P3,-0.06,0.95,408
P3,0.08,0.59,1322
P3,0.09,0.59,1035
P3,0.10,0.59,936
P3,-0.24,1.12,238
P3,-0.23,1.12,405
P3,-0.23,1.13,279
P3,-0.22,1.13,265
P3,-0.22,1.12,232
P3,-0.22,0.87,1098
P3,0.13,0.50,805
P3,0.17,1.39,29
P3,0.21,1.13,464
P3,0.22,1.13,319
P3,0.23,1.13,269
P3,0.22,0.69,2262
P3,0.10,0.65,561
P3,0.10,0.66,295
P3,-0.21,0.84,1026
P3,-0.20,0.84,796
P3,0.10,0.98,268
P3,0.11,0.98,237
P3,0.19,1.20,530
P3,0.20,1.20,516
P3,0.21,1.20,430
P3,0.06,0.47,1363
P3,0.10,0.88,303
P3,-0.13,0.77,354
P3,-0.21,0.75,928
P3,-0.10,0.58,732
P3,-0.04,0.78,324
P3,-0.03,0.78,666
P3,-0.07,0.38,2319
P3,0.10,0.81,580
P3,0.11,0.81,440
P3,0.01,0.97,186
P3,0.02,0.97,300
P3,0.02,0.98,490
P3,0.03,0.97,371
P3,-0.18,1.07,522
P3,-0.17,1.07,421
P3,-0.16,1.06,235
P3,-0.23,1.29,181
P3,-0.22,1.29,63
P3,-0.08,0.76,730
P3,-0.03,1.15,619
P3,-0.03,1.16,485
P3,0.10,0.54,1025
P3,-0.05,0.99,476
P3,-0.06,0.99,385
P3,-0.06,0.98,311
P3,-0.12,0.53,862
P3,-0.18,0.71,663
P3,-0.08,1.36,280
P3,-0.08,1.37,103
P3,-0.09,1.36,202
P3,-0.14,0.45,1623
P3,0.10,0.99,242
P3,0.10,1.00,210
P3,0.11,1.00,161
P3,0.11,0.99,217
P3,0.12,1.03,390
P3,-0.01,1.10,267
P3,0.00,1.10,286
P3,0.00,1.09,672
P3,0.00,0.98,320
P3,0.00,0.99,372
P3,0.17,0.92,449
P3,0.16,0.92,570
P3,-0.08,1.39,26
P3,-0.03,0.47,2356
P3,0.09,1.36,110
P3,0.09,1.37,100
P3,0.10,1.37,190
P3,0.11,1.37,273
P3,0.11,1.36,213
P3,0.06,1.02,424
P3,0.06,1.03,686
P3,0.07,1.03,415
P3,0.07,1.02,556
P3,-0.07,0.79,665
P3,-0.08,0.79,661
P3,-0.09,0.79,483
P3,-0.09,0.78,393
P3,-0.07,0.99,575
P3,-0.07,1.00,339
P3,-0.03,0.48,1855
P3,-0.12,1.10,315
P3,-0.12,1.11,256
P3,-0.13,1.11,296
P3,-0.13,1.10,331
P3,0.02,0.56,1740
P3,0.02,0.57,1453
P3,0.03,0.57,1518
P3,0.03,0.56,1585
P3,-0.11,0.81,335
P3,-0.13,0.80,428
P3,0.20,0.79,1143
P3,-0.18,1.25,267
P3,0.18,1.07,381
P3,0.17,1.07,398
P3,0.20,1.24,223
P3,0.20,1.25,368
P3,0.19,1.25,198
P3,0.18,1.25,202
P3,0.18,1.24,178
P3,0.09,0.40,1509
P3,-0.19,1.00,441
P3,0.24,1.28,187
P3,0.23,1.28,312
P3,0.22,1.28,265
P3,0.20,0.77,957
P3,0.20,0.78,823
P3,-0.17,0.76,604
P3,-0.18,0.76,741
P3,-0.19,0.76,596
P3,0.10,0.77,612
P3,0.10,0.78,334
P3,0.11,0.78,278
P3,-0.12,0.44,1039
P3,0.01,0.84,689
P3,0.01,0.85,465
P3,0.16,0.47,1299
P3,0.11,1.19,251
P3,0.10,1.19,234
P3,0.09,1.19,192
P3,-0.17,0.69,788
P3,0.03,0.64,1093
P3,-0.04,0.99,348
P3,0.09,0.75,537
P3,0.16,0.95,413
P3,0.15,0.95,239
P3,0.14,0.94,250
P3,-0.06,0.47,1680
P3,-0.07,0.47,1375
P3,-0.08,0.47,1252
P3,-0.24,1.38,330
P3,-0.22,1.38,263
P3,0.23,1.02,762
P3,0.22,1.02,615
P3,-0.07,0.46,1656
P3,-0.17,1.23,306
P3,-0.16,1.23,254
P3,-0.19,0.60,1896
P3,0.20,1.33,251
P3,-0.19,0.72,1117
P3,-0.18,0.72,613
P3,0.24,1.21,390
P3,0.24,1.22,270
P3,0.23,1.22,363
P3,0.23,1.21,417
P3,0.22,1.21,442
P3,-0.13,1.18,445
P3,-0.13,1.19,143
P3,-0.12,1.19,217
P3,-0.12,1.18,507
P3,-0.15,1.06,337
P3,-0.14,1.06,456
P3,-0.13,1.06,459
P3,-0.11,0.65,728
P3,0.18,1.09,626
P3,0.19,1.09,510
P3,0.20,0.70,1470
P3,0.19,0.70,860
P3,-0.13,0.99,432
P3,-0.17,0.91,385
P3,0.09,0.67,713
P3,0.09,0.66,360
P3,-0.03,0.94,404
P3,-0.03,0.95,663
P3,-0.02,0.95,507
P3,-0.02,0.94,397
P3,-0.22,0.84,1175
P3,-0.09,1.39,20
P3,0.06,1.18,333
P3,0.06,1.19,260
P3,-0.05,1.20,110
P3,-0.06,1.21,105
P3,-0.06,1.20,117
P3,-0.07,1.20,283
P3,-0.11,0.87,472
P3,-0.11,0.88,294
P3,-0.12,0.88,336
P3,-0.13,0.88,413
P3,0.20,1.15,160
P3,-0.10,0.83,667
P3,-0.10,0.84,696
P3,0.20,1.37,230
P3,0.19,1.37,242
P3,-0.15,0.73,376
P3,-0.16,0.73,448
P3,0.18,0.88,475
P3,0.20,0.66,1514
P3,-0.04,0.59,1184
P3,-0.01,0.66,930
P3,-0.03,0.87,336
P3,-0.03,0.88,544
P3,-0.04,0.87,355
P3,-0.03,0.75,928
P3,-0.05,0.75,986
P3,0.07,0.53,1280
P3,-0.20,1.20,289
P3,-0.18,1.20,552
P3,0.18,0.52,1768
P3,-0.18,1.28,374
P3,-0.17,1.28,239
P3,-0.16,1.28,130
P3,-0.08,0.32,3027
P3,0.07,0.75,642
P3,0.08,0.75,500
P3,0.13,0.53,703
P3,-0.24,1.14,330
P3,-0.23,1.14,312
P3,-0.19,0.66,801
P3,-0.18,0.66,746
P3,-0.10,0.48,1255
P3,-0.11,0.49,926
P3,-0.11,0.48,1263
P3,-0.05,0.49,1330
P3,-0.06,0.49,1331
P3,-0.08,1.10,233
P3,-0.08,0.53,806
P3,-0.09,0.53,700
P3,0.08,0.68,963
P3,0.04,0.49,1489
P3,0.21,1.21,423
P3,-0.15,0.51,751
P3,0.19,1.21,369
P3,0.19,1.22,356
P3,0.18,1.21,439
P3,0.02,0.61,1045
P3,-0.18,1.03,745
P3,-0.17,1.03,468
P3,-0.06,0.42,1849
P3,0.11,1.33,225
P3,0.12,1.33,368
P3,0.13,1.33,288
P3,0.13,1.32,291
P3,0.01,0.89,659
P3,-0.19,1.23,419
P3,-0.18,1.23,366
P3,-0.02,1.11,311
P3,-0.02,1.12,367
P3,-0.03,1.12,411
P3,-0.04,1.11,437
P3,-0.12,1.28,81
P3,-0.09,0.40,1543
P3,0.24,1.07,471
P3,0.24,1.08,586
P3,0.23,1.08,655
P3,-0.05,0.59,1189
P3,0.09,1.13,80
P3,0.09,1.14,175
P3,0.08,1.13,151
P3,-0.02,1.34,139
P3,-0.02,1.35,168
P3,-0.03,1.34,129
P3,0.02,0.55,1442
P3,0.02,0.81,813
P3,0.00,1.13,556
P3,-0.12,1.17,426
P3,-0.13,1.17,311
P3,0.22,0.95,918
P3,0.01,1.04,342
P3,0.02,1.04,397
P3,0.02,1.05,422
P3,-0.10,0.46,1146
P3,-0.06,0.34,2359
P3,-0.22,1.31,257
P3,-0.21,1.32,336
P3,-0.20,1.32,290
P3,-0.20,1.31,208
P3,0.20,0.97,750
P3,0.19,0.97,762
P3,0.09,0.93,259
P3,0.09,0.94,412
P3,0.10,0.94,381
P3,0.10,0.93,285
P3,0.11,0.93,231
P3,-0.05,0.42,2324
P3,0.12,0.70,424
P3,0.13,0.70,422
P3,0.18,1.17,332
P3,0.16,1.17,341
P3,0.24,0.85,1017
P3,-0.19,1.32,255
P3,-0.19,1.33,189
P3,-0.18,1.33,259
P3,0.04,0.85,430
P3,0.04,0.86,388
P3,0.05,0.86,379
P3,0.05,0.85,398
P3,-0.06,1.23,165
P3,0.02,1.12,522
P3,0.01,0.73,650
P3,0.02,0.72,367
P3,-0.24,1.18,238
P3,0.11,0.74,380
P3,-0.10,0.97,504
P3,0.09,0.73,677
P3,0.10,0.73,676
P3,0.11,0.73,439
P3,-0.02,0.66,1059
P3,0.13,0.64,674
P3,0.19,1.06,558
P3,-0.12,0.57,748
P3,-0.13,0.57,582
P3,0.05,0.63,1161
P3,-0.23,0.72,1951
P3,0.17,1.30,312
P3,0.18,1.30,260
P3,0.19,1.30,208
P3,0.17,1.08,573
P3,0.16,1.08,449
P3,-0.08,0.51,842
P3,-0.19,1.03,579
P3,0.08,1.06,295
P3,0.08,1.07,167
P3,0.09,1.07,225
P3,0.09,1.06,178
P3,-0.21,0.79,1116
P3,-0.16,1.03,296
P3,0.03,0.98,352
P3,-0.22,1.14,358
P3,-0.01,1.32,326
P3,-0.01,1.33,365
P3,0.00,1.33,191
P3,0.00,1.32,124
P3,-0.09,0.83,553
P3,-0.09,0.84,378
P3,0.21,0.91,608
P3,-0.04,1.08,523
P3,0.01,0.88,888
P3,0.21,1.16,445
P3,0.20,1.16,441
P3,0.19,0.51,2224
P3,0.24,1.35,261
P3,0.17,0.51,1168
P3,0.18,0.51,1580
P3,-0.03,0.73,777
P3,-0.24,1.33,376
P3,-0.23,1.34,346
P3,-0.22,1.34,279
P3,-0.22,1.33,216
P3,0.11,0.20,13367
P3,0.08,0.99,264
P3,0.09,0.99,437
P3,-0.06,1.11,204
P3,-0.06,1.12,311
P3,-0.07,1.12,352
P3,-0.07,1.11,329
P3,-0.17,0.90,639
P3,-0.16,0.90,501
P3,0.20,0.80,818
P3,-0.19,0.85,460
P3,0.08,0.60,966
P3,0.10,0.60,1038
P3,-0.12,1.24,233
P3,-0.12,1.25,300
P3,-0.12,0.59,828
P3,-0.12,0.60,489
P3,-0.13,0.60,659
P3,-0.13,0.59,673
P3,-0.09,1.19,377
P3,0.21,1.09,444
P3,0.21,1.10,568
P3,0.20,1.09,503
P3,0.03,0.83,656
P3,-0.07,0.39,2579
P3,-0.02,1.28,285
P3,-0.02,1.29,172
P3,-0.03,1.29,34
P3,-0.03,1.28,12
P3,0.06,0.69,694
P3,0.24,1.02,583
P3,0.08,1.29,187
P3,0.07,1.30,198
P3,0.09,1.00,187
P3,-0.20,1.13,267
P3,-0.19,1.13,334
P3,0.09,0.44,1479
P3,0.11,0.44,985
P3,0.12,0.89,491
P3,0.03,0.37,2222
P3,-0.09,0.77,581
P3,0.03,0.82,766
P3,0.04,0.82,462
P3,0.22,0.93,630
P3,0.24,0.97,425
P3,0.17,0.81,546
P3,0.16,0.81,595
P3,0.17,1.19,426
P3,0.18,1.19,425
P3,0.18,1.18,178
P3,0.03,0.99,293
P3,0.04,0.99,264
P3,0.04,1.00,531
P3,0.05,1.00,306
P3,0.05,0.99,451
P3,0.22,1.09,510
P3,0.22,1.08,549
P3,0.23,0.92,493
P3,-0.05,0.78,350
P3,-0.05,0.79,822
P3,-0.06,0.79,1023
P3,-0.06,0.78,580
P3,-0.07,1.06,438
P3,-0.07,1.07,655
P3,0.00,1.11,383
P3,-0.01,1.11,602
P3,0.06,1.23,225
P3,0.07,1.23,201
P3,0.07,1.24,351
P3,0.08,1.23,324
P3,0.18,0.75,746
P3,0.10,0.69,806
P3,-0.10,0.50,865
P3,0.05,0.49,1372
P3,0.10,0.67,541
P3,-0.22,0.85,872
P3,-0.22,0.86,838
P3,0.11,1.09,188
P3,0.11,1.10,226
P3,0.12,1.10,289
P3,0.12,1.09,237
P3,-0.24,1.37,271
P3,0.13,0.96,460
P3,0.00,0.85,722
P3,0.00,0.86,861
P3,-0.01,0.86,872
P3,-0.01,0.85,519
P3,0.10,0.58,742
P3,0.14,0.63,526
P3,0.15,0.63,480
P3,0.23,1.20,552
P3,0.05,0.39,2916
P3,0.02,0.73,868
P3,0.03,0.73,1003
P3,-0.24,1.11,337
P3,-0.22,1.11,405
P3,-0.14,1.25,240
P3,-0.13,1.25,210
P3,-0.13,1.24,266
P3,0.04,1.39,38
P3,0.04,1.38,337
P3,-0.13,0.91,350
P3,-0.13,0.92,366
P3,0.04,1.04,461
P3,0.06,0.50,1153
P3,-0.14,0.51,892
P3,0.13,0.69,496
P3,0.14,0.69,474
P3,-0.14,0.84,406
P3,-0.19,0.96,755
P3,-0.18,0.96,515
P3,0.10,1.39,48
P3,0.10,1.38,335
P3,-0.10,0.59,876
P3,-0.11,0.59,822
P3,-0.20,1.11,250
P3,-0.20,1.12,222
P3,-0.19,1.12,152
P3,-0.18,1.12,191
P3,-0.18,1.11,245
P3,0.06,0.67,802
P3,-0.14,1.02,369
P3,-0.13,1.02,297
P3,0.01,0.48,2081
P3,0.04,0.68,1419
P3,0.18,0.93,737
P3,0.10,0.38,1282
P3,-0.11,0.72,525
P3,-0.12,0.71,339
P3,-0.13,0.65,664
P3,-0.20,1.23,454
P3,-0.21,1.23,542
P3,-0.22,1.23,318
P3,-0.04,0.80,971
P3,-0.06,0.80,790
P3,-0.10,0.86,470
P3,-0.10,0.85,630
P3,0.24,0.80,1203
P3,0.23,1.18,322
P3,0.21,1.38,383
P3,-0.21,1.29,90
P3,0.04,0.84,839
P3,0.06,0.84,558
P3,0.17,1.04,512
P3,0.18,1.04,426
P3,-0.22,1.25,301
P3,-0.19,1.08,623
P3,-0.20,1.08,511
P3,-0.21,1.08,700
P3,0.18,0.62,997
P3,0.18,0.92,236
P3,0.22,0.98,446
P3,0.00,0.75,753
P3,-0.02,0.75,762
P3,-0.18,0.85,571
P3,0.04,0.57,1306
P3,-0.04,1.25,169
P3,-0.04,1.26,206
P3,-0.05,1.25,119
P3,0.04,0.73,939
P3,-0.15,0.60,588
P3,-0.16,0.60,704
P3,0.20,1.21,385
P3,0.09,1.04,488
P3,0.09,1.05,311
P3,0.10,1.05,239
P3,0.10,1.04,288
P3,-0.07,0.96,317
P3,0.07,1.14,218
P3,0.08,1.14,191
P3,0.08,1.15,270
P3,0.09,1.15,269
P3,-0.12,1.27,426
P3,-0.11,1.28,106
P3,-0.10,1.28,85
P3,-0.10,1.27,239
P3,0.07,0.94,354
P3,0.07,0.95,432
P3,-0.24,0.97,453
P3,-0.24,0.96,660
P3,-0.23,0.96,814
P3,-0.03,1.38,309
P3,-0.04,1.38,243
P3,-0.04,1.39,21
P3,0.14,1.39,36
P3,0.14,1.38,209
P3,-0.17,1.30,164
P3,-0.16,1.30,347
P3,-0.15,1.11,426
P3,0.04,1.24,306
P3,0.05,1.24,195
P3,-0.14,1.03,438
P3,-0.15,1.03,391
P3,0.12,0.90,234
P3,-0.09,0.55,1040
P3,-0.09,0.88,401
P3,-0.10,0.88,425
P3,-0.10,0.87,476
P3,0.03,0.96,320
P3,0.04,0.96,595
P3,-0.06,0.57,1016
P3,-0.07,0.57,1178
P3,-0.13,0.51,1132
P3,-0.13,0.52,1419
P3,-0.12,0.66,349
P3,-0.13,0.66,303
P3,0.17,1.13,257
P3,-0.22,0.88,688
P3,-0.07,1.23,151
P3,-0.07,1.24,192
P3,0.13,1.24,291
P3,0.12,1.24,342
P3,0.06,0.57,1163
P3,-0.10,1.10,233
P3,-0.11,1.10,241
P3,-0.12,1.09,191
P3,0.13,0.84,309
P3,0.12,0.85,277
P3,0.12,0.84,330
P3,-0.12,1.36,232
P3,-0.12,1.37,191
P3,-0.13,1.37,346
P3,-0.14,1.37,309
P3,-0.14,1.36,205
P3,-0.15,1.00,219
P3,-0.14,1.00,221
P3,-0.13,1.00,190
P3,-0.15,0.74,438
P3,-0.07,1.34,80
P3,-0.08,1.34,104
P3,-0.09,1.34,75
P3,0.05,0.57,1129
P3,0.07,0.57,1186
P3,-0.16,1.12,423
P3,0.00,0.67,1302
P3,-0.01,0.67,1100
P3,-0.02,0.67,1122
P3,-0.09,0.81,488
P3,-0.10,0.81,462
P3,-0.10,0.82,555
P3,0.15,0.62,405
P3,-0.06,0.90,408
P3,-0.06,0.91,364
P3,-0.07,0.91,320
P3,-0.07,0.90,565
P3,0.23,0.82,1119
P3,0.24,1.26,356
P3,0.14,0.41,1410
P3,-0.20,1.10,260
P3,-0.19,1.11,242
P3,-0.19,1.10,380
P3,0.23,0.93,714
P3,0.24,0.96,782
P3,0.23,0.96,1175
P3,-0.01,0.62,1031
P3,0.02,0.71,526
P3,0.03,0.70,1092
P3,-0.17,0.55,1285
P3,0.10,1.12,263
P3,0.12,1.39,27
P3,0.12,1.38,247
P3,0.13,1.38,306
P3,0.15,0.81,370
P3,-0.13,0.54,827
P3,-0.12,0.54,863
P3,0.24,1.20,468
P3,-0.13,0.58,583
P3,-0.07,0.42,1820
P3,-0.02,0.69,887
P3,-0.03,0.69,740
P3,0.12,0.68,440
P3,0.11,1.06,166
P3,-0.17,0.63,742
P3,0.01,0.77,1055
P3,0.02,0.77,635
P3,-0.11,0.69,688
P3,-0.12,0.69,634
P3,0.09,0.43,1674
P3,-0.06,0.81,663
P3,-0.08,1.04,333
P3,-0.08,1.05,227
P3,-0.09,1.05,299
P3,-0.09,1.04,321
P3,0.08,0.79,651
P3,0.05,0.78,569
P3,0.05,0.79,995
P3,0.04,0.79,748
P3,0.04,0.78,642
P3,0.20,1.00,716
P3,0.19,1.00,563
P3,-0.01,0.87,760
P3,0.00,0.87,606
P3,-0.24,0.99,517
P3,0.19,0.87,742
P3,0.18,0.87,682
P3,-0.05,0.51,1310
P3,0.21,1.12,360
P3,-0.23,0.82,1353
P3,-0.05,1.08,605
P3,-0.03,0.74,1094
P3,-0.10,0.21,6975
P3,-0.02,0.88,605
P3,0.16,0.70,441
P3,-0.13,1.05,303
P3,-0.12,1.05,272
P3,0.10,1.13,149
P3,0.11,1.13,109
P3,0.12,1.13,136
P3,0.12,1.12,280
P3,-0.23,1.10,496
P3,-0.22,1.10,593
P3,-0.21,1.10,453
P3,0.07,0.88,508
P3,0.06,0.88,757
P3,0.06,0.87,459
P3,0.14,1.17,220
P3,0.13,1.17,237
P3,-0.11,1.04,210
P3,0.15,1.18,234
P3,0.14,1.18,198
P3,0.16,1.19,347
P3,0.11,1.18,120
P3,0.10,1.18,121
P3,0.09,1.18,73
P3,0.13,0.51,748
P3,0.14,0.51,756
P3,0.20,1.36,172
P3,0.18,1.37,272
P3,0.18,1.36,146
P3,-0.08,0.88,328
P3,0.06,0.39,2320
P3,-0.12,0.58,521
P3,-0.05,1.17,177
P3,-0.06,1.17,237
P3,-0.07,1.17,290
P3,0.15,1.28,207
P3,0.14,1.28,179
P3,0.13,1.28,114
P3,-0.19,1.24,245
P3,-0.18,1.24,218
P3,-0.03,1.11,360
P3,-0.05,0.68,705
P3,-0.02,1.13,554
P3,-0.03,1.13,479
P3,-0.15,1.35,297
P3,-0.16,1.35,232
P3,-0.11,0.84,528
P3,-0.12,0.84,566
P3,-0.13,0.84,461
P3,-0.01,0.96,624
P3,-0.10,1.17,201
P3,-0.09,1.17,212
P3,-0.08,1.17,287
P3,-0.01,0.84,635
P3,-0.01,0.83,730
P3,0.04,0.74,686
P3,0.04,0.75,842
P3,0.11,0.36,1572
P3,-0.18,1.14,311
P3,0.07,1.38,195
P3,0.07,1.39,43
P3,0.08,1.39,17
P3,0.08,1.38,193
P3,-0.17,0.83,502
P3,0.20,0.91,558
P3,0.19,0.91,547
P3,-0.02,1.39,23
P3,-0.02,1.38,204
P3,0.10,0.43,1473
P3,-0.15,0.97,500
P3,0.12,1.26,158
P3,0.12,1.27,136
P3,0.14,1.26,263
P3,0.00,0.48,1827
P3,0.13,0.56,606
P3,-0.23,0.86,870
P3,0.05,0.96,368
P3,0.06,0.96,481
P3,0.07,0.97,183
P3,0.07,0.96,424
P3,-0.15,0.90,311
P3,-0.13,0.50,1050
P3,-0.24,1.09,414
P3,-0.23,1.09,533
P3,-0.23,1.08,732
P3,0.17,1.01,258
P3,0.09,0.83,564
P3,0.10,0.83,493
P3,0.11,0.83,367
P3,0.11,0.82,413
P3,-0.06,0.66,735
P3,-0.06,0.65,1161
P3,-0.09,0.46,1315
P3,-0.09,0.47,1181
P3,-0.10,0.47,1195
P3,-0.11,0.47,1336
P3,-0.01,0.78,594
P3,-0.24,0.75,1020
P3,-0.15,1.08,326
P3,-0.13,0.48,1019
P3,-0.06,1.02,477
P3,-0.08,0.46,1470
P3,0.23,1.35,408
P3,0.22,1.36,396
P3,0.07,1.16,113
P3,0.11,1.32,199
P3,-0.15,0.82,445
P3,0.07,1.01,253
P3,-0.17,1.34,386
P3,-0.16,1.34,315
P3,0.09,0.70,695
P3,0.10,0.70,743
P3,-0.01,0.97,343
P3,-0.08,0.95,228
P3,-0.14,0.60,371
P3,-0.10,0.60,748
P3,-0.21,1.24,280
P3,-0.20,1.24,286
P3,-0.11,1.17,406
P3,-0.05,0.88,464
P3,-0.05,0.87,474
P3,0.01,0.98,172
P3,-0.14,0.59,673
P3,-0.16,0.59,600
P3,0.11,0.92,480
P3,0.01,1.09,458
P3,-0.05,1.26,182
P3,-0.06,1.26,141
P3,-0.06,1.25,166
P3,0.04,0.80,1022
P3,0.20,1.32,312
P3,0.21,1.32,506
P3,0.22,1.32,534
P3,-0.21,1.25,399
P3,-0.20,1.25,419
P3,-0.03,0.49,1573
P3,0.11,0.58,502
P3,0.12,0.58,398
P3,-0.16,0.97,459
P3,0.07,1.20,185
P3,0.07,1.21,93
P3,-0.04,0.77,614
P3,-0.03,0.77,607
P3,-0.02,0.77,703
P3,-0.21,1.12,233
P3,-0.21,1.13,315
P3,-0.18,1.30,309
P3,0.07,0.99,354
P3,0.07,1.00,386
P3,-0.06,0.51,1061
P3,0.03,1.10,363
P3,0.07,1.36,114
P3,0.07,1.37,207
P3,-0.08,1.16,357
P3,0.16,1.38,207
P3,0.15,1.38,229
P3,-0.04,0.60,1121
P3,0.24,0.90,807
P3,0.01,0.82,622
P3,-0.05,0.65,1593
P3,0.22,1.31,334
P3,0.24,1.30,195
P3,0.08,1.08,203
P3,0.09,1.08,245
P3,0.09,1.09,393
P3,0.10,1.09,158
P3,0.10,1.08,233
P3,0.09,0.65,451
P3,-0.13,0.47,1017
P3,-0.17,1.18,499
P3,-0.06,0.93,582
P3,-0.07,0.93,232
P3,-0.19,1.01,692
P3,-0.18,1.01,657
P3,-0.12,0.20,5078
P3,-0.07,0.70,792
P3,-0.07,0.69,591
P3,-0.15,1.10,306
P3,-0.14,1.10,318
P3,0.01,1.28,333
P3,-0.02,0.68,1149
P3,0.07,0.71,645
P3,0.08,0.71,553
P3,0.09,0.71,494
P3,-0.22,1.02,388
P3,-0.11,0.70,377
P3,-0.09,0.80,426
P3,0.19,0.80,808
P3,0.18,0.80,604
P3,-0.15,0.83,422
P3,-0.05,0.77,685
P3,-0.06,0.77,518
P3,-0.06,0.71,721
P3,-0.07,0.71,679
P3,0.20,1.31,307
P3,-0.18,1.04,576
P3,-0.17,1.04,295
P3,-0.20,1.22,354
P3,-0.19,1.22,270
P3,0.00,1.39,17
P3,0.00,1.38,195
P3,-0.02,0.87,433
P3,-0.02,0.86,438
P3,-0.22,1.39,47
P3,-0.21,1.39,36
P3,-0.21,1.38,277
P3,-0.11,1.27,265
P3,0.16,0.67,579
P3,-0.04,0.74,901
P3,-0.05,0.74,702
P3,-0.06,0.74,692
P3,-0.19,1.38,370
P3,0.21,1.08,433
P3,0.20,1.08,543
P3,0.06,0.85,394
P3,0.08,0.85,366
P3,0.08,0.84,431
P3,-0.08,1.02,384
P3,-0.13,1.14,187
P3,-0.13,1.15,323
P3,0.07,0.74,551
P3,0.06,0.74,826
P3,0.04,1.22,229
P3,0.01,0.99,418
P3,-0.08,0.50,810
P3,0.08,0.88,366
P3,0.09,0.88,253
P3,-0.02,0.91,432
P3,-0.01,0.91,531
P3,0.10,0.39,1272
P3,-0.20,0.92,1044
P3,0.20,1.02,438
P3,0.16,1.04,567
P3,-0.18,0.62,1031
P3,0.17,1.37,281
P3,0.15,1.37,220
P3,-0.15,1.23,333
P3,0.06,0.63,1003
P3,0.07,0.63,826
P3,0.19,0.86,484
P3,-0.09,1.01,318
P3,0.04,1.14,488
P3,0.04,1.15,133
P3,0.05,1.15,268
P3,0.05,1.14,326
P3,-0.14,1.27,353
P3,-0.12,0.48,1043
P3,0.20,1.14,361
P3,0.19,1.14,97
P3,-0.22,1.30,228
P3,-0.21,1.31,468
P3,-0.15,0.78,471
P3,-0.16,0.78,486
P3,-0.06,1.31,241
P3,-0.06,1.32,291
P3,-0.05,1.31,178
P3,0.10,0.85,404
P3,0.10,0.86,261
P3,0.11,0.86,325
P3,0.11,0.85,359
P3,-0.16,0.86,504
P3,-0.15,0.86,415
P3,-0.14,0.86,543
P3,0.16,1.09,445
P3,0.15,1.09,310
P3,0.04,0.70,815
P3,0.04,0.71,420
P3,0.03,0.71,636
P3,-0.08,1.38,229
P3,-0.24,1.06,426
P3,-0.23,1.06,524
P3,-0.23,1.05,594
P3,-0.12,0.72,324
P3,0.19,1.23,276
P3,0.20,1.23,356
P3,-0.22,1.20,386
P3,-0.21,1.19,293
P3,-0.01,0.79,855
P3,0.16,1.24,129
P3,0.15,1.24,157
P3,0.18,1.05,515
P3,-0.15,1.29,262
P3,-0.15,1.30,344
P3,-0.16,1.29,170
P3,-0.23,0.97,760
P3,0.06,0.94,381
P3,0.06,0.95,474
P3,0.05,0.95,560
P3,0.05,0.94,356
P3,0.13,1.26,144
P3,0.15,1.25,93
P3,-0.18,0.60,1444
P3,0.04,1.06,362
P3,0.13,1.30,306
P3,0.12,1.30,231
P3,-0.23,1.17,255
P3,-0.22,1.17,402
P3,-0.16,1.15,480
P3,-0.21,1.05,747
P3,-0.22,1.05,785
P3,-0.08,0.91,211
P3,-0.08,0.92,371
P3,-0.24,1.05,300
P3,-0.22,1.06,434
P3,0.03,1.16,328
P3,0.03,1.17,344
P3,0.02,1.17,312
P3,0.02,1.16,437
P3,0.09,1.16,355
P3,0.09,1.17,217
P3,0.10,1.17,236
P3,0.11,1.17,243
P3,0.13,1.18,146
P3,0.15,1.17,267
P3,0.09,1.38,249
P3,0.09,1.39,19
P3,-0.04,0.82,986
P3,-0.23,0.99,635
P3,0.19,0.88,747
P3,-0.05,0.76,734
P3,-0.06,0.76,745
P3,0.06,1.14,268
P3,-0.06,0.58,979
P3,0.07,0.70,1041
P3,-0.03,0.64,1554
P3,-0.04,0.64,1199
P3,-0.05,0.64,894
P3,0.17,0.64,791
P3,-0.17,0.85,468
P3,-0.16,0.85,502
P3,-0.12,0.91,305
P3,-0.12,0.92,405
P3,0.20,0.98,458
P3,0.19,0.98,423
P3,0.07,0.91,514
P3,0.08,0.91,424
P3,0.09,0.91,270
P3,-0.24,1.08,346
P3,-0.22,1.08,720
P3,0.18,0.82,708
P3,0.18,0.81,747
P3,-0.02,0.70,927
P3,0.04,0.88,571
P3,-0.15,1.34,209
P3,0.09,1.10,246
P3,0.10,1.10,337
P3,0.09,0.79,810
P3,0.16,0.63,580
P3,0.03,1.14,267
P3,0.04,1.13,314
P3,0.19,0.85,713
P3,-0.10,0.98,388
P3,-0.10,0.99,423
P3,0.10,0.84,384
P3,0.11,0.84,417
P3,-0.01,0.81,644
P3,0.03,1.39,29
P3,0.03,1.38,194
P3,0.08,0.58,943
P3,0.09,0.58,724
P3,-0.09,1.23,181
P3,-0.10,1.23,292
P3,-0.11,1.23,170
P3,-0.03,0.82,687
P3,0.06,0.91,498
P3,0.06,0.92,650
P3,0.07,0.92,550
P3,0.20,0.36,1219
P3,0.13,0.44,1156
P3,0.18,0.91,385
P3,-0.22,1.01,341
P3,-0.23,1.01,400
P3,-0.24,1.01,357
P3,-0.24,1.00,432
P3,-0.15,1.13,365
P3,-0.17,1.12,331
P3,-0.14,1.19,272
P3,-0.08,0.90,321
P3,-0.09,0.91,137
P3,-0.09,0.90,260
P3,0.15,0.52,750
P3,0.12,0.80,447
P3,0.17,0.80,502
P3,-0.12,0.47,938
P3,-0.08,0.72,705
P3,-0.08,0.71,731
P3,0.16,1.12,259
P3,0.00,1.00,371
P3,0.07,1.09,446
P3,0.08,1.09,362
P3,0.08,1.10,363
P3,-0.04,0.42,2571
P3,-0.11,1.30,312
P3,-0.11,1.31,354
P3,0.01,1.08,345
P3,0.00,1.08,509
P3,-0.02,1.30,325
P3,-0.02,1.31,386
P3,-0.03,1.30,201
P3,0.08,0.70,732
P3,0.03,1.13,226
P3,0.03,1.12,338
P3,0.05,0.87,628
P3,0.06,0.86,380
P3,0.16,0.90,436
P3,-0.12,1.12,310
P3,0.01,1.25,269
P3,0.15,0.94,349
P3,-0.13,0.53,910
P3,-0.21,1.34,298
P3,-0.21,1.35,294
P3,-0.20,1.35,402
P3,-0.20,1.34,316
P3,0.10,0.36,1456
P3,0.24,1.13,189
P3,0.06,0.93,370
P3,0.07,0.93,319
P3,-0.06,0.48,1600
P3,0.12,1.15,201
P3,-0.04,0.72,760
P3,-0.11,0.68,538
P3,-0.12,0.68,369
P3,0.17,1.32,385
P3,0.16,1.32,340
P3,0.15,1.32,338
P3,-0.17,1.14,307
P3,-0.17,1.15,465
P3,0.19,1.08,605
P3,0.21,0.85,1337
P3,-0.19,1.25,284
P3,-0.01,1.34,77
P3,0.00,1.34,160
P3,-0.01,1.29,228
P3,0.17,1.26,396
P3,0.18,1.26,376
P3,0.18,1.27,242
P3,0.19,1.27,230
P3,0.19,1.26,290
P3,-0.24,1.10,302
P3,0.08,1.21,89
P3,0.14,1.09,258
P3,-0.08,0.70,612
P3,-0.24,1.23,378
P3,-0.24,1.24,395
P3,-0.23,1.24,506
P3,-0.23,1.23,358
P3,-0.24,1.02,387
P3,0.03,1.25,131
P3,0.03,1.26,112
P3,0.04,1.26,153
P3,0.05,1.25,150
P3,0.07,0.52,957
P3,0.07,0.87,544
P3,0.06,1.08,154
P3,0.06,1.09,384
P3,0.07,1.08,105
P3,0.05,0.66,982
P3,-0.17,0.61,787
P3,-0.16,0.61,508
P3,-0.07,0.73,727
P3,0.15,0.53,514
P3,0.00,1.37,339
P3,0.01,1.38,221
P3,0.01,1.37,126
P3,0.03,0.81,523
P3,0.15,1.08,320
P3,0.14,1.08,278
P3,0.13,1.08,250
P3,0.13,0.54,785
P3,-0.14,1.13,199
P3,-0.14,0.62,412
P3,-0.01,1.13,459
P3,-0.02,1.14,379
P3,-0.06,1.16,310
P3,-0.05,1.15,247
P3,-0.12,1.07,422
P3,0.09,0.97,434
P3,0.09,0.98,494
P3,0.10,0.97,97
P3,-0.07,0.80,659
P3,-0.08,0.80,487
P3,-0.17,0.71,330
P3,0.12,1.14,189
P3,0.13,1.14,282
P3,0.13,1.13,218
P3,0.17,1.28,320
P3,0.18,1.28,346
P3,0.18,1.29,302
P3,0.19,1.28,158
P3,-0.05,0.71,638
P3,-0.17,0.60,992
P3,-0.05,1.19,280
P3,0.14,1.10,196
P3,0.13,1.10,240
P3,0.23,1.26,493
P3,0.23,1.27,492
P3,0.22,1.27,367
P3,0.21,1.27,324
P3,-0.16,0.56,733
P3,0.19,1.32,289
P3,0.18,1.32,430
P3,0.24,1.27,448
P3,0.10,1.22,211
P3,0.10,1.23,196
P3,-0.17,0.99,368
P3,-0.18,0.99,411
P3,0.05,1.10,368
P3,0.17,0.72,338
P3,-0.07,0.89,585
P3,0.14,0.52,732
P3,0.06,1.33,199
P3,-0.11,0.82,441
P3,-0.11,0.83,432
P3,-0.12,0.82,286
P3,0.08,0.57,968
P3,0.09,0.57,1143
P3,-0.20,1.37,197
P3,-0.19,1.37,272
P3,-0.19,1.36,306
P3,0.18,0.86,411
P3,-0.24,1.17,243
P3,-0.07,1.13,190
P3,-0.08,1.13,289
P3,-0.14,1.35,274
P3,0.00,0.96,638
P3,0.02,0.96,332
P3,-0.09,0.92,309
P3,0.16,1.13,212
P3,0.15,1.13,227
P3,0.15,1.12,210
P3,0.21,1.31,406
P3,-0.08,0.52,1002
P3,0.16,0.75,210
P3,0.17,1.10,530
P3,0.16,1.10,348
P3,0.20,1.35,275
P3,0.19,1.36,162
P3,0.19,1.35,324
P3,0.16,0.77,384
P3,-0.17,0.65,617
P3,-0.10,1.13,163
P3,-0.10,1.14,161
P3,0.08,0.31,4682
P3,-0.12,0.51,800
P3,-0.19,0.99,486
P3,-0.20,0.99,402
P3,-0.14,0.83,348
P3,0.11,1.02,306
P3,-0.15,1.37,241
P3,-0.16,1.37,235
P3,-0.16,1.36,197
P3,0.11,1.38,219
P3,-0.08,0.68,520
P3,-0.08,0.69,626
P3,0.10,1.06,135
P3,-0.14,0.74,518
P3,0.17,1.00,393
P3,0.18,1.00,433
P3,-0.20,1.19,311
P3,-0.19,1.19,417
P3,-0.19,1.18,289
P3,0.23,0.70,1777
P3,0.22,0.70,1983
P3,0.16,0.72,327
P3,0.17,1.06,356
P3,0.16,1.06,414
P3,0.08,1.03,406
P3,-0.14,0.68,295
P3,-0.15,0.68,341
P3,0.16,1.03,377
P3,-0.18,0.97,503
P3,0.18,1.08,458
P3,0.12,0.75,466
P3,0.13,0.75,265
P3,-0.13,1.35,297
P3,-0.12,1.35,214
P3,0.04,1.17,215
P3,0.05,1.17,208
P3,0.06,1.17,244
P3,0.20,0.96,626
P3,-0.12,0.73,370
P3,-0.13,0.72,537
P3,-0.15,1.31,332
P3,-0.14,1.31,270
P3,0.18,1.06,390
P3,-0.18,1.21,374
P3,0.05,0.80,1120
P3,0.06,0.79,698
P3,-0.10,1.36,99
P3,0.14,1.34,178
P3,0.13,1.34,162
P3,-0.24,1.34,273
P3,-0.24,1.35,261
P3,-0.23,1.35,374
P3,-0.13,0.68,227
P3,0.01,1.01,484
P3,-0.05,0.72,752
P3,-0.13,0.75,335
P3,0.08,1.00,318
P3,0.08,1.01,240
P3,0.11,0.60,1054
P3,-0.09,0.71,538
P3,0.06,0.80,736
P3,0.13,0.58,526
P3,0.05,0.93,292
P3,-0.09,1.35,252
P3,-0.10,1.35,225
P3,-0.11,1.35,88
P3,-0.22,1.36,319
P3,-0.20,1.36,194
P3,0.24,1.24,365
P3,-0.11,0.97,432
P3,-0.12,0.83,358
P3,-0.20,1.01,616
P3,-0.07,1.09,314
P3,-0.08,1.09,357
P3,-0.09,1.09,401
P3,0.02,0.99,287
P3,0.02,1.00,453
P3,0.03,1.00,318
P3,0.17,1.27,340
P3,0.16,1.27,356
P3,0.13,1.09,118
P3,-0.14,0.73,434
P3,-0.13,0.83,457
P3,-0.18,1.10,493
P3,-0.06,1.27,259
P3,0.01,1.00,612
P3,-0.10,0.93,275
P3,-0.10,0.94,232
P3,-0.11,0.94,406
P3,-0.11,0.93,355
P3,-0.12,1.33,276
P3,-0.10,1.09,361
P3,-0.11,1.09,232
P3,-0.11,1.08,137
P3,-0.07,1.27,250
P3,-0.08,1.27,140
P3,0.23,1.38,361
P3,-0.02,1.22,198
P3,-0.03,1.22,228
P3,-0.03,1.23,347
P3,-0.04,1.22,192
P3,-0.16,0.69,568
P3,-0.11,1.33,305
P3,0.13,1.35,151
P3,0.14,1.35,156
P3,0.14,1.19,274
P3,0.15,1.19,418
P3,0.05,0.98,271
P3,0.07,0.98,380
P3,0.13,1.29,177
P3,-0.21,1.11,388
P3,-0.16,0.98,374
P3,0.01,0.87,562
P3,-0.05,1.00,204
P3,-0.06,1.00,268
P3,0.22,1.17,468
P3,0.05,0.77,774
P3,-0.06,1.01,355
P3,-0.07,1.01,568
P3,0.13,0.81,697
P3,0.14,0.81,509
P3,0.11,0.59,815
P3,0.04,0.87,570
P3,0.19,1.03,505
P3,-0.20,1.00,418
P3,0.15,1.05,243
P3,0.16,1.05,327
P3,0.17,1.05,479
P3,0.21,0.98,709
P3,-0.14,0.78,428
P3,-0.14,1.30,194
P3,-0.07,0.88,443
P3,-0.10,1.03,432
P3,-0.20,1.04,649
P3,-0.19,1.04,725
P3,0.12,0.79,250
P3,0.14,0.76,205
P3,0.07,0.83,532
P3,0.08,0.83,670
P3,-0.17,0.86,500
P3,-0.23,1.00,427
P3,0.00,1.23,401
P3,0.01,1.23,371
P3,0.09,1.01,302
P3,-0.05,1.09,370
P3,-0.18,1.34,347
P3,0.10,0.71,474
P3,0.10,0.44,1218
P3,-0.08,0.93,251
P3,-0.09,0.93,243
P3,0.04,1.11,461
P3,0.04,1.10,240
P3,-0.01,1.17,292
P3,0.01,1.17,75
P3,0.14,0.53,895
P3,-0.13,0.93,442
P3,-0.14,0.94,567
P3,0.05,1.01,523
P3,0.06,1.01,497
P3,0.06,1.05,469
P3,0.23,0.97,476
P3,-0.06,0.68,737
P3,-0.07,0.68,649
P3,-0.24,1.13,339
P3,0.03,1.11,356
P3,0.12,0.92,235
P3,0.10,1.32,239
P3,-0.10,1.18,396
P3,0.14,0.70,427
P3,0.08,1.11,354
P3,0.09,1.11,374
P3,-0.14,0.72,586
P3,-0.15,0.72,456
P3,-0.16,0.72,366
P3,0.08,0.92,602
P3,-0.06,1.05,153
P3,-0.07,1.05,296
P3,0.10,1.14,180
P3,0.10,1.15,215
P3,-0.02,1.36,181
P3,-0.02,1.37,182
P3,-0.03,1.37,130
P3,-0.11,0.67,569
P3,-0.12,0.67,407
P3,-0.08,1.11,299
P3,-0.11,0.62,440
P3,-0.16,0.62,690
P3,-0.17,0.62,664
P3,0.12,1.32,209
P3,-0.03,0.91,458
P3,-0.04,0.91,364
P3,-0.04,0.90,648
P3,0.15,0.89,407
P3,-0.05,1.18,279
P3,-0.06,1.18,498
P3,-0.06,0.92,530
P3,-0.07,0.92,317
P3,-0.05,0.94,473
P3,-0.01,1.28,315
P3,0.00,1.28,397
P3,-0.24,1.16,218
P3,-0.24,1.15,412
P3,0.14,1.23,149
P3,0.13,1.23,184
P3,0.12,1.23,139
P3,0.04,0.91,546
P3,0.04,0.92,702
P3,-0.15,0.94,479
P3,-0.13,0.94,564
P3,-0.11,1.22,204
P3,-0.12,1.23,130
P3,-0.12,1.22,86
P3,-0.03,0.86,600
P3,0.03,1.04,581
P3,0.14,0.58,692
P3,-0.01,1.20,273
P3,-0.02,1.20,316
P3,-0.02,1.21,367
P3,-0.03,1.20,213
P3,-0.23,1.11,351
P3,-0.08,1.25,252
P3,-0.09,1.25,398
P3,-0.10,1.25,492
P3,-0.10,1.24,316
P3,-0.12,0.97,332
P3,0.11,1.21,141
P3,0.11,1.22,168
P3,0.15,0.98,456
P3,0.14,0.98,281
P3,-0.16,0.94,285
P3,0.15,0.58,782
P3,0.06,1.00,324
P3,0.06,0.99,246
P3,0.07,0.86,565
P3,0.08,0.87,488
P3,0.08,0.86,402
P3,0.01,0.86,767
P3,0.12,0.60,570
P3,-0.18,0.68,500
P3,-0.07,1.33,348
P3,-0.08,1.33,203
P3,-0.08,1.32,112
P3,-0.04,1.32,176
P3,-0.04,1.33,128
P3,-0.05,1.33,342
P3,-0.05,1.32,195
P3,-0.19,1.06,452
P3,0.00,1.22,216
P3,-0.14,1.16,207
P3,-0.15,0.62,478
P3,-0.15,0.61,585
P3,-0.14,0.97,498
P3,-0.10,1.05,262
P3,-0.11,1.05,285
P3,-0.21,1.01,450
P3,0.13,0.60,584
P3,-0.12,0.93,448
P3,0.07,1.10,365
P3,0.18,1.14,242
P3,-0.14,0.76,427
P3,0.10,1.35,104
P3,0.09,1.35,68
P3,-0.11,0.92,338
P3,0.03,0.78,523
P3,-0.23,1.07,237
P3,-0.22,1.07,403
P3,-0.21,1.07,521
P3,0.21,1.02,575
P3,0.21,1.03,472
P3,0.20,1.03,520
P3,-0.20,1.07,581
P3,0.12,1.07,141
P3,-0.19,1.39,54
P3,-0.18,1.38,318
P3,-0.16,0.79,561
P3,-0.14,1.01,371
P3,-0.13,1.01,348
P3,-0.12,1.01,514
P3,-0.08,1.06,323
P3,0.22,1.24,251
P3,-0.07,0.83,533
P3,-0.08,0.83,572
P3,-0.23,1.18,295
P3,-0.22,1.18,225
P3,0.17,0.63,726
P3,-0.03,0.76,958
P3,-0.02,0.76,907
P3,-0.10,1.04,237
P3,-0.06,1.07,551
P3,-0.06,1.08,379
P3,-0.07,1.08,435
P3,0.08,0.98,350
P3,0.08,0.97,208
P3,0.04,0.98,305
P3,-0.09,1.31,284
P3,-0.10,1.31,206
P3,0.12,0.96,295
P3,0.06,0.75,642
P3,0.07,0.78,596
P3,0.07,0.79,696
P3,-0.03,1.25,266
P3,-0.03,1.24,239
P3,-0.11,0.58,578
P3,-0.14,0.75,333
P3,0.04,0.77,601
P3,0.21,1.18,439
P3,-0.17,0.72,444
P3,-0.12,1.26,181
P3,-0.11,1.26,228
P3,0.10,0.79,531
P3,0.11,0.79,353
P3,0.15,1.21,158
P3,0.15,1.22,225
P3,-0.14,0.90,258
P3,-0.04,1.05,216
P3,-0.17,1.10,404
P3,0.08,1.12,198
P3,-0.03,1.39,31
P3,0.12,0.82,409
P3,0.12,0.83,324
P3,0.13,0.83,204
P3,0.13,0.82,357
P3,-0.24,1.27,115
P3,-0.23,1.27,139
P3,-0.14,1.34,139
P3,-0.19,1.28,268
P3,-0.20,1.28,325
P3,-0.09,1.18,505
P3,-0.07,1.39,10
P3,-0.07,1.38,74
P3,-0.18,1.36,303
P3,-0.22,1.09,577
P3,-0.21,1.09,607
P3,0.01,1.24,269
P3,0.10,0.82,455
P3,-0.04,1.35,136
P3,-0.04,1.34,81
P3,-0.13,0.49,1324
P3,0.08,0.94,406
P3,0.08,0.93,342
P3,0.16,1.25,108
P3,0.16,1.26,324
P3,0.17,1.25,163
P3,-0.02,0.96,388
P3,-0.03,0.96,441
P3,0.16,1.28,217
P3,0.05,0.97,162
P3,-0.12,1.16,299
P3,0.03,0.93,495
P3,0.02,0.93,432
P3,0.14,1.31,231
P3,0.14,1.32,330
P3,0.15,1.31,169
P3,0.16,1.31,110
P3,0.15,1.02,196
P3,0.09,1.32,135
P3,0.09,1.33,126
P3,0.10,1.33,125
P3,0.04,1.31,143
P3,0.05,1.31,216
P3,0.02,0.76,753
P3,0.03,0.77,614
P3,-0.20,1.05,633
P3,-0.05,1.29,247
P3,-0.05,1.30,320
P3,0.24,1.37,205
P3,-0.12,0.78,333
P3,-0.13,0.78,323
P3,0.18,1.35,159
P3,0.15,1.15,194
P3,0.14,1.15,185
P3,0.12,0.99,219
P3,0.13,0.99,198
P3,0.14,0.99,343
P3,0.15,0.71,400
P3,0.16,0.71,327
P3,-0.10,1.26,298
P3,-0.11,1.25,268
P3,0.02,0.90,547
P3,0.02,0.91,585
P3,0.03,0.91,589
P3,0.04,0.90,475
P3,-0.17,1.20,348
P3,0.08,1.16,319
P3,-0.07,1.26,102
P3,-0.13,0.82,385
P3,-0.14,0.82,375
P3,-0.12,1.06,341
P3,0.04,1.29,343
P3,0.05,1.29,147
P3,0.14,1.14,193
P3,0.09,0.64,605
P3,-0.09,1.00,262
P3,0.00,1.35,108
P3,0.00,1.36,285
P3,-0.01,1.36,294
P3,-0.01,1.35,72
P3,0.05,0.90,547
P3,0.06,0.90,387
P3,-0.07,1.10,233
P3,0.12,1.18,159
P3,0.13,1.19,211
P3,0.13,0.89,444
P3,-0.10,1.32,133
P3,-0.11,1.32,186
P3,0.15,1.23,207
P3,0.16,1.23,229
P3,0.23,1.29,225
P3,0.23,1.30,239
P3,0.22,1.30,76
P3,0.22,1.29,247
P3,0.10,0.80,896
P3,0.11,0.80,506
P3,-0.03,1.14,464
P3,0.16,1.37,301
P3,0.08,0.76,359
P3,-0.21,1.22,285
P3,-0.05,0.89,554
P3,-0.05,0.90,431
P3,0.01,1.39,36
P3,-0.23,1.28,323
P3,-0.22,1.28,258
P3,-0.10,1.08,367
P3,-0.01,1.26,142
P3,-0.01,1.27,288
P3,0.12,1.25,116
P3,0.13,1.25,157
P3,0.14,1.25,141
P3,0.08,0.56,861
P3,0.09,0.82,421
P3,-0.14,0.56,815
P3,0.19,1.24,209
P3,-0.11,0.66,442
P3,-0.20,0.36,1310
P3,-0.03,1.21,196
P3,-0.02,1.18,207
P3,-0.02,1.17,370
P3,-0.22,1.22,311
P3,-0.18,1.18,364
P3,-0.06,0.94,548
P3,0.00,0.97,291
P3,0.08,1.36,84
P3,0.08,1.37,274
P3,0.15,1.10,194
P3,0.10,1.07,290
P3,0.00,1.02,400
P3,-0.14,1.39,25
P3,-0.13,1.38,204
P3,0.16,1.16,370
P3,0.15,1.16,259
P3,0.11,1.23,81
P3,0.04,0.81,673
P3,0.03,1.27,159
P3,0.03,1.28,234
P3,0.04,1.28,121
P3,0.04,1.27,198
P3,-0.08,0.73,560
P3,-0.15,0.87,334
P3,0.04,1.21,247
P3,0.04,1.20,275
P3,-0.06,0.56,1011
P3,0.12,1.08,196
P3,0.11,1.08,301
P3,0.09,0.84,251
P3,0.08,1.27,276
P3,0.08,1.28,276
P3,0.09,1.28,168
P3,0.03,0.92,346
P3,0.03,1.07,436
P3,0.03,1.08,380
P3,0.12,1.19,153
P3,-0.08,0.77,561
P3,-0.06,0.87,455
P3,-0.07,0.87,593
P3,0.01,1.02,267
P3,0.10,1.36,102
P3,-0.07,1.18,320
P3,0.09,0.85,294
P3,0.14,0.84,312
P3,0.14,0.83,237
P3,-0.03,1.05,463
P3,0.20,1.28,124
P3,0.19,1.31,230
P3,0.17,1.29,281
P3,-0.08,0.81,554
P3,0.15,1.06,223
P3,0.12,1.17,256
P3,0.03,1.24,293
P3,0.04,1.25,203
P3,-0.24,1.36,187
P3,-0.24,1.31,39
P3,-0.16,1.31,211
P3,-0.17,1.31,249
P3,-0.18,1.31,222
P3,0.15,0.72,479
P3,-0.16,1.21,206
P3,-0.07,0.97,329
P3,-0.03,1.31,260
P3,0.14,1.24,197
P3,-0.02,0.78,485
P3,-0.20,1.09,441
P3,-0.08,1.00,281
P3,-0.08,1.01,310
P3,0.17,1.09,585
P3,-0.21,1.28,361
P3,0.21,1.25,247
P3,0.19,1.34,343
P3,-0.13,1.34,196
P3,-0.12,1.34,204
P3,-0.13,0.90,214
P3,0.21,1.17,495
P3,-0.10,1.11,327
P3,-0.11,1.21,178
P3,-0.01,1.39,56
P3,0.03,1.01,331
P3,0.05,0.84,704
P3,0.16,1.39,32
P3,-0.18,1.37,263
P3,-0.07,1.02,265
P3,-0.08,1.23,83
P3,0.21,1.24,264
P3,0.11,1.39,34
P3,-0.09,1.20,272
P3,-0.23,1.30,178
P3,0.06,0.78,375
P3,0.00,0.94,402
P3,0.12,1.20,251
P3,0.13,1.20,335
P3,0.14,1.20,262
P3,-0.06,1.04,440
P3,-0.07,1.04,373
P3,0.21,1.15,265
P3,0.05,1.26,87
P3,0.06,1.26,175
P3,0.06,1.25,97
P3,-0.21,1.06,358
P3,-0.17,1.35,178
P3,-0.18,1.35,303
P3,-0.19,1.35,274
P3,0.05,1.36,170
P3,0.06,1.36,136
P3,0.06,1.37,301
P3,0.20,1.19,325
P3,0.24,0.93,522
P3,-0.12,0.65,599
P3,-0.13,1.23,188
P3,0.04,1.16,180
P3,0.17,1.24,178
P3,0.11,1.27,148
P3,0.10,1.27,169
P3,0.18,1.10,516
P3,0.19,1.10,461
P3,-0.12,0.94,325
P3,-0.05,1.16,339
P3,-0.04,1.16,385
P3,-0.04,1.15,397
P3,0.09,1.20,277
P3,0.09,1.21,139
P3,0.10,1.21,81
P3,0.10,1.20,279
P3,0.01,1.34,127
P3,0.01,1.35,54
P3,-0.06,0.89,565
P3,0.02,1.01,333
P3,-0.19,1.07,421
P3,0.12,0.81,409
P3,0.15,0.99,467
P3,0.22,1.18,382
P3,-0.13,1.12,324
P3,0.17,0.71,372
P3,-0.11,1.24,259
P3,0.16,1.34,76
P3,-0.02,1.23,294
P3,-0.14,0.66,271
P3,0.04,1.12,259
P3,0.08,0.96,250
P3,0.09,0.96,383
P3,0.01,1.15,360
P3,-0.02,1.04,471
P3,-0.02,1.05,495
P3,-0.01,1.05,373
P3,-0.01,1.04,341
P3,-0.11,1.07,452
P3,0.14,0.71,371
P3,0.23,1.33,270
P3,0.01,1.03,475
P3,0.14,1.30,177
P3,-0.08,1.20,213
P3,-0.13,0.79,485
P3,0.14,1.01,250
P3,0.13,1.01,151
P3,0.13,1.00,321
P3,-0.11,0.91,223
P3,-0.09,1.33,258
P3,0.09,0.92,582
P3,-0.06,1.06,255
P3,0.11,0.87,436
P3,-0.12,1.15,220
P3,-0.13,1.16,207
P3,-0.07,1.16,372
P3,-0.04,0.94,244
P3,-0.04,0.95,191
P3,0.12,0.86,165
P3,0.21,1.30,130
P3,0.02,0.79,634
P3,0.00,1.05,341
P3,0.09,0.76,334
P3,0.09,1.25,137
P3,0.10,1.25,98
P3,0.11,1.25,53
P3,-0.13,1.27,334
P3,0.09,1.23,170
P3,0.23,1.23,296
P3,-0.09,1.15,330
P3,0.22,1.23,207
P3,0.21,1.23,361
P3,0.13,1.39,12
P3,0.07,1.26,176
P3,0.07,1.27,409
P3,0.01,1.16,228
P3,0.00,1.16,399
P3,0.03,1.31,119
P3,0.02,1.32,351
P3,0.02,1.31,94
P3,-0.08,1.35,175
P3,0.00,1.12,290
P3,-0.01,1.12,397
P3,0.06,0.66,739
P3,0.04,1.37,238
P3,0.05,1.37,160
P3,-0.05,1.39,10
P3,-0.05,1.38,128
P3,-0.05,1.27,131
P3,-0.14,0.95,282
P3,0.14,0.89,423
P3,0.12,1.00,192
P3,0.08,1.24,202
P3,0.09,1.24,242
P3,-0.24,1.07,158
P3,0.05,1.04,230
P3,0.04,1.01,511
P3,-0.06,1.33,270
P3,-0.15,0.67,412
P3,-0.14,1.38,234
P3,-0.02,1.27,187
P3,0.09,0.95,296
P3,0.10,1.16,241
P3,0.16,1.00,296
P3,-0.07,0.98,237
P3,0.08,1.33,139
P3,0.00,1.07,253
P3,-0.01,1.07,438
P3,-0.17,1.29,267
P3,-0.18,1.22,194
P3,0.12,0.76,367
P3,0.13,0.76,344
P3,-0.17,1.27,266
P3,0.04,1.30,335
P3,0.03,1.30,255
P3,0.03,1.29,158
P3,-0.04,1.18,204
P3,0.11,1.20,116
P3,0.03,1.20,134
P3,-0.04,1.14,398
P3,0.19,1.19,290
P3,0.11,0.76,389
P3,0.07,1.11,478
P3,0.20,1.30,234
P3,-0.01,1.24,398
P3,-0.12,1.38,204
P3,0.00,1.04,376
P3,0.24,1.29,102
P3,0.11,1.26,163
P3,0.04,0.93,472
P3,-0.04,1.20,206
P3,-0.04,1.30,75
P3,-0.04,1.29,43
P3,0.21,1.28,153
P3,-0.12,0.62,489
P3,0.10,0.72,496
P3,-0.02,1.24,301
P3,-0.23,1.15,438
P3,0.16,1.21,291
P3,0.24,0.42,2097483
P3,0.09,0.72,580
P3,-0.24,0.42,2135253
P3,0.09,1.12,195
P3,-0.02,0.85,554
P3,-0.01,1.19,236
P3,0.20,1.27,234
P3,0.08,1.32,228
P3,0.09,1.31,79
P3,-0.08,0.82,543
P3,-0.06,1.19,248
P3,-0.01,1.30,217
P3,0.00,1.30,258
P3,0.00,1.29,366
P3,-0.07,1.22,144
P3,-0.08,1.22,141
P3,-0.08,1.21,192
P3,-0.17,1.36,205
P3,-0.03,1.03,549
P3,-0.09,0.82,443
P3,-0.04,1.31,137
P3,-0.16,1.39,43
P3,-0.04,1.27,112
P3,-0.12,1.30,266
P3,-0.08,1.08,550
P3,0.14,1.13,169
P3,0.09,1.29,94
P3,0.11,1.24,182
P3,-0.21,1.33,142
P3,0.10,0.63,379
P3,0.16,0.66,232
P3,-0.24,1.39,28
P3,-0.01,1.03,485
P3,-0.11,0.90,312
P3,-0.12,0.90,268
P3,0.16,1.01,259
P3,-0.12,1.21,116
P3,-0.05,1.37,27
P3,-0.06,1.37,62
P3,-0.06,1.36,214
P3,-0.15,0.66,275
P3,-0.19,1.34,362
P3,-0.10,1.21,218
P3,0.07,1.07,243
P3,0.07,1.06,160
P3,-0.04,0.96,348
P3,-0.07,1.32,271
P3,-0.07,1.36,73
P3,-0.07,0.77,470
P3,0.11,1.35,238
P3,0.12,1.35,195
P3,-0.06,1.24,232
P3,-0.07,1.14,294
P3,-0.02,1.19,248
P3,-0.03,1.19,294
P3,-0.21,1.27,166
P3,0.11,1.14,105
P3,0.23,1.34,89
P3,-0.04,1.37,47
P3,-0.01,1.06,343
P3,0.10,0.75,437
P3,-0.11,1.36,137
P3,-0.13,1.36,175
P3,0.11,1.07,277
P3,0.02,1.28,220
P3,-0.08,1.18,325
P3,0.11,0.94,288
P3,-0.07,1.31,256
P3,-0.18,1.15,334
P3,0.13,1.22,137
P3,0.14,1.22,181
P3,0.02,1.29,350
P3,-0.05,1.14,207
P3,-0.15,1.28,139
P3,-0.08,0.94,216
P3,-0.09,1.21,237
P3,0.00,0.95,347
P3,0.14,0.82,332
P3,0.06,1.10,444
P3,-0.19,1.31,151
P3,-0.18,1.39,16
P3,-0.15,1.39,25
P3,0.11,0.75,327
P3,-0.08,1.12,235
P3,0.10,0.87,327
P3,0.02,1.38,249
P3,-0.07,1.37,96
P3,0.15,1.01,362
P3,0.14,0.74,334
P3,-0.01,1.37,244
P3,0.04,0.97,171
P3,-0.07,1.19,390
P3,0.12,1.37,125
P3,0.13,1.31,138
P3,-0.02,1.16,359
P3,0.10,1.34,213
P3,0.09,1.34,144
P3,-0.20,1.33,146
P3,-0.10,1.22,162
P3,0.06,1.30,155
P3,0.13,0.93,308
P3,0.12,0.93,220
P3,0.03,1.05,412
P3,-0.06,1.30,246
P3,-0.23,1.16,224
P3,0.15,0.74,432
P3,-0.12,1.29,38
P3,0.21,1.39,38
P3,0.14,1.16,146
P3,0.13,1.16,137
P3,0.02,1.08,396
P3,-0.19,1.17,217
P3,-0.18,1.17,154
P3,0.15,1.39,31
P3,0.07,0.90,282
P3,0.18,1.31,244
P3,-0.22,1.24,419
P3,0.17,1.31,168
P3,-0.06,0.88,451
P3,-0.11,1.34,156
P3,-0.10,1.34,131
P3,0.02,0.89,600
P3,0.01,1.32,194
P3,0.01,1.33,199
P3,0.14,1.21,188
P3,-0.04,1.01,430
P3,0.10,1.28,130
P3,0.17,1.36,215
P3,0.16,1.36,211
P3,-0.20,1.06,403
P3,-0.08,1.26,112
P3,-0.09,1.26,176
P3,0.14,1.02,196
P3,0.08,1.02,390
P3,0.10,1.29,360
P3,0.02,0.88,448
P3,0.03,0.88,500
P3,-0.17,1.39,38
P3,-0.02,1.00,328
P3,-0.03,1.00,324
P3,-0.04,1.00,344
P3,0.01,1.18,69
P3,0.00,1.25,219
P3,0.00,1.26,190
P3,-0.01,1.25,212
P3,0.15,1.36,133
P3,-0.09,1.22,146
P3,-0.08,1.29,91
P3,-0.09,1.29,63
P3,0.00,1.03,536
P3,0.06,1.27,357
P3,0.08,0.95,253
P3,0.12,1.31,119
P3,-0.11,1.29,72
P3,0.10,1.24,77
P3,0.02,0.95,479
P3,-0.10,1.38,172
P3,-0.10,1.39,15
P3,0.07,1.12,285
P3,0.07,1.13,250
P3,-0.17,1.37,242
P3,-0.15,1.36,204
P3,0.08,1.25,111
P3,0.05,1.30,149
P3,-0.06,0.96,130
P3,0.11,1.29,180
P3,0.00,1.27,91
P3,-0.20,1.27,209
P3,0.02,0.94,329
P3,0.14,1.37,221
P3,-0.04,1.21,67
P3,0.13,1.37,235
P3,-0.01,1.00,363
P3,0.06,1.24,262
P3,0.05,1.35,50
P3,0.06,1.35,19
P3,0.02,1.35,195
P3,0.02,1.34,60
P3,0.02,1.25,132
P3,0.02,1.24,199
P3,-0.01,1.38,286
P3,-0.02,1.15,338
P3,-0.01,1.16,356
P3,0.05,1.20,103
P3,-0.20,1.26,205
P3,-0.09,0.94,221
P3,-0.08,1.19,335
P3,0.03,0.90,434
P3,-0.02,1.25,162
P3,-0.08,1.31,268
P3,0.10,0.76,363
P3,-0.10,1.15,163
P3,0.05,1.21,117
P3,0.19,1.39,46
P3,-0.08,1.24,220
P3,0.06,1.13,150
P3,0.00,1.19,224
P3,0.00,1.20,250
P3,0.01,1.20,302
P3,0.01,1.19,188
P3,-0.14,0.67,373
P3,-0.13,0.67,343
P3,-0.22,1.35,254
P3,-0.10,0.92,259
P3,0.11,1.28,162
P3,0.07,1.17,145
P3,-0.04,1.19,179
P3,0.02,1.36,137
P3,0.02,1.37,132
P3,-0.08,0.89,243
P3,0.12,1.34,205
P3,0.11,1.34,167
P3,0.00,1.06,200
P3,0.05,1.22,89
P3,0.06,1.22,50
P3,-0.13,1.09,197
P3,0.01,1.31,152
P3,0.00,1.31,139
P3,-0.01,1.31,343
P3,-0.05,0.91,628
P3,0.07,1.18,350
P3,0.07,1.19,340
P3,-0.14,1.20,167
P3,0.05,1.27,236
P3,0.15,0.75,159
P3,0.08,1.34,171
P3,0.07,1.34,58
P3,0.12,1.28,166
P3,0.13,1.15,237
P3,0.07,1.33,98
P3,0.08,1.17,180
P3,-0.11,1.38,97
P3,-0.09,1.38,161
P3,0.12,1.22,98
P3,0.18,1.39,18
P3,0.01,1.29,265
P3,-0.03,1.04,396
P3,0.07,1.25,91
P3,0.14,0.75,189
P3,-0.14,1.09,209
P3,-0.04,1.04,260
P3,0.03,1.06,325
P3,0.01,1.21,241
P3,0.02,1.21,51
P3,0.02,1.20,84
P3,0.00,1.21,110
P3,0.01,1.12,373
P3,-0.11,1.15,213
P3,0.02,1.39,36
P3,0.02,1.30,418
P3,0.01,1.30,391
P3,-0.24,0.41,209942
P3,-0.23,0.42,1526743
P3,0.24,0.41,216387
P3,0.03,1.35,9
P3,0.03,1.36,66
P3,0.23,0.42,1592117
P3,-0.02,1.26,201
P3,-0.10,1.33,142
P3,0.12,1.29,107
P3,-0.07,1.21,248
P3,0.02,1.27,175
P3,0.15,1.34,169
P3,-0.23,1.31,100
P3,-0.01,1.21,349
P3,-0.06,1.38,101
P3,-0.06,1.39,11
P3,0.02,1.06,214
P3,0.24,1.23,133
P3,-0.13,1.39,12
P3,0.08,1.35,53
P3,0.03,1.15,185
P3,0.02,1.15,218
P3,0.05,1.28,145
P3,-0.09,1.32,216
P3,0.03,1.34,33
P3,-0.03,1.32,44
P3,-0.09,1.24,243
P3,0.08,1.18,231
P3,0.03,1.21,227
P3,-0.07,1.25,94
P3,-0.24,0.40,21494
P3,0.24,0.40,21219
P3,0.02,1.33,162
P3,0.24,0.39,10202
P3,-0.24,0.39,11161
P3,0.00,1.24,227
P3,0.01,1.36,93
P3,-0.04,1.28,140
P3,-0.05,1.28,334
P3,0.04,1.35,121
P3,0.05,1.34,87
P3,0.05,1.16,92
P3,-0.06,1.35,86
P3,-0.07,1.35,77
P3,-0.06,1.29,103
P3,-0.12,1.39,17
P3,-0.02,1.32,96
P3,-0.11,1.39,21
P3,-0.06,1.34,35
P3,0.07,1.35,37
P3,-0.02,1.33,131
P3,-0.03,1.33,154
P3,-0.10,0.91,107
P3,-0.10,1.29,27
P3,-0.06,1.22,131
P3,0.03,1.37,27
P3,0.24,1.34,63
P3,0.24,0.28,260
P3,0.23,0.28,1505
P3,0.23,0.27,664
P3,0.22,0.36,340
P3,-0.11,0.19,4697
P3,-0.12,0.19,719
P3,-0.24,0.34,1185
P3,-0.23,0.34,1089
P3,-0.22,0.34,260
P3,-0.15,0.22,153
P3,0.24,0.38,4364
P3,0.24,0.29,965
P3,0.23,0.29,2436
P3,-0.24,0.32,1599
P3,-0.24,0.31,910
P3,-0.23,0.31,1199
P3,0.24,0.33,1444
P3,0.23,0.33,796
P3,0.24,0.31,997
P3,0.23,0.31,946
P3,-0.24,0.38,4564
P3,0.12,0.19,548
P3,-0.23,0.35,1164
P3,-0.22,0.35,269
P3,0.22,0.38,655
P3,0.22,0.37,151
P3,0.11,0.19,4405
P3,-0.15,0.21,6
P3,-0.21,0.37,1148
P3,-0.21,0.36,402
P3,-0.11,0.18,67
P3,-0.12,0.18,6
P3,0.15,0.22,182
P3,-0.23,0.27,740
P3,-0.24,0.30,1622
P3,-0.23,0.30,2745
P3,0.11,0.18,59
P3,-0.22,0.36,322
P3,0.21,0.36,398
P3,-0.23,0.26,181
P3,-0.24,0.28,228
P3,-0.23,0.28,1768
P3,-0.23,0.32,491
P3,0.23,0.35,1176
P3,0.22,0.35,247
P3,0.12,0.18,4
P3,-0.24,0.33,1691
P3,0.24,0.30,1802
P3,0.23,0.30,3046
P3,0.23,0.26,274
P3,-0.23,0.33,822
P3,0.15,0.21,17
P3,-0.23,0.29,2149
P3,0.06,1.34,144
P3,0.24,0.32,1354
P3,0.23,0.32,593
P3,-0.22,0.38,552
P3,0.21,0.37,907
P3,0.08,0.19,313
P3,0.07,0.19,4455
P3,0.06,0.19,16768
P3,-0.22,0.37,115
P3,-0.24,0.29,943
P3,0.23,0.38,1263
P3,0.23,0.37,505
P3,-0.22,0.39,94
P3,-0.23,0.39,787
P3,-0.23,0.38,1190
P3,-0.06,1.28,32
P3,-0.10,0.19,3096
P3,-0.10,0.18,113
P3,0.24,0.34,1702
P3,0.23,0.34,1495
P3,0.22,0.34,290
P3,0.10,0.19,2849
P3,-0.23,0.36,606
P3,0.10,0.18,119
P3,0.23,0.36,543
P3,-0.21,0.38,879
P3,0.24,0.35,965
P3,0.21,0.38,865
P3,-0.24,0.35,816
P3,0.04,1.36,92
P3,0.23,0.41,1575
P3,0.23,0.39,1047
P3,-0.23,0.41,1862
P3,-0.23,0.37,577
P3,-0.06,0.19,17733
P3,-0.06,0.18,613
P3,-0.07,0.19,4738
P3,0.22,0.31,2100
P3,0.21,0.31,2047
P3,-0.19,0.32,387
P3,0.06,0.18,630
P3,-0.21,0.30,1410
P3,-0.21,0.32,1575
P3,-0.20,0.32,1080
P3,-0.20,0.34,1257
P3,-0.22,0.30,2015
P3,0.22,0.30,2496
P3,0.20,0.35,859
P3,-0.07,0.18,18
P3,-0.05,0.19,16956
P3,-0.05,0.18,990
P3,0.22,0.27,892
P3,0.21,0.27,592
P3,-0.21,0.31,1523
P3,-0.20,0.31,630
P3,0.24,0.36,1039
P3,0.22,0.28,1216
P3,0.21,0.28,978
P3,-0.20,0.35,1054
P3,-0.08,0.19,393
P3,0.07,0.18,15
P3,0.20,0.31,735
P3,0.05,0.19,16551
P3,0.21,0.33,1434
P3,0.20,0.33,872
P3,-0.20,0.30,484
P3,0.22,0.29,1942
P3,0.21,0.29,1367
P3,-0.21,0.34,1028
P3,0.21,0.30,1607
P3,0.20,0.30,674
P3,0.22,0.26,593
P3,-0.23,0.25,22
P3,0.22,0.32,1552
P3,0.21,0.32,2065
P3,0.20,0.32,942
P3,0.21,0.35,336
P3,0.20,0.34,1038
P3,-0.22,0.28,1137
P3,-0.21,0.33,1118
P3,-0.20,0.33,914
P3,-0.19,0.33,395
P3,-0.22,0.32,1088
P3,0.21,0.26,410
P3,0.05,0.18,969
P3,-0.21,0.28,709
P3,-0.20,0.28,322
P3,-0.22,0.31,2201
P3,-0.22,0.33,395
P3,0.22,0.33,632
P3,0.22,0.25,243
P3,0.21,0.25,109
P3,-0.22,0.29,1448
P3,-0.21,0.29,912
P3,-0.22,0.27,866
P3,-0.21,0.27,629
P3,-0.20,0.27,156
P3,-0.24,0.37,994
P3,-0.22,0.26,375
P3,0.24,0.37,698
P3,0.21,0.34,937
P3,0.19,0.33,298
P3,-0.21,0.25,130
P3,-0.19,0.31,192
P3,0.20,0.29,581
P3,0.19,0.31,314
P3,0.19,0.30,132
P3,0.18,0.30,2
P3,-0.24,0.36,997
P3,0.20,0.28,331
P3,-0.21,0.26,193
P3,-0.19,0.28,29
P3,0.22,0.39,88
P3,-0.21,0.35,391
P3,-0.20,0.29,365
P3,0.20,0.27,127
P3,-0.19,0.29,36
P3,-0.22,0.25,128
P3,0.19,0.32,239
P3,-0.19,0.30,108
P3,-0.20,0.25,1
P3,0.20,0.26,27
P3,0.23,0.25,52
P3,0.19,0.28,43
P3,0.04,0.19,5187
P3,0.04,0.18,478
P3,-0.04,0.19,5068
P3,-0.04,0.18,460
P3,0.19,0.29,94
P3,-0.20,0.26,35
P3,-0.23,0.40,687
P3,0.23,0.40,532
P3,-0.19,0.27,2
P3,0.22,0.24,18
P3,-0.22,0.40,2
P3,-0.18,0.30,3
P4,-0.24,0.38,2321
P4,-0.23,0.38,1265
P4,-0.22,0.38,121
P4,0.07,0.20,6476
P4,0.06,0.20,6637
P4,0.06,0.21,13183
P4,0.05,0.20,6311
P4,-0.02,0.25,12051
P4,-0.01,0.25,12016
P4,0.00,0.25,12722
P4,0.00,0.27,9635
P4,0.00,0.28,8248
P4,-0.24,0.62,3314
P4,-0.23,0.62,3304
P4,-0.23,0.61,2658
P4,0.08,0.25,8528
P4,0.07,0.25,9724
P4,-0.24,0.66,2208
P4,0.14,0.27,1102
P4,0.15,0.27,306
P4,0.00,0.24,12527
P4,0.05,0.45,55513
P4,0.05,0.44,16781
P4,0.12,0.45,15476
P4,0.12,0.46,12734
P4,0.11,0.44,5296
P4,0.12,0.44,9589
P4,0.13,0.44,12182
P4,-0.19,0.82,1166
P4,-0.19,0.83,1453
P4,-0.20,0.83,1643
P4,-0.20,0.82,1666
P4,-0.21,0.82,1649
P4,0.09,1.35,136
P4,0.09,1.36,101
P4,0.10,1.36,136
P4,0.10,1.35,172
P4,-0.23,0.80,1652
P4,-0.24,0.80,1134
P4,-0.24,0.79,1718
P4,-0.02,0.20,6601
P4,-0.01,0.20,7063
P4,-0.10,0.29,4131
P4,-0.10,0.30,2771
P4,-0.11,0.30,2523
P4,-0.11,0.29,3398
P4,-0.23,0.48,3280
P4,-0.22,0.48,1957
P4,0.01,0.63,1516
P4,0.01,0.64,1335
P4,0.02,0.64,2338
P4,0.02,0.63,1704
P4,0.07,0.49,6383
P4,0.08,0.49,6711
P4,0.09,0.49,5230
P4,-0.20,1.01,817
P4,-0.20,1.02,818
P4,-0.19,1.02,792
P4,-0.18,1.02,822
P4,-0.18,1.01,1182
P4,0.06,0.57,1301
P4,0.06,0.58,993
P4,0.07,0.57,985
P4,0.09,0.87,195
P4,0.10,0.87,209
P4,-0.14,0.53,1285
P4,-0.15,0.53,861
P4,-0.16,0.53,793
P4,0.23,0.52,1912
P4,0.22,0.52,1891
P4,-0.05,0.42,3630
P4,-0.04,0.42,3252
P4,-0.03,0.42,2552
P4,-0.03,0.41,3024
P4,0.13,0.45,19078
P4,0.13,0.43,6566
P4,0.14,0.43,7810
P4,0.01,0.43,4913
P4,0.01,0.44,3874
P4,0.00,0.43,4457
P4,0.23,0.31,1283
P4,0.22,0.31,3152
P4,0.21,0.31,3009
P4,0.13,0.46,15056
P4,0.02,0.26,10594
P4,0.02,0.27,9828
P4,0.03,0.27,8806
P4,0.03,0.26,9981
P4,0.04,0.26,9956
P4,0.24,0.43,2827
P4,0.23,0.42,2168
P4,-0.24,0.37,1904
P4,0.14,0.44,15272
P4,-0.22,0.84,1480
P4,-0.21,0.84,1548
P4,0.06,0.22,11738
P4,0.06,0.23,12460
P4,0.05,0.23,12475
P4,0.05,0.22,11771
P4,0.04,0.22,12269
P4,-0.03,0.97,491
P4,-0.02,0.97,576
P4,-0.02,0.98,671
P4,-0.23,0.66,2972
P4,-0.23,0.67,2852
P4,-0.22,0.67,2205
P4,-0.22,0.66,2783
P4,-0.21,0.66,1911
P4,-0.04,0.23,13645
P4,-0.03,0.23,13895
P4,-0.02,0.23,13258
P4,-0.10,0.64,1471
P4,-0.11,0.64,1474
P4,-0.12,0.64,1226
P4,0.22,0.46,1647
P4,0.21,0.46,511
P4,0.10,0.47,13540
P4,0.10,0.48,8248
P4,0.09,0.48,10403
P4,0.09,0.47,15748
P4,0.09,0.46,11731
P4,0.10,0.46,16136
P4,0.10,0.45,7395
P4,0.11,0.45,14415
P4,-0.21,0.81,1929
P4,-0.20,0.81,1744
P4,0.04,0.21,13109
P4,0.05,0.21,12638
P4,-0.06,0.34,4621
P4,-0.07,0.34,5131
P4,-0.21,0.83,1428
P4,-0.05,0.20,7156
P4,-0.05,0.21,12923
P4,-0.06,0.21,13916
P4,-0.07,0.21,13732
P4,-0.07,0.20,6943
P4,-0.04,0.40,4121
P4,-0.04,0.41,3041
P4,-0.02,0.41,3561
P4,-0.02,0.40,3479
P4,-0.03,0.20,6473
P4,-0.03,0.21,13354
P4,-0.21,0.68,2410
P4,-0.22,0.68,2722
P4,-0.23,0.68,2390
P4,0.05,0.32,6570
P4,0.05,0.33,7635
P4,0.04,0.33,7610
P4,0.03,0.33,7323
P4,0.03,0.32,7603
P4,0.00,0.29,8671
P4,0.01,0.29,7685
P4,0.02,0.29,7391
P4,-0.24,1.30,208
P4,-0.23,1.30,277
P4,-0.23,1.31,212
P4,-0.22,1.30,206
P4,-0.09,0.20,5974
P4,-0.10,0.20,3155
P4,-0.10,0.21,6309
P4,0.03,0.22,12501
P4,-0.12,0.79,849
P4,-0.12,0.80,685
P4,-0.13,0.80,608
P4,-0.14,0.80,710
P4,-0.14,0.79,865
P4,-0.23,0.30,2496
P4,-0.22,0.30,3165
P4,-0.22,0.31,2609
P4,-0.21,0.30,2370
P4,0.21,0.34,1503
P4,0.20,0.34,1645
P4,0.19,0.34,748
P4,-0.24,0.86,716
P4,-0.24,0.85,881
P4,0.01,0.49,5931
P4,0.02,0.49,6582
P4,0.03,0.49,6646
P4,-0.07,0.28,6603
P4,-0.07,0.29,6394
P4,-0.06,0.29,7198
P4,-0.06,0.28,6944
P4,-0.23,0.65,2706
P4,-0.22,0.65,2467
P4,0.14,0.46,14455
P4,0.14,0.47,2379
P4,0.02,0.42,3987
P4,0.02,0.43,3255
P4,0.01,0.42,4692
P4,0.01,0.37,5054
P4,0.01,0.38,4868
P4,0.00,0.38,5696
P4,0.00,0.37,5760
P4,-0.24,0.45,3446
P4,-0.24,0.44,3340
P4,-0.09,0.45,2623
P4,-0.09,0.46,3235
P4,-0.10,0.46,2683
P4,-0.11,0.46,2393
P4,-0.11,0.45,2576
P4,0.06,0.24,13081
P4,0.05,0.24,12748
P4,0.01,0.46,6070
P4,0.01,0.47,5878
P4,-0.17,1.25,315
P4,-0.18,1.25,176
P4,-0.18,1.26,286
P4,-0.19,1.25,426
P4,0.02,0.20,6381
P4,0.02,0.21,13025
P4,0.03,0.21,13274
P4,0.03,0.20,6695
P4,0.04,0.20,6897
P4,-0.24,0.69,2099
P4,-0.23,0.69,3100
P4,-0.22,0.69,2958
P4,-0.05,0.31,6548
P4,-0.05,0.32,7204
P4,-0.04,0.32,7624
P4,-0.04,0.31,7259
P4,-0.23,0.54,2977
P4,-0.22,0.54,2173
P4,-0.21,0.54,1508
P4,0.01,0.25,12567
P4,0.15,0.43,6576
P4,-0.02,0.21,13872
P4,-0.01,0.21,14292
P4,-0.01,0.22,12833
P4,0.00,0.22,12257
P4,0.00,0.21,13230
P4,-0.01,0.34,7607
P4,-0.02,0.34,7037
P4,-0.13,0.51,1434
P4,-0.14,0.51,1110
P4,-0.15,0.51,912
P4,-0.04,0.29,8254
P4,-0.04,0.30,7294
P4,-0.03,0.30,6993
P4,-0.02,0.30,7438
P4,-0.02,0.29,8631
P4,0.06,0.25,10575
P4,0.06,0.26,8229
P4,0.07,0.26,7312
P4,0.08,0.26,8200
P4,-0.21,1.04,1076
P4,-0.22,1.04,1459
P4,-0.23,1.04,1266
P4,-0.01,0.46,4937
P4,-0.01,0.47,4858
P4,-0.14,1.32,281
P4,-0.14,1.33,440
P4,-0.15,1.33,343
P4,-0.15,1.32,328
P4,-0.24,0.52,3112
P4,0.05,0.46,37748
P4,-0.01,0.35,7275
P4,-0.02,0.35,6719
P4,-0.15,1.36,361
P4,-0.14,1.36,360
P4,-0.13,1.36,230
P4,0.21,1.29,75
P4,0.20,1.29,106
P4,0.19,1.29,114
P4,-0.03,0.47,5588
P4,-0.02,0.47,4626
P4,0.15,0.42,4714
P4,0.16,0.42,2399
P4,0.02,0.46,8551
P4,0.03,0.46,14192
P4,0.03,0.45,4050
P4,0.02,0.45,5510
P4,0.01,0.21,13161
P4,-0.07,0.68,1335
P4,-0.07,0.69,1049
P4,-0.08,0.69,1239
P4,-0.08,0.68,1144
P4,-0.09,0.68,1063
P4,0.01,0.35,6392
P4,-0.24,0.68,1880
P4,0.07,0.69,485
P4,0.08,0.69,502
P4,0.10,0.42,1454
P4,0.07,0.61,623
P4,0.08,0.61,727
P4,0.09,0.61,787
P4,-0.20,0.37,592
P4,-0.19,0.37,692
P4,-0.18,0.37,425
P4,-0.11,0.36,3439
P4,-0.12,0.36,2700
P4,-0.13,0.36,2021
P4,-0.13,0.35,2213
P4,-0.01,0.70,900
P4,-0.01,0.71,701
P4,-0.02,0.71,761
P4,-0.02,0.70,738
P4,-0.14,1.00,415
P4,-0.13,1.00,443
P4,-0.24,0.89,1156
P4,-0.23,0.89,1038
P4,-0.23,0.88,1071
P4,-0.03,0.45,4695
P4,-0.02,0.45,4399
P4,-0.02,0.46,4786
P4,-0.01,0.45,3834
P4,0.00,0.23,13303
P4,0.01,0.24,11819
P4,0.02,0.24,11702
P4,0.02,0.23,12755
P4,0.02,0.68,1413
P4,0.02,0.69,1071
P4,0.03,0.69,1291
P4,0.03,0.68,1273
P4,0.07,0.43,4064
P4,0.07,0.42,4757
P4,0.24,0.46,2496
P4,0.23,0.46,3046
P4,0.05,0.40,7621
P4,0.06,0.40,7098
P4,0.06,0.39,7306
P4,0.07,0.88,299
P4,0.08,0.89,295
P4,0.08,0.88,369
P4,0.09,0.88,289
P4,0.00,0.32,7559
P4,0.01,0.32,7513
P4,0.06,1.00,184
P4,0.06,1.01,304
P4,0.07,1.01,200
P4,0.07,1.00,140
P4,-0.13,0.37,1889
P4,-0.14,0.37,1572
P4,0.01,0.33,8258
P4,0.01,0.34,7317
P4,0.12,0.41,2264
P4,0.12,0.40,1553
P4,0.08,0.23,9568
P4,0.08,0.24,8553
P4,0.07,0.24,9903
P4,0.07,0.23,11026
P4,-0.10,0.96,399
P4,-0.10,0.97,400
P4,-0.11,0.97,545
P4,-0.11,0.96,230
P4,-0.13,0.50,2178
P4,-0.14,0.50,1417
P4,-0.15,0.50,1467
P4,0.09,0.21,10180
P4,0.10,0.21,7288
P4,0.10,0.22,5510
P4,0.14,0.28,1100
P4,0.14,0.29,994
P4,0.15,0.28,427
P4,-0.21,0.58,1588
P4,0.11,0.32,3588
P4,0.12,0.32,2908
P4,0.01,0.36,5790
P4,0.00,0.36,5466
P4,-0.01,0.36,7306
P4,0.04,0.34,7109
P4,0.11,0.47,9341
P4,0.11,0.48,5200
P4,-0.08,0.27,6098
P4,-0.09,0.27,5060
P4,-0.10,0.27,4453
P4,0.21,0.33,1807
P4,-0.11,0.35,3113
P4,-0.12,0.35,2917
P4,-0.10,0.24,6107
P4,-0.10,0.25,6293
P4,-0.11,0.25,4811
P4,-0.11,0.24,4946
P4,-0.05,0.25,11342
P4,-0.05,0.26,10476
P4,-0.24,1.32,376
P4,-0.23,1.32,430
P4,-0.22,1.32,523
P4,0.08,0.47,14713
P4,0.08,0.46,7842
P4,-0.24,0.71,2296
P4,-0.23,0.71,3138
P4,-0.23,0.70,2801
P4,0.08,0.42,2768
P4,0.09,0.42,1461
P4,0.09,0.41,2323
P4,-0.07,0.61,1328
P4,-0.07,0.62,1267
P4,-0.06,0.62,1293
P4,-0.06,0.61,888
P4,-0.05,0.61,826
P4,0.01,0.26,10032
P4,0.00,0.26,9776
P4,-0.01,0.26,10945
P4,0.09,0.28,6259
P4,0.09,0.29,4110
P4,0.10,0.29,3664
P4,0.10,0.28,4674
P4,0.05,0.47,13180
P4,-0.09,0.32,4609
P4,-0.09,0.33,4604
P4,-0.10,0.33,4356
P4,-0.10,0.32,3775
P4,-0.11,0.32,3239
P4,0.04,0.23,12687
P4,-0.04,0.25,11719
P4,-0.04,0.26,9803
P4,-0.06,0.25,11206
P4,0.08,0.22,10096
P4,0.07,0.22,10941
P4,-0.19,0.62,1063
P4,-0.18,0.62,716
P4,0.03,0.80,652
P4,0.03,0.81,684
P4,0.04,0.81,567
P4,0.04,0.80,665
P4,0.05,0.80,405
P4,-0.03,0.26,9667
P4,-0.02,0.26,10250
P4,0.09,1.04,262
P4,0.10,1.04,134
P4,0.11,1.04,137
P4,0.08,0.39,4514
P4,0.09,0.39,3401
P4,0.10,0.39,2456
P4,-0.02,0.22,12068
P4,-0.04,0.33,6992
P4,-0.03,0.32,7066
P4,-0.10,0.59,1261
P4,-0.11,0.59,1228
P4,-0.12,0.59,1486
P4,-0.21,0.48,990
P4,0.22,0.40,408
P4,0.09,0.45,2562
P4,0.07,0.74,322
P4,0.07,0.75,386
P4,0.08,0.75,380
P4,0.09,0.75,359
P4,0.09,0.74,381
P4,-0.02,0.24,12256
P4,-0.03,0.25,11575
P4,-0.04,0.24,11112
P4,-0.09,0.28,4648
P4,-0.10,0.28,4015
P4,-0.07,1.05,482
P4,-0.08,1.05,588
P4,-0.09,1.05,563
P4,-0.09,1.04,326
P4,-0.13,0.78,895
P4,-0.14,0.78,582
P4,0.10,0.52,889
P4,0.11,0.52,563
P4,0.21,1.38,293
P4,0.20,1.38,416
P4,0.19,1.38,334
P4,0.02,0.52,3105
P4,0.02,0.53,2811
P4,0.01,0.53,2663
P4,0.00,0.53,1983
P4,0.00,0.52,2587
P4,0.07,0.80,429
P4,0.07,0.81,430
P4,0.07,0.30,5842
P4,0.08,0.30,5436
P4,0.08,0.31,4471
P4,-0.03,0.36,6936
P4,-0.03,0.37,5811
P4,-0.23,0.83,1639
P4,-0.22,0.83,1449
P4,-0.04,0.27,9088
P4,-0.03,0.27,9208
P4,-0.03,0.28,9404
P4,-0.02,0.27,9534
P4,-0.06,0.42,4295
P4,-0.07,0.42,4494
P4,-0.08,0.42,3592
P4,0.11,0.41,1394
P4,0.02,0.77,517
P4,0.02,0.78,570
P4,0.03,0.78,775
P4,0.03,0.77,480
P4,-0.10,0.82,572
P4,-0.11,0.82,736
P4,-0.12,0.82,753
P4,0.01,0.45,4780
P4,0.00,0.97,391
P4,0.00,0.98,320
P4,-0.21,0.61,2082
P4,-0.20,0.61,1371
P4,-0.19,0.61,1037
P4,-0.08,0.57,1258
P4,-0.08,0.58,1337
P4,-0.09,0.58,1576
P4,-0.10,0.58,1285
P4,-0.10,0.57,2021
P4,-0.06,0.41,3600
P4,-0.07,0.41,4125
P4,-0.19,0.81,1684
P4,-0.03,1.11,517
P4,-0.03,1.12,376
P4,-0.02,1.12,324
P4,-0.02,1.11,247
P4,-0.09,0.66,1258
P4,-0.09,0.67,1189
P4,-0.10,0.67,1390
P4,-0.10,0.66,1414
P4,0.24,0.39,2266
P4,0.23,0.39,1542
P4,0.21,0.60,826
P4,0.20,0.60,855
P4,0.19,0.60,630
P4,-0.04,0.21,13506
P4,0.07,0.36,5568
P4,0.08,0.36,3970
P4,0.09,0.36,3383
P4,0.07,0.32,5613
P4,0.07,0.33,6341
P4,0.08,0.33,5312
P4,0.08,0.32,4878
P4,-0.05,1.06,306
P4,-0.05,1.07,356
P4,-0.08,0.34,4564
P4,-0.08,0.35,4662
P4,-0.09,0.35,3408
P4,-0.10,0.35,3321
P4,-0.10,0.34,3555
P4,0.07,0.21,13324
P4,-0.01,0.65,1450
P4,-0.01,0.66,1218
P4,0.00,0.66,1101
P4,0.00,0.65,1502
P4,-0.04,0.36,5878
P4,-0.04,0.37,5636
P4,-0.05,0.37,4830
P4,-0.05,0.36,5502
P4,-0.05,0.30,6747
P4,-0.06,0.30,5722
P4,-0.02,0.28,9409
P4,0.06,0.80,450
P4,-0.01,0.41,4564
P4,-0.02,0.42,2748
P4,0.04,0.48,9179
P4,0.04,0.49,7047
P4,0.05,0.49,7162
P4,0.05,0.48,9033
P4,0.06,0.47,17163
P4,0.04,0.46,24710
P4,-0.06,0.67,1063
P4,-0.07,0.67,1529
P4,-0.07,0.66,1157
P4,0.12,0.47,8317
P4,-0.14,0.45,2148
P4,-0.15,0.45,1470
P4,-0.16,0.45,1230
P4,-0.09,0.38,2829
P4,-0.09,0.39,3202
P4,-0.10,0.39,3298
P4,-0.10,0.38,2451
P4,-0.23,0.45,3102
P4,-0.22,0.45,1442
P4,-0.22,0.44,1371
P4,-0.14,0.48,1143
P4,-0.14,0.49,1308
P4,-0.15,0.49,1150
P4,-0.16,0.49,1211
P4,-0.16,0.48,840
P4,-0.18,0.39,670
P4,-0.17,0.39,607
P4,-0.16,0.39,788
P4,0.03,0.34,7759
P4,0.02,0.25,12363
P4,0.03,0.25,11829
P4,-0.20,0.87,918
P4,-0.19,0.87,644
P4,-0.18,0.87,934
P4,-0.05,0.22,11213
P4,-0.04,0.22,12520
P4,0.17,1.01,85
P4,0.18,1.01,128
P4,-0.06,0.37,4506
P4,-0.07,0.37,3836
P4,-0.08,0.37,3235
P4,0.11,0.22,4194
P4,0.11,0.46,15700
P4,0.10,0.33,4084
P4,0.11,0.33,3537
P4,0.12,0.33,2827
P4,-0.06,0.23,11306
P4,-0.06,0.24,12144
P4,-0.05,0.24,11658
P4,-0.05,0.23,12830
P4,-0.24,0.56,3043
P4,0.03,0.47,9780
P4,0.07,0.44,2526
P4,-0.22,1.28,544
P4,-0.23,1.28,586
P4,-0.12,0.32,2676
P4,-0.13,0.32,1976
P4,-0.07,0.84,644
P4,-0.07,0.85,569
P4,0.05,0.26,9771
P4,0.05,0.27,8864
P4,-0.19,0.63,978
P4,-0.20,0.63,1468
P4,-0.20,0.62,1440
P4,0.24,1.26,364
P4,0.24,1.25,262
P4,-0.21,1.14,926
P4,-0.20,1.14,858
P4,-0.19,1.14,662
P4,-0.24,0.43,3275
P4,-0.23,0.43,3127
P4,0.04,0.27,9072
P4,0.06,0.27,8643
P4,0.19,0.54,271
P4,0.20,0.54,912
P4,0.21,0.54,1625
P4,0.21,0.53,1223
P4,0.23,0.49,2624
P4,0.23,0.50,1564
P4,0.22,0.50,1510
P4,0.21,0.50,1016
P4,0.21,0.49,1239
P4,-0.08,0.30,4772
P4,-0.08,0.31,4965
P4,-0.09,0.21,9771
P4,-0.10,0.22,6242
P4,-0.11,0.22,4347
P4,-0.11,0.21,3349
P4,0.05,0.54,1451
P4,0.05,0.55,1687
P4,0.04,0.55,1672
P4,0.04,0.54,2205
P4,0.04,0.47,13422
P4,-0.05,0.54,1530
P4,-0.06,0.54,1665
P4,-0.06,0.55,1911
P4,-0.07,0.55,1822
P4,-0.07,0.54,1844
P4,-0.24,0.51,3404
P4,-0.23,0.51,3727
P4,-0.22,0.51,2434
P4,-0.15,0.80,719
P4,-0.15,0.81,813
P4,-0.16,0.81,819
P4,-0.16,0.80,803
P4,0.04,0.25,12177
P4,0.05,0.25,11673
P4,-0.02,0.37,5635
P4,-0.02,0.36,6943
P4,-0.06,0.60,1165
P4,-0.06,0.43,4267
P4,-0.06,0.44,3427
P4,-0.05,0.44,4305
P4,-0.05,0.43,3805
P4,0.04,0.28,9056
P4,0.05,0.28,7608
P4,-0.06,0.26,8936
P4,-0.07,0.26,8387
P4,-0.07,0.25,10090
P4,0.00,0.35,7139
P4,0.00,0.34,6930
P4,-0.21,0.96,1091
P4,-0.20,0.96,1017
P4,-0.20,0.97,1178
P4,-0.19,0.97,1266
P4,-0.19,0.96,928
P4,0.04,0.29,7651
P4,0.05,0.29,7999
P4,0.06,0.29,6378
P4,-0.01,0.24,12409
P4,-0.03,0.22,12143
P4,-0.10,0.31,4429
P4,-0.11,0.31,3527
P4,-0.12,0.31,3046
P4,0.13,0.34,2272
P4,0.14,0.34,1555
P4,0.15,0.34,1031
P4,0.15,0.33,769
P4,-0.01,0.42,3445
P4,-0.02,0.43,1851
P4,-0.03,0.43,2500
P4,-0.24,0.58,2653
P4,-0.23,0.59,3365
P4,-0.22,0.59,2786
P4,-0.22,0.58,2435
P4,-0.22,1.09,941
P4,-0.21,1.09,1062
P4,-0.09,0.56,1636
P4,-0.09,0.57,1776
P4,-0.24,0.53,2244
P4,-0.23,0.53,2475
P4,-0.22,0.53,1928
P4,0.24,0.86,186
P4,0.23,0.86,241
P4,0.22,0.86,113
P4,-0.22,1.22,360
P4,-0.21,1.22,385
P4,-0.20,1.22,461
P4,-0.20,0.69,1621
P4,-0.19,0.69,1444
P4,-0.18,0.69,1060
P4,-0.24,0.54,2820
P4,0.02,0.30,7029
P4,0.02,0.31,6863
P4,0.03,0.31,7736
P4,0.03,0.30,7664
P4,0.04,0.30,7519
P4,-0.07,0.58,1414
P4,-0.08,0.59,1173
P4,-0.07,0.49,2230
P4,-0.08,0.49,2205
P4,-0.23,1.03,1129
P4,-0.24,1.03,886
P4,-0.24,1.04,772
P4,0.02,0.61,1403
P4,0.02,0.62,1555
P4,0.03,0.61,859
P4,-0.06,0.31,5673
P4,-0.06,0.32,7206
P4,-0.07,0.32,6438
P4,-0.07,0.31,5667
P4,-0.18,0.78,1178
P4,-0.17,0.78,883
P4,-0.17,0.79,991
P4,-0.16,0.79,688
P4,-0.16,0.78,833
P4,-0.22,1.33,749
P4,-0.21,1.32,470
P4,0.03,0.48,7123
P4,-0.14,0.58,1181
P4,-0.14,0.59,1425
P4,-0.15,0.59,1147
P4,-0.15,0.58,891
P4,-0.16,0.58,778
P4,-0.08,0.28,5889
P4,0.01,0.52,3282
P4,-0.22,0.72,2243
P4,-0.21,0.72,2424
P4,-0.21,0.73,2245
P4,-0.20,0.72,1976
P4,-0.05,0.27,9184
P4,0.09,0.89,267
P4,0.10,0.89,223
P4,0.10,0.90,167
P4,0.11,0.90,161
P4,0.11,0.89,108
P4,-0.07,0.50,1736
P4,-0.08,0.50,1813
P4,-0.02,0.61,1180
P4,-0.02,0.62,1339
P4,-0.03,0.62,1633
P4,-0.04,0.61,1102
P4,0.11,0.38,2216
P4,0.12,0.38,1649
P4,0.13,0.38,1780
P4,0.09,0.24,7289
P4,0.10,0.24,5948
P4,-0.12,0.30,2157
P4,-0.12,0.29,2855
P4,0.07,0.40,5574
P4,0.08,0.40,3555
P4,0.24,0.49,1710
P4,0.22,0.49,2122
P4,-0.01,0.43,2119
P4,-0.01,0.44,2269
P4,0.00,0.44,3069
P4,0.03,0.23,12428
P4,-0.21,0.51,1207
P4,0.03,0.62,1355
P4,0.03,0.63,1823
P4,0.04,0.63,1906
P4,0.04,0.62,1549
P4,-0.16,0.46,1081
P4,-0.17,0.46,538
P4,-0.18,0.46,328
P4,-0.17,1.37,295
P4,-0.17,1.38,586
P4,-0.16,1.38,592
P4,-0.16,1.37,360
P4,0.06,0.37,6759
P4,0.06,0.38,6508
P4,0.07,0.38,5715
P4,0.07,0.37,5421
P4,0.07,0.29,5529
P4,-0.24,1.08,353
P4,-0.23,1.08,754
P4,-0.22,1.08,1049
P4,-0.19,0.98,1236
P4,-0.18,0.98,1074
P4,-0.08,0.86,446
P4,-0.08,0.87,734
P4,-0.07,0.87,503
P4,-0.07,0.86,373
P4,0.10,0.20,3716
P4,0.11,0.20,1063
P4,-0.03,0.83,657
P4,-0.03,0.84,637
P4,-0.02,0.84,507
P4,-0.02,0.83,905
P4,-0.01,0.29,8142
P4,-0.05,1.20,311
P4,-0.05,1.21,373
P4,0.01,0.65,1231
P4,0.02,0.65,1548
P4,0.02,0.66,1071
P4,0.03,0.65,2104
P4,0.06,0.48,8855
P4,0.07,0.48,11298
P4,0.07,0.47,15022
P4,-0.01,0.28,8758
P4,0.24,0.42,2644
P4,-0.06,0.27,7809
P4,-0.07,0.63,924
P4,-0.08,0.63,1209
P4,-0.09,0.63,1109
P4,0.14,0.36,1754
P4,0.15,0.36,1044
P4,0.16,0.36,642
P4,0.16,0.35,881
P4,0.00,0.20,7081
P4,0.01,0.20,6909
P4,0.10,0.26,5426
P4,0.11,0.26,4087
P4,0.03,0.56,1787
P4,0.04,0.56,1886
P4,0.04,0.57,1404
P4,0.24,0.41,2306
P4,0.23,0.41,1650
P4,0.22,0.41,647
P4,0.21,0.74,281
P4,0.20,0.74,327
P4,0.20,0.75,431
P4,0.19,0.75,383
P4,0.19,0.74,299
P4,-0.14,1.06,839
P4,-0.14,1.07,868
P4,-0.15,1.07,851
P4,-0.15,1.06,614
P4,-0.16,1.06,774
P4,0.14,0.45,19909
P4,0.03,0.24,12028
P4,0.04,0.24,11902
P4,-0.23,0.86,780
P4,-0.23,0.87,898
P4,-0.22,0.87,883
P4,-0.22,0.86,987
P4,-0.07,0.40,3764
P4,-0.06,0.40,4643
P4,0.05,0.93,271
P4,0.06,0.93,273
P4,0.06,0.94,276
P4,0.07,0.94,226
P4,0.07,0.93,272
P4,-0.16,0.72,834
P4,-0.16,0.73,631
P4,-0.17,0.73,879
P4,-0.17,0.72,906
P4,-0.18,0.72,1082
P4,0.04,0.68,914
P4,-0.24,0.84,1133
P4,-0.24,0.83,1146
P4,0.24,1.00,134
P4,0.23,1.00,126
P4,0.22,1.00,143
P4,0.00,0.40,5894
P4,0.00,0.41,5544
P4,0.06,0.49,6985
P4,-0.02,0.58,1321
P4,-0.01,0.58,1526
P4,-0.01,0.59,2012
P4,0.00,0.58,1285
P4,0.11,1.25,100
P4,0.12,1.25,38
P4,0.12,1.26,121
P4,0.13,1.26,91
P4,0.13,1.25,79
P4,-0.24,0.82,1306
P4,-0.23,0.82,1544
P4,-0.23,0.81,1844
P4,0.20,0.57,739
P4,0.19,0.57,346
P4,0.22,0.32,2158
P4,0.21,0.32,2891
P4,0.20,0.32,1502
P4,0.20,0.31,1554
P4,0.12,0.22,2029
P4,-0.01,1.12,391
P4,-0.01,1.13,312
P4,0.00,0.33,7207
P4,-0.14,0.76,891
P4,-0.14,0.77,552
P4,-0.15,0.77,607
P4,-0.15,0.76,715
P4,-0.16,0.76,571
P4,-0.20,0.80,1830
P4,0.09,0.32,5157
P4,0.10,0.32,3957
P4,0.08,0.37,3530
P4,0.09,0.37,3402
P4,0.10,0.37,2403
P4,0.10,0.36,2095
P4,0.07,0.51,2589
P4,0.08,0.51,2183
P4,0.09,0.51,1381
P4,0.09,0.50,2509
P4,0.13,0.27,1925
P4,0.08,0.48,11150
P4,-0.23,0.75,1734
P4,-0.22,0.75,1510
P4,-0.15,0.74,893
P4,-0.16,0.74,898
P4,-0.17,0.74,771
P4,-0.12,0.78,820
P4,0.11,0.95,216
P4,0.12,0.95,162
P4,0.13,0.95,82
P4,0.21,0.75,357
P4,0.21,0.76,231
P4,0.20,0.76,237
P4,0.19,0.76,276
P4,-0.07,0.30,5206
P4,-0.24,0.46,3654
P4,-0.23,0.46,3207
P4,-0.22,0.46,1724
P4,-0.06,0.22,11708
P4,0.03,0.53,2526
P4,-0.18,0.97,1166
P4,-0.17,0.97,1073
P4,0.07,0.68,479
P4,0.08,0.68,339
P4,0.00,0.67,872
P4,0.01,0.67,1218
P4,0.01,0.68,1050
P4,0.02,0.67,1163
P4,0.11,0.34,3403
P4,0.11,0.35,2618
P4,0.12,0.35,2377
P4,-0.07,0.35,5016
P4,-0.06,0.35,5426
P4,-0.05,0.34,5696
P4,0.02,0.22,12143
P4,0.09,0.26,6433
P4,0.09,0.27,5288
P4,0.10,0.27,5138
P4,-0.01,0.74,861
P4,-0.01,0.75,523
P4,0.01,0.41,4360
P4,0.02,0.41,4034
P4,-0.01,0.87,543
P4,-0.01,0.88,372
P4,-0.02,0.88,569
P4,-0.02,0.87,531
P4,-0.20,1.04,1203
P4,-0.20,1.05,800
P4,-0.21,1.05,893
P4,-0.22,1.24,736
P4,-0.21,1.24,440
P4,-0.20,1.24,462
P4,-0.03,0.33,7174
P4,-0.02,0.33,7519
P4,-0.02,0.32,7434
P4,0.07,0.41,4888
P4,-0.03,0.35,6591
P4,-0.21,1.23,640
P4,-0.20,1.23,484
P4,-0.19,1.22,363
P4,0.08,0.27,6809
P4,-0.24,0.55,2692
P4,0.08,0.38,4249
P4,0.09,0.38,3131
P4,0.10,0.38,2717
P4,0.00,0.51,2759
P4,-0.01,0.51,1808
P4,-0.02,0.51,1544
P4,0.11,0.39,2124
P4,-0.07,0.33,5039
P4,0.00,0.49,5460
P4,0.00,0.50,4403
P4,-0.23,1.36,334
P4,-0.24,1.36,452
P4,-0.24,1.35,474
P4,0.24,0.36,1631
P4,0.23,0.36,531
P4,0.24,0.44,3042
P4,-0.24,0.41,2424
P4,-0.23,0.41,1484
P4,-0.08,0.41,3738
P4,-0.08,0.40,4021
P4,-0.20,0.60,960
P4,-0.01,0.30,7617
P4,-0.01,0.31,7010
P4,0.00,0.31,7504
P4,0.00,0.30,7589
P4,-0.23,0.77,1439
P4,-0.22,0.77,1447
P4,-0.21,0.77,1470
P4,-0.24,0.42,2896
P4,-0.23,0.42,2264
P4,-0.01,0.27,10521
P4,-0.22,0.92,903
P4,-0.22,0.93,1260
P4,-0.21,0.93,1357
P4,-0.21,0.92,1239
P4,-0.20,0.92,1238
P4,0.06,0.44,6743
P4,-0.13,0.56,1086
P4,-0.14,0.56,1043
P4,-0.11,1.02,389
P4,-0.11,1.03,674
P4,-0.12,1.03,404
P4,-0.12,1.02,313
P4,-0.09,0.34,4359
P4,-0.21,0.53,1120
P4,-0.20,0.53,463
P4,-0.22,0.81,1867
P4,0.09,0.34,4163
P4,0.09,0.35,3258
P4,0.10,0.35,3479
P4,0.10,0.34,3892
P4,-0.08,0.44,3308
P4,-0.09,0.44,2707
P4,-0.10,0.44,2578
P4,-0.04,0.44,4151
P4,-0.04,0.45,4686
P4,-0.05,0.45,5533
P4,-0.06,0.45,5300
P4,0.05,0.43,7707
P4,0.06,0.43,5795
P4,0.24,0.81,365
P4,0.23,0.81,337
P4,0.04,0.65,1181
P4,0.05,0.65,919
P4,0.06,0.65,476
P4,0.13,1.30,97
P4,0.14,1.30,103
P4,0.15,1.30,49
P4,0.08,0.76,290
P4,-0.22,0.80,1531
P4,-0.21,0.80,1684
P4,0.09,0.25,7226
P4,-0.03,0.24,11321
P4,0.24,0.38,2454
P4,0.23,0.38,1503
P4,-0.07,0.77,731
P4,-0.07,0.78,487
P4,-0.18,0.84,1122
P4,0.16,0.28,58
P4,0.01,0.50,5527
P4,-0.01,0.50,3029
P4,-0.24,1.38,590
P4,-0.23,1.38,680
P4,-0.23,1.39,79
P4,-0.22,1.39,72
P4,-0.22,1.38,281
P4,0.01,0.31,7694
P4,0.02,0.32,7265
P4,0.00,0.54,2464
P4,0.01,0.54,2798
P4,0.01,0.55,2714
P4,0.02,0.55,2681
P4,0.02,0.54,2146
P4,-0.24,0.49,3954
P4,-0.05,0.47,3475
P4,-0.05,0.48,2477
P4,0.01,0.69,842
P4,-0.08,0.23,9902
P4,-0.09,0.23,7470
P4,-0.09,0.24,6930
P4,-0.07,0.23,11209
P4,0.06,0.30,5887
P4,-0.12,0.21,1028
P4,-0.23,0.26,330
P4,-0.22,0.26,801
P4,-0.21,0.26,471
P4,0.01,1.16,196
P4,0.01,1.17,141
P4,0.02,1.17,120
P4,0.02,1.16,117
P4,0.06,1.24,197
P4,0.07,1.25,110
P4,0.07,1.24,87
P4,-0.23,0.76,1303
P4,-0.22,0.76,1203
P4,0.11,0.29,3253
P4,0.11,0.28,3825
P4,-0.15,1.01,945
P4,-0.16,1.01,859
P4,-0.16,1.02,891
P4,-0.17,1.01,714
P4,-0.14,0.92,621
P4,-0.15,0.92,669
P4,-0.16,0.92,761
P4,-0.06,0.49,2001
P4,0.07,1.20,379
P4,0.07,1.21,90
P4,0.08,1.21,127
P4,0.09,1.21,177
P4,0.09,1.20,222
P4,-0.13,0.93,365
P4,-0.13,0.94,446
P4,-0.14,0.94,654
P4,-0.14,0.93,644
P4,-0.21,1.08,912
P4,-0.20,1.08,678
P4,-0.14,1.24,554
P4,-0.15,1.24,610
P4,-0.15,1.23,262
P4,-0.04,0.28,7855
P4,-0.10,0.63,1394
P4,-0.11,0.63,1273
P4,-0.17,0.42,601
P4,-0.17,0.43,720
P4,-0.18,0.43,418
P4,-0.18,0.42,435
P4,-0.19,0.42,219
P4,-0.14,0.85,537
P4,-0.15,0.85,774
P4,-0.16,0.85,1121
P4,-0.16,0.84,901
P4,0.24,0.34,1257
P4,-0.12,1.35,159
P4,-0.12,1.36,184
P4,-0.13,1.35,210
P4,0.14,0.49,256
P4,0.14,0.50,214
P4,0.13,0.50,291
P4,0.13,0.49,397
P4,-0.14,0.44,1535
P4,-0.15,0.44,1158
P4,-0.04,0.66,1405
P4,-0.04,0.67,890
P4,-0.05,0.67,1147
P4,-0.05,0.66,1283
P4,-0.03,1.14,524
P4,-0.03,1.15,380
P4,-0.03,1.13,270
P4,-0.04,0.80,1011
P4,-0.04,0.81,872
P4,-0.06,0.20,6543
P4,-0.08,0.20,6720
P4,-0.23,0.93,1261
P4,-0.22,0.94,1191
P4,-0.21,0.94,880
P4,0.13,0.22,629
P4,-0.22,1.14,783
P4,-0.22,1.15,1031
P4,-0.23,1.15,817
P4,-0.23,1.14,873
P4,-0.24,1.14,530
P4,0.01,0.51,3851
P4,0.02,0.51,4387
P4,0.02,0.50,5422
P4,0.03,0.50,5108
P4,0.08,1.23,140
P4,0.09,1.23,142
P4,0.10,1.23,42
P4,-0.11,0.94,239
P4,-0.12,0.94,318
P4,-0.23,0.55,3207
P4,0.11,0.73,151
P4,0.11,0.74,182
P4,0.12,0.74,134
P4,0.13,0.74,81
P4,0.13,0.73,124
P4,-0.06,0.39,5166
P4,-0.05,0.40,3877
P4,-0.05,0.39,3942
P4,0.15,0.40,1745
P4,0.16,0.40,1120
P4,0.17,0.40,848
P4,0.04,0.77,420
P4,0.04,0.78,678
P4,-0.24,0.97,695
P4,-0.24,0.98,996
P4,-0.23,0.98,1339
P4,-0.23,0.97,782
P4,-0.11,0.34,2896
P4,-0.17,0.89,1344
P4,-0.16,0.89,974
P4,0.01,0.91,576
P4,0.01,0.92,640
P4,-0.12,0.40,2422
P4,-0.13,0.40,2112
P4,-0.14,0.40,1621
P4,-0.22,0.42,847
P4,-0.19,0.68,1107
P4,-0.04,0.38,4995
P4,-0.05,0.38,5006
P4,0.05,0.41,7034
P4,-0.05,0.28,7392
P4,0.15,0.45,9800
P4,0.15,0.44,11709
P4,0.02,0.47,7476
P4,0.00,0.47,5605
P4,0.00,0.46,4701
P4,0.11,1.23,136
P4,0.05,0.42,7773
P4,0.06,0.42,6893
P4,-0.01,0.40,4955
P4,-0.13,1.27,305
P4,-0.14,1.27,438
P4,-0.14,1.28,337
P4,-0.15,1.28,318
P4,-0.15,1.27,635
P4,0.03,0.75,710
P4,0.03,0.76,554
P4,0.04,0.76,501
P4,0.04,0.75,693
P4,-0.23,0.85,1303
P4,-0.22,0.85,1604
P4,-0.08,0.26,6506
P4,-0.08,0.25,8957
P4,-0.12,0.72,881
P4,-0.12,0.73,795
P4,-0.13,0.73,935
P4,-0.13,0.72,1213
P4,0.12,0.28,3036
P4,0.13,0.28,1989
P4,-0.18,0.63,936
P4,0.11,0.27,3708
P4,-0.05,0.83,669
P4,-0.05,0.84,765
P4,-0.04,0.83,637
P4,-0.08,0.36,4532
P4,0.06,0.34,5061
P4,0.06,0.35,5948
P4,0.07,0.35,5687
P4,0.07,0.34,5235
P4,-0.03,0.56,1643
P4,-0.03,0.57,1501
P4,-0.02,0.57,1308
P4,-0.02,0.56,1736
P4,-0.11,0.40,2526
P4,-0.12,0.41,2634
P4,-0.13,0.41,2646
P4,0.04,0.50,5142
P4,0.01,0.27,9129
P4,-0.24,0.74,1426
P4,-0.24,0.73,1669
P4,-0.23,0.73,2190
P4,0.10,0.23,6188
P4,0.11,0.24,4369
P4,0.11,0.23,4627
P4,0.12,0.23,2977
P4,-0.13,0.95,405
P4,-0.13,0.96,392
P4,-0.14,0.96,433
P4,-0.14,0.95,412
P4,-0.15,0.95,603
P4,-0.16,0.43,1172
P4,-0.22,1.03,988
P4,0.05,0.91,161
P4,0.06,0.91,259
P4,0.07,0.91,214
P4,-0.01,0.37,5996
P4,-0.22,0.61,2312
P4,-0.07,0.39,3866
P4,-0.19,0.50,336
P4,-0.20,0.50,478
P4,-0.23,0.96,1109
P4,-0.22,0.96,970
P4,0.24,0.29,654
P4,0.23,0.29,2443
P4,0.22,0.29,2797
P4,0.05,0.76,370
P4,0.05,0.77,633
P4,0.06,0.77,369
P4,0.06,0.76,435
P4,-0.10,0.73,1183
P4,-0.11,0.73,1031
P4,-0.11,0.72,950
P4,0.09,0.22,8263
P4,0.21,0.29,1968
P4,0.05,0.66,714
P4,0.05,0.67,1128
P4,0.01,0.82,504
P4,0.01,0.83,500
P4,0.02,0.83,570
P4,0.02,0.82,721
P4,-0.12,0.89,529
P4,-0.13,0.90,628
P4,-0.14,0.89,592
P4,0.12,0.25,3536
P4,0.13,0.25,2006
P4,0.14,0.25,800
P4,-0.13,0.91,541
P4,-0.14,0.91,596
P4,-0.15,0.91,616
P4,0.05,0.30,6992
P4,-0.22,0.82,1519
P4,0.05,0.57,1427
P4,0.05,0.58,1336
P4,-0.16,1.14,680
P4,-0.16,1.15,339
P4,-0.17,1.15,577
P4,-0.18,1.15,855
P4,-0.18,1.14,488
P4,-0.22,0.56,2704
P4,0.17,0.74,404
P4,0.16,0.74,222
P4,0.07,0.52,2486
P4,0.08,0.52,2035
P4,0.05,0.78,600
P4,0.05,0.79,554
P4,0.06,0.78,446
P4,0.01,0.30,7477
P4,-0.06,0.36,4800
P4,-0.23,0.56,3246
P4,-0.21,0.56,2368
P4,0.23,0.44,3053
P4,-0.12,0.42,2458
P4,-0.12,0.43,2275
P4,-0.13,0.43,1843
P4,-0.13,0.42,1925
P4,0.11,1.27,163
P4,0.11,1.28,83
P4,0.12,1.28,256
P4,0.13,1.28,148
P4,0.13,1.27,87
P4,-0.13,1.09,388
P4,-0.22,0.60,2334
P4,-0.21,0.60,1682
P4,0.05,0.63,1291
P4,0.06,0.63,814
P4,-0.13,0.89,389
P4,0.11,0.21,3929
P4,0.12,0.21,1227
P4,-0.08,0.22,10157
P4,0.07,0.70,411
P4,0.07,0.71,475
P4,-0.14,0.69,730
P4,-0.14,0.70,743
P4,-0.15,0.70,797
P4,-0.15,0.69,692
P4,-0.05,0.53,1397
P4,-0.06,0.53,1431
P4,-0.07,0.53,1667
P4,0.24,0.47,1989
P4,0.23,0.47,2708
P4,0.22,0.47,1680
P4,-0.12,0.25,3465
P4,-0.13,0.25,2057
P4,-0.10,0.36,3294
P4,-0.15,1.22,169
P4,-0.14,1.22,245
P4,0.16,0.83,289
P4,0.15,0.83,237
P4,0.09,0.52,1316
P4,0.09,0.23,8010
P4,0.01,0.87,629
P4,0.01,0.88,522
P4,0.05,0.50,5783
P4,0.06,0.50,5546
P4,-0.12,0.24,3560
P4,-0.13,0.24,1639
P4,0.14,1.09,156
P4,0.15,1.09,120
P4,0.16,1.09,80
P4,-0.18,1.35,532
P4,-0.17,1.35,567
P4,-0.16,1.35,353
P4,-0.06,0.88,598
P4,-0.06,0.89,354
P4,-0.06,0.87,634
P4,-0.20,0.94,1002
P4,-0.20,0.95,1202
P4,-0.19,0.95,1362
P4,-0.18,0.95,1161
P4,-0.18,0.94,1302
P4,0.00,0.92,617
P4,0.01,0.93,399
P4,0.02,0.93,322
P4,0.02,0.92,430
P4,-0.07,0.36,4936
P4,-0.07,0.46,3384
P4,-0.07,0.47,2593
P4,0.00,0.57,1799
P4,-0.01,0.57,1500
P4,0.07,0.50,4046
P4,0.08,0.50,3538
P4,-0.12,0.74,764
P4,-0.13,0.74,969
P4,-0.13,0.75,800
P4,-0.14,0.74,961
P4,0.22,0.43,1030
P4,0.21,1.16,193
P4,0.20,1.16,178
P4,-0.16,1.08,399
P4,-0.15,1.08,495
P4,-0.14,1.08,491
P4,0.09,0.31,4623
P4,0.10,0.31,3734
P4,0.11,0.31,3155
P4,-0.24,0.93,970
P4,-0.23,0.92,743
P4,0.23,0.27,737
P4,0.22,0.27,1384
P4,-0.12,0.83,651
P4,-0.12,0.84,737
P4,-0.13,0.84,580
P4,-0.13,0.83,673
P4,-0.15,0.32,898
P4,-0.16,0.32,535
P4,0.02,0.56,1992
P4,0.11,0.37,2137
P4,0.12,0.37,1479
P4,-0.23,0.29,2207
P4,-0.22,0.29,2336
P4,-0.21,0.29,1990
P4,-0.10,0.79,984
P4,-0.11,0.79,703
P4,-0.20,0.32,1447
P4,-0.19,0.32,462
P4,-0.18,0.32,50
P4,-0.18,0.90,1536
P4,-0.17,0.90,1210
P4,-0.23,0.64,3092
P4,-0.22,0.64,2759
P4,-0.21,0.64,2253
P4,-0.21,0.63,1918
P4,-0.21,0.91,1352
P4,-0.19,0.92,1131
P4,-0.19,0.91,1432
P4,-0.11,0.65,1680
P4,-0.12,0.65,1865
P4,-0.12,0.66,1184
P4,-0.13,0.65,1361
P4,-0.12,1.26,377
P4,-0.11,1.26,272
P4,-0.03,0.31,6743
P4,-0.02,0.80,1170
P4,-0.02,0.81,948
P4,-0.01,0.81,709
P4,-0.01,0.80,1039
P4,0.12,0.31,2880
P4,0.13,0.31,2128
P4,-0.07,1.28,132
P4,-0.07,1.29,381
P4,-0.07,1.02,790
P4,-0.07,1.03,745
P4,-0.06,1.03,757
P4,-0.06,1.02,619
P4,0.14,0.37,1537
P4,0.15,0.37,1355
P4,0.15,0.38,1158
P4,0.16,0.38,549
P4,0.16,0.37,852
P4,-0.07,0.91,333
P4,-0.07,0.92,628
P4,-0.08,0.92,601
P4,-0.08,0.91,511
P4,0.01,0.48,6367
P4,0.00,0.48,6072
P4,-0.01,0.48,4686
P4,0.04,0.94,311
P4,0.04,0.95,366
P4,0.03,0.55,2047
P4,-0.01,0.23,13491
P4,0.16,0.44,5655
P4,0.16,0.45,3824
P4,0.17,0.45,1787
P4,0.17,0.44,3066
P4,-0.02,0.72,524
P4,-0.02,0.73,780
P4,-0.03,0.73,1012
P4,-0.03,0.72,807
P4,0.08,0.81,386
P4,0.09,0.81,449
P4,0.10,0.81,320
P4,0.01,0.22,12814
P4,-0.08,0.47,2436
P4,-0.08,0.48,1900
P4,-0.07,0.48,1686
P4,-0.22,0.43,1354
P4,0.23,0.37,692
P4,-0.23,0.74,1767
P4,-0.22,0.74,2206
P4,-0.10,0.87,456
P4,-0.10,0.88,567
P4,-0.11,0.88,559
P4,-0.12,0.88,471
P4,-0.12,0.87,450
P4,0.03,0.29,8178
P4,0.16,0.43,4036
P4,0.17,0.43,2544
P4,-0.09,0.40,3273
P4,-0.10,0.40,3123
P4,-0.10,0.41,3133
P4,-0.11,0.41,2790
P4,0.02,0.86,525
P4,0.02,0.87,614
P4,0.03,0.87,524
P4,0.03,0.86,513
P4,0.04,0.86,352
P4,0.04,0.60,959
P4,0.05,0.60,978
P4,0.05,0.59,752
P4,-0.23,1.19,429
P4,-0.22,1.19,427
P4,-0.21,1.19,460
P4,0.02,0.33,7968
P4,-0.24,0.65,2103
P4,-0.24,0.72,1925
P4,-0.23,0.72,2312
P4,-0.18,0.83,1273
P4,-0.17,0.83,1132
P4,-0.17,0.82,946
P4,-0.08,0.39,4297
P4,-0.12,0.57,1491
P4,-0.13,0.57,1192
P4,-0.03,0.44,3621
P4,-0.02,0.44,2500
P4,-0.24,0.36,1900
P4,-0.24,0.76,1018
P4,-0.24,0.77,1193
P4,-0.13,0.79,993
P4,0.06,0.41,6790
P4,-0.23,0.44,2689
P4,-0.16,0.90,875
P4,0.00,0.45,3551
P4,-0.03,0.50,1888
P4,-0.04,0.50,1653
P4,-0.04,0.49,1729
P4,-0.04,0.34,6835
P4,-0.04,0.35,6440
P4,0.24,0.37,1531
P4,-0.24,0.61,2373
P4,-0.08,0.79,690
P4,-0.09,0.79,810
P4,-0.09,0.78,341
P4,0.16,0.32,416
P4,-0.24,0.88,764
P4,-0.22,0.88,801
P4,-0.18,0.91,1362
P4,-0.17,0.91,1080
P4,0.07,0.27,7165
P4,0.14,1.39,20
P4,0.14,1.38,105
P4,0.02,0.28,8131
P4,0.01,0.28,8827
P4,-0.24,0.40,3965
P4,-0.23,0.40,2467
P4,0.10,0.25,5961
P4,0.11,0.25,4744
P4,0.08,0.21,13547
P4,-0.09,0.41,3516
P4,-0.15,0.90,576
P4,-0.14,0.90,460
P4,0.05,0.36,5447
P4,0.05,0.37,5968
P4,0.04,0.37,5859
P4,0.04,0.36,6424
P4,0.00,0.62,1692
P4,0.00,0.63,1257
P4,-0.01,0.63,1432
P4,-0.01,0.62,1336
P4,-0.03,0.51,1563
P4,-0.03,0.46,5473
P4,0.02,0.58,1281
P4,0.02,0.59,2133
P4,0.03,0.59,1464
P4,0.03,0.58,1284
P4,0.23,0.26,386
P4,0.22,0.26,819
P4,0.17,0.34,284
P4,0.18,0.34,288
P4,-0.05,0.35,5544
P4,-0.09,1.39,30
P4,0.06,1.30,134
P4,0.06,1.31,109
P4,0.07,1.31,129
P4,0.07,1.30,168
P4,0.02,0.88,640
P4,0.03,0.88,608
P4,0.04,0.88,453
P4,0.22,0.42,1206
P4,0.21,0.42,123
P4,0.06,0.36,6660
P4,-0.24,0.50,3856
P4,-0.23,0.50,3930
P4,-0.22,0.50,2464
P4,-0.22,0.49,2628
P4,-0.01,1.27,347
P4,0.00,1.27,174
P4,0.00,1.26,76
P4,0.03,0.51,4209
P4,0.03,0.52,3193
P4,0.04,0.52,2885
P4,0.04,0.51,3966
P4,-0.13,0.55,1861
P4,-0.14,0.55,1621
P4,-0.15,0.55,1400
P4,-0.20,0.54,905
P4,-0.20,0.55,973
P4,-0.19,0.55,561
P4,-0.19,0.54,486
P4,-0.14,1.02,531
P4,-0.15,1.02,733
P4,0.05,0.34,6545
P4,0.17,0.41,1299
P4,0.18,0.41,553
P4,-0.06,1.00,337
P4,-0.06,1.01,501
P4,-0.07,1.01,271
P4,-0.07,1.00,124
P4,0.08,0.43,1963
P4,-0.24,1.06,810
P4,-0.23,1.06,880
P4,-0.23,1.05,553
P4,0.12,0.62,237
P4,0.12,0.63,458
P4,0.13,0.63,410
P4,0.14,0.63,299
P4,0.14,0.62,139
P4,0.04,0.96,310
P4,0.03,0.35,6635
P4,0.04,0.35,6169
P4,-0.05,1.03,392
P4,-0.05,1.02,456
P4,0.08,0.29,4731
P4,0.00,0.42,5820
P4,-0.10,0.83,522
P4,-0.11,0.83,748
P4,-0.11,0.84,552
P4,-0.04,0.47,4680
P4,-0.06,0.47,2700
P4,0.01,0.23,12626
P4,-0.21,0.50,1355
P4,0.21,0.27,1172
P4,0.13,1.24,74
P4,0.14,1.24,121
P4,0.15,1.24,68
P4,-0.01,0.82,690
P4,0.00,0.82,727
P4,0.00,0.81,337
P4,-0.23,0.28,1726
P4,-0.22,0.28,1854
P4,-0.15,1.15,461
P4,-0.14,1.15,646
P4,-0.13,1.15,503
P4,0.23,0.32,335
P4,0.10,0.30,4374
P4,0.10,1.10,175
P4,0.10,1.11,110
P4,0.11,1.11,123
P4,0.11,1.10,190
P4,-0.08,0.21,12447
P4,-0.07,0.22,12027
P4,-0.20,0.84,1347
P4,-0.09,0.22,8492
P4,0.10,0.41,1445
P4,0.04,0.41,6770
P4,0.04,0.32,7199
P4,-0.22,0.70,2839
P4,-0.21,0.70,2498
P4,-0.20,0.70,2134
P4,0.24,0.40,2149
P4,-0.06,0.68,1131
P4,-0.08,0.67,1306
P4,-0.19,0.73,1277
P4,-0.20,0.73,1884
P4,0.13,0.54,306
P4,0.13,0.55,255
P4,0.12,0.55,468
P4,0.12,0.54,454
P4,0.04,0.31,6707
P4,0.05,0.31,6864
P4,0.06,0.31,6466
P4,0.24,0.30,1168
P4,0.23,0.30,2767
P4,-0.03,0.55,1603
P4,-0.04,0.55,1416
P4,-0.04,0.56,1554
P4,-0.05,0.56,1698
P4,-0.05,0.55,1335
P4,-0.24,0.29,769
P4,-0.01,0.52,1685
P4,0.19,0.35,570
P4,0.19,0.36,823
P4,0.18,0.36,406
P4,0.18,0.35,186
P4,0.07,0.64,741
P4,0.08,0.64,636
P4,0.09,0.64,583
P4,-0.10,0.49,1917
P4,-0.11,0.49,1760
P4,-0.12,0.49,1921
P4,0.02,0.44,1878
P4,-0.04,0.20,6683
P4,-0.19,0.84,1251
P4,-0.21,0.74,2200
P4,-0.01,0.32,7643
P4,-0.02,0.31,6579
P4,0.13,0.40,2699
P4,-0.14,1.16,576
P4,-0.15,1.16,438
P4,-0.16,1.16,390
P4,0.09,0.33,5023
P4,0.21,0.47,763
P4,0.20,0.47,180
P4,0.03,0.57,1924
P4,-0.23,0.52,2846
P4,0.21,0.48,638
P4,0.20,0.48,297
P4,-0.12,0.99,822
P4,-0.13,0.99,817
P4,0.09,0.20,6222
P4,-0.08,0.61,1170
P4,-0.09,0.61,1186
P4,-0.10,0.61,999
P4,0.24,0.93,400
P4,0.23,0.93,293
P4,0.06,0.32,6818
P4,0.02,0.48,6928
P4,0.10,0.94,236
P4,0.11,0.94,106
P4,0.12,0.94,81
P4,-0.23,0.37,1053
P4,-0.22,0.37,57
P4,-0.05,0.29,8484
P4,0.06,0.45,10221
P4,-0.16,0.69,579
P4,-0.16,0.70,835
P4,-0.17,0.70,814
P4,-0.17,0.69,872
P4,-0.05,0.73,799
P4,-0.06,0.73,760
P4,-0.12,0.46,2351
P4,-0.13,0.46,2016
P4,0.08,0.41,3484
P4,0.23,0.40,1434
P4,0.05,1.14,172
P4,0.05,1.15,232
P4,0.06,1.15,183
P4,0.06,1.14,146
P4,-0.24,0.30,1142
P4,-0.16,1.03,1074
P4,-0.15,1.03,718
P4,-0.14,1.03,627
P4,-0.13,0.81,554
P4,-0.14,0.81,580
P4,-0.09,0.42,3330
P4,0.12,0.24,3312
P4,0.13,0.24,1656
P4,0.13,0.23,1264
P4,0.14,0.23,92
P4,-0.10,0.54,1989
P4,-0.11,0.54,1904
P4,-0.11,0.53,1651
P4,-0.19,0.80,1518
P4,-0.18,0.80,1238
P4,0.14,0.38,1675
P4,0.14,0.39,1610
P4,-0.22,0.41,536
P4,-0.21,0.67,1896
P4,-0.03,0.40,3906
P4,-0.02,0.39,4721
P4,-0.03,0.34,5866
P4,-0.15,0.79,621
P4,-0.01,0.64,1561
P4,0.00,0.64,1340
P4,-0.01,0.98,525
P4,0.22,0.62,607
P4,0.21,0.62,950
P4,0.20,0.62,1164
P4,0.08,0.20,7012
P4,0.00,0.39,5721
P4,0.01,0.39,5373
P4,-0.19,1.04,1344
P4,-0.18,1.04,1035
P4,-0.18,1.03,1077
P4,-0.19,0.79,1317
P4,-0.20,0.79,1594
P4,-0.21,0.79,1683
P4,0.04,0.40,6619
P4,-0.01,0.84,568
P4,-0.01,0.85,398
P4,0.00,0.85,519
P4,0.00,0.84,363
P4,0.22,0.44,1340
P4,-0.09,1.06,491
P4,-0.10,1.05,364
P4,0.05,0.39,7644
P4,0.07,0.39,5922
P4,-0.03,0.53,1373
P4,-0.02,0.53,1426
P4,-0.01,0.53,1415
P4,0.07,0.28,6887
P4,0.08,0.28,6803
P4,-0.24,0.70,1860
P4,-0.02,0.52,1382
P4,0.15,0.84,186
P4,0.15,0.85,142
P4,0.16,0.85,142
P4,0.16,0.84,310
P4,-0.24,0.63,2752
P4,-0.17,1.34,530
P4,-0.16,1.34,554
P4,-0.20,0.35,858
P4,-0.19,0.35,759
P4,-0.11,0.74,1093
P4,-0.08,0.45,3105
P4,0.05,0.96,282
P4,0.06,0.96,194
P4,0.06,0.95,192
P4,-0.21,0.45,270
P4,0.21,0.51,1256
P4,0.20,0.51,505
P4,-0.10,1.06,485
P4,-0.10,1.07,676
P4,-0.11,1.07,546
P4,-0.11,1.06,559
P4,0.04,0.61,1028
P4,0.05,0.61,747
P4,0.05,0.62,1183
P4,0.06,0.62,846
P4,0.06,0.61,544
P4,-0.07,0.24,11236
P4,-0.18,0.82,1165
P4,-0.03,0.60,1409
P4,-0.03,0.61,1385
P4,-0.02,0.60,1990
P4,-0.18,0.96,836
P4,-0.02,0.63,1451
P4,-0.02,0.64,1476
P4,0.05,1.34,74
P4,0.06,1.34,83
P4,0.07,1.34,139
P4,0.16,1.10,110
P4,0.16,1.11,150
P4,0.17,1.11,102
P4,0.17,1.10,47
P4,0.12,0.34,2950
P4,0.13,0.33,2198
P4,-0.21,1.34,400
P4,-0.21,1.35,505
P4,-0.20,1.35,362
P4,-0.20,1.34,363
P4,-0.19,1.34,476
P4,-0.21,1.21,745
P4,-0.20,1.21,615
P4,-0.19,1.21,349
P4,0.08,0.34,4789
P4,0.08,0.35,3987
P4,-0.22,0.62,2389
P4,-0.15,0.46,1415
P4,-0.16,0.47,1066
P4,-0.20,1.03,943
P4,-0.13,0.66,903
P4,-0.13,0.44,1782
P4,-0.24,0.32,760
P4,-0.10,1.19,242
P4,-0.11,1.19,185
P4,-0.12,1.19,232
P4,-0.24,0.96,760
P4,-0.02,0.38,4976
P4,-0.03,0.38,5251
P4,-0.13,0.34,1997
P4,-0.14,0.34,1554
P4,-0.14,0.35,1624
P4,-0.15,0.34,973
P4,0.14,1.21,131
P4,0.15,1.21,120
P4,0.16,1.21,69
P4,-0.11,0.47,2648
P4,-0.11,0.48,2492
P4,-0.12,0.48,2038
P4,-0.12,0.47,2236
P4,-0.12,0.55,1970
P4,-0.08,0.24,8728
P4,-0.08,0.66,1457
P4,0.02,0.90,541
P4,0.02,0.91,424
P4,0.02,0.57,1928
P4,0.01,0.57,2065
P4,0.02,0.35,5662
P4,0.02,0.34,8061
P4,0.14,1.13,151
P4,0.15,1.13,96
P4,0.16,1.13,64
P4,0.03,0.71,739
P4,0.03,0.72,651
P4,-0.07,0.43,3931
P4,-0.09,0.29,4542
P4,-0.08,0.29,5176
P4,-0.20,0.31,1377
P4,-0.19,0.31,454
P4,0.04,0.58,1496
P4,0.04,0.59,1405
P4,0.11,0.96,197
P4,0.11,0.97,149
P4,0.12,0.97,120
P4,0.12,0.96,150
P4,-0.21,1.07,974
P4,-0.22,1.07,667
P4,-0.23,1.07,401
P4,-0.14,0.63,937
P4,-0.14,0.64,1113
P4,-0.15,0.64,1053
P4,-0.15,0.63,874
P4,0.03,0.70,1210
P4,-0.18,1.38,668
P4,-0.19,1.38,587
P4,0.24,1.10,213
P4,0.24,1.11,266
P4,0.23,1.11,283
P4,0.23,1.10,172
P4,0.22,1.10,184
P4,-0.18,1.08,572
P4,-0.17,1.08,507
P4,0.23,0.43,2318
P4,-0.22,0.27,1453
P4,-0.21,0.28,1328
P4,-0.21,0.27,1120
P4,-0.15,0.96,575
P4,-0.16,0.96,686
P4,-0.16,0.97,883
P4,-0.17,0.96,788
P4,-0.09,0.70,1644
P4,-0.10,0.70,1337
P4,-0.11,0.70,1253
P4,-0.11,0.69,731
P4,0.03,0.74,969
P4,0.04,0.74,678
P4,0.05,0.74,528
P4,0.22,1.39,32
P4,0.22,1.38,277
P4,0.00,1.39,51
P4,-0.02,0.65,1131
P4,-0.02,0.66,1057
P4,-0.04,0.39,3755
P4,-0.03,0.39,4492
P4,-0.06,0.64,1208
P4,-0.06,0.65,1426
P4,-0.07,0.64,1203
P4,0.12,0.26,3096
P4,0.13,0.26,1957
P4,-0.08,0.60,1036
P4,-0.09,0.60,903
P4,-0.09,0.59,1344
P4,-0.02,0.55,1620
P4,-0.01,0.55,2037
P4,0.06,0.79,389
P4,0.07,0.78,282
P4,0.08,1.13,149
P4,0.09,1.13,136
P4,0.10,1.13,172
P4,0.23,0.45,3036
P4,0.22,0.45,1445
P4,-0.04,0.57,1309
P4,-0.05,0.57,1650
P4,-0.06,0.57,1297
P4,0.12,0.30,3022
P4,0.13,0.30,2256
P4,0.14,0.30,1321
P4,0.24,0.45,3328
P4,-0.10,0.91,340
P4,-0.10,0.92,409
P4,-0.11,0.91,244
P4,-0.10,1.12,361
P4,-0.10,1.13,670
P4,-0.11,1.13,533
P4,-0.11,1.12,415
P4,-0.09,0.37,3052
P4,-0.10,0.37,2721
P4,-0.23,0.91,817
P4,-0.24,0.91,484
P4,-0.24,0.90,925
P4,-0.16,0.42,942
P4,-0.17,0.51,835
P4,-0.17,0.52,541
P4,-0.18,0.52,488
P4,-0.19,0.52,347
P4,-0.19,0.51,177
P4,0.04,0.98,440
P4,0.05,0.98,495
P4,0.05,0.97,283
P4,-0.22,0.91,1225
P4,-0.22,0.90,1167
P4,0.24,0.95,185
P4,0.23,0.95,317
P4,0.22,0.95,227
P4,0.22,0.94,289
P4,0.10,0.85,248
P4,0.10,0.86,296
P4,0.11,0.86,249
P4,0.11,0.85,259
P4,0.12,0.85,189
P4,-0.20,1.07,1038
P4,-0.19,1.07,1044
P4,0.22,0.33,644
P4,0.20,0.33,1464
P4,0.13,0.39,1657
P4,-0.11,0.38,2297
P4,-0.11,0.37,2816
P4,-0.12,0.37,2260
P4,0.00,0.75,591
P4,0.00,0.76,535
P4,0.01,0.75,648
P4,0.01,0.58,1631
P4,0.01,0.40,5095
P4,-0.01,0.33,8049
P4,0.04,0.45,13697
P4,0.22,0.38,228
P4,-0.15,0.98,714
P4,-0.15,0.99,886
P4,-0.16,0.99,773
P4,-0.17,0.99,576
P4,-0.17,0.98,921
P4,0.24,0.32,447
P4,0.24,0.31,349
P4,-0.03,1.01,376
P4,-0.03,1.02,613
P4,-0.02,1.02,435
P4,-0.02,1.01,444
P4,-0.08,0.46,2915
P4,0.04,0.89,350
P4,0.06,0.28,7424
P4,-0.04,0.43,3551
P4,-0.12,0.56,1439
P4,-0.14,0.75,802
P4,-0.15,0.75,485
P4,-0.16,0.75,413
P4,0.04,0.53,2665
P4,0.07,0.82,515
P4,0.07,0.83,317
P4,0.08,0.83,280
P4,0.09,0.83,220
P4,0.09,0.82,369
P4,-0.07,0.70,957
P4,-0.07,0.71,666
P4,-0.17,1.03,1185
P4,0.03,0.28,7872
P4,-0.11,0.92,452
P4,-0.12,0.92,379
P4,-0.21,0.95,1004
P4,0.06,0.51,3233
P4,-0.23,0.60,2704
P4,-0.17,1.18,898
P4,-0.18,1.18,885
P4,-0.19,1.18,727
P4,0.21,0.35,629
P4,0.21,0.36,498
P4,0.20,0.36,875
P4,0.05,0.56,1006
P4,0.06,0.56,969
P4,0.07,0.56,818
P4,-0.21,0.43,172
P4,-0.11,0.27,3362
P4,-0.03,0.85,626
P4,-0.02,0.85,478
P4,-0.02,0.86,783
P4,-0.01,0.86,716
P4,0.04,0.38,6142
P4,0.11,1.06,119
P4,0.11,1.07,121
P4,0.12,1.07,186
P4,0.13,1.07,67
P4,0.13,1.06,134
P4,0.07,0.31,5851
P4,0.01,0.84,460
P4,0.01,0.85,449
P4,-0.09,0.31,5278
P4,-0.24,0.87,770
P4,-0.07,0.27,6607
P4,-0.14,0.43,1982
P4,-0.14,0.42,1438
P4,-0.15,0.42,1116
P4,-0.19,1.29,306
P4,-0.18,1.29,352
P4,-0.18,1.07,845
P4,0.15,0.46,5107
P4,-0.10,0.51,1830
P4,-0.11,0.51,1658
P4,-0.12,0.51,1493
P4,-0.15,0.35,1010
P4,0.21,1.13,174
P4,0.20,1.13,129
P4,0.19,1.13,120
P4,-0.17,0.53,523
P4,-0.18,0.53,352
P4,-0.18,0.54,473
P4,-0.19,0.53,334
P4,0.03,0.60,1547
P4,0.02,0.60,1604
P4,-0.22,0.78,1755
P4,-0.21,0.78,1423
P4,0.03,1.00,170
P4,0.04,1.00,252
P4,0.04,1.01,273
P4,0.05,1.00,251
P4,-0.01,0.49,4338
P4,-0.04,0.54,1526
P4,-0.03,0.54,1456
P4,0.09,1.28,135
P4,0.10,1.28,193
P4,0.03,0.64,1885
P4,0.04,0.64,1192
P4,0.05,0.51,3407
P4,0.00,0.87,690
P4,0.00,0.86,552
P4,0.01,0.60,1543
P4,0.01,0.61,1618
P4,0.00,0.61,1469
P4,0.00,0.60,1809
P4,-0.05,0.77,484
P4,-0.05,0.78,676
P4,0.20,0.30,953
P4,0.19,0.30,249
P4,-0.24,0.33,797
P4,-0.12,0.38,2191
P4,-0.13,0.38,1670
P4,-0.14,0.38,1474
P4,-0.13,0.64,1099
P4,-0.05,0.46,5531
P4,-0.04,0.46,5451
P4,-0.02,0.48,4352
P4,-0.02,0.49,2761
P4,-0.03,0.49,2042
P4,-0.03,0.48,4014
P4,0.12,0.27,2689
P4,-0.23,0.49,3824
P4,-0.24,1.05,624
P4,-0.22,1.06,717
P4,-0.22,1.05,675
P4,-0.19,0.64,594
P4,-0.18,0.64,534
P4,0.04,0.39,7410
P4,-0.10,0.72,878
P4,-0.11,0.71,705
P4,-0.12,0.77,675
P4,-0.13,0.77,657
P4,-0.19,0.72,1459
P4,0.07,0.77,474
P4,0.07,0.76,359
P4,-0.20,1.37,284
P4,-0.21,1.37,313
P4,-0.22,1.37,443
P4,-0.22,1.36,333
P4,-0.18,0.74,888
P4,-0.19,0.74,1324
P4,-0.06,0.74,906
P4,-0.06,0.75,870
P4,-0.07,0.75,952
P4,-0.07,0.74,842
P4,0.04,0.87,545
P4,-0.18,0.86,881
P4,-0.17,0.87,978
P4,-0.17,0.86,701
P4,-0.16,0.86,743
P4,-0.22,0.40,408
P4,-0.11,0.28,3051
P4,-0.20,0.78,1287
P4,-0.19,0.78,1435
P4,-0.24,1.17,572
P4,-0.24,1.16,578
P4,0.21,0.30,2038
P4,0.20,0.29,846
P4,-0.04,1.23,133
P4,-0.04,1.24,339
P4,-0.16,0.59,1006
P4,-0.17,0.59,839
P4,-0.24,0.75,1063
P4,-0.13,1.20,196
P4,-0.12,1.20,205
P4,-0.11,1.20,260
P4,0.12,0.39,2078
P4,0.14,0.40,2734
P4,0.06,0.81,401
P4,-0.08,0.43,3763
P4,-0.09,0.43,3347
P4,-0.10,0.43,3085
P4,-0.13,0.60,1209
P4,-0.14,0.60,1279
P4,-0.14,0.61,1425
P4,-0.15,0.61,1073
P4,-0.15,0.60,841
P4,-0.02,0.68,1218
P4,0.19,0.49,257
P4,0.20,0.49,384
P4,-0.11,1.08,266
P4,0.09,0.69,143
P4,0.10,0.69,124
P4,0.11,0.69,155
P4,-0.14,1.39,39
P4,-0.13,1.39,45
P4,-0.13,1.38,258
P4,-0.23,0.31,1127
P4,-0.21,0.31,2356
P4,-0.22,0.89,1021
P4,-0.21,0.89,1288
P4,-0.20,0.89,1508
P4,-0.05,0.41,3059
P4,0.05,0.35,5502
P4,-0.11,0.39,2892
P4,-0.13,0.39,1779
P4,-0.05,1.17,39
P4,-0.05,1.18,124
P4,-0.06,1.18,258
P4,-0.06,1.17,252
P4,-0.19,1.01,1058
P4,0.20,0.50,465
P4,0.15,0.41,3267
P4,0.24,0.54,805
P4,-0.24,0.47,3220
P4,-0.23,0.47,3004
P4,-0.22,0.47,1923
P4,-0.13,0.31,2224
P4,-0.14,0.31,1574
P4,-0.14,0.32,1104
P4,-0.15,0.31,1076
P4,-0.15,0.47,1271
P4,-0.15,0.48,991
P4,-0.17,0.48,661
P4,-0.17,0.47,719
P4,-0.22,0.32,1779
P4,-0.21,0.32,2366
P4,-0.06,0.85,488
P4,-0.08,0.85,337
P4,-0.13,1.26,428
P4,-0.15,1.26,468
P4,-0.09,0.25,7733
P4,-0.15,0.56,727
P4,-0.16,0.56,661
P4,-0.17,0.35,392
P4,-0.18,0.35,311
P4,-0.22,0.55,2503
P4,-0.21,0.55,1575
P4,-0.09,0.36,3843
P4,0.18,0.43,1025
P4,-0.13,1.04,663
P4,-0.14,0.41,2397
P4,-0.15,0.40,1362
P4,-0.11,0.44,2126
P4,-0.16,0.57,874
P4,-0.17,0.57,784
P4,-0.18,0.57,606
P4,-0.04,0.77,903
P4,0.07,0.79,338
P4,0.01,1.20,101
P4,0.01,1.21,123
P4,0.02,1.21,169
P4,0.02,1.20,84
P4,-0.08,0.32,4766
P4,-0.11,1.05,291
P4,-0.12,0.71,1039
P4,-0.13,0.71,675
P4,-0.21,0.65,1815
P4,-0.03,0.66,1194
P4,-0.03,0.67,955
P4,-0.24,0.64,2236
P4,0.06,1.10,146
P4,0.06,1.11,284
P4,0.07,1.11,286
P4,0.07,1.10,190
P4,0.08,1.10,160
P4,-0.15,1.10,463
P4,-0.14,1.10,489
P4,-0.13,1.10,323
P4,0.09,0.30,4722
P4,0.11,0.30,3732
P4,-0.11,0.55,1909
P4,-0.14,1.01,776
P4,-0.13,1.01,551
P4,0.20,0.35,985
P4,-0.08,0.38,3474
P4,0.05,1.31,167
P4,0.05,1.32,165
P4,0.06,1.32,282
P4,0.19,1.21,165
P4,0.20,1.21,158
P4,-0.12,0.39,2525
P4,-0.15,0.41,1775
P4,-0.16,0.41,889
P4,-0.17,0.41,790
P4,-0.01,0.77,917
P4,-0.01,0.78,899
P4,-0.21,0.90,1223
P4,-0.20,0.90,1158
P4,-0.16,0.88,857
P4,-0.17,0.88,883
P4,-0.18,0.88,848
P4,-0.24,1.18,337
P4,-0.24,1.19,260
P4,-0.23,1.18,405
P4,-0.24,1.37,770
P4,0.07,1.14,135
P4,0.07,1.15,152
P4,0.08,1.15,81
P4,0.08,1.14,187
P4,0.22,0.28,2314
P4,0.21,0.28,1741
P4,-0.21,0.33,1567
P4,-0.20,0.33,1544
P4,-0.18,0.48,523
P4,-0.18,0.49,359
P4,-0.19,0.49,253
P4,-0.20,0.49,431
P4,-0.20,0.48,195
P4,-0.17,1.14,773
P4,-0.15,1.14,397
P4,0.24,0.76,377
P4,0.23,0.76,405
P4,0.14,1.01,63
P4,0.15,1.01,128
P4,0.16,1.01,121
P4,-0.09,0.26,5532
P4,-0.10,0.26,4514
P4,-0.01,0.61,1429
P4,0.00,1.17,174
P4,0.00,1.18,161
P4,0.01,1.18,167
P4,-0.07,0.94,259
P4,-0.07,0.95,482
P4,-0.10,1.00,258
P4,-0.10,1.01,484
P4,-0.11,1.01,763
P4,-0.12,1.01,824
P4,-0.12,1.00,562
P4,0.18,0.40,602
P4,-0.06,0.69,1011
P4,0.23,0.28,1516
P4,0.00,0.80,692
P4,0.15,0.77,56
P4,0.19,0.97,174
P4,-0.14,0.82,654
P4,-0.15,0.82,637
P4,-0.16,0.82,743
P4,0.24,1.22,121
P4,0.24,1.21,145
P4,0.23,1.21,75
P4,-0.02,0.50,1745
P4,-0.19,1.35,223
P4,-0.18,1.36,202
P4,-0.17,1.36,225
P4,-0.11,0.42,2933
P4,-0.11,0.43,2537
P4,-0.12,0.70,1207
P4,-0.13,0.70,794
P4,-0.23,0.63,3420
P4,-0.22,0.63,2562
P4,0.11,0.36,1943
P4,-0.06,1.31,149
P4,-0.06,1.32,364
P4,0.12,0.29,2361
P4,-0.06,0.77,713
P4,-0.06,0.78,570
P4,0.24,1.14,191
P4,0.23,1.14,181
P4,0.07,0.86,325
P4,0.08,0.86,269
P4,0.08,0.87,321
P4,0.09,0.86,133
P4,-0.20,0.67,1426
P4,-0.11,0.50,1706
P4,-0.12,0.50,2188
P4,-0.08,0.94,252
P4,-0.09,0.94,425
P4,0.06,0.59,760
P4,0.06,0.60,912
P4,0.07,0.60,731
P4,0.07,0.59,1092
P4,-0.06,0.33,5952
P4,-0.19,1.11,497
P4,-0.18,1.11,437
P4,-0.17,1.11,296
P4,-0.08,0.51,1498
P4,-0.08,0.52,1765
P4,-0.07,0.52,1759
P4,-0.07,0.51,1381
P4,-0.20,1.20,521
P4,-0.21,1.20,609
P4,-0.22,1.20,763
P4,-0.05,0.95,452
P4,-0.05,0.96,614
P4,-0.04,0.96,393
P4,-0.04,0.95,462
P4,-0.11,0.26,3473
P4,-0.12,0.26,3169
P4,-0.24,0.59,2885
P4,-0.23,1.33,579
P4,-0.09,0.48,2306
P4,-0.09,0.49,2014
P4,-0.13,1.28,202
P4,-0.12,1.28,74
P4,-0.11,1.28,24
P4,-0.12,0.81,597
P4,-0.01,0.39,5820
P4,-0.20,0.66,1190
P4,-0.14,0.24,476
P4,-0.01,1.03,505
P4,-0.01,1.04,399
P4,-0.02,1.04,306
P4,-0.02,1.03,367
P4,0.04,1.26,115
P4,0.04,1.27,152
P4,0.05,1.27,198
P4,0.05,1.26,172
P4,-0.23,0.58,2994
P4,0.01,0.62,1578
P4,0.19,0.29,149
P4,0.22,1.22,157
P4,0.21,1.22,248
P4,0.21,1.23,216
P4,0.20,1.23,226
P4,0.20,1.22,300
P4,-0.24,0.48,3091
P4,0.09,0.43,1062
P4,-0.20,0.74,1700
P4,-0.18,0.73,1121
P4,-0.08,0.55,2363
P4,-0.09,0.55,2268
P4,0.24,0.99,175
P4,0.23,0.99,225
P4,0.22,0.99,185
P4,-0.14,1.38,267
P4,-0.12,0.28,2892
P4,0.21,1.35,159
P4,0.22,1.35,216
P4,-0.22,0.71,2930
P4,0.24,0.35,1420
P4,0.23,0.35,350
P4,-0.19,0.34,453
P4,-0.18,0.34,206
P4,0.19,0.37,797
P4,0.18,0.37,509
P4,0.17,0.37,509
P4,-0.14,0.72,1007
P4,-0.14,0.71,795
P4,0.10,0.49,3484
P4,-0.13,0.29,1945
P4,-0.11,1.30,518
P4,-0.10,1.30,260
P4,0.07,0.84,311
P4,0.07,0.85,499
P4,0.08,0.85,240
P4,0.08,0.84,276
P4,0.09,0.84,271
P4,-0.24,0.78,1195
P4,-0.23,0.78,1723
P4,-0.12,0.27,3023
P4,0.06,0.33,6730
P4,-0.12,1.31,414
P4,-0.11,1.31,338
P4,-0.22,0.98,1103
P4,-0.05,0.74,963
P4,-0.05,0.75,1000
P4,-0.07,0.56,1942
P4,-0.11,1.00,376
P4,0.07,1.04,349
P4,0.08,1.04,298
P4,0.09,1.03,319
P4,-0.20,0.30,913
P4,-0.19,0.30,334
P4,-0.19,0.29,141
P4,-0.03,0.70,1054
P4,-0.03,0.71,569
P4,-0.09,0.86,591
P4,-0.10,0.86,574
P4,-0.09,1.02,415
P4,-0.09,1.03,532
P4,0.00,0.72,655
P4,0.00,0.73,1179
P4,0.01,0.73,679
P4,0.01,0.72,487
P4,0.19,0.62,696
P4,0.18,0.62,200
P4,-0.04,0.82,714
P4,-0.05,0.82,843
P4,-0.05,0.81,591
P4,-0.16,0.50,1157
P4,0.19,0.33,399
P4,0.18,0.33,110
P4,0.12,0.69,85
P4,0.12,0.70,125
P4,0.13,0.70,132
P4,0.13,0.69,88
P4,-0.22,0.73,2273
P4,0.04,1.12,206
P4,0.05,1.12,224
P4,0.05,1.13,20
P4,0.06,1.12,107
P4,0.13,0.32,2238
P4,0.14,0.32,1604
P4,0.17,0.36,485
P4,0.09,1.27,131
P4,0.10,1.27,149
P4,0.09,0.67,379
P4,0.10,0.67,253
P4,-0.06,0.56,1957
P4,-0.24,1.28,376
P4,-0.23,1.27,420
P4,0.00,0.55,2286
P4,0.00,0.56,1982
P4,-0.01,0.56,1706
P4,0.22,1.13,209
P4,-0.18,0.61,544
P4,0.01,0.80,553
P4,0.01,0.81,641
P4,0.02,0.81,757
P4,0.02,0.80,627
P4,-0.23,1.00,755
P4,-0.22,1.00,549
P4,-0.21,1.00,439
P4,0.13,0.61,263
P4,0.14,0.61,100
P4,-0.21,0.59,1971
P4,-0.20,0.59,1196
P4,-0.19,0.59,650
P4,-0.06,0.52,1452
P4,-0.05,0.49,1751
P4,-0.06,0.48,1716
P4,-0.24,0.81,1212
P4,-0.20,0.29,878
P4,-0.01,0.60,1908
P4,-0.13,0.47,1721
P4,-0.24,0.57,2981
P4,0.00,0.93,445
P4,-0.14,0.39,1163
P4,-0.15,0.39,1100
P4,-0.16,0.38,561
P4,-0.02,0.59,1897
P4,-0.08,0.65,969
P4,-0.09,0.65,1222
P4,-0.10,0.65,1611
P4,-0.23,0.79,1595
P4,-0.05,0.91,473
P4,-0.05,0.92,688
P4,0.06,0.75,500
P4,-0.06,0.90,407
P4,-0.05,0.90,482
P4,-0.05,0.89,464
P4,0.15,1.00,99
P4,0.16,1.00,96
P4,0.17,1.00,85
P4,-0.21,0.85,1234
P4,-0.21,0.42,55
P4,-0.14,1.04,640
P4,-0.15,1.04,578
P4,0.05,0.85,567
P4,0.06,0.85,513
P4,0.06,0.86,377
P4,-0.11,0.80,695
P4,-0.14,0.28,1253
P4,-0.15,0.28,647
P4,0.02,1.39,40
P4,0.02,1.38,213
P4,-0.17,1.02,872
P4,-0.13,0.30,1746
P4,0.06,0.98,259
P4,0.06,0.97,294
P4,-0.18,1.13,731
P4,-0.17,1.13,727
P4,-0.16,1.13,667
P4,-0.17,1.09,551
P4,-0.16,1.09,619
P4,-0.11,0.20,837
P4,0.01,0.56,1945
P4,-0.19,0.33,643
P4,-0.18,0.33,170
P4,-0.10,1.20,310
P4,-0.10,1.21,454
P4,0.05,0.52,2661
P4,-0.11,0.23,5145
P4,-0.12,0.23,3186
P4,-0.13,0.23,1203
P4,-0.13,0.22,687
P4,-0.11,0.58,1227
P4,0.03,0.92,404
P4,-0.20,1.28,353
P4,-0.20,1.29,291
P4,-0.18,1.28,232
P4,-0.04,0.48,3183
P4,-0.12,0.22,2419
P4,-0.11,0.85,607
P4,-0.12,0.85,685
P4,-0.23,0.57,3304
P4,-0.22,0.57,2557
P4,-0.21,0.57,1765
P4,-0.20,0.57,1164
P4,-0.16,1.32,512
P4,0.23,1.26,353
P4,0.22,1.26,223
P4,-0.05,0.60,1123
P4,0.06,1.04,269
P4,0.08,1.03,312
P4,-0.12,1.15,455
P4,-0.11,1.15,428
P4,0.18,0.72,377
P4,0.17,0.72,217
P4,0.16,0.72,80
P4,-0.05,0.33,6045
P4,0.01,0.98,239
P4,0.01,0.99,303
P4,0.02,0.99,210
P4,0.02,0.98,153
P4,0.03,0.98,373
P4,-0.24,0.34,1032
P4,-0.16,1.25,484
P4,-0.06,0.58,1345
P4,-0.06,0.59,1379
P4,-0.05,0.59,1307
P4,-0.04,0.59,1163
P4,-0.04,0.58,841
P4,0.10,0.92,118
P4,0.11,0.92,99
P4,0.10,0.93,127
P4,0.11,0.93,91
P4,0.12,0.93,119
P4,0.12,0.92,77
P4,-0.16,0.60,716
P4,-0.17,0.60,489
P4,-0.24,1.09,853
P4,-0.23,1.09,1019
P4,-0.24,1.10,319
P4,0.22,0.81,244
P4,0.13,0.85,112
P4,0.14,0.85,68
P4,0.11,0.42,1848
P4,0.22,0.53,1431
P4,0.20,0.53,652
P4,0.05,0.86,521
P4,0.05,0.87,430
P4,0.06,0.87,425
P4,0.07,0.87,276
P4,-0.19,1.36,194
P4,-0.18,1.37,249
P4,-0.13,0.68,515
P4,-0.13,0.69,920
P4,-0.14,0.68,756
P4,-0.04,0.52,1439
P4,-0.04,0.53,1375
P4,0.00,0.68,936
P4,-0.17,0.54,726
P4,-0.17,0.55,777
P4,-0.18,0.55,585
P4,-0.13,1.23,324
P4,-0.12,1.23,372
P4,-0.21,0.71,2083
P4,-0.24,0.94,1014
P4,-0.24,0.95,663
P4,-0.23,0.95,1095
P4,-0.23,0.94,1113
P4,0.03,0.66,1115
P4,0.03,0.67,1186
P4,0.04,0.67,1030
P4,0.04,0.66,985
P4,0.11,0.51,822
P4,-0.08,0.80,707
P4,-0.08,0.81,640
P4,-0.07,0.81,679
P4,-0.07,0.80,936
P4,-0.02,1.31,117
P4,-0.01,1.31,193
P4,-0.01,1.32,330
P4,0.00,1.31,144
P4,-0.13,1.32,286
P4,-0.12,1.32,209
P4,-0.01,0.54,1976
P4,-0.14,0.46,1742
P4,-0.14,0.47,1386
P4,0.00,0.99,302
P4,0.01,1.00,314
P4,0.08,0.98,283
P4,0.09,0.98,229
P4,0.05,0.82,408
P4,0.06,0.82,413
P4,0.06,0.83,525
P4,-0.08,0.75,966
P4,-0.08,0.74,898
P4,-0.06,1.07,657
P4,-0.06,1.06,378
P4,0.03,0.54,2306
P4,0.06,0.88,336
P4,0.06,0.89,271
P4,-0.03,0.92,551
P4,-0.03,0.93,580
P4,-0.05,0.65,1275
P4,-0.09,0.50,1478
P4,-0.09,0.51,1765
P4,-0.10,0.50,1645
P4,0.22,0.30,2820
P4,-0.22,0.97,845
P4,-0.21,0.97,955
P4,0.23,0.53,1244
P4,0.24,1.36,100
P4,0.24,1.37,211
P4,0.23,1.37,135
P4,0.22,1.37,124
P4,0.22,1.36,183
P4,-0.07,0.45,4322
P4,-0.06,0.46,4547
P4,-0.11,0.33,2946
P4,-0.19,1.28,262
P4,0.24,0.28,149
P4,0.09,1.18,166
P4,0.09,1.19,142
P4,0.10,1.19,148
P4,0.10,1.18,101
P4,0.14,0.95,58
P4,-0.12,0.20,127
P4,-0.05,0.50,1600
P4,0.19,0.71,489
P4,0.18,0.71,338
P4,-0.06,0.92,434
P4,-0.06,0.93,377
P4,-0.07,0.93,219
P4,-0.05,1.30,283
P4,-0.05,1.31,229
P4,-0.15,0.43,1680
P4,-0.08,0.71,704
P4,-0.09,0.71,789
P4,-0.18,0.92,1031
P4,-0.17,0.92,827
P4,0.08,0.78,183
P4,-0.11,0.67,908
P4,-0.11,0.68,852
P4,-0.12,0.68,891
P4,-0.12,0.67,967
P4,0.18,0.66,309
P4,-0.08,0.56,1847
P4,-0.05,0.93,433
P4,-0.04,0.93,467
P4,-0.04,0.94,313
P4,0.03,0.91,309
P4,0.04,0.92,198
P4,0.04,0.91,228
P4,-0.03,0.29,8452
P4,0.17,0.42,1270
P4,-0.02,0.74,1069
P4,-0.12,0.33,2317
P4,-0.13,0.33,1865
P4,0.12,1.16,233
P4,0.12,1.17,44
P4,0.13,1.17,46
P4,0.13,1.16,202
P4,-0.10,0.68,1059
P4,-0.21,0.98,946
P4,-0.20,0.98,1081
P4,-0.02,0.89,296
P4,0.15,0.65,131
P4,-0.13,0.27,2132
P4,-0.14,0.27,1119
P4,-0.15,0.27,278
P4,-0.15,0.26,189
P4,-0.17,1.32,497
P4,-0.17,1.33,489
P4,-0.16,1.33,455
P4,-0.13,0.85,451
P4,-0.15,0.84,682
P4,0.21,0.99,160
P4,0.08,0.97,208
P4,0.09,0.97,196
P4,0.10,0.97,133
P4,-0.04,1.10,395
P4,-0.04,1.11,442
P4,-0.24,0.60,2384
P4,0.04,1.18,258
P4,0.05,1.18,139
P4,0.05,1.17,156
P4,0.24,0.72,246
P4,0.23,0.72,277
P4,-0.06,1.15,210
P4,-0.07,1.15,325
P4,-0.07,1.14,297
P4,0.07,0.95,200
P4,0.08,0.95,244
P4,-0.09,1.17,272
P4,-0.09,1.18,424
P4,-0.10,1.18,409
P4,-0.10,1.17,372
P4,-0.12,0.60,1548
P4,-0.13,0.59,1474
P4,-0.19,1.03,1022
P4,-0.17,1.20,395
P4,-0.16,1.20,462
P4,-0.15,1.20,496
P4,-0.04,0.91,532
P4,0.06,1.23,196
P4,0.07,1.23,137
P4,0.24,0.96,326
P4,0.23,0.96,379
P4,-0.15,0.36,1266
P4,-0.15,0.37,1286
P4,-0.16,0.37,917
P4,-0.16,0.36,646
P4,-0.18,0.58,520
P4,-0.19,0.93,1149
P4,-0.18,0.93,1232
P4,0.16,1.24,64
P4,0.17,1.24,72
P4,0.18,1.24,19
P4,-0.21,0.88,638
P4,-0.21,0.44,319
P4,-0.13,0.45,2335
P4,-0.23,1.20,811
P4,-0.01,0.73,1136
P4,-0.01,0.72,574
P4,-0.13,0.67,1294
P4,0.19,0.64,667
P4,0.18,0.64,300
P4,0.17,0.64,66
P4,0.05,0.73,658
P4,0.06,0.74,467
P4,0.06,0.73,527
P4,0.23,1.04,222
P4,0.22,1.04,231
P4,0.21,1.04,144
P4,-0.05,0.64,1202
P4,-0.04,0.64,1419
P4,-0.04,0.63,1433
P4,-0.20,0.65,1394
P4,0.10,1.20,193
P4,0.11,1.20,128
P4,0.11,1.19,111
P4,0.12,1.19,128
P4,0.24,0.88,307
P4,-0.21,0.47,516
P4,-0.03,0.75,636
P4,-0.03,0.76,455
P4,-0.10,0.23,6800
P4,0.22,1.02,192
P4,0.21,1.02,168
P4,0.21,1.01,221
P4,-0.17,0.80,1057
P4,0.15,0.39,1295
P4,-0.08,1.21,320
P4,-0.09,1.21,372
P4,-0.09,1.20,321
P4,-0.10,0.48,2230
P4,-0.10,0.47,2899
P4,0.11,0.81,123
P4,0.12,0.81,155
P4,0.12,0.90,151
P4,0.13,0.90,155
P4,0.24,0.79,378
P4,0.23,0.79,309
P4,0.03,0.79,620
P4,0.04,0.79,544
P4,-0.02,0.67,1192
P4,-0.24,0.67,2382
P4,-0.13,0.28,2127
P4,0.08,0.55,897
P4,0.07,0.55,1164
P4,-0.03,0.88,430
P4,-0.03,0.89,458
P4,-0.04,0.89,491
P4,-0.04,0.88,424
P4,-0.02,0.82,640
P4,-0.03,0.81,545
P4,0.17,0.62,47
P4,-0.05,0.62,1447
P4,-0.05,0.63,981
P4,-0.06,0.63,969
P4,0.05,1.25,193
P4,0.06,1.25,53
P4,0.07,0.54,1204
P4,0.08,0.54,1020
P4,-0.12,0.58,1214
P4,-0.20,0.27,293
P4,0.15,1.38,95
P4,0.16,1.38,142
P4,-0.13,0.49,1615
P4,0.02,0.71,704
P4,0.02,0.72,707
P4,0.04,0.69,861
P4,0.04,0.70,982
P4,0.05,0.70,683
P4,0.05,0.69,647
P4,0.01,0.59,2066
P4,0.00,0.59,1736
P4,-0.18,0.68,1043
P4,-0.23,1.02,888
P4,-0.22,1.02,635
P4,-0.15,1.19,236
P4,-0.14,1.19,442
P4,0.05,0.72,460
P4,-0.10,0.52,2041
P4,-0.11,0.52,2392
P4,-0.07,0.65,1380
P4,-0.08,0.64,1686
P4,-0.09,0.64,1574
P4,-0.18,0.45,358
P4,-0.19,0.45,228
P4,-0.07,0.60,1250
P4,-0.18,1.21,294
P4,-0.17,1.21,239
P4,-0.09,0.30,3943
P4,0.09,0.70,452
P4,0.10,0.70,227
P4,0.20,1.37,208
P4,0.21,1.37,230
P4,0.08,0.73,361
P4,0.09,0.73,332
P4,0.10,0.73,237
P4,-0.13,0.26,1943
P4,-0.14,0.26,892
P4,-0.17,0.84,1005
P4,0.24,0.82,317
P4,0.23,0.82,206
P4,-0.06,0.84,479
P4,0.13,0.94,51
P4,0.14,0.94,122
P4,-0.06,0.38,4655
P4,0.01,1.12,121
P4,0.02,1.12,175
P4,0.02,1.13,60
P4,0.03,1.13,115
P4,0.03,1.12,225
P4,-0.13,0.88,476
P4,-0.14,0.88,622
P4,-0.01,0.67,925
P4,-0.01,0.68,888
P4,0.24,1.19,268
P4,0.23,1.19,262
P4,0.23,1.18,264
P4,0.12,0.61,315
P4,0.14,0.60,90
P4,0.23,0.55,882
P4,0.22,0.55,1403
P4,0.21,0.55,1552
P4,-0.20,1.13,752
P4,-0.19,1.13,665
P4,-0.03,0.77,679
P4,-0.03,0.78,740
P4,-0.17,0.37,450
P4,-0.17,0.36,328
P4,0.01,0.66,1269
P4,-0.15,1.13,619
P4,-0.14,1.13,408
P4,-0.20,0.88,868
P4,-0.19,0.88,1089
P4,0.13,0.37,1583
P4,-0.03,0.65,1490
P4,0.19,0.28,42
P4,-0.24,0.39,2203
P4,0.22,1.18,214
P4,0.21,1.18,235
P4,0.20,1.18,185
P4,0.11,0.67,193
P4,-0.01,0.38,5029
P4,-0.02,0.91,334
P4,-0.02,0.92,372
P4,-0.05,0.97,300
P4,-0.06,0.97,390
P4,-0.06,0.96,464
P4,-0.17,1.12,554
P4,-0.15,1.12,737
P4,0.03,0.82,717
P4,0.04,0.82,480
P4,-0.10,1.24,301
P4,-0.10,1.25,204
P4,-0.11,1.24,231
P4,-0.12,1.13,402
P4,-0.10,0.60,927
P4,-0.11,0.60,1220
P4,0.19,1.37,174
P4,0.04,1.25,42
P4,-0.09,1.11,223
P4,-0.09,1.12,486
P4,-0.10,1.11,352
P4,0.21,1.30,162
P4,0.22,1.30,245
P4,0.01,0.89,430
P4,0.02,0.89,465
P4,0.03,0.89,271
P4,0.05,0.38,6306
P4,-0.07,0.38,3960
P4,0.20,1.12,108
P4,0.19,1.12,110
P4,-0.08,0.76,852
P4,-0.07,0.76,957
P4,-0.21,0.75,990
P4,0.23,1.20,207
P4,0.22,1.20,242
P4,-0.12,0.34,2338
P4,-0.21,1.39,96
P4,-0.21,1.38,415
P4,-0.07,0.88,582
P4,-0.08,0.88,778
P4,-0.19,0.67,1039
P4,-0.13,1.31,470
P4,-0.05,0.52,1912
P4,0.24,1.28,119
P4,0.23,1.28,196
P4,0.23,1.29,279
P4,0.22,1.29,190
P4,0.22,1.28,100
P4,-0.23,0.39,1402
P4,0.18,1.37,158
P4,0.17,1.37,103
P4,0.16,1.37,22
P4,0.21,0.57,1078
P4,0.07,0.67,423
P4,0.08,0.67,457
P4,-0.13,0.48,1652
P4,0.13,1.32,67
P4,0.14,1.32,64
P4,0.14,1.33,112
P4,0.15,1.33,65
P4,0.15,1.32,58
P4,-0.17,1.05,760
P4,-0.18,1.05,683
P4,-0.19,1.05,622
P4,-0.02,0.94,186
P4,-0.02,0.95,350
P4,-0.01,0.95,412
P4,-0.01,0.94,599
P4,-0.13,1.18,422
P4,-0.13,1.17,391
P4,0.03,1.39,20
P4,0.03,1.38,271
P4,-0.20,1.18,530
P4,-0.20,1.19,454
P4,-0.19,1.19,635
P4,-0.18,1.19,716
P4,-0.19,0.70,1838
P4,-0.18,0.70,942
P4,-0.05,0.58,989
P4,-0.07,0.59,998
P4,-0.08,0.33,4434
P4,0.16,1.39,21
P4,-0.13,0.52,1771
P4,-0.14,0.52,1605
P4,-0.15,0.52,1314
P4,-0.21,0.46,675
P4,0.00,0.91,453
P4,0.06,0.67,531
P4,0.07,0.66,593
P4,0.24,0.57,368
P4,0.23,0.57,780
P4,0.22,0.57,1098
P4,-0.24,0.28,117
P4,-0.18,1.17,626
P4,-0.19,1.17,491
P4,-0.16,0.52,800
P4,-0.04,0.51,1070
P4,0.12,0.36,2231
P4,0.13,0.36,2238
P4,0.16,1.26,18
P4,0.17,1.26,48
P4,0.18,1.26,54
P4,-0.06,0.79,890
P4,-0.06,0.80,686
P4,-0.07,0.79,839
P4,-0.17,0.45,725
P4,-0.17,0.44,523
P4,-0.24,1.11,588
P4,-0.23,1.11,812
P4,-0.22,1.11,419
P4,-0.22,1.10,796
P4,-0.18,0.47,475
P4,0.14,0.24,331
P4,-0.01,0.89,403
P4,-0.01,0.90,382
P4,0.00,0.90,488
P4,0.00,0.89,545
P4,-0.17,1.00,707
P4,-0.18,1.00,599
P4,-0.18,0.99,523
P4,-0.23,0.36,766
P4,-0.14,0.57,1097
P4,0.02,0.84,615
P4,0.02,0.85,490
P4,-0.17,0.50,861
P4,-0.18,0.50,570
P4,-0.19,1.15,558
P4,0.16,0.86,263
P4,0.15,0.86,205
P4,0.14,0.86,43
P4,0.08,1.01,97
P4,-0.22,0.95,956
P4,0.09,0.85,187
P4,-0.20,0.39,287
P4,-0.20,0.40,75
P4,-0.19,0.40,250
P4,-0.18,0.40,622
P4,0.12,0.99,71
P4,0.13,0.99,143
P4,0.14,0.99,159
P4,0.14,0.98,65
P4,-0.10,0.42,3132
P4,0.08,0.99,269
P4,0.08,1.00,102
P4,0.09,1.00,118
P4,0.09,0.99,216
P4,0.02,0.73,813
P4,0.06,0.52,2365
P4,0.06,0.53,1896
P4,0.07,0.53,1999
P4,-0.15,1.09,431
P4,0.06,1.03,306
P4,0.07,1.03,313
P4,0.24,0.52,1287
P4,0.24,0.53,687
P4,-0.07,0.57,1570
P4,-0.15,1.39,39
P4,-0.15,1.11,716
P4,-0.14,1.11,473
P4,0.06,0.64,756
P4,-0.16,1.18,896
P4,-0.15,1.18,741
P4,-0.15,1.17,677
P4,0.03,1.08,50
P4,0.03,1.09,229
P4,0.04,1.09,217
P4,0.04,1.08,113
P4,0.09,0.54,1120
P4,0.10,0.54,691
P4,0.11,0.54,486
P4,-0.16,1.26,466
P4,-0.14,1.26,453
P4,-0.06,1.19,178
P4,-0.06,1.20,111
P4,0.13,0.35,1924
P4,-0.19,0.48,258
P4,-0.24,0.35,1095
P4,-0.23,0.35,289
P4,-0.07,0.44,3413
P4,0.01,0.71,654
P4,-0.04,0.75,602
P4,-0.04,0.76,485
P4,0.24,0.48,1448
P4,0.23,0.48,1792
P4,0.22,0.48,1511
P4,0.13,0.29,1630
P4,0.00,0.88,474
P4,0.06,1.08,152
P4,0.07,1.08,189
P4,0.07,1.07,123
P4,-0.14,1.14,284
P4,0.05,0.68,826
P4,-0.15,0.33,806
P4,-0.16,0.33,554
P4,-0.17,0.33,204
P4,-0.17,0.32,105
P4,-0.17,0.94,1112
P4,-0.17,0.93,1054
P4,0.08,0.70,520
P4,0.23,0.51,1770
P4,0.22,0.51,1883
P4,0.18,0.63,237
P4,0.17,0.63,70
P4,-0.01,1.17,322
P4,-0.05,1.08,274
P4,-0.05,1.09,951
P4,-0.04,1.09,452
P4,-0.04,1.08,141
P4,0.20,0.28,474
P4,-0.17,1.16,597
P4,-0.18,1.16,596
P4,0.07,0.58,901
P4,0.08,0.58,1072
P4,-0.15,0.38,961
P4,0.05,0.89,370
P4,0.06,0.90,364
P4,0.07,0.90,301
P4,0.07,0.89,304
P4,-0.15,0.88,748
P4,0.11,0.62,399
P4,0.22,0.39,233
P4,0.16,0.34,627
P4,0.23,0.34,225
P4,-0.02,0.69,1028
P4,-0.01,0.69,774
P4,-0.14,0.33,1313
P4,0.08,1.31,68
P4,0.08,1.32,196
P4,-0.16,0.64,872
P4,-0.16,0.65,831
P4,-0.17,0.65,701
P4,-0.17,0.64,674
P4,0.07,0.65,579
P4,-0.08,0.53,1370
P4,-0.09,0.53,1346
P4,0.15,0.51,264
P4,0.16,0.50,273
P4,0.18,0.74,313
P4,-0.01,1.19,243
P4,-0.01,1.18,172
P4,-0.11,0.57,1751
P4,-0.11,0.56,1289
P4,-0.19,0.38,593
P4,-0.20,0.75,1026
P4,-0.20,0.76,1430
P4,-0.19,0.76,1337
P4,-0.19,0.75,1061
P4,0.09,0.40,2482
P4,-0.08,0.83,896
P4,-0.09,0.83,836
P4,-0.09,0.84,674
P4,-0.10,0.84,382
P4,0.20,0.37,748
P4,0.24,1.30,117
P4,0.23,1.30,246
P4,0.08,0.59,1044
P4,-0.19,0.94,1068
P4,0.24,0.84,227
P4,0.23,0.84,361
P4,0.23,0.83,256
P4,-0.19,0.90,1463
P4,-0.19,0.89,1539
P4,0.03,0.95,274
P4,0.03,0.96,385
P4,0.16,0.46,1371
P4,-0.01,1.23,251
P4,-0.02,1.23,273
P4,-0.02,1.24,173
P4,0.20,1.36,200
P4,0.19,1.36,216
P4,0.18,1.36,199
P4,0.18,1.35,92
P4,0.03,1.25,64
P4,0.03,1.26,175
P4,0.15,0.47,751
P4,-0.06,0.50,1842
P4,0.24,1.20,158
P4,0.15,0.90,215
P4,0.16,0.90,201
P4,0.21,1.24,83
P4,0.21,1.25,132
P4,0.20,1.25,199
P4,0.19,1.25,176
P4,0.19,1.24,41
P4,-0.19,0.86,1245
P4,-0.01,1.15,199
P4,-0.01,1.16,318
P4,0.00,1.16,252
P4,0.00,1.15,306
P4,-0.21,1.02,754
P4,-0.03,1.07,272
P4,-0.03,1.08,232
P4,-0.13,1.05,238
P4,-0.14,1.05,343
P4,-0.20,0.93,1125
P4,-0.16,1.24,481
P4,-0.16,1.23,413
P4,0.22,0.56,890
P4,0.21,0.56,910
P4,0.20,0.56,780
P4,-0.08,0.70,1061
P4,-0.12,0.86,574
P4,-0.13,0.86,753
P4,-0.20,0.64,1204
P4,0.14,1.27,86
P4,0.15,1.27,37
P4,0.15,1.28,98
P4,0.16,1.28,63
P4,0.16,1.27,33
P4,0.14,0.35,1725
P4,-0.24,0.99,583
P4,-0.23,0.99,750
P4,0.00,1.03,517
P4,0.00,1.04,193
P4,0.01,1.04,250
P4,0.01,1.03,424
P4,0.11,0.40,1473
P4,0.00,0.95,230
P4,0.00,0.94,499
P4,-0.20,0.43,31
P4,-0.19,0.43,200
P4,0.17,1.28,64
P4,0.18,1.28,85
P4,-0.18,1.12,631
P4,-0.19,1.12,739
P4,0.11,0.60,294
P4,0.12,0.60,362
P4,0.13,0.60,239
P4,-0.05,0.51,1459
P4,-0.17,0.62,587
P4,-0.17,0.63,806
P4,0.02,1.02,253
P4,0.02,1.03,498
P4,0.03,1.03,375
P4,0.03,1.02,250
P4,-0.21,1.36,246
P4,-0.21,1.15,727
P4,0.13,0.47,7408
P4,0.19,0.51,77
P4,0.18,0.51,186
P4,0.17,0.51,284
P4,0.18,1.38,185
P4,0.17,1.38,147
P4,0.07,1.02,198
P4,-0.24,1.15,399
P4,-0.23,1.16,524
P4,-0.08,1.03,870
P4,-0.08,1.04,442
P4,-0.09,0.81,570
P4,-0.09,0.82,731
P4,-0.01,0.79,656
P4,0.00,0.79,535
P4,0.00,0.78,729
P4,-0.19,1.10,825
P4,-0.18,1.10,600
P4,-0.12,0.45,2008
P4,-0.03,0.64,1215
P4,-0.11,1.27,210
P4,-0.12,1.27,353
P4,-0.22,1.12,463
P4,-0.22,1.13,514
P4,-0.21,1.13,515
P4,-0.20,1.12,635
P4,-0.17,1.04,932
P4,-0.16,1.04,806
P4,0.21,0.58,962
P4,0.20,0.58,750
P4,-0.17,1.17,660
P4,-0.16,1.17,733
P4,-0.21,0.36,280
P4,-0.20,0.36,630
P4,-0.19,0.36,658
P4,-0.02,0.75,658
P4,-0.01,0.76,690
P4,-0.15,0.57,961
P4,0.17,1.33,154
P4,0.18,1.33,123
P4,0.19,1.33,70
P4,-0.07,0.90,500
P4,-0.07,0.89,462
P4,-0.06,1.10,474
P4,-0.06,1.11,806
P4,-0.05,1.11,835
P4,-0.05,1.10,612
P4,-0.02,0.79,529
P4,0.01,1.31,64
P4,0.01,1.32,155
P4,0.20,0.61,729
P4,0.19,0.61,830
P4,0.21,1.10,221
P4,0.20,1.10,160
P4,0.22,1.19,115
P4,0.21,1.20,189
P4,0.20,1.20,120
P4,0.20,1.19,114
P4,-0.05,0.87,749
P4,-0.05,0.88,447
P4,0.17,1.36,131
P4,-0.04,0.65,1290
P4,-0.16,0.98,747
P4,-0.03,1.10,184
P4,-0.22,0.52,1463
P4,-0.21,0.52,973
P4,0.18,0.44,1433
P4,-0.16,0.40,1186
P4,-0.02,0.54,1700
P4,0.07,1.32,310
P4,-0.20,1.38,510
P4,0.01,0.86,657
P4,0.19,0.56,315
P4,0.12,1.39,16
P4,0.12,1.38,88
P4,-0.14,0.25,721
P4,-0.11,1.23,190
P4,-0.12,0.44,1752
P4,0.04,0.72,504
P4,0.11,1.29,78
P4,0.11,1.30,172
P4,0.12,1.30,164
P4,0.12,1.29,112
P4,0.13,1.29,63
P4,0.02,1.01,279
P4,0.03,1.01,386
P4,-0.05,0.68,1052
P4,-0.05,0.69,830
P4,-0.03,0.52,1151
P4,0.02,1.00,229
P4,-0.10,0.69,1063
P4,-0.12,0.69,782
P4,-0.14,0.67,1075
P4,-0.14,0.66,630
P4,0.15,0.30,920
P4,0.15,0.29,428
P4,0.16,0.51,312
P4,0.17,0.52,222
P4,-0.16,0.31,612
P4,-0.17,0.31,83
P4,-0.07,1.10,337
P4,-0.08,1.10,227
P4,-0.08,1.09,333
P4,-0.23,1.10,614
P4,-0.21,1.10,686
P4,0.05,0.99,234
P4,0.06,0.99,185
P4,0.24,1.01,337
P4,0.23,1.01,275
P4,0.02,1.04,309
P4,0.06,0.55,1785
P4,0.01,0.70,893
P4,0.02,0.70,887
P4,-0.11,1.38,173
P4,-0.12,1.38,302
P4,-0.12,1.39,37
P4,-0.06,0.51,1739
P4,-0.09,0.69,1148
P4,0.05,0.53,1814
P4,-0.15,0.93,844
P4,0.20,0.63,887
P4,0.19,0.63,631
P4,-0.10,0.45,2520
P4,0.23,0.33,83
P4,0.21,1.31,140
P4,0.22,1.31,297
P4,0.05,1.08,90
P4,0.05,1.09,242
P4,0.06,1.09,140
P4,-0.13,0.87,454
P4,-0.14,0.87,853
P4,-0.14,0.86,783
P4,-0.15,0.86,949
P4,-0.09,1.36,195
P4,-0.09,1.37,207
P4,0.08,0.94,345
P4,0.09,0.95,325
P4,0.09,0.94,338
P4,-0.04,0.71,864
P4,-0.05,0.71,698
P4,-0.06,0.71,811
P4,-0.06,0.70,1009
P4,-0.08,0.62,1181
P4,-0.04,0.62,1088
P4,-0.20,0.77,1448
P4,-0.19,0.77,1195
P4,-0.03,1.33,153
P4,-0.03,1.34,131
P4,-0.04,1.34,237
P4,-0.04,1.33,189
P4,0.04,0.71,857
P4,-0.05,1.15,230
P4,-0.05,1.16,428
P4,-0.06,1.16,547
P4,0.06,0.70,594
P4,0.06,0.69,462
P4,-0.12,0.53,1492
P4,-0.12,0.54,1956
P4,-0.13,0.54,1551
P4,-0.14,0.54,1341
P4,0.13,0.41,3841
P4,-0.04,0.72,877
P4,0.08,0.60,1025
P4,-0.24,1.02,609
P4,0.08,0.77,368
P4,-0.03,1.31,192
P4,-0.03,1.32,264
P4,-0.02,1.32,150
P4,0.05,0.88,467
P4,-0.06,0.66,1130
P4,-0.07,1.17,318
P4,-0.07,1.16,364
P4,-0.09,0.87,659
P4,-0.11,0.86,541
P4,0.07,0.62,575
P4,0.08,0.62,497
P4,0.09,0.62,367
P4,-0.07,1.11,529
P4,-0.09,0.47,2500
P4,0.07,0.63,802
P4,0.08,0.63,671
P4,0.00,1.13,142
P4,0.22,0.93,205
P4,0.04,1.02,146
P4,0.04,1.03,261
P4,0.05,1.03,295
P4,0.05,1.02,191
P4,-0.02,1.26,147
P4,-0.02,1.27,323
P4,-0.03,1.27,330
P4,-0.03,1.26,191
P4,-0.23,0.27,726
P4,-0.20,0.91,1338
P4,-0.24,0.31,236
P4,-0.03,0.79,602
P4,-0.02,0.78,731
P4,0.15,0.82,105
P4,0.07,1.22,136
P4,0.09,1.22,200
P4,0.15,0.35,1309
P4,0.24,0.90,199
P4,0.24,0.89,260
P4,0.23,0.89,321
P4,-0.18,0.71,933
P4,-0.17,0.71,478
P4,-0.16,0.71,586
P4,-0.14,0.97,642
P4,-0.15,0.97,587
P4,0.17,1.03,120
P4,0.18,1.03,246
P4,0.24,1.06,115
P4,0.24,1.07,175
P4,0.23,1.07,246
P4,0.22,1.07,130
P4,0.22,1.06,360
P4,-0.20,0.86,1255
P4,-0.21,0.86,1094
P4,-0.14,0.73,832
P4,-0.05,1.35,119
P4,-0.05,1.34,34
P4,-0.11,1.32,171
P4,-0.11,1.33,306
P4,-0.12,1.33,203
P4,-0.13,1.33,250
P4,-0.10,0.62,955
P4,-0.11,0.62,1432
P4,-0.11,0.61,1290
P4,0.05,0.64,1002
P4,0.06,0.72,408
P4,0.10,0.82,284
P4,0.11,0.82,189
P4,0.12,0.82,136
P4,-0.22,0.79,1747
P4,-0.20,1.17,419
P4,-0.21,1.17,271
P4,0.13,0.97,129
P4,0.13,0.96,128
P4,-0.20,0.56,1250
P4,0.19,0.66,437
P4,0.19,0.67,528
P4,0.18,0.67,312
P4,-0.20,0.52,596
P4,-0.08,0.93,323
P4,0.21,1.11,86
P4,0.20,1.11,76
P4,0.16,0.41,2608
P4,0.08,0.57,714
P4,0.09,0.57,665
P4,-0.14,0.83,752
P4,-0.15,0.83,778
P4,-0.16,0.83,922
P4,-0.11,0.75,698
P4,-0.12,0.75,612
P4,0.07,0.73,473
P4,-0.20,0.51,385
P4,0.21,1.05,128
P4,0.20,1.05,163
P4,0.19,1.05,186
P4,-0.23,0.84,1301
P4,0.18,0.76,272
P4,0.17,0.76,139
P4,0.03,0.83,555
P4,-0.15,1.38,471
P4,-0.23,0.32,290
P4,0.10,0.95,284
P4,0.10,0.96,213
P4,-0.01,0.92,442
P4,-0.20,1.32,264
P4,-0.20,1.31,643
P4,-0.21,0.76,1107
P4,0.19,1.20,138
P4,-0.16,0.55,920
P4,0.05,1.19,353
P4,0.06,1.18,110
P4,-0.03,0.82,489
P4,0.23,0.85,320
P4,0.22,0.85,373
P4,0.21,0.85,357
P4,-0.24,1.01,455
P4,-0.23,1.01,722
P4,-0.22,1.01,744
P4,0.13,0.81,65
P4,0.10,0.84,243
P4,-0.09,0.52,1816
P4,0.11,1.24,123
P4,0.12,1.24,144
P4,0.12,1.23,164
P4,-0.11,1.17,510
P4,-0.11,1.18,369
P4,-0.16,1.10,451
P4,-0.16,1.11,607
P4,-0.17,1.10,558
P4,0.09,0.55,1065
P4,-0.24,1.33,378
P4,-0.21,1.27,321
P4,-0.21,1.28,545
P4,-0.20,1.27,395
P4,-0.21,0.87,937
P4,-0.15,0.54,1123
P4,-0.18,0.89,1456
P4,-0.01,0.96,369
P4,-0.01,0.97,511
P4,-0.02,0.96,471
P4,0.06,0.54,1569
P4,-0.13,0.58,1257
P4,0.22,0.63,470
P4,0.21,0.64,611
P4,0.21,0.63,773
P4,0.03,0.36,6376
P4,0.15,0.25,67
P4,-0.04,0.92,832
P4,0.09,0.63,655
P4,0.10,0.63,648
P4,0.20,0.65,369
P4,0.19,0.65,271
P4,0.18,0.65,274
P4,0.24,0.51,1073
P4,0.24,0.50,1179
P4,-0.20,0.68,1518
P4,0.15,0.81,54
P4,-0.05,1.29,91
P4,-0.06,1.30,21
P4,-0.06,1.29,80
P4,-0.10,0.56,1706
P4,-0.09,0.74,677
P4,-0.13,0.98,412
P4,-0.14,0.99,778
P4,-0.07,0.96,753
P4,-0.08,0.96,758
P4,-0.03,1.28,182
P4,-0.03,1.29,59
P4,-0.02,1.29,101
P4,-0.02,1.28,44
P4,-0.17,0.85,1193
P4,0.19,0.32,517
P4,0.18,0.32,100
P4,-0.22,1.35,395
P4,0.21,0.44,219
P4,-0.16,0.93,965
P4,-0.04,1.15,262
P4,-0.04,1.14,337
P4,0.11,0.70,100
P4,-0.19,0.57,862
P4,-0.20,0.71,1855
P4,-0.19,0.71,1302
P4,0.24,0.33,789
P4,-0.19,1.23,426
P4,-0.19,1.24,460
P4,-0.18,1.24,509
P4,-0.18,1.23,458
P4,-0.17,1.23,582
P4,0.23,1.32,126
P4,0.23,1.33,191
P4,0.22,1.33,160
P4,0.21,1.33,110
P4,0.21,1.32,237
P4,-0.24,1.07,382
P4,0.14,0.48,420
P4,0.13,0.48,746
P4,-0.08,0.54,2142
P4,-0.06,1.09,507
P4,-0.19,1.09,522
P4,-0.20,1.09,836
P4,-0.20,1.10,740
P4,-0.12,0.52,2206
P4,-0.08,0.82,977
P4,-0.18,0.85,1039
P4,-0.19,0.85,1133
P4,-0.12,0.61,1553
P4,-0.13,0.61,1431
P4,0.20,1.09,91
P4,0.22,0.54,1690
P4,0.24,0.83,173
P4,-0.22,1.21,712
P4,-0.06,0.82,939
P4,-0.07,0.82,715
P4,-0.07,0.83,721
P4,-0.13,1.03,814
P4,-0.14,1.31,494
P4,-0.15,0.89,750
P4,-0.10,1.27,56
P4,-0.09,1.27,160
P4,-0.16,0.44,701
P4,-0.08,0.78,493
P4,-0.03,1.30,33
P4,-0.02,1.30,170
P4,-0.16,0.51,850
P4,-0.04,0.78,599
P4,-0.09,0.62,1603
P4,0.19,0.40,264
P4,0.22,0.35,42
P4,0.22,0.36,95
P4,0.00,0.69,937
P4,0.14,0.26,992
P4,0.15,0.26,163
P4,-0.19,0.56,535
P4,-0.07,0.73,793
P4,-0.20,0.85,1050
P4,-0.08,1.01,398
P4,-0.09,1.01,547
P4,0.09,1.01,53
P4,0.10,1.01,113
P4,0.11,1.01,89
P4,0.07,0.72,372
P4,0.08,0.72,274
P4,0.08,0.71,325
P4,0.13,0.82,152
P4,0.14,0.82,51
P4,0.09,0.59,875
P4,0.10,0.40,1958
P4,0.14,0.74,42
P4,-0.01,1.05,218
P4,-0.01,1.06,132
P4,-0.02,1.06,165
P4,-0.02,1.05,121
P4,0.07,1.12,91
P4,0.07,1.13,95
P4,0.08,1.12,138
P4,-0.10,0.71,832
P4,-0.18,0.51,438
P4,0.04,0.84,441
P4,0.04,0.85,360
P4,0.05,0.84,592
P4,-0.08,0.97,437
P4,-0.09,0.97,473
P4,-0.09,0.96,279
P4,-0.05,0.80,648
P4,-0.06,0.81,575
P4,0.08,0.74,346
P4,0.10,0.75,219
P4,0.10,0.74,282
P4,0.13,1.35,158
P4,0.14,1.35,92
P4,0.15,1.35,81
P4,0.04,0.97,190
P4,0.19,0.50,177
P4,0.00,0.70,1128
P4,0.00,0.71,703
P4,0.11,0.98,155
P4,0.11,0.99,151
P4,0.12,0.98,147
P4,0.13,0.98,31
P4,-0.04,0.85,483
P4,-0.04,0.84,532
P4,-0.16,1.05,816
P4,-0.17,1.06,878
P4,-0.18,1.06,790
P4,-0.13,1.34,181
P4,-0.04,1.27,270
P4,-0.04,1.28,278
P4,0.06,1.02,219
P4,-0.19,1.08,619
P4,0.07,0.92,243
P4,0.08,0.92,167
P4,0.09,0.92,116
P4,0.09,0.91,106
P4,-0.12,1.04,472
P4,-0.24,1.21,853
P4,-0.23,1.21,835
P4,-0.06,0.72,637
P4,-0.24,1.24,464
P4,-0.24,1.25,604
P4,-0.23,1.25,462
P4,-0.23,1.24,797
P4,0.19,0.53,216
P4,0.08,0.53,1593
P4,-0.18,1.09,439
P4,-0.09,1.16,249
P4,-0.10,1.16,381
P4,-0.16,0.34,381
P4,-0.21,1.01,748
P4,0.17,1.35,51
P4,0.19,1.35,123
P4,0.17,0.46,773
P4,0.18,0.46,361
P4,0.18,0.45,837
P4,0.04,1.38,100
P4,0.04,1.39,16
P4,-0.16,0.63,970
P4,-0.23,0.90,1193
P4,0.14,0.71,37
P4,0.15,0.71,54
P4,0.16,0.71,105
P4,0.16,0.70,76
P4,0.12,1.11,137
P4,0.13,1.11,87
P4,0.13,1.10,87
P4,0.03,0.85,307
P4,0.03,0.84,349
P4,-0.14,0.62,970
P4,-0.16,0.62,675
P4,0.21,0.91,169
P4,0.20,0.91,110
P4,0.22,1.21,72
P4,0.21,1.21,196
P4,0.03,1.04,285
P4,0.10,1.37,134
P4,0.11,1.37,193
P4,0.12,1.37,115
P4,0.10,1.07,57
P4,0.10,1.08,210
P4,0.11,1.08,177
P4,0.12,1.08,111
P4,0.18,0.54,61
P4,0.18,0.55,163
P4,0.19,0.55,495
P4,0.17,1.09,93
P4,0.18,1.09,120
P4,-0.23,1.17,395
P4,0.18,0.42,694
P4,-0.08,0.90,659
P4,-0.09,0.90,624
P4,-0.09,0.91,313
P4,-0.10,0.90,525
P4,0.11,1.36,77
P4,0.11,1.35,57
P4,0.10,0.57,612
P4,0.22,0.82,178
P4,0.21,0.82,150
P4,0.13,1.19,102
P4,0.14,1.19,82
P4,0.14,0.31,1376
P4,0.15,0.32,1004
P4,0.15,0.31,775
P4,0.10,0.62,541
P4,-0.05,1.01,389
P4,0.22,0.97,285
P4,0.21,0.97,264
P4,-0.10,0.53,1580
P4,-0.20,0.58,885
P4,-0.08,1.13,496
P4,-0.08,1.14,310
P4,0.23,0.88,532
P4,-0.21,1.33,477
P4,-0.20,1.33,267
P4,0.10,1.03,112
P4,-0.17,0.81,787
P4,0.08,1.19,119
P4,-0.18,0.36,278
P4,-0.21,0.69,2296
P4,-0.03,1.05,223
P4,-0.03,1.06,254
P4,-0.03,1.36,207
P4,-0.03,1.37,164
P4,-0.02,1.37,118
P4,-0.02,1.36,19
P4,-0.04,0.68,963
P4,-0.21,0.62,2080
P4,-0.17,0.40,761
P4,0.09,1.32,284
P4,0.10,1.32,245
P4,0.10,1.33,192
P4,0.11,1.33,117
P4,0.11,1.32,222
P4,-0.12,0.62,1505
P4,-0.13,0.62,1008
P4,0.18,0.60,283
P4,0.00,0.74,863
P4,0.01,0.74,1034
P4,-0.03,0.63,1467
P4,0.19,1.16,139
P4,0.18,1.16,109
P4,-0.09,0.77,726
P4,-0.10,0.77,595
P4,-0.11,0.77,640
P4,-0.11,0.76,801
P4,0.11,0.75,237
P4,-0.19,0.39,465
P4,-0.21,0.35,530
P4,0.01,1.28,201
P4,0.01,1.29,123
P4,0.02,1.29,110
P4,0.02,1.28,71
P4,-0.06,1.04,353
P4,-0.06,1.05,451
P4,0.24,0.55,459
P4,0.23,0.56,743
P4,-0.14,1.30,233
P4,0.06,1.07,53
P4,0.20,1.35,111
P4,0.17,0.59,92
P4,0.17,0.60,99
P4,0.18,0.59,189
P4,-0.21,1.12,535
P4,-0.21,0.34,1260
P4,-0.20,0.34,1435
P4,-0.22,1.34,488
P4,0.18,0.75,524
P4,0.17,0.75,377
P4,-0.17,0.56,722
P4,-0.18,0.56,662
P4,0.03,0.73,1006
P4,0.04,0.73,671
P4,-0.24,1.00,603
P4,-0.17,1.30,489
P4,-0.18,1.30,398
P4,-0.19,1.30,430
P4,0.09,0.58,745
P4,0.10,0.58,618
P4,0.10,0.59,389
P4,0.11,0.59,268
P4,0.11,0.58,407
P4,0.24,1.08,220
P4,0.23,1.08,317
P4,0.22,1.08,167
P4,-0.15,1.05,599
P4,0.19,0.70,599
P4,0.18,0.70,406
P4,0.17,0.70,189
P4,0.17,0.69,178
P4,-0.11,1.36,271
P4,-0.10,1.36,194
P4,-0.15,1.37,300
P4,-0.16,1.36,165
P4,0.01,1.07,277
P4,0.01,1.08,174
P4,-0.20,1.11,612
P4,-0.21,1.11,493
P4,-0.15,0.87,734
P4,0.02,1.15,315
P4,0.03,1.16,126
P4,0.03,1.15,261
P4,-0.23,0.25,62
P4,-0.22,0.25,336
P4,-0.21,0.25,88
P4,0.10,0.51,1029
P4,-0.08,0.84,542
P4,-0.18,0.59,609
P4,-0.04,0.79,641
P4,0.20,0.55,1040
P4,0.23,0.97,244
P4,-0.02,1.07,179
P4,-0.17,0.61,493
P4,-0.15,0.66,603
P4,-0.16,0.66,528
P4,-0.17,0.66,480
P4,-0.19,0.58,644
P4,0.12,1.22,128
P4,0.13,1.23,144
P4,0.14,1.23,93
P4,0.14,1.22,57
P4,0.15,1.05,106
P4,0.15,1.06,90
P4,0.16,1.05,142
P4,-0.19,0.66,788
P4,-0.18,0.65,803
P4,-0.15,0.68,720
P4,-0.16,0.68,612
P4,-0.17,0.68,675
P4,-0.09,0.89,526
P4,-0.14,0.65,1223
P4,-0.22,0.99,809
P4,-0.21,0.99,664
P4,-0.20,1.00,647
P4,-0.20,0.99,659
P4,-0.18,0.44,279
P4,-0.05,1.22,101
P4,-0.05,1.23,234
P4,-0.06,1.23,115
P4,-0.06,1.22,88
P4,-0.10,0.55,2408
P4,-0.16,0.61,730
P4,-0.15,1.00,427
P4,0.12,0.48,2281
P4,-0.03,0.87,460
P4,-0.04,1.20,244
P4,-0.04,1.21,307
P4,-0.21,0.38,134
P4,-0.20,0.38,395
P4,-0.03,0.58,1031
P4,0.08,0.65,540
P4,0.23,1.16,67
P4,0.22,1.16,142
P4,0.21,1.15,122
P4,0.24,1.03,160
P4,0.23,1.03,285
P4,0.22,1.03,328
P4,0.22,0.87,190
P4,0.21,0.87,85
P4,0.18,0.48,317
P4,0.18,0.49,317
P4,0.19,0.48,243
P4,-0.18,1.31,460
P4,-0.17,1.31,676
P4,-0.16,1.31,557
P4,-0.12,0.76,1063
P4,-0.13,0.76,1180
P4,-0.11,0.66,984
P4,-0.16,1.30,467
P4,0.24,0.65,163
P4,0.23,0.65,326
P4,0.21,1.07,97
P4,0.04,1.17,236
P4,-0.17,0.49,564
P4,-0.04,0.60,1646
P4,0.06,1.06,205
P4,0.07,1.06,275
P4,0.08,1.06,261
P4,0.02,0.74,871
P4,-0.08,1.08,381
P4,-0.09,1.09,462
P4,-0.09,1.08,437
P4,-0.10,1.37,215
P4,-0.11,1.37,420
P4,-0.12,1.37,155
P4,-0.05,0.94,427
P4,0.19,0.59,408
P4,0.02,0.79,649
P4,0.21,0.66,292
P4,0.20,0.66,263
P4,0.20,0.67,510
P4,0.09,0.53,1294
P4,-0.06,1.12,674
P4,-0.06,1.13,860
P4,0.23,0.80,281
P4,-0.16,1.27,817
P4,-0.17,1.26,428
P4,-0.02,1.08,276
P4,-0.01,1.07,376
P4,-0.04,1.03,432
P4,-0.04,1.04,539
P4,-0.05,1.24,309
P4,-0.05,1.25,254
P4,-0.06,1.25,56
P4,-0.06,1.24,16
P4,0.08,1.02,129
P4,0.09,1.02,339
P4,-0.07,0.97,463
P4,-0.04,0.69,672
P4,-0.04,0.70,1303
P4,-0.03,0.69,874
P4,0.17,0.87,157
P4,0.16,0.87,147
P4,-0.14,0.23,104
P4,0.12,1.04,129
P4,0.12,1.03,102
P4,-0.19,0.60,677
P4,-0.18,0.60,461
P4,0.07,1.26,140
P4,0.08,1.26,157
P4,0.09,1.26,177
P4,0.09,1.25,76
P4,-0.16,1.12,744
P4,0.19,0.68,719
P4,0.18,0.68,515
P4,0.14,0.33,1261
P4,-0.12,1.07,752
P4,-0.12,1.06,301
P4,-0.18,0.66,641
P4,0.23,1.25,197
P4,0.24,0.77,328
P4,0.23,0.77,294
P4,-0.08,0.99,354
P4,-0.08,1.00,198
P4,-0.09,1.00,245
P4,-0.10,0.99,800
P4,0.16,0.39,735
P4,-0.21,1.06,474
P4,-0.20,1.06,568
P4,-0.19,1.06,711
P4,-0.16,0.29,216
P4,0.21,0.26,667
P4,0.11,0.77,101
P4,0.12,0.77,76
P4,0.13,0.77,64
P4,-0.19,0.99,601
P4,-0.01,0.83,871
P4,0.00,0.83,404
P4,-0.16,0.91,764
P4,0.15,1.36,34
P4,0.16,1.36,119
P4,0.05,1.20,269
P4,0.06,1.20,295
P4,-0.09,0.75,788
P4,0.14,0.97,104
P4,-0.20,0.28,435
P4,-0.19,0.28,45
P4,0.15,0.98,143
P4,0.16,0.98,184
P4,0.17,0.98,190
P4,-0.09,0.88,553
P4,0.22,1.17,199
P4,0.21,1.17,126
P4,0.11,0.83,187
P4,0.12,0.83,119
P4,0.13,0.83,64
P4,-0.07,1.06,422
P4,-0.07,1.07,476
P4,0.10,0.99,136
P4,0.11,1.00,119
P4,0.12,1.00,151
P4,0.24,1.32,180
P4,0.24,1.33,66
P4,0.22,1.32,207
P4,0.12,1.01,62
P4,0.13,1.01,57
P4,0.13,1.00,182
P4,-0.01,0.91,507
P4,0.10,0.88,205
P4,0.11,0.88,188
P4,0.11,0.87,153
P4,-0.16,0.54,947
P4,0.10,0.98,102
P4,0.00,0.96,277
P4,-0.11,1.35,264
P4,-0.10,1.35,298
P4,-0.03,0.68,1209
P4,0.21,1.26,142
P4,-0.16,1.00,484
P4,-0.14,0.98,299
P4,0.08,1.36,72
P4,0.09,1.37,124
P4,-0.18,0.81,1076
P4,0.10,1.25,52
P4,0.10,1.26,147
P4,0.11,1.26,132
P4,-0.24,1.26,394
P4,-0.23,1.26,602
P4,0.19,1.08,132
P4,0.18,1.08,107
P4,-0.15,0.78,477
P4,-0.09,0.72,641
P4,-0.09,0.73,749
P4,0.08,0.56,796
P4,-0.13,1.11,268
P4,0.24,1.39,22
P4,0.24,1.38,154
P4,0.12,1.27,89
P4,-0.13,1.02,350
P4,-0.08,1.02,490
P4,0.05,1.05,143
P4,0.05,1.06,246
P4,0.07,1.05,293
P4,-0.14,0.30,1266
P4,-0.15,0.30,710
P4,-0.21,1.30,206
P4,-0.21,1.31,537
P4,-0.20,1.30,325
P4,0.21,0.69,391
P4,0.20,0.69,309
P4,0.19,0.69,381
P4,0.09,0.93,237
P4,0.07,0.99,147
P4,-0.13,1.06,455
P4,-0.11,0.81,707
P4,0.13,0.87,97
P4,0.14,0.87,75
P4,0.14,0.88,86
P4,0.15,0.88,77
P4,0.15,0.87,102
P4,-0.11,1.22,268
P4,-0.03,0.59,1347
P4,-0.24,1.13,235
P4,0.02,1.18,189
P4,0.08,0.93,292
P4,0.22,1.11,177
P4,0.04,0.83,495
P4,-0.14,1.23,402
P4,0.22,0.75,199
P4,0.22,0.76,299
P4,-0.14,0.36,1698
P4,-0.01,0.93,407
P4,0.15,0.80,96
P4,-0.24,1.27,175
P4,0.06,0.84,375
P4,0.24,1.23,116
P4,0.23,1.23,296
P4,0.22,1.23,298
P4,0.19,1.26,111
P4,-0.19,1.31,545
P4,-0.08,1.25,178
P4,-0.08,1.26,168
P4,0.14,0.54,128
P4,0.14,0.55,259
P4,-0.18,0.38,513
P4,0.12,0.87,96
P4,0.12,0.86,163
P4,0.13,0.86,104
P4,-0.17,0.75,551
P4,-0.16,0.87,829
P4,-0.12,0.97,398
P4,-0.12,0.96,202
P4,0.04,1.15,104
P4,0.14,1.00,102
P4,0.17,1.02,139
P4,0.18,1.02,118
P4,-0.17,1.28,378
P4,-0.16,1.28,455
P4,0.15,0.91,221
P4,0.16,0.91,152
P4,-0.15,0.67,1118
P4,-0.16,0.67,964
P4,-0.16,1.07,764
P4,-0.22,1.26,362
P4,0.22,0.96,193
P4,0.21,0.96,128
P4,0.03,1.05,193
P4,0.04,1.05,151
P4,0.04,1.06,267
P4,0.20,1.34,98
P4,0.19,1.34,174
P4,0.18,1.34,86
P4,-0.09,0.54,2026
P4,-0.01,1.02,297
P4,0.08,1.11,401
P4,0.09,1.11,315
P4,0.09,1.10,143
P4,-0.10,1.08,377
P4,-0.12,1.08,549
P4,0.20,1.27,91
P4,-0.18,0.77,807
P4,-0.03,0.91,323
P4,0.22,0.66,373
P4,0.22,0.67,395
P4,0.21,0.67,438
P4,-0.10,0.76,1018
P4,0.01,0.79,537
P4,0.02,0.75,485
P4,-0.18,0.79,1260
P4,-0.10,1.03,649
P4,0.01,1.05,116
P4,0.01,1.06,102
P4,0.02,1.06,203
P4,0.02,1.05,173
P4,-0.10,1.02,382
P4,0.08,0.80,414
P4,0.05,0.83,480
P4,-0.22,1.27,418
P4,0.22,0.84,241
P4,0.12,1.20,139
P4,0.13,1.20,125
P4,-0.20,1.25,412
P4,-0.23,1.35,554
P4,-0.24,1.34,397
P4,0.10,0.83,184
P4,-0.24,0.92,533
P4,-0.18,1.33,391
P4,-0.18,1.32,457
P4,0.20,1.01,146
P4,0.04,1.14,181
P4,0.06,1.13,30
P4,0.01,0.95,209
P4,0.02,0.95,328
P4,-0.22,1.29,351
P4,-0.20,1.15,500
P4,-0.12,1.16,373
P4,-0.18,0.75,584
P4,0.13,0.51,264
P4,0.12,0.51,513
P4,0.12,0.50,362
P4,0.11,0.50,620
P4,0.24,0.92,180
P4,-0.21,1.18,294
P4,0.18,0.61,272
P4,0.22,0.90,219
P4,0.21,0.90,126
P4,0.11,0.63,352
P4,0.12,1.09,137
P4,0.12,1.10,118
P4,0.13,1.09,204
P4,0.19,0.80,155
P4,0.18,0.81,305
P4,0.17,0.81,232
P4,0.17,0.80,212
P4,0.24,0.91,174
P4,0.19,0.45,301
P4,0.19,0.44,335
P4,-0.03,0.94,647
P4,-0.22,0.34,279
P4,0.23,1.15,92
P4,0.22,1.15,161
P4,-0.06,0.94,567
P4,0.20,1.28,21
P4,0.11,1.18,116
P4,0.19,0.39,601
P4,0.18,0.39,892
P4,0.17,0.39,573
P4,-0.12,0.93,576
P4,-0.07,1.13,443
P4,0.13,1.22,71
P4,0.15,1.22,72
P4,0.10,0.71,210
P4,0.21,0.43,227
P4,0.12,1.35,81
P4,-0.01,1.00,189
P4,-0.01,1.01,372
P4,0.00,1.01,514
P4,0.00,1.00,289
P4,-0.21,1.25,455
P4,0.10,1.02,272
P4,0.10,0.50,1307
P4,-0.02,0.77,708
P4,-0.02,1.15,222
P4,-0.02,1.16,319
P4,0.00,1.32,137
P4,-0.17,0.77,658
P4,-0.18,0.41,635
P4,-0.19,0.41,376
P4,-0.05,0.98,374
P4,-0.18,1.22,310
P4,0.24,1.18,157
P4,0.12,1.05,39
P4,0.13,1.05,104
P4,0.16,0.97,108
P4,0.17,0.97,82
P4,0.09,0.80,144
P4,0.09,0.79,125
P4,-0.04,1.02,613
P4,-0.15,1.31,388
P4,0.05,0.92,19
P4,-0.18,1.27,507
P4,-0.19,1.27,381
P4,-0.19,1.26,199
P4,-0.03,1.03,249
P4,0.15,1.10,200
P4,0.18,1.25,92
P4,-0.01,1.14,139
P4,0.17,0.38,506
P4,-0.04,0.74,979
P4,-0.03,0.74,780
P4,0.20,0.45,32
P4,-0.23,1.22,573
P4,0.17,1.05,93
P4,0.23,0.87,257
P4,0.01,0.78,504
P4,0.24,0.63,320
P4,-0.16,0.94,829
P4,-0.15,0.94,475
P4,0.10,1.22,162
P4,0.11,1.22,131
P4,0.24,1.02,254
P4,0.23,1.02,261
P4,0.08,1.39,6
P4,0.08,1.38,39
P4,0.24,0.56,407
P4,0.20,1.03,108
P4,0.19,1.03,211
P4,0.14,1.10,167
P4,0.20,0.46,187
P4,-0.06,1.14,400
P4,-0.21,1.03,944
P4,0.17,1.04,187
P4,0.18,1.04,251
P4,-0.20,1.39,92
P4,0.13,0.93,83
P4,0.13,0.92,52
P4,0.04,1.10,259
P4,0.04,1.11,167
P4,0.05,1.11,340
P4,0.08,1.08,261
P4,0.09,1.08,263
P4,-0.09,0.95,303
P4,-0.10,0.95,417
P4,-0.10,0.94,188
P4,0.05,0.75,502
P4,0.00,1.19,160
P4,0.00,1.20,84
P4,0.01,1.19,233
P4,-0.11,0.95,405
P4,-0.12,0.95,154
P4,-0.18,1.34,411
P4,-0.01,1.28,259
P4,-0.08,1.39,43
P4,0.01,1.30,122
P4,0.02,1.31,58
P4,0.02,1.30,136
P4,0.09,0.76,244
P4,0.10,0.76,297
P4,0.11,0.76,110
P4,0.19,0.31,520
P4,-0.18,0.76,1149
P4,-0.03,1.00,158
P4,-0.02,1.00,304
P4,-0.05,0.76,975
P4,-0.04,1.29,82
P4,-0.17,1.24,380
P4,-0.01,1.24,140
P4,-0.01,1.25,88
P4,0.08,1.07,154
P4,-0.10,0.81,797
P4,-0.17,0.58,611
P4,0.02,1.07,85
P4,-0.12,1.05,195
P4,-0.12,0.98,459
P4,-0.08,0.89,734
P4,0.02,0.96,288
P4,-0.17,1.07,751
P4,-0.24,1.12,221
P4,-0.17,1.19,768
P4,0.03,1.18,201
P4,0.17,0.71,249
P4,0.20,0.68,564
P4,-0.07,1.22,167
P4,-0.07,1.23,220
P4,0.11,0.61,207
P4,0.20,0.27,299
P4,0.23,0.91,170
P4,0.22,0.91,176
P4,0.21,0.70,364
P4,0.20,0.70,611
P4,0.07,0.98,329
P4,0.23,0.74,333
P4,0.22,0.74,307
P4,0.09,0.72,253
P4,0.09,0.71,177
P4,-0.12,1.10,420
P4,-0.15,0.62,1041
P4,0.02,0.76,398
P4,0.01,0.76,612
P4,0.23,0.25,59
P4,-0.22,1.23,516
P4,0.18,0.73,283
P4,0.17,0.73,162
P4,0.21,0.37,260
P4,0.23,1.38,242
P4,-0.12,1.17,328
P4,-0.05,0.79,627
P4,-0.22,0.33,536
P4,-0.16,1.21,223
P4,-0.15,1.21,233
P4,-0.05,0.70,914
P4,0.15,0.48,227
P4,0.16,0.48,212
P4,-0.15,0.71,793
P4,-0.15,0.72,781
P4,-0.08,0.77,472
P4,-0.03,1.19,420
P4,-0.03,1.20,102
P4,-0.02,1.20,208
P4,-0.02,1.19,292
P4,-0.17,0.67,820
P4,-0.23,1.23,544
P4,-0.12,0.63,1166
P4,-0.13,0.63,1195
P4,0.12,1.18,132
P4,-0.16,0.77,586
P4,0.08,0.79,177
P4,-0.09,1.34,36
P4,-0.10,1.34,105
P4,-0.11,1.34,116
P4,0.09,0.68,232
P4,0.22,0.83,240
P4,-0.12,1.12,384
P4,0.21,0.52,1511
P4,0.08,1.25,95
P4,-0.12,1.29,168
P4,-0.11,1.29,179
P4,-0.19,0.65,993
P4,0.21,0.93,155
P4,0.06,0.71,554
P4,-0.20,1.26,358
P4,-0.21,1.26,370
P4,-0.17,1.27,610
P4,-0.14,0.29,1232
P4,-0.15,0.29,569
P4,0.06,0.68,408
P4,0.11,0.66,341
P4,0.14,0.69,81
P4,0.15,0.69,124
P4,-0.14,1.34,328
P4,0.13,1.08,175
P4,0.20,0.38,388
P4,0.19,0.38,757
P4,0.18,0.38,624
P4,0.02,1.11,219
P4,-0.11,1.39,40
P4,-0.03,0.86,760
P4,0.19,0.46,221
P4,-0.19,1.39,81
P4,-0.15,1.30,316
P4,-0.16,1.19,436
P4,0.09,0.56,802
P4,-0.13,0.53,1450
P4,-0.15,0.73,686
P4,0.17,1.27,39
P4,0.21,0.45,381
P4,-0.13,1.37,205
P4,-0.14,1.37,289
P4,0.07,1.09,127
P4,0.08,1.09,165
P4,0.15,1.14,172
P4,0.16,1.14,132
P4,0.16,1.15,72
P4,0.17,1.14,103
P4,-0.09,0.80,557
P4,0.05,1.10,271
P4,-0.17,0.76,762
P4,-0.05,1.04,488
P4,-0.05,1.05,265
P4,-0.13,0.92,534
P4,-0.09,0.98,439
P4,-0.09,0.99,702
P4,-0.10,0.98,489
P4,0.23,0.78,157
P4,0.12,0.58,315
P4,0.09,1.05,207
P4,0.10,1.05,143
P4,0.10,1.06,210
P4,0.11,1.05,59
P4,-0.15,1.35,339
P4,-0.14,1.35,282
P4,-0.22,0.35,20
P4,-0.06,0.83,477
P4,0.08,0.82,499
P4,-0.01,1.11,358
P4,-0.10,0.80,978
P4,0.11,0.84,152
P4,0.17,0.66,110
P4,0.14,0.90,71
P4,-0.17,0.38,454
P4,-0.17,0.95,1184
P4,0.12,1.32,150
P4,0.07,0.97,135
P4,0.06,1.27,197
P4,0.06,1.26,102
P4,-0.06,0.98,477
P4,-0.07,0.99,767
P4,-0.08,0.98,246
P4,0.24,0.78,169
P4,0.09,0.77,234
P4,0.10,0.77,199
P4,0.20,1.39,20
P4,-0.02,0.76,611
P4,-0.01,1.33,79
P4,0.00,1.33,99
P4,0.00,1.23,292
P4,0.01,1.23,167
P4,0.17,0.49,501
P4,0.16,0.49,304
P4,-0.04,0.73,812
P4,0.12,0.84,102
P4,0.24,0.87,264
P4,-0.10,1.26,187
P4,-0.12,1.11,226
P4,-0.13,1.12,483
P4,-0.14,1.12,537
P4,-0.11,1.11,234
P4,-0.08,1.29,373
P4,-0.08,1.30,260
P4,-0.14,1.17,602
P4,-0.14,1.18,472
P4,0.24,0.85,216
P4,-0.09,1.15,186
P4,-0.10,1.15,180
P4,-0.10,1.14,284
P4,0.05,0.71,606
P4,-0.10,0.74,1083
P4,0.24,1.15,143
P4,-0.11,1.16,363
P4,-0.13,1.16,516
P4,0.18,0.69,353
P4,-0.10,0.89,542
P4,0.21,1.03,208
P4,0.19,1.15,109
P4,0.17,1.16,77
P4,0.17,1.15,82
P4,0.07,1.18,57
P4,-0.12,0.90,484
P4,-0.12,0.91,372
P4,0.08,1.20,240
P4,-0.21,0.49,1326
P4,0.19,0.58,422
P4,-0.01,1.26,126
P4,0.10,0.53,1062
P4,-0.14,1.25,336
P4,-0.15,1.25,560
P4,0.15,1.23,50
P4,0.16,1.23,32
P4,0.16,1.22,56
P4,0.14,0.96,150
P4,-0.21,0.41,37
P4,0.00,1.38,132
P4,0.22,1.05,212
P4,0.20,1.04,171
P4,0.23,0.54,1280
P4,0.12,1.21,113
P4,0.13,1.21,132
P4,0.14,1.20,132
P4,0.23,1.22,97
P4,0.04,1.24,134
P4,0.05,1.24,164
P4,-0.08,0.72,605
P4,-0.08,0.73,921
P4,0.08,0.90,204
P4,0.09,0.90,156
P4,0.07,1.27,239
P4,0.08,1.27,147
P4,-0.06,1.26,199
P4,-0.06,1.27,142
P4,-0.23,0.34,178
P4,0.16,0.73,88
P4,0.16,1.07,84
P4,0.17,1.07,90
P4,-0.19,1.20,579
P4,-0.18,1.20,623
P4,0.22,0.25,293
P4,0.03,1.36,76
P4,0.03,1.37,215
P4,0.04,1.37,151
P4,0.04,1.36,63
P4,0.23,1.27,260
P4,0.22,1.27,135
P4,0.10,0.55,899
P4,-0.07,0.98,601
P4,0.19,1.27,74
P4,-0.05,0.99,390
P4,-0.05,1.00,284
P4,0.17,0.68,145
P4,-0.24,1.22,459
P4,-0.24,1.23,463
P4,0.00,0.77,895
P4,0.01,0.77,826
P4,0.09,0.78,190
P4,0.10,0.78,207
P4,0.11,0.78,156
P4,-0.21,1.16,544
P4,-0.22,1.16,556
P4,-0.11,1.10,218
P4,-0.22,0.39,266
P4,-0.07,1.36,177
P4,-0.07,1.37,146
P4,0.12,1.15,136
P4,0.13,1.15,171
P4,0.14,1.15,129
P4,-0.12,1.25,240
P4,-0.13,1.25,306
P4,-0.21,1.29,190
P4,-0.24,1.20,581
P4,-0.11,0.87,580
P4,0.19,1.11,65
P4,-0.13,0.82,622
P4,0.11,1.03,27
P4,0.13,1.03,148
P4,0.12,0.64,328
P4,0.13,0.64,292
P4,0.14,0.64,217
P4,0.11,1.38,170
P4,0.21,1.28,42
P4,-0.24,1.29,193
P4,-0.23,1.29,403
P4,-0.22,1.31,199
P4,-0.16,0.95,838
P4,0.05,1.38,154
P4,0.06,1.38,153
P4,0.06,1.39,27
P4,0.15,0.96,82
P4,-0.03,0.98,766
P4,-0.04,0.97,268
P4,-0.14,0.84,534
P4,0.03,0.90,362
P4,0.04,0.90,456
P4,0.22,0.89,228
P4,0.22,0.88,257
P4,0.09,1.09,127
P4,-0.01,1.34,126
P4,-0.01,1.35,146
P4,-0.18,0.67,1006
P4,-0.13,1.13,451
P4,-0.13,1.14,290
P4,0.14,0.56,159
P4,0.03,1.22,103
P4,0.04,1.22,197
P4,0.05,1.22,157
P4,0.09,0.65,549
P4,0.10,0.65,325
P4,0.18,1.14,127
P4,0.19,1.14,73
P4,0.05,0.81,281
P4,0.24,0.70,197
P4,0.24,0.69,183
P4,0.12,1.33,97
P4,0.13,1.33,157
P4,0.12,1.12,126
P4,0.13,1.12,149
P4,0.08,1.17,129
P4,0.08,1.18,149
P4,-0.07,0.72,417
P4,0.04,1.20,197
P4,-0.05,1.32,234
P4,-0.05,1.33,257
P4,0.24,1.05,196
P4,0.23,1.05,299
P4,0.10,0.64,697
P4,0.11,0.64,434
P4,0.05,0.95,191
P4,-0.02,0.99,493
P4,-0.03,0.99,375
P4,0.21,1.19,77
P4,-0.15,0.65,1023
P4,-0.05,0.72,625
P4,0.23,1.31,289
P4,0.16,0.30,282
P4,0.21,1.39,21
P4,-0.03,1.21,173
P4,0.16,0.47,491
P4,0.12,0.20,116
P4,0.24,0.62,434
P4,0.23,0.62,604
P4,0.23,0.61,653
P4,0.01,1.09,110
P4,0.01,1.10,267
P4,0.09,0.66,383
P4,0.10,0.66,294
P4,0.13,0.42,4733
P4,0.14,0.41,4206
P4,0.03,0.93,245
P4,-0.14,1.21,234
P4,0.04,0.43,5491
P4,0.08,0.96,210
P4,0.09,0.96,262
P4,-0.02,0.90,313
P4,0.18,0.83,141
P4,0.18,0.84,210
P4,0.17,0.84,305
P4,0.17,0.83,220
P4,0.12,0.42,3558
P4,0.12,0.43,5022
P4,0.03,0.38,5677
P4,0.03,0.39,5933
P4,0.02,0.36,5617
P4,0.03,0.37,6049
P4,0.02,0.37,5510
P4,0.00,1.05,170
P4,0.00,1.14,115
P4,0.01,1.15,175
P4,0.01,1.14,40
P4,0.11,0.43,2953
P4,0.08,1.05,304
P4,0.03,0.40,5679
P4,0.14,0.42,5870
P4,-0.14,1.29,239
P4,-0.15,1.29,253
P4,-0.16,1.29,255
P4,0.02,0.39,4213
P4,0.21,1.06,286
P4,0.20,1.06,151
P4,-0.09,0.76,982
P4,0.23,1.06,225
P4,0.06,0.46,19759
P4,0.17,0.77,386
P4,0.16,0.77,200
P4,0.24,0.97,146
P4,-0.03,0.90,413
P4,-0.10,1.04,277
P4,-0.11,1.04,426
P4,0.24,1.13,210
P4,0.24,1.12,210
P4,0.23,1.12,244
P4,0.04,0.99,127
P4,-0.11,0.90,279
P4,0.24,0.71,191
P4,0.16,0.76,58
P4,0.11,0.55,622
P4,-0.16,0.30,282
P4,0.04,0.42,6701
P4,0.21,0.59,895
P4,0.20,0.59,744
P4,0.18,0.77,392
P4,-0.19,0.47,401
P4,-0.20,0.47,145
P4,0.09,1.12,121
P4,0.22,0.98,286
P4,0.21,0.98,283
P4,-0.20,1.16,470
P4,-0.13,1.21,158
P4,-0.05,0.85,408
P4,0.01,0.90,613
P4,-0.23,1.34,556
P4,0.02,1.23,194
P4,0.22,0.58,817
P4,0.22,0.59,744
P4,-0.22,1.25,380
P4,-0.02,1.35,75
P4,-0.02,1.34,63
P4,-0.10,0.75,725
P4,0.23,0.64,295
P4,0.22,0.64,562
P4,0.19,1.22,194
P4,-0.03,0.80,884
P4,-0.15,0.25,64
P4,0.06,0.66,383
P4,0.10,0.44,2081
P4,-0.18,1.39,62
P4,0.06,1.05,264
P4,0.12,0.75,197
P4,-0.04,1.25,341
P4,0.13,0.21,80
P4,-0.05,1.19,204
P4,-0.04,1.38,183
P4,-0.04,1.39,22
P4,-0.03,1.38,228
P4,-0.19,1.00,696
P4,0.02,0.38,4674
P4,0.01,0.97,74
P4,0.24,1.27,292
P4,0.03,0.94,238
P4,0.05,0.94,344
P4,0.20,1.26,101
P4,0.17,0.35,458
P4,-0.06,0.86,538
P4,-0.05,0.86,606
P4,0.03,0.41,5137
P4,-0.09,1.13,480
P4,-0.09,1.14,196
P4,0.15,0.70,28
P4,0.00,1.21,96
P4,0.00,1.22,63
P4,-0.08,1.11,440
P4,-0.09,1.10,168
P4,0.07,0.46,9201
P4,0.21,0.95,134
P4,0.03,1.14,108
P4,-0.14,1.20,447
P4,-0.13,1.19,291
P4,0.03,1.23,153
P4,0.03,1.24,125
P4,0.04,1.23,241
P4,-0.12,1.18,425
P4,-0.11,0.78,321
P4,0.20,0.52,625
P4,-0.19,1.16,595
P4,0.23,1.36,179
P4,0.21,1.36,195
P4,0.16,0.78,71
P4,-0.23,1.13,471
P4,0.13,0.62,118
P4,0.15,0.62,155
P4,0.22,1.14,153
P4,-0.07,1.39,22
P4,-0.07,1.38,111
P4,0.10,0.56,646
P4,0.16,0.33,312
P4,-0.24,1.31,232
P4,-0.06,1.08,218
P4,-0.07,1.08,368
P4,0.22,0.34,406
P4,0.20,0.64,658
P4,0.23,0.63,283
P4,0.22,0.72,200
P4,0.23,0.92,237
P4,0.22,0.92,287
P4,-0.01,1.10,170
P4,-0.02,1.10,248
P4,-0.17,0.34,251
P4,-0.21,0.37,158
P4,-0.09,0.92,367
P4,-0.10,0.85,581
P4,-0.13,1.24,473
P4,-0.12,1.24,361
P4,-0.19,1.32,282
P4,0.19,0.77,295
P4,0.20,0.96,189
P4,0.22,0.70,264
P4,0.21,0.71,384
P4,0.20,0.71,505
P4,0.20,0.39,363
P4,0.10,0.80,74
P4,-0.04,1.01,316
P4,0.24,0.73,306
P4,-0.04,1.26,443
P4,-0.03,1.25,306
P4,0.20,0.72,522
P4,0.19,0.72,525
P4,-0.10,0.78,322
P4,0.24,1.29,83
P4,0.24,1.17,128
P4,-0.07,1.24,160
P4,-0.07,1.25,250
P4,-0.08,1.24,155
P4,0.00,1.28,233
P4,0.10,0.72,205
P4,0.11,0.72,144
P4,0.12,0.72,143
P4,-0.10,1.10,149
P4,0.17,1.22,87
P4,0.18,1.22,155
P4,0.17,1.39,62
P4,-0.16,0.35,895
P4,-0.24,1.39,87
P4,-0.04,1.36,220
P4,-0.04,1.37,147
P4,0.09,0.44,507
P4,0.20,1.17,128
P4,0.19,1.17,76
P4,0.23,1.39,20
P4,0.22,0.60,593
P4,-0.06,0.76,717
P4,0.10,1.31,157
P4,0.11,1.31,173
P4,0.12,1.31,166
P4,-0.20,1.36,194
P4,-0.23,0.33,114
P4,-0.09,1.29,202
P4,-0.09,1.30,265
P4,0.14,1.14,180
P4,-0.06,1.36,170
P4,-0.06,1.37,246
P4,-0.01,1.39,24
P4,-0.01,1.38,122
P4,0.12,0.91,93
P4,0.08,0.45,1865
P4,0.09,0.60,693
P4,0.10,0.60,292
P4,0.10,1.38,104
P4,0.12,0.67,213
P4,0.13,0.67,152
P4,-0.03,1.35,179
P4,-0.16,1.39,50
P4,0.13,0.75,139
P4,0.14,0.75,72
P4,0.15,0.75,6
P4,-0.09,1.31,135
P4,-0.09,1.32,337
P4,-0.10,1.32,257
P4,-0.10,1.31,393
P4,0.19,1.10,90
P4,0.18,0.99,110
P4,0.17,0.99,102
P4,0.23,1.13,274
P4,-0.09,0.85,355
P4,0.03,1.28,147
P4,0.04,1.28,248
P4,-0.12,1.09,290
P4,-0.14,1.09,297
P4,0.22,1.12,151
P4,0.21,1.12,142
P4,0.05,0.90,251
P4,-0.15,1.34,485
P4,-0.03,1.16,661
P4,-0.19,1.33,313
P4,0.24,1.04,127
P4,-0.01,1.36,167
P4,-0.01,1.37,105
P4,0.00,1.37,174
P4,0.00,1.36,79
P4,0.23,0.90,274
P4,-0.13,0.97,519
P4,0.21,0.25,138
P4,0.11,0.91,170
P4,0.22,0.65,370
P4,0.00,1.08,100
P4,0.00,1.09,245
P4,-0.01,1.09,161
P4,-0.01,1.08,195
P4,-0.04,1.12,424
P4,0.13,0.65,225
P4,0.13,0.66,252
P4,0.14,0.66,149
P4,0.14,0.65,123
P4,0.22,0.78,230
P4,0.22,0.77,201
P4,0.13,1.31,109
P4,-0.17,1.39,58
P4,0.24,0.68,216
P4,0.24,0.67,120
P4,-0.04,1.06,258
P4,-0.04,1.07,338
P4,-0.11,0.98,419
P4,-0.13,1.30,391
P4,-0.08,1.18,454
P4,-0.08,1.17,217
P4,0.19,0.73,434
P4,0.05,1.23,122
P4,0.06,1.22,209
P4,0.01,1.01,332
P4,0.00,1.10,183
P4,0.00,1.11,209
P4,0.00,1.35,14
P4,0.17,0.67,105
P4,-0.23,1.37,513
P4,0.21,1.27,56
P4,0.21,0.92,146
P4,-0.09,1.33,168
P4,-0.11,1.25,221
P4,-0.18,0.31,13
P4,-0.06,0.95,511
P4,0.17,1.34,24
P4,0.16,1.34,48
P4,-0.07,1.04,428
P4,0.03,1.27,73
P4,-0.09,1.19,320
P4,0.21,0.65,362
P4,0.11,0.49,1119
P4,0.14,1.31,67
P4,0.19,0.41,298
P4,0.16,0.31,203
P4,0.17,0.32,110
P4,0.19,0.42,238
P4,-0.13,0.21,67
P4,-0.17,1.29,345
P4,-0.10,1.29,172
P4,-0.10,1.28,34
P4,0.01,0.94,360
P4,-0.07,1.09,459
P4,0.20,0.42,45
P4,0.19,0.43,293
P4,0.23,0.69,226
P4,0.22,0.69,312
P4,0.08,1.22,178
P4,-0.09,0.93,415
P4,0.18,1.39,14
P4,0.00,1.02,216
P4,-0.03,1.24,296
P4,-0.17,1.22,331
P4,-0.16,1.22,257
P4,-0.19,1.37,249
P4,-0.08,1.06,359
P4,-0.03,1.04,266
P4,-0.03,0.95,566
P4,0.23,0.58,454
P4,0.23,0.59,545
P4,0.18,0.82,191
P4,0.17,0.82,311
P4,0.16,0.82,239
P4,-0.02,1.13,252
P4,-0.01,0.99,373
P4,0.12,0.73,109
P4,-0.11,1.21,296
P4,-0.12,1.21,299
P4,0.21,0.77,169
P4,0.23,0.94,254
P4,0.21,0.68,357
P4,0.09,1.39,13
P4,0.09,1.38,40
P4,0.18,0.31,29
P4,0.24,0.80,271
P4,-0.04,1.16,219
P4,0.11,1.15,52
P4,0.11,1.16,108
P4,0.23,1.17,144
P4,0.22,0.71,243
P4,-0.04,0.98,524
P4,-0.04,0.99,399
P4,0.01,1.02,216
P4,0.10,0.43,1121
P4,-0.08,1.16,323
P4,0.10,0.61,321
P4,0.20,1.33,95
P4,-0.08,1.15,174
P4,-0.04,1.13,124
P4,0.21,0.61,548
P4,-0.12,1.22,325
P4,-0.11,0.89,409
P4,-0.01,1.20,177
P4,-0.02,1.21,88
P4,-0.13,1.07,460
P4,-0.09,1.22,385
P4,0.09,1.06,237
P4,-0.09,1.38,108
P4,-0.20,0.45,34
P4,-0.19,0.46,239
P4,-0.09,1.23,263
P4,-0.09,1.24,294
P4,-0.10,1.23,191
P4,-0.11,0.93,415
P4,0.24,0.75,236
P4,-0.02,1.38,171
P4,0.15,0.99,200
P4,0.00,1.06,59
P4,0.00,1.07,282
P4,0.00,1.34,116
P4,0.13,0.71,102
P4,0.13,0.72,128
P4,-0.07,1.12,363
P4,0.18,1.23,115
P4,0.18,0.79,337
P4,0.17,0.79,321
P4,0.16,0.79,177
P4,0.24,0.60,337
P4,0.23,0.60,486
P4,0.03,0.97,225
P4,0.02,0.97,125
P4,0.12,0.66,244
P4,0.10,1.09,82
P4,0.11,1.09,59
P4,0.23,0.73,400
P4,0.07,1.38,77
P4,0.10,0.68,168
P4,-0.08,1.22,264
P4,0.05,1.04,204
P4,-0.06,0.91,339
P4,0.12,1.13,72
P4,0.13,1.13,127
P4,0.14,1.12,136
P4,-0.13,1.29,204
P4,0.22,1.25,192
P4,0.21,0.73,412
P4,0.20,0.73,429
P4,0.01,1.36,38
P4,0.08,0.66,332
P4,0.08,1.33,142
P4,0.02,1.33,151
P4,0.03,1.33,201
P4,0.03,1.34,199
P4,0.04,1.33,153
P4,0.24,1.35,97
P4,0.23,1.35,73
P4,0.11,0.80,48
P4,-0.06,1.35,6
P4,-0.11,0.99,580
P4,0.13,1.37,83
P4,-0.05,1.13,449
P4,-0.05,1.14,257
P4,0.11,0.53,552
P4,0.12,0.53,415
P4,0.20,0.98,207
P4,0.14,0.91,159
P4,0.16,0.81,161
P4,0.02,1.32,60
P4,0.03,1.32,27
P4,-0.11,1.09,287
P4,-0.10,1.39,47
P4,-0.10,1.38,176
P4,-0.22,0.36,25
P4,0.15,0.74,57
P4,0.01,1.11,186
P4,0.02,1.10,260
P4,0.15,1.18,151
P4,0.15,1.19,76
P4,0.16,1.19,163
P4,0.16,1.18,136
P4,0.02,1.14,84
P4,-0.10,0.93,286
P4,-0.03,0.96,459
P4,-0.18,0.30,8
P4,0.21,0.94,192
P4,0.17,0.33,135
P4,0.14,0.83,96
P4,-0.22,1.18,231
P4,0.20,0.80,224
P4,0.20,0.81,294
P4,0.19,0.81,315
P4,0.18,0.80,148
P4,0.20,0.44,16
P4,-0.23,1.12,345
P4,0.24,1.09,228
P4,0.20,0.94,109
P4,0.03,1.20,249
P4,-0.14,0.22,7
P4,0.22,0.61,666
P4,0.18,1.21,174
P4,0.15,0.63,184
P4,0.11,1.17,85
P4,0.20,0.90,129
P4,0.06,1.16,175
P4,0.07,1.16,167
P4,0.08,1.16,104
P4,0.23,0.71,222
P4,0.19,1.19,55
P4,0.05,1.39,45
P4,0.02,0.40,5054
P4,0.23,0.68,162
P4,0.21,0.84,154
P4,0.20,0.84,214
P4,0.20,0.83,221
P4,0.07,1.39,13
P4,-0.12,1.14,188
P4,0.16,0.75,87
P4,0.19,1.06,93
P4,-0.06,0.99,515
P4,0.17,0.78,242
P4,-0.04,0.87,463
P4,0.20,0.26,79
P4,0.20,0.77,185
P4,0.20,0.78,285
P4,0.19,0.78,311
P4,0.18,0.78,353
P4,0.21,0.78,313
P4,0.17,0.94,235
P4,0.18,0.94,252
P4,0.19,0.94,216
P4,0.17,0.93,248
P4,0.18,0.93,165
P4,0.05,1.37,63
P4,0.05,1.36,7
P4,0.06,1.36,23
P4,0.03,0.42,4568
P4,0.24,0.59,287
P4,0.14,0.76,60
P4,0.15,0.76,78
P4,0.04,0.44,6723
P4,0.24,0.58,247
P4,0.19,1.39,24
P4,0.07,0.96,169
P4,0.19,0.85,283
P4,0.18,0.85,254
P4,0.17,0.85,115
P4,0.04,0.93,323
P4,0.06,0.92,140
P4,0.03,1.31,34
P4,0.04,1.31,155
P4,0.04,1.32,75
P4,0.17,1.13,100
P4,0.22,0.68,209
P4,0.16,0.94,296
P4,0.03,1.17,171
P4,0.22,0.37,71
P4,0.11,0.57,474
P4,0.17,0.92,166
P4,0.18,0.92,156
P4,0.19,0.92,152
P4,-0.11,1.14,323
P4,-0.01,1.30,118
P4,0.00,1.30,185
P4,-0.02,1.14,197
P4,0.12,0.49,349
P4,-0.07,1.26,105
P4,-0.08,1.23,227
P4,-0.08,1.38,157
P4,0.01,1.22,26
P4,0.02,1.22,69
P4,0.14,1.16,89
P4,0.12,0.57,196
P4,0.13,0.57,152
P4,-0.16,0.28,73
P4,0.19,0.79,345
P4,-0.08,1.28,221
P4,0.03,1.29,129
P4,0.04,1.29,243
P4,0.04,1.30,69
P4,0.05,1.29,226
P4,0.17,1.20,66
P4,0.18,1.20,101
P4,0.10,1.12,114
P4,0.11,1.12,55
P4,0.02,1.08,78
P4,0.24,0.74,292
P4,0.19,0.91,201
P4,0.18,0.91,216
P4,-0.02,1.18,178
P4,-0.03,1.18,231
P4,-0.04,1.19,354
P4,-0.04,1.18,122
P4,0.22,0.80,177
P4,0.21,0.80,270
P4,0.21,0.79,167
P4,0.19,1.04,181
P4,-0.08,1.07,806
P4,-0.09,1.07,438
P4,0.19,1.02,129
P4,0.24,0.61,346
P4,0.17,1.18,108
P4,0.16,0.96,76
P4,0.17,0.96,77
P4,0.18,0.96,66
P4,0.17,0.65,96
P4,0.18,1.06,104
P4,0.18,1.05,161
P4,0.15,1.03,159
P4,0.16,1.03,114
P4,0.08,1.24,64
P4,0.09,1.24,121
P4,0.10,1.24,84
P4,-0.02,1.39,30
P4,0.04,1.07,218
P4,0.05,1.07,104
P4,0.14,0.72,25
P4,0.21,0.83,164
P4,0.19,0.83,146
P4,0.19,0.82,194
P4,0.19,0.84,199
P4,0.05,1.30,75
P4,0.06,1.29,108
P4,0.23,0.66,464
P4,0.24,0.66,308
P4,0.18,0.58,136
P4,-0.13,1.08,409
P4,0.05,1.01,243
P4,0.03,0.99,309
P4,0.04,1.19,115
P4,0.10,0.91,83
P4,0.14,0.89,139
P4,0.21,0.38,128
P4,0.21,0.39,62
P4,-0.08,1.31,106
P4,-0.08,1.32,255
P4,0.17,1.29,72
P4,0.17,1.30,16
P4,0.18,1.30,32
P4,0.18,1.29,103
P4,0.11,1.21,119
P4,-0.03,1.09,421
P4,-0.08,1.19,459
P4,-0.08,1.20,280
P4,0.12,0.80,63
P4,0.13,0.80,56
P4,0.14,0.80,34
P4,0.18,0.90,194
P4,0.19,0.90,120
P4,-0.13,1.22,255
P4,-0.20,0.46,126
P4,0.11,1.02,150
P4,0.15,0.92,207
P4,0.14,0.92,102
P4,0.13,1.02,186
P4,0.14,1.02,111
P4,0.15,0.50,242
P4,0.18,1.13,92
P4,0.18,1.12,140
P4,0.12,1.02,137
P4,-0.04,0.90,544
P4,0.16,1.20,47
P4,0.17,1.19,150
P4,-0.02,1.17,322
P4,0.14,1.29,73
P4,0.08,1.30,178
P4,0.09,1.30,131
P4,0.04,1.04,199
P4,0.15,0.94,288
P4,0.16,0.93,162
P4,0.16,0.92,169
P4,0.21,1.09,76
P4,0.19,1.09,94
P4,-0.05,1.39,19
P4,-0.05,1.38,130
P4,0.02,1.25,36
P4,0.12,1.06,211
P4,-0.19,0.44,81
P4,0.21,0.72,301
P4,0.09,1.33,114
P4,0.04,1.34,196
P4,0.04,1.35,131
P4,0.05,1.35,18
P4,0.14,0.67,122
P4,0.17,0.48,352
P4,0.15,0.73,11
P4,0.12,0.89,76
P4,0.16,0.29,67
P4,-0.12,1.30,348
P4,0.14,1.06,161
P4,0.17,0.91,118
P4,0.14,0.79,55
P4,0.15,0.79,113
P4,0.20,1.32,140
P4,0.19,1.32,77
P4,0.20,0.79,272
P4,0.22,0.73,438
P4,-0.10,1.33,109
P4,-0.10,1.22,115
P4,0.13,1.14,188
P4,0.17,0.47,426
P4,0.24,0.64,332
P4,0.10,1.00,111
P4,-0.08,1.12,374
P4,-0.10,1.09,210
P4,0.04,1.13,52
P4,0.20,0.89,139
P4,0.19,0.89,168
P4,0.18,0.89,162
P4,0.24,1.34,29
P4,0.01,1.13,93
P4,0.17,1.21,62
P4,0.03,1.21,98
P4,0.05,1.21,17
P4,0.01,1.26,87
P4,0.01,1.27,127
P4,0.02,1.27,105
P4,0.02,1.26,40
P4,0.21,1.14,145
P4,0.20,1.14,185
P4,0.06,1.19,257
P4,0.07,1.19,126
P4,0.01,1.38,151
P4,0.23,0.67,250
P4,-0.02,0.93,352
P4,0.16,0.53,88
P4,0.17,0.53,137
P4,0.18,0.53,162
P4,0.21,1.34,190
P4,-0.02,1.09,456
P4,0.13,0.76,94
P4,0.14,0.77,43
P4,0.17,1.06,124
P4,-0.08,1.27,289
P4,-0.09,1.28,60
P4,0.14,1.18,39
P4,0.13,1.18,75
P4,0.14,0.57,71
P4,-0.05,1.12,516
P4,0.15,0.56,104
P4,0.16,0.56,150
P4,0.16,0.55,77
P4,0.13,1.38,103
P4,0.08,1.28,130
P4,0.19,1.18,216
P4,0.23,1.09,202
P4,0.22,1.09,76
P4,0.13,0.52,121
P4,0.14,0.52,336
P4,0.15,0.52,202
P4,-0.12,1.34,179
P4,-0.04,1.17,136
P4,-0.04,1.30,86
P4,-0.07,1.32,352
P4,-0.07,1.33,97
P4,0.13,0.91,50
P4,0.22,1.24,177
P4,0.20,1.24,53
P4,0.16,0.27,6
P4,0.20,0.97,214
P4,0.16,0.89,48
P4,0.15,0.89,135
P4,0.15,0.97,53
P4,0.16,0.80,148
P4,0.15,0.49,188
P4,0.12,0.65,232
P4,0.11,0.65,279
P4,0.21,0.89,113
P4,0.21,0.88,60
P4,0.19,1.01,164
P4,0.20,0.88,65
P4,0.15,0.66,90
P4,0.20,0.41,205
P4,0.14,1.03,177
P4,0.12,0.78,109
P4,0.12,0.79,176
P4,0.13,0.79,85
P4,0.13,0.78,41
P4,0.18,0.47,273
P4,0.03,0.43,3690
P4,0.05,1.16,112
P4,0.06,1.33,213
P4,0.07,1.33,128
P4,0.12,0.59,354
P4,0.13,0.59,303
P4,0.24,1.24,133
P4,0.23,1.24,147
P4,0.20,1.07,109
P4,0.19,1.07,172
P4,0.18,1.07,134
P4,0.21,0.81,222
P4,0.15,0.72,56
P4,0.20,0.85,219
P4,0.00,1.24,236
P4,0.20,0.82,131
P4,0.14,1.26,34
P4,0.15,1.26,19
P4,-0.05,1.28,105
P4,0.13,0.58,200
P4,0.17,0.50,250
P4,-0.21,0.39,30
P4,-0.03,1.23,91
P4,0.20,1.00,168
P4,0.19,1.00,180
P4,0.18,1.00,119
P4,0.13,0.68,104
P4,0.19,0.52,117
P4,-0.07,1.18,334
P4,-0.07,1.19,223
P4,0.15,1.15,59
P4,-0.07,1.20,261
P4,0.20,0.43,37
P4,0.17,0.61,14
P4,0.15,1.20,110
P4,0.09,1.16,63
P4,0.16,0.52,146
P4,0.23,0.70,232
P4,0.18,0.87,177
P4,0.17,0.88,151
P4,0.19,0.93,136
P4,0.23,0.75,256
P4,0.17,0.56,208
P4,0.18,0.56,228
P4,0.15,1.34,32
P4,0.16,0.58,70
P4,0.17,0.58,119
P4,0.03,1.06,184
P4,0.18,1.15,116
P4,0.20,1.08,119
P4,0.20,0.93,112
P4,0.05,1.28,221
P4,0.16,1.02,68
P4,0.15,1.02,62
P4,0.20,0.25,3
P4,0.15,0.93,73
P4,0.14,0.93,100
P4,0.13,0.84,49
P4,0.19,1.28,53
P4,0.19,0.96,148
P4,0.14,1.08,111
P4,0.15,1.07,113
P4,0.15,1.08,105
P4,0.16,1.08,171
P4,0.17,1.08,80
P4,0.05,1.33,108
P4,0.17,0.90,119
P4,0.20,0.87,66
P4,0.19,0.88,223
P4,0.18,0.88,172
P4,-0.04,1.05,289
P4,-0.07,1.21,187
P4,0.13,0.53,412
P4,0.24,0.98,86
P4,0.21,0.41,55
P4,0.20,0.86,183
P4,0.19,0.87,147
P4,0.19,0.86,117
P4,0.18,0.86,179
P4,-0.06,1.28,221
P4,0.18,0.52,90
P4,-0.22,1.17,231
P4,0.10,1.21,173
P4,0.20,0.95,124
P4,0.22,1.01,225
P4,0.17,0.86,255
P4,-0.02,1.25,127
P4,0.24,0.94,126
P4,0.17,0.57,106
P4,-0.04,0.86,563
P4,0.22,0.79,145
P4,0.16,0.57,110
P4,0.18,0.57,111
P4,0.06,1.28,92
P4,0.07,1.28,147
P4,-0.04,1.31,78
P4,0.16,0.99,158
P4,0.17,1.25,47
P4,0.16,1.25,75
P4,0.16,0.66,87
P4,0.16,0.65,108
P4,0.16,0.60,102
P4,0.03,0.44,2520
P4,0.18,1.18,118
P4,0.17,0.55,153
P4,0.23,0.98,126
P4,0.07,0.45,2637
P4,0.15,1.39,9
P4,0.17,0.89,89
P4,0.19,0.98,229
P4,0.18,0.98,157
P4,0.21,1.00,94
P4,0.20,0.99,172
P4,0.19,0.99,204
P4,0.15,1.17,41
P4,0.16,1.17,57
P4,0.21,1.08,37
P4,0.19,0.95,151
P4,0.18,0.95,110
P4,0.18,1.11,13
P4,0.17,1.12,76
P4,0.16,1.12,67
P4,0.16,1.06,75
P4,0.15,0.61,126
P4,0.15,0.60,74
P4,0.03,1.07,181
P4,0.12,1.36,64
P4,0.15,0.67,96
P4,0.15,0.68,58
P4,0.16,0.68,69
P4,0.16,0.67,21
P4,0.18,1.19,116
P4,0.14,1.17,31
P4,0.15,0.57,39
P4,0.14,0.78,68
P4,0.15,0.78,110
P4,0.12,0.52,312
P4,0.20,0.40,100
P4,0.15,0.54,150
P4,0.15,0.55,185
P4,0.16,0.54,114
P4,0.11,0.71,71
P4,0.12,0.71,121
P4,0.16,1.33,56
P4,0.02,1.09,183
P4,0.03,1.10,276
P4,0.18,1.17,77
P4,0.06,1.17,73
P4,0.20,0.92,105
P4,0.01,1.39,6
P4,0.11,0.56,286
P4,0.14,1.25,102
P4,0.12,0.88,64
P4,0.20,1.15,73
P4,0.14,1.11,85
P4,0.16,1.29,91
P4,0.15,1.29,86
P4,0.16,1.04,145
P4,0.15,1.04,129
P4,0.15,0.24,4
P4,-0.04,1.00,212
P4,0.14,1.04,69
P4,0.20,1.02,106
P4,0.16,0.69,58
P4,0.21,0.86,158
P4,0.12,0.56,361
P4,0.13,0.56,242
P4,0.11,0.68,128
P4,0.12,0.68,158
P4,0.14,0.68,53
P4,0.15,0.64,141
P4,0.16,0.64,107
P4,0.10,0.79,138
P4,0.17,0.95,91
P4,0.16,0.95,46
P4,0.01,1.33,110
P4,0.19,1.31,25
P4,0.18,1.32,162
P4,0.17,1.32,89
P4,0.17,1.31,101
P4,-0.16,0.27,10
P4,-0.20,0.41,82
P4,0.14,0.59,163
P4,0.15,0.59,164
P4,0.16,0.59,94
P4,0.24,1.31,54
P4,0.16,0.63,23
P4,0.18,0.97,76
P4,-0.05,1.36,78
P4,0.03,1.11,125
P4,-0.20,0.26,38
P4,0.08,0.44,954
P4,-0.01,1.29,53
P4,0.00,1.29,41
P4,0.17,0.54,55
P4,0.13,1.04,105
P4,0.16,1.16,103
P4,0.15,1.16,88
P4,0.18,1.27,92
P4,0.09,1.34,150
P4,0.10,1.34,57
P4,0.16,1.32,5
P4,0.17,1.17,73
P4,0.19,0.47,208
P4,-0.07,1.30,119
P4,-0.07,1.31,341
P4,0.14,1.07,86
P4,-0.08,0.95,183
P4,0.18,1.10,19
P4,0.02,1.24,168
P4,0.14,1.37,61
P4,0.14,1.36,10
P4,0.07,1.35,107
P4,0.07,1.36,25
P4,0.08,1.35,107
P4,-0.09,1.26,47
P4,-0.06,1.21,148
P4,0.15,1.12,109
P4,-0.03,1.39,17
P4,0.00,1.25,204
P4,0.11,1.39,22
P4,0.18,0.50,149
P4,0.01,1.34,103
P4,0.02,1.37,171
P4,0.19,1.23,168
P4,0.14,1.05,87
P4,0.01,1.37,146
P4,0.16,1.31,46
P4,0.18,1.31,76
P4,0.14,0.81,21
P4,0.10,1.39,10
P4,0.10,1.29,42
P4,-0.01,1.21,91
P4,0.03,1.35,46
P4,0.09,1.07,91
P4,-0.05,1.37,143
P4,0.01,1.25,117
P4,0.16,1.35,44
P4,-0.04,1.35,165
P4,0.13,1.36,47
P4,0.15,1.37,27
P4,0.15,1.11,104
P4,0.08,1.34,109
P4,0.22,1.34,242
P4,0.15,1.25,110
P4,0.14,0.58,85
P4,0.13,0.89,65
P4,0.07,1.29,53
P4,-0.07,1.27,114
P4,0.24,1.16,69
P4,0.02,1.19,107
P4,0.03,1.19,131
P4,0.00,1.12,105
P4,0.02,1.36,60
P4,0.23,1.34,77
P4,0.10,1.30,152
P4,-0.05,1.27,102
P4,0.09,1.17,126
P4,0.10,1.17,53
P4,0.02,0.94,109
P4,0.08,0.91,93
P4,0.12,1.14,135
P4,0.04,1.21,46
P4,0.11,0.79,128
P4,-0.17,0.30,6
P4,0.12,0.76,106
P4,0.09,1.31,81
P4,-0.19,0.27,1
P4,-0.03,1.17,235
P4,0.01,0.96,203
P4,-0.04,1.32,88
P4,-0.15,0.24,5
P4,-0.09,1.25,130
P4,-0.06,1.33,100
P4,0.17,1.23,14
P4,0.09,1.15,18
P4,0.14,1.28,40
P4,0.14,0.51,219
P4,0.02,1.34,102
P4,0.16,0.88,163
P4,0.11,1.14,83
P4,0.15,0.53,158
P4,0.14,0.73,8
P4,0.14,0.70,81
P4,-0.02,1.22,24
P4,0.08,1.37,66
P4,0.06,1.35,94
P4,0.01,1.24,152
P4,0.03,1.30,77
P4,0.13,1.34,53
P4,0.14,1.34,53
P4,0.13,1.39,10
P4,0.14,0.84,29
P4,-0.07,1.35,59
P4,0.13,0.88,45
P4,-0.21,0.40,4
P4,-0.20,0.42,25
P4,0.01,1.35,9
P4,0.02,1.35,36
P4,0.06,1.37,32
P4,0.07,1.37,34
P4,0.14,0.22,6
P4,0.15,0.95,40
P4,-0.06,1.38,66
P4,0.15,1.31,26
P4,0.22,0.24,10
P4,-0.06,1.39,3
P4,0.11,1.13,98
P4,-0.09,1.35,30
P4,-0.20,0.44,24
P4,0.20,1.31,39
P4,0.20,1.30,103
P4,0.16,0.62,99
P4,0.10,1.14,149
P4,-0.08,1.36,33
P4,-0.08,1.37,204
P4,0.14,0.53,98
P4,0.04,1.16,34
P4,0.12,1.34,76
P4,0.11,1.34,55
P4,0.15,0.58,102
P4,0.06,1.21,28
P4,-0.08,1.35,69
P4,-0.08,1.34,2
P4,0.09,1.14,53
P4,-0.04,1.22,68
P4,-0.03,1.22,29
P4,0.07,1.17,25
P4,-0.02,1.33,70
P4,-0.08,1.33,45
P4,0.10,1.15,40
P4,-0.05,1.26,180
P4,-0.01,1.22,52
P4,0.17,0.31,12
P4,0.08,1.29,29
P4,-0.22,0.24,4
P4,-0.07,1.34,30
P4,0.19,1.30,35
P4,0.21,0.40,19
P4,0.09,1.29,3
P4,0.16,0.61,57
P4,0.16,1.30,32
P4,0.10,1.16,66
P4,0.21,0.24,5
P4,-0.20,0.25,1
