family,x,y,count
P1,0.27,0.47,269005
P1,0.27,0.48,212792
P1,0.27,0.32,73583
P1,0.27,0.33,838263
P1,0.27,0.30,796805
P1,0.27,0.31,258848
P1,0.27,0.43,1185439
P1,0.27,0.44,263051
P1,0.27,0.49,801718
P1,0.27,0.34,335949
P1,0.27,0.46,1053419
P1,0.27,0.45,229020
P1,0.27,0.42,221218
P1,0.27,0.41,286670
P1,0.27,0.40,1269825
P1,0.28,0.48,212242
P1,0.28,0.49,804501
P1,0.28,0.33,843047
P1,0.28,0.34,338685
P1,0.28,0.30,801301
P1,0.28,0.31,260814
P1,0.28,0.46,1017560
P1,0.28,0.47,267802
P1,0.28,0.32,74513
P1,0.28,0.44,264751
P1,0.28,0.45,227317
P1,0.28,0.43,1184987
P1,0.28,0.42,219487
P1,0.28,0.41,239856
P1,0.28,0.40,1126897
P1,0.27,0.35,169323
P1,0.27,0.36,794573
P1,0.28,0.35,173373
P1,0.28,0.36,790241
P1,0.27,0.38,222619
P1,0.27,0.37,515706
P1,0.27,0.39,234573
P1,0.28,0.37,513454
P1,0.28,0.38,227467
P1,0.28,0.39,222888
P1,0.27,0.58,83995
P1,0.27,0.59,86782
P1,0.27,0.52,142602
P1,0.27,0.53,145158
P1,0.27,0.55,88107
P1,0.27,0.56,85799
P1,0.27,0.54,126244
P1,0.27,0.60,88242
P1,0.27,0.61,80643
P1,0.27,0.57,86746
P1,0.27,0.62,23675
P1,0.27,0.51,123518
P1,0.28,0.61,80412
P1,0.28,0.62,23024
P1,0.28,0.60,85417
P1,0.28,0.55,89115
P1,0.28,0.56,88009
P1,0.28,0.53,143343
P1,0.28,0.54,121875
P1,0.28,0.57,85966
P1,0.28,0.58,84197
P1,0.28,0.59,86053
P1,0.28,0.51,121057
P1,0.28,0.52,142854
P1,0.27,0.50,210594
P1,0.28,0.50,212451
P1,0.27,0.68,70273
P1,0.27,0.69,69106
P1,0.27,0.71,68336
P1,0.27,0.72,68711
P1,0.27,0.65,76130
P1,0.27,0.66,75232
P1,0.27,0.70,67119
P1,0.27,0.74,65646
P1,0.27,0.75,69466
P1,0.27,0.76,83194
P1,0.27,0.73,68416
P1,0.27,0.67,73345
P1,0.27,0.64,73635
P1,0.27,0.63,37111
P1,0.28,0.66,70682
P1,0.28,0.67,73437
P1,0.28,0.64,72898
P1,0.28,0.65,70080
P1,0.28,0.73,69655
P1,0.28,0.74,69630
P1,0.28,0.71,71139
P1,0.28,0.72,67814
P1,0.28,0.70,68669
P1,0.28,0.68,71228
P1,0.28,0.69,69142
P1,0.28,0.75,70282
P1,0.28,0.63,35969
P1,0.28,0.76,63803
P1,0.27,0.78,57908
P1,0.27,0.79,145135
P1,0.26,0.79,75981
P1,0.27,0.77,86410
P1,0.26,0.80,29130
P1,0.25,0.80,16900
P1,0.25,0.79,48208
P1,0.24,0.79,6566
P1,0.24,0.78,199
P1,0.28,0.78,24930
P1,0.28,0.77,57891
P1,0.28,0.79,14761
P1,0.29,0.30,2445
P1,0.29,0.31,334
P1,0.29,0.37,194
P1,0.29,0.38,674
P1,0.29,0.39,555
P1,0.29,0.32,199
P1,0.29,0.33,1364
P1,0.29,0.41,858
P1,0.29,0.42,19
P1,0.29,0.40,967
P1,0.29,0.34,75
P1,0.29,0.35,41
P1,0.29,0.36,1088
P1,0.29,0.43,726
P1,0.29,0.44,532
P1,0.29,0.45,26
P1,0.29,0.46,1211
P1,0.29,0.47,546
P1,0.29,0.48,158
P1,0.29,0.49,1265
P1,0.29,0.52,444
P1,0.29,0.51,371
P1,0.29,0.50,320
P1,0.29,0.54,526
P1,0.29,0.55,70
P1,0.29,0.53,33
P1,0.24,0.80,840
P1,0.27,0.80,1486
P1,0.26,0.81,133
P1,0.25,0.81,1020
P1,0.24,0.81,329
P2,-0.02,0.39,1015
P2,-0.01,0.39,1416
P2,-0.01,0.38,1386
P2,-0.20,0.89,241
P2,-0.03,0.28,2059
P2,-0.02,0.28,1726
P2,-0.02,0.29,1645
P2,-0.01,0.28,1966
P2,0.24,0.28,550
P2,0.23,0.28,506
P2,-0.20,0.55,321
P2,-0.19,0.55,139
P2,0.15,0.51,1744
P2,0.16,0.52,4184
P2,0.16,0.53,3673
P2,0.16,0.54,1103
P2,0.17,0.54,18187
P2,0.17,0.55,8140008
P2,0.12,0.65,50749
P2,0.14,0.48,1247
P2,0.14,0.49,1492
P2,0.15,0.50,1548
P2,0.12,0.45,51250
P2,-0.18,0.76,235
P2,-0.17,0.76,313
P2,0.04,0.46,1186
P2,0.04,0.47,809
P2,0.05,0.46,1039
P2,-0.04,0.31,1522
P2,-0.05,0.31,1203
P2,-0.05,0.32,1223
P2,-0.06,0.31,1254
P2,0.11,0.41,63061
P2,0.11,0.42,1001
P2,0.12,0.43,727
P2,0.12,0.44,1857
P2,-0.24,0.62,824
P2,0.15,0.59,3424
P2,0.16,0.58,2734
P2,0.16,0.57,8299
P2,0.17,0.56,4918
P2,-0.24,0.70,581
P2,-0.23,0.69,737
P2,0.11,0.43,926
P2,0.06,0.89,2092
P2,0.05,0.89,818
P2,0.16,0.56,22675
P2,-0.16,0.73,173
P2,-0.16,0.74,202
P2,-0.17,0.74,142
P2,-0.18,0.73,237
P2,0.03,0.45,862
P2,0.04,0.45,796
P2,-0.24,0.64,587
P2,-0.24,0.65,407
P2,-0.23,0.65,552
P2,-0.23,0.64,820
P2,-0.05,0.20,1449
P2,-0.06,0.20,1386
P2,-0.07,0.20,1456
P2,0.04,0.35,1059
P2,0.04,0.36,890
P2,0.03,0.36,938
P2,0.03,0.35,1214
P2,-0.24,0.52,522
P2,-0.09,0.29,1058
P2,-0.10,0.29,936
P2,-0.24,0.58,582
P2,-0.23,0.58,657
P2,0.10,0.69,4109
P2,0.11,0.68,342
P2,0.11,0.67,181
P2,0.12,0.66,872
P2,-0.03,0.68,1492
P2,-0.03,0.69,432
P2,0.15,0.60,2130
P2,-0.17,1.33,197
P2,-0.18,1.33,103
P2,-0.19,1.33,96
P2,0.10,0.41,6545
P2,0.02,0.74,415
P2,0.01,0.74,264
P2,0.00,0.74,221
P2,-0.06,1.10,48
P2,-0.07,1.10,39
P2,-0.07,1.09,124
P2,0.14,0.66,2234
P2,-0.10,0.35,745
P2,-0.10,0.36,1091
P2,-0.09,0.35,867
P2,0.13,0.66,15370
P2,-0.20,0.85,344
P2,-0.20,0.86,153
P2,-0.19,0.86,258
P2,-0.19,0.85,247
P2,0.00,0.84,253
P2,0.00,0.85,203
P2,-0.01,0.85,775
P2,-0.01,0.84,398
P2,0.03,0.27,1804
P2,0.02,0.27,2004
P2,0.02,0.26,1954
P2,-0.12,0.36,618
P2,-0.13,0.36,412
P2,-0.13,0.37,505
P2,-0.14,0.37,309
P2,-0.14,0.36,328
P2,0.09,0.38,12193
P2,0.10,0.38,598
P2,0.10,0.39,1089
P2,0.10,0.40,1423
P2,0.11,0.40,367
P2,0.08,0.93,371
P2,0.07,0.93,344
P2,0.03,0.75,310
P2,0.03,0.76,233
P2,0.04,0.72,166
P2,0.05,0.72,288
P2,0.05,0.71,57
P2,0.06,0.71,48720
P2,0.07,0.71,6744
P2,0.08,0.71,175
P2,0.07,0.29,1035
P2,0.07,0.30,929
P2,0.08,0.30,701
P2,0.08,0.29,829
P2,0.09,0.72,3134
P2,0.10,0.71,146
P2,0.10,0.70,252
P2,0.11,0.69,49135
P2,0.15,0.58,5833
P2,0.13,0.65,7831
P2,-0.02,0.22,2317
P2,-0.02,0.23,3149
P2,-0.01,0.23,2746
P2,-0.01,0.22,2163
P2,0.15,0.89,462
P2,0.15,0.90,1272
P2,0.15,0.80,215
P2,0.15,0.81,157
P2,0.14,0.80,119
P2,0.14,0.78,891
P2,0.14,0.79,314
P2,0.13,0.79,248
P2,0.13,0.78,724
P2,0.12,0.78,1165
P2,0.11,0.78,1184
P2,0.11,0.77,21
P2,0.10,0.78,579
P2,0.10,0.77,1038
P2,0.09,0.77,2547
P2,0.03,0.72,65
P2,0.02,0.73,4214
P2,0.01,0.73,419
P2,0.01,0.72,88627
P2,0.14,0.61,1527
P2,0.00,0.30,1531
P2,-0.01,0.30,1357
P2,-0.02,0.30,1328
P2,0.13,0.45,2221
P2,-0.24,0.60,577
P2,-0.23,0.60,713
P2,-0.23,0.59,785
P2,-0.18,0.78,210
P2,-0.17,0.78,237
P2,-0.16,0.78,210
P2,-0.22,0.51,430
P2,-0.04,0.32,1478
P2,-0.03,0.32,1407
P2,-0.11,0.26,870
P2,-0.11,0.27,747
P2,0.01,0.30,1903
P2,0.02,0.30,1504
P2,-0.15,0.93,130
P2,-0.16,0.93,136
P2,-0.16,0.94,221
P2,-0.17,0.93,198
P2,0.09,0.68,20575
P2,-0.21,0.57,338
P2,-0.20,0.57,275
P2,-0.19,0.57,97
P2,-0.24,0.45,757
P2,0.14,0.50,305
P2,0.15,0.52,488
P2,-0.05,0.23,2556
P2,-0.04,0.23,2554
P2,-0.03,0.23,2704
P2,-0.24,0.43,554
P2,-0.23,0.43,508
P2,0.04,0.37,614
P2,0.04,0.38,922
P2,0.03,0.38,1023
P2,0.03,0.37,955
P2,0.02,0.37,814
P2,0.12,0.67,318
P2,0.00,0.34,1388
P2,0.01,0.34,1424
P2,0.02,0.34,1460
P2,0.15,0.61,431
P2,0.21,0.25,26
P2,-0.06,0.24,2516
P2,-0.06,0.25,2562
P2,-0.05,0.25,2485
P2,-0.05,0.24,2396
P2,0.00,0.28,1976
P2,0.14,0.47,312
P2,-0.07,1.17,67
P2,-0.08,1.17,59
P2,-0.08,1.18,185
P2,0.04,1.01,104
P2,0.03,1.01,195
P2,0.03,1.02,132
P2,0.02,1.02,120
P2,0.02,1.01,145
P2,-0.09,0.42,499
P2,-0.09,0.43,706
P2,-0.10,0.43,780
P2,-0.10,0.42,437
P2,0.16,0.59,367
P2,-0.04,0.82,278
P2,-0.05,0.82,411
P2,-0.05,0.83,942
P2,-0.06,0.82,1017
P2,0.04,0.64,62491
P2,0.05,0.64,114045
P2,0.06,0.64,273
P2,-0.11,0.46,563
P2,-0.11,0.47,485
P2,-0.12,0.47,415
P2,-0.12,0.46,353
P2,-0.13,0.46,331
P2,-0.24,0.46,752
P2,-0.23,0.46,634
P2,-0.22,0.46,385
P2,-0.05,0.44,664
P2,-0.06,0.44,793
P2,-0.07,0.44,800
P2,-0.06,0.67,323
P2,-0.06,0.68,309
P2,-0.07,0.21,2736
P2,-0.06,0.21,2614
P2,0.04,0.32,1493
P2,-0.03,0.33,1445
P2,-0.02,0.32,1447
P2,0.01,0.21,2602
P2,0.01,0.22,2478
P2,0.02,0.22,2870
P2,0.02,0.21,2601
P2,-0.09,0.84,118
P2,-0.09,0.85,163
P2,-0.10,0.85,85
P2,-0.10,0.84,88
P2,0.05,0.53,493
P2,0.06,0.53,482
P2,0.04,1.10,118
P2,0.05,1.10,140
P2,0.06,1.10,114
P2,0.09,0.83,284
P2,0.08,0.83,257
P2,-0.01,0.48,855
P2,-0.02,0.48,742
P2,-0.02,0.49,844
P2,-0.08,0.37,687
P2,-0.08,0.38,865
P2,-0.07,0.38,1072
P2,-0.07,0.37,772
P2,-0.08,0.26,1198
P2,-0.07,0.26,1631
P2,-0.06,0.26,1704
P2,-0.08,0.20,1563
P2,0.03,0.20,1556
P2,0.02,0.20,1491
P2,0.06,0.32,2212
P2,0.06,0.33,1181
P2,0.05,0.33,930
P2,0.05,0.32,1492
P2,0.09,0.40,518
P2,0.11,0.64,47179
P2,0.12,0.64,185
P2,0.13,0.64,924
P2,0.02,0.24,2555
P2,0.01,0.24,2041
P2,0.00,0.24,2358
P2,-0.24,0.56,437
P2,-0.23,0.56,562
P2,-0.22,0.56,511
P2,0.00,0.31,1349
P2,0.01,0.31,1890
P2,0.02,0.31,1221
P2,0.08,0.21,2625
P2,0.08,0.22,2007
P2,0.09,0.22,1479
P2,0.09,0.21,1667
P2,0.10,0.21,1219
P2,0.00,0.42,1255
P2,0.00,0.43,1039
P2,0.01,0.43,1140
P2,0.01,0.42,958
P2,-0.04,0.28,1870
P2,-0.05,0.28,1562
P2,-0.06,0.28,1719
P2,-0.24,0.61,450
P2,0.13,0.98,389
P2,0.13,0.99,207
P2,0.10,0.81,482
P2,0.09,0.81,1101
P2,0.03,0.73,810
P2,-0.22,0.84,337
P2,-0.22,0.85,363
P2,-0.21,0.84,366
P2,-0.04,0.38,1115
P2,-0.04,0.39,1109
P2,-0.05,0.39,946
P2,-0.05,0.38,927
P2,0.01,0.29,1500
P2,0.00,0.29,1491
P2,0.02,0.86,493
P2,0.03,0.86,383
P2,0.03,0.87,499
P2,0.04,0.87,492
P2,0.04,0.86,242
P2,0.19,0.87,388
P2,0.19,0.88,291
P2,0.20,0.88,223
P2,0.20,0.87,332
P2,0.21,0.87,268
P2,-0.12,0.24,811
P2,-0.13,0.24,413
P2,-0.14,0.24,107
P2,0.36,0.73,19
P2,0.37,0.73,37
P2,0.16,0.51,2600
P2,-0.24,0.66,446
P2,-0.23,0.66,533
P2,0.43,1.24,2
P2,0.42,1.24,11
P2,-0.24,0.72,542
P2,-0.24,0.73,379
P2,-0.23,0.73,645
P2,-0.22,0.73,593
P2,-0.22,0.72,440
P2,-0.23,0.62,695
P2,-0.05,0.26,1878
P2,-0.04,0.26,1930
P2,-0.04,0.25,2327
P2,-0.03,0.25,2114
P2,-0.01,0.32,1338
P2,-0.19,0.89,259
P2,-0.18,0.89,261
P2,-0.01,0.21,2410
P2,-0.02,0.21,3035
P2,-0.03,0.21,2684
P2,0.08,0.77,4231
P2,0.08,0.76,5526
P2,0.07,0.76,24169
P2,0.04,0.73,218
P2,0.02,0.72,611
P2,-0.10,0.72,292
P2,-0.10,0.73,491
P2,-0.11,0.72,257
P2,0.07,0.22,2099
P2,-0.01,0.24,2754
P2,0.16,0.91,1097
P2,0.16,0.92,603
P2,0.17,0.91,908
P2,0.19,0.80,297
P2,0.19,0.81,162
P2,0.20,0.81,170
P2,0.21,0.81,88
P2,0.21,0.80,132
P2,0.22,0.78,664
P2,0.23,0.78,672
P2,0.24,0.78,183
P2,-0.01,0.26,1861
P2,-0.02,0.26,1691
P2,-0.03,0.26,2037
P2,0.09,0.37,70993
P2,-0.04,0.55,637
P2,-0.05,0.55,627
P2,-0.09,1.00,108
P2,-0.09,1.01,153
P2,-0.10,1.01,117
P2,-0.10,1.00,75
P2,-0.14,0.43,390
P2,-0.15,0.43,303
P2,-0.16,0.43,207
P2,-0.01,0.56,680
P2,-0.01,0.57,589
P2,-0.02,0.57,602
P2,-0.02,0.56,809
P2,-0.04,0.84,645
P2,-0.04,0.85,348
P2,-0.05,0.85,280
P2,-0.06,0.85,252
P2,-0.06,0.84,152
P2,0.19,0.96,212
P2,0.20,0.96,345
P2,0.21,0.96,305
P2,0.02,0.50,785
P2,0.02,0.51,374
P2,0.01,0.51,838
P2,0.01,0.50,875
P2,0.00,0.50,730
P2,-0.17,0.97,139
P2,-0.16,0.97,117
P2,-0.04,0.47,549
P2,-0.04,0.48,593
P2,-0.05,0.47,587
P2,-0.12,0.42,351
P2,-0.12,0.43,382
P2,-0.13,0.43,367
P2,-0.14,0.42,252
P2,-0.24,0.41,427
P2,-0.13,0.82,202
P2,-0.14,0.82,227
P2,-0.14,0.83,115
P2,-0.15,0.83,71
P2,-0.15,0.82,122
P2,0.01,0.28,1699
P2,0.24,0.29,895
P2,0.23,0.29,245
P2,0.22,0.29,184
P2,0.12,0.85,318
P2,0.11,0.85,246
P2,0.11,0.86,1990
P2,0.10,0.85,324
P2,-0.05,0.43,861
P2,-0.06,0.43,799
P2,-0.07,0.43,572
P2,-0.24,1.38,39
P2,-0.24,1.37,105
P2,0.07,0.34,85226
P2,0.08,0.34,3196
P2,0.08,0.33,3123
P2,-0.06,0.30,1069
P2,-0.07,0.31,1190
P2,-0.07,0.30,943
P2,-0.05,0.65,521
P2,-0.06,0.65,665
P2,-0.07,0.65,517
P2,0.28,0.78,3
P2,0.28,0.79,92
P2,0.29,0.79,116
P2,0.30,0.79,95
P2,0.30,0.78,43
P2,-0.04,0.93,213
P2,-0.05,0.93,69
P2,-0.05,0.92,181
P2,-0.12,0.44,524
P2,-0.12,0.45,431
P2,-0.13,0.45,469
P2,-0.13,0.44,409
P2,-0.14,0.44,327
P2,0.03,0.22,2213
P2,0.03,0.23,2595
P2,0.02,0.23,3229
P2,-0.10,0.50,549
P2,-0.10,0.51,611
P2,-0.11,0.34,555
P2,-0.11,0.35,646
P2,-0.12,0.35,405
P2,-0.12,0.34,458
P2,0.06,0.57,564
P2,0.06,0.58,342
P2,0.07,0.57,473
P2,-0.04,0.22,2637
P2,-0.05,0.22,2723
P2,-0.06,0.23,2612
P2,-0.06,0.22,2652
P2,-0.17,1.03,200
P2,-0.17,1.04,118
P2,-0.18,1.04,202
P2,-0.18,1.03,315
P2,0.16,0.87,680
P2,0.16,0.88,473
P2,0.17,0.88,448
P2,0.17,0.87,898
P2,0.19,0.79,278
P2,0.20,0.80,200
P2,0.21,0.79,284
P2,-0.24,0.57,619
P2,-0.23,0.57,642
P2,0.08,0.20,1456
P2,-0.23,0.38,252
P2,-0.22,0.38,19
P2,0.30,0.80,220
P2,0.29,0.80,104
P2,-0.21,0.53,235
P2,-0.20,0.53,103
P2,-0.20,0.54,153
P2,-0.19,0.53,64
P2,0.01,0.32,1872
P2,-0.12,0.21,207
P2,-0.13,0.21,10
P2,-0.24,1.17,111
P2,-0.23,1.17,154
P2,-0.23,1.18,136
P2,-0.22,1.18,62
P2,-0.22,1.17,125
P2,-0.05,0.91,79
P2,-0.06,0.92,123
P2,-0.06,0.91,105
P2,-0.09,0.70,179
P2,-0.09,0.71,383
P2,-0.10,0.71,384
P2,-0.10,0.70,191
P2,0.09,0.71,232
P2,-0.12,0.71,360
P2,-0.12,0.72,268
P2,-0.13,0.72,220
P2,-0.13,0.71,268
P2,-0.14,0.71,137
P2,-0.21,0.66,324
P2,-0.24,0.71,615
P2,-0.23,0.71,706
P2,-0.22,0.71,650
P2,-0.22,0.70,552
P2,-0.13,0.73,190
P2,-0.14,0.73,334
P2,-0.15,0.73,225
P2,-0.15,0.72,200
P2,-0.08,0.35,920
P2,-0.08,0.36,702
P2,-0.09,0.36,722
P2,0.02,0.32,1413
P2,0.02,0.35,1488
P2,0.01,0.35,1486
P2,0.00,0.35,1225
P2,-0.08,0.40,811
P2,-0.08,0.41,914
P2,-0.09,0.40,1022
P2,0.07,0.32,1189
P2,0.07,0.33,2228
P2,0.08,0.32,635
P2,-0.17,0.77,236
P2,-0.18,0.77,283
P2,-0.04,0.71,211
P2,-0.05,0.71,630
P2,-0.05,0.70,308
P2,0.08,0.38,659
P2,0.09,0.39,848
P2,-0.09,0.60,371
P2,-0.09,0.61,457
P2,0.01,0.25,2326
P2,0.01,0.26,1766
P2,-0.04,0.46,993
P2,-0.05,0.46,1266
P2,-0.06,0.46,1267
P2,-0.23,0.30,586
P2,-0.22,0.30,743
P2,-0.21,0.30,462
P2,0.03,0.55,868
P2,0.03,0.56,618
P2,0.08,0.44,638
P2,0.08,0.45,616
P2,0.09,0.45,389
P2,0.09,0.44,480
P2,-0.13,0.41,547
P2,-0.14,0.41,407
P2,-0.15,0.41,192
P2,-0.15,0.40,283
P2,-0.09,0.27,1064
P2,-0.10,0.27,965
P2,-0.10,0.28,826
P2,-0.16,1.13,90
P2,-0.16,1.14,138
P2,-0.17,1.14,208
P2,-0.18,1.14,170
P2,-0.18,1.13,155
P2,0.07,0.79,239
P2,0.07,0.80,430
P2,0.06,0.80,924
P2,0.06,0.79,249
P2,0.05,0.74,198
P2,0.05,0.75,3180
P2,0.06,0.75,152
P2,0.06,0.74,117
P2,0.06,0.72,50
P2,0.07,0.72,3004
P2,0.07,0.73,89
P2,0.08,0.72,1996
P2,-0.24,0.54,634
P2,-0.24,0.53,453
P2,0.04,0.20,1684
P2,-0.20,1.05,212
P2,-0.21,1.05,189
P2,-0.22,1.05,237
P2,-0.03,0.41,1377
P2,-0.03,0.42,1123
P2,-0.02,0.42,827
P2,-0.02,0.41,1072
P2,0.06,1.00,275
P2,0.05,1.00,315
P2,0.04,1.00,129
P2,-0.07,0.23,2265
P2,-0.07,0.24,2361
P2,0.06,0.23,2463
P2,0.06,0.24,2377
P2,0.05,0.28,1973
P2,0.04,0.28,1657
P2,0.03,0.28,1832
P2,0.01,0.78,615
P2,0.01,0.79,412
P2,0.02,0.79,343
P2,0.02,0.78,867
P2,0.03,0.78,377
P2,0.08,0.74,102
P2,0.09,0.74,19
P2,0.09,0.73,34924
P2,0.10,0.72,11
P2,-0.21,1.00,212
P2,-0.20,1.00,103
P2,-0.19,1.00,114
P2,-0.21,0.76,355
P2,-0.20,0.76,276
P2,-0.19,0.76,192
P2,0.03,0.44,711
P2,0.02,0.45,727
P2,0.02,0.44,1052
P2,0.04,0.39,1021
P2,0.03,0.39,1388
P2,-0.06,0.63,453
P2,-0.07,0.63,631
P2,-0.08,0.63,516
P2,-0.23,0.61,574
P2,0.02,0.62,833
P2,0.02,0.63,572
P2,0.01,0.63,535
P2,0.01,0.62,610
P2,0.01,0.94,166
P2,0.01,0.95,239
P2,0.02,0.94,63
P2,0.08,0.80,197
P2,0.10,0.79,264
P2,0.09,0.79,237
P2,0.09,0.78,205
P2,0.07,0.77,456
P2,0.03,0.74,1153
P2,0.03,0.26,2203
P2,-0.14,0.30,175
P2,-0.14,0.31,348
P2,-0.15,0.31,196
P2,-0.16,0.31,93
P2,-0.16,0.30,74
P2,-0.13,1.18,141
P2,-0.13,1.19,66
P2,-0.01,0.69,6049
P2,-0.01,0.70,8791
P2,-0.24,0.50,911
P2,-0.22,0.57,586
P2,-0.21,0.56,367
P2,-0.03,0.47,705
P2,-0.03,0.22,2313
P2,0.12,0.23,495
P2,0.13,0.23,227
P2,0.14,0.23,37
P2,-0.11,0.41,717
P2,-0.11,0.42,431
P2,-0.12,0.41,503
P2,-0.04,0.20,1380
P2,-0.04,0.21,2720
P2,-0.05,0.21,2734
P2,0.11,0.55,340
P2,0.12,0.55,319
P2,0.13,0.55,242
P2,-0.01,0.25,2835
P2,-0.01,0.74,304
P2,-0.02,0.74,542
P2,-0.03,0.74,735
P2,0.04,0.88,1549
P2,-0.02,0.25,2430
P2,0.02,0.38,843
P2,0.02,0.39,1048
P2,0.01,0.39,1238
P2,0.01,0.38,854
P2,-0.23,1.10,130
P2,-0.22,1.10,137
P2,-0.21,1.10,88
P2,-0.16,1.31,66
P2,-0.15,1.31,58
P2,-0.14,1.31,104
P2,0.04,0.61,937
P2,0.04,0.62,14135
P2,0.05,0.62,554
P2,0.05,0.61,1216
P2,-0.13,0.47,334
P2,-0.24,0.30,261
P2,0.01,0.61,403
P2,0.00,0.61,536
P2,0.00,0.62,704
P2,-0.01,0.62,609
P2,-0.01,0.61,493
P2,-0.03,0.50,720
P2,-0.03,0.51,650
P2,-0.04,0.51,707
P2,-0.04,0.50,871
P2,-0.22,0.66,551
P2,-0.11,0.25,981
P2,-0.12,0.25,723
P2,-0.13,0.25,451
P2,-0.24,0.42,441
P2,-0.23,0.42,429
P2,-0.15,0.37,240
P2,-0.15,0.36,166
P2,0.04,0.23,2484
P2,0.04,0.24,2282
P2,0.05,0.24,2285
P2,0.05,0.23,2316
P2,0.13,0.44,2635
P2,0.07,0.21,2895
P2,0.06,0.21,2791
P2,0.05,0.21,2568
P2,0.12,0.56,146
P2,0.12,0.57,2514
P2,0.13,0.57,4875
P2,0.14,0.57,7730
P2,0.14,0.56,2893
P2,-0.24,0.59,560
P2,-0.22,0.59,669
P2,-0.22,0.58,501
P2,0.00,0.25,2167
P2,-0.23,0.49,767
P2,-0.22,0.49,491
P2,-0.21,0.49,213
P2,-0.02,0.38,1345
P2,-0.10,1.06,76
P2,-0.11,1.06,91
P2,-0.12,1.06,53
P2,-0.12,1.05,18
P2,-0.13,0.51,139
P2,-0.13,0.52,423
P2,-0.14,0.52,246
P2,-0.14,0.51,136
P2,-0.09,0.67,423
P2,-0.10,0.67,325
P2,-0.10,0.66,323
P2,-0.02,0.34,1307
P2,-0.03,0.34,1400
P2,-0.04,0.34,1212
P2,-0.04,0.33,1734
P2,0.02,0.36,1083
P2,0.00,0.32,1480
P2,-0.01,0.31,1579
P2,-0.02,0.31,1601
P2,-0.20,0.67,286
P2,-0.19,0.67,226
P2,-0.16,1.20,64
P2,-0.15,1.20,109
P2,-0.14,1.20,99
P2,-0.11,1.07,102
P2,-0.11,1.08,145
P2,-0.12,1.08,170
P2,-0.12,1.07,144
P2,0.10,1.08,140
P2,0.11,1.08,156
P2,0.12,1.08,102
P2,0.24,0.89,158
P2,0.24,0.90,668
P2,0.25,0.89,381
P2,0.06,0.34,987
P2,0.04,0.95,301
P2,0.03,0.95,284
P2,0.02,0.95,172
P2,0.03,0.51,685
P2,0.02,0.52,790
P2,0.01,0.52,820
P2,0.05,0.91,483
P2,0.04,0.91,501
P2,0.03,0.91,332
P2,0.03,0.90,400
P2,0.33,0.80,327
P2,0.34,0.80,247
P2,0.05,0.81,318
P2,0.04,0.81,518
P2,0.03,0.81,380
P2,0.06,0.26,1500
P2,0.07,0.26,1341
P2,0.00,0.22,2294
P2,0.00,0.23,2595
P2,-0.24,0.51,687
P2,-0.20,0.56,170
P2,-0.12,0.29,426
P2,-0.13,0.29,349
P2,-0.14,0.29,298
P2,0.22,0.31,303
P2,0.21,0.31,279
P2,-0.01,0.42,1126
P2,-0.16,0.86,146
P2,-0.17,0.86,158
P2,-0.18,0.86,201
P2,-0.02,0.36,1358
P2,-0.02,0.37,1339
P2,-0.06,0.27,1853
P2,-0.16,0.47,76
P2,-0.16,0.48,137
P2,-0.17,0.48,125
P2,-0.17,0.47,83
P2,-0.18,0.47,92
P2,-0.07,0.98,78
P2,-0.08,0.98,128
P2,-0.09,0.98,142
P2,-0.02,0.40,916
P2,-0.03,0.40,1012
P2,-0.08,0.25,1602
P2,-0.09,0.26,1002
P2,-0.09,0.25,1232
P2,-0.23,0.45,665
P2,-0.22,0.45,345
P2,-0.21,0.45,80
P2,-0.21,0.44,65
P2,-0.04,0.24,2470
P2,-0.03,0.24,2594
P2,0.04,0.30,1474
P2,0.04,0.31,1700
P2,-0.08,0.90,189
P2,-0.09,0.90,193
P2,-0.10,0.90,43
P2,-0.05,0.80,356
P2,-0.06,0.80,113
P2,-0.06,0.79,368
P2,0.02,0.48,707
P2,0.02,0.49,729
P2,0.03,0.49,551
P2,0.03,0.48,755
P2,0.03,0.82,136
P2,0.02,0.82,196
P2,-0.05,0.66,590
P2,0.07,0.52,466
P2,0.07,0.53,318
P2,0.08,0.52,272
P2,0.03,0.29,1444
P2,0.04,0.29,1697
P2,-0.14,0.75,148
P2,-0.15,0.75,112
P2,-0.05,0.49,721
P2,-0.05,0.50,673
P2,-0.04,0.49,848
P2,-0.22,1.13,119
P2,-0.22,1.14,220
P2,-0.23,1.14,259
P2,-0.24,1.14,217
P2,-0.24,1.13,133
P2,-0.04,0.53,810
P2,-0.04,0.54,646
P2,-0.05,0.54,1149
P2,-0.06,0.54,655
P2,-0.06,0.53,681
P2,0.04,0.75,7061
P2,0.04,0.74,33335
P2,0.05,0.73,129
P2,-0.04,0.35,981
P2,-0.03,0.35,1425
P2,-0.02,0.35,1221
P2,0.05,0.67,372
P2,0.05,0.68,161
P2,0.04,0.68,317
P2,0.04,0.67,198
P2,-0.09,0.52,575
P2,-0.08,0.52,559
P2,-0.08,0.51,485
P2,0.04,0.54,746
P2,0.05,0.54,677
P2,0.05,0.55,619
P2,0.06,0.54,457
P2,-0.02,1.16,2
P2,-0.02,1.17,34
P2,-0.01,1.17,22
P2,-0.01,1.16,3
P2,0.01,0.46,878
P2,0.01,0.47,822
P2,-0.22,0.65,488
P2,0.02,0.29,1430
P2,-0.21,1.06,70
P2,-0.22,1.06,113
P2,-0.23,1.06,158
P2,-0.23,1.05,258
P2,0.13,0.82,1756
P2,0.12,0.82,1438
P2,-0.07,0.28,1383
P2,-0.07,0.27,1879
P2,-0.08,0.27,1179
P2,-0.20,0.80,410
P2,-0.19,0.80,294
P2,-0.18,0.80,143
P2,-0.24,0.93,323
P2,-0.23,0.93,395
P2,0.43,0.97,2
P2,0.42,0.97,8
P2,0.25,0.82,161
P2,0.25,0.83,176
P2,0.24,0.83,149
P2,0.24,0.82,620
P2,0.25,0.81,283
P2,0.26,0.81,221
P2,-0.08,0.30,814
P2,-0.09,0.30,1007
P2,-0.07,0.22,2120
P2,-0.08,0.22,1857
P2,-0.10,0.38,558
P2,-0.11,0.38,536
P2,-0.12,0.38,422
P2,0.08,0.47,652
P2,0.08,0.48,707
P2,0.09,0.48,517
P2,0.09,0.47,647
P2,0.02,0.28,1552
P2,0.01,0.27,1608
P2,0.00,0.27,2027
P2,0.04,0.50,657
P2,0.05,0.50,717
P2,0.06,0.50,556
P2,-0.11,0.61,281
P2,-0.12,0.61,342
P2,-0.13,0.61,397
P2,-0.13,0.60,224
P2,0.02,1.15,94
P2,0.01,1.15,117
P2,0.01,1.16,107
P2,-0.16,0.91,188
P2,-0.15,0.91,73
P2,-0.21,0.79,514
P2,-0.20,0.79,338
P2,-0.19,0.79,319
P2,-0.12,0.26,755
P2,-0.14,0.25,147
P2,-0.23,0.94,151
P2,-0.23,0.95,312
P2,-0.22,0.95,235
P2,-0.21,0.95,258
P2,-0.21,0.94,339
P2,-0.16,0.76,270
P2,0.26,0.85,411
P2,0.25,0.85,477
P2,0.24,0.85,83
P2,0.26,0.83,109
P2,0.26,0.82,214
P2,-0.07,0.94,143
P2,-0.07,0.95,96
P2,0.15,0.44,2516
P2,-0.11,0.32,588
P2,-0.12,0.32,718
P2,-0.13,0.32,409
P2,-0.13,0.31,545
P2,0.03,0.25,2478
P2,0.04,0.25,2416
P2,-0.22,0.69,537
P2,-0.21,0.69,453
P2,-0.01,0.29,1703
P2,-0.24,0.76,362
P2,-0.23,0.76,345
P2,0.07,0.24,1671
P2,-0.03,0.30,1352
P2,0.03,0.30,1409
P2,0.04,0.27,1691
P2,0.04,0.26,2087
P2,-0.02,0.20,1442
P2,-0.03,0.20,1311
P2,-0.21,0.81,401
P2,-0.20,0.81,419
P2,-0.19,0.81,371
P2,0.03,0.65,588
P2,0.03,0.66,250
P2,0.04,0.66,194
P2,0.04,0.65,454
P2,0.06,0.25,2341
P2,0.05,0.25,2072
P2,0.09,0.20,1381
P2,0.07,0.20,1389
P2,0.05,0.49,679
P2,0.06,0.49,860
P2,0.07,0.49,628
P2,-0.05,0.30,1162
P2,-0.03,0.31,1492
P2,0.02,0.41,1151
P2,0.03,0.41,1050
P2,-0.02,0.43,686
P2,-0.01,0.43,1101
P2,-0.05,0.34,1207
P2,-0.05,0.33,1047
P2,-0.21,0.72,495
P2,-0.20,0.72,392
P2,0.26,0.84,169
P2,0.06,0.56,430
P2,0.05,0.56,560
P2,-0.02,0.64,596
P2,-0.02,0.65,537
P2,-0.10,0.46,614
P2,-0.06,0.69,355
P2,-0.06,0.70,521
P2,-0.07,0.70,276
P2,-0.07,0.69,485
P2,-0.08,0.69,483
P2,0.05,0.22,2384
P2,0.04,0.22,2257
P2,-0.13,1.15,85
P2,-0.12,1.15,93
P2,0.03,0.34,1630
P2,0.01,0.33,1647
P2,0.14,0.62,1366
P2,-0.05,0.52,587
P2,-0.05,0.53,769
P2,-0.06,0.52,605
P2,0.13,0.56,152
P2,0.15,0.56,9881
P2,-0.21,0.96,208
P2,-0.20,0.96,220
P2,-0.20,0.95,266
P2,-0.19,0.95,287
P2,0.06,1.31,32
P2,0.05,1.31,68
P2,0.04,1.31,151
P2,0.02,0.33,1454
P2,0.00,0.33,1701
P2,0.08,0.59,1702
P2,0.09,0.59,2689
P2,0.10,0.59,1498
P2,0.06,0.22,2513
P2,0.11,0.27,646
P2,0.12,0.27,552
P2,0.13,0.27,315
P2,-0.08,0.56,389
P2,-0.09,0.56,376
P2,-0.13,0.69,269
P2,-0.14,0.69,152
P2,0.11,1.17,148
P2,0.10,1.17,50
P2,0.11,0.99,311
P2,0.11,1.00,299
P2,0.12,1.00,187
P2,0.13,1.00,316
P2,0.22,0.92,231
P2,0.23,0.92,75
P2,0.24,0.92,88
P2,-0.08,0.21,2647
P2,-0.08,0.85,231
P2,-0.21,0.97,193
P2,-0.20,0.97,200
P2,-0.19,0.97,224
P2,-0.04,0.44,850
P2,-0.04,0.45,1057
P2,-0.03,0.45,1099
P2,-0.03,0.44,948
P2,0.00,0.41,1267
P2,0.01,0.41,1397
P2,-0.24,0.86,178
P2,-0.23,0.86,251
P2,-0.12,0.81,232
P2,-0.13,0.81,160
P2,-0.14,0.81,138
P2,-0.21,0.77,366
P2,-0.22,0.77,450
P2,-0.20,0.91,314
P2,-0.19,0.91,235
P2,-0.18,0.91,184
P2,-0.18,0.90,256
P2,0.10,0.33,546
P2,0.03,0.57,558
P2,0.02,0.57,415
P2,0.02,0.56,501
P2,0.10,1.19,166
P2,0.11,1.19,101
P2,-0.08,1.19,89
P2,0.01,0.23,2756
P2,0.23,0.83,104
P2,0.22,0.83,210
P2,0.22,0.84,232
P2,0.21,0.83,278
P2,0.18,0.81,72
P2,0.18,0.82,797
P2,0.17,0.80,221
P2,0.17,0.81,118
P2,0.16,0.81,138
P2,0.16,0.80,172
P2,0.15,0.79,473
P2,0.12,0.79,212
P2,0.11,0.79,196
P2,0.02,0.76,451
P2,0.01,0.76,360
P2,0.01,0.20,1260
P2,0.00,0.20,1244
P2,0.14,0.44,78306
P2,0.03,0.31,1452
P2,0.07,0.25,1730
P2,0.08,0.26,1048
P2,0.09,0.26,1224
P2,0.09,0.25,1470
P2,-0.06,0.38,846
P2,-0.06,0.39,832
P2,0.41,0.78,95
P2,0.40,0.78,48
P2,0.39,0.78,13
P2,0.28,0.85,188
P2,0.29,0.85,178
P2,0.30,0.85,88
P2,-0.03,0.53,935
P2,0.12,0.42,319
P2,0.10,0.25,790
P2,0.11,0.25,602
P2,0.11,0.26,456
P2,0.12,0.25,474
P2,-0.24,0.67,477
P2,-0.23,0.68,638
P2,-0.23,0.67,568
P2,-0.22,0.67,436
P2,0.06,0.27,1319
P2,-0.12,0.22,486
P2,-0.13,0.22,118
P2,-0.17,0.61,46
P2,-0.18,0.61,113
P2,-0.19,0.61,192
P2,-0.19,0.60,227
P2,-0.21,0.60,419
P2,-0.20,0.60,237
P2,-0.22,0.86,202
P2,-0.21,0.86,237
P2,-0.06,0.72,393
P2,-0.06,0.73,326
P2,0.04,0.69,44254
P2,0.02,0.59,705
P2,0.03,0.59,515
P2,0.04,0.59,627
P2,0.07,0.27,1535
P2,-0.13,0.42,302
P2,0.09,0.66,445
P2,0.10,0.66,419
P2,0.24,0.30,114
P2,0.06,0.20,1400
P2,-0.07,0.36,712
P2,-0.09,0.28,782
P2,0.04,0.34,1254
P2,0.08,0.81,1226
P2,0.07,0.81,1123
P2,0.06,0.81,338
P2,0.02,0.46,976
P2,0.00,0.46,1220
P2,0.08,0.54,514
P2,0.08,0.55,517
P2,0.09,0.55,316
P2,0.09,0.54,418
P2,0.10,0.54,320
P2,-0.06,0.35,1221
P2,-0.06,0.36,1037
P2,-0.07,0.35,1132
P2,0.03,1.05,151
P2,0.03,1.06,168
P2,0.00,0.53,714
P2,0.00,0.54,861
P2,0.01,0.54,845
P2,0.01,0.53,801
P2,-0.20,0.74,262
P2,-0.19,0.74,215
P2,-0.18,0.74,146
P2,0.00,0.82,920
P2,0.00,0.83,564
P2,-0.01,0.83,448
P2,-0.02,0.83,422
P2,-0.02,0.82,403
P2,0.01,0.40,1111
P2,0.00,0.40,1160
P2,-0.01,0.40,1320
P2,-0.10,0.37,463
P2,-0.12,0.37,374
P2,-0.22,0.44,350
P2,-0.16,0.77,172
P2,0.07,0.31,739
P2,0.08,0.31,635
P2,-0.03,0.36,1515
P2,-0.01,0.36,1154
P2,-0.05,0.76,540
P2,-0.05,0.77,807
P2,-0.04,0.77,388
P2,-0.04,0.76,509
P2,0.03,0.40,954
P2,0.04,0.40,875
P2,-0.02,0.71,314
P2,-0.03,0.71,102
P2,-0.03,0.72,320
P2,0.10,0.48,397
P2,0.10,0.47,666
P2,-0.24,0.80,299
P2,-0.24,0.79,198
P2,-0.20,0.73,391
P2,-0.19,0.73,228
P2,0.07,0.97,304
P2,0.07,0.98,204
P2,0.08,0.98,357
P2,0.08,0.97,140
P2,0.17,0.82,691
P2,0.19,0.78,704
P2,0.20,0.79,142
P2,0.21,0.78,717
P2,0.24,0.77,194
P2,-0.24,0.88,301
P2,-0.09,0.38,796
P2,0.04,0.71,99
P2,0.07,0.70,329
P2,0.08,0.70,45
P2,0.06,0.70,224
P2,0.05,0.70,2042
P2,0.03,0.24,2688
P2,-0.10,1.31,82
P2,-0.10,1.32,36
P2,-0.11,1.32,39
P2,-0.11,1.31,76
P2,0.02,0.40,1212
P2,0.05,0.34,916
P2,0.04,0.48,646
P2,0.04,0.49,593
P2,-0.05,0.64,568
P2,-0.06,0.64,631
P2,0.07,0.78,172
P2,0.06,0.78,257
P2,0.03,0.71,166
P2,0.02,0.71,207
P2,0.03,0.94,115
P2,-0.02,0.27,2004
P2,-0.01,0.27,1720
P2,-0.20,0.82,348
P2,-0.19,0.82,284
P2,0.11,0.81,255
P2,0.10,0.82,1652
P2,0.11,0.32,103401
P2,0.04,0.52,859
P2,0.04,0.51,692
P2,-0.04,1.34,41
P2,-0.03,1.34,132
P2,-0.03,1.33,52
P2,0.00,0.95,121
P2,0.00,0.94,104
P2,-0.23,0.89,452
P2,-0.22,0.89,302
P2,-0.21,0.89,245
P2,-0.03,0.78,565
P2,-0.02,0.78,380
P2,-0.02,0.77,380
P2,-0.03,0.97,71
P2,-0.04,0.97,174
P2,-0.04,0.98,62
P2,-0.05,0.97,187
P2,-0.06,0.32,1042
P2,-0.06,0.33,1000
P2,-0.07,0.33,1192
P2,-0.08,0.33,1066
P2,-0.08,0.32,969
P2,-0.04,0.36,1096
P2,-0.05,0.36,983
P2,0.17,0.89,227
P2,0.17,0.90,713
P2,0.18,0.90,787
P2,0.18,0.89,158
P2,-0.15,0.61,235
P2,-0.16,0.61,145
P2,0.17,0.57,105
P2,0.09,0.50,724
P2,0.09,0.51,475
P2,0.10,0.51,432
P2,0.10,0.50,424
P2,-0.22,0.64,577
P2,-0.21,0.64,301
P2,-0.21,0.63,425
P2,0.11,1.38,75
P2,0.11,1.39,6
P2,0.18,0.80,223
P2,0.18,0.79,512
P2,0.18,0.78,609
P2,0.20,0.78,621
P2,0.04,0.70,1539
P2,0.03,0.70,318
P2,0.02,0.70,430
P2,0.02,0.69,360
P2,-0.14,0.40,342
P2,-0.16,0.40,243
P2,0.01,0.67,8626
P2,0.01,0.66,118733
P2,-0.22,0.81,369
P2,-0.05,1.02,144
P2,-0.05,1.03,161
P2,-0.04,0.73,630
P2,-0.05,0.73,482
P2,-0.05,0.72,365
P2,-0.23,0.25,10
P2,-0.22,0.25,43
P2,-0.03,0.27,2032
P2,0.09,0.82,734
P2,0.05,0.27,1638
P2,-0.07,0.74,236
P2,-0.08,0.75,637
P2,-0.08,0.74,664
P2,0.06,0.67,334
P2,0.07,0.67,8273
P2,-0.24,0.63,569
P2,0.00,0.26,1743
P2,-0.02,0.47,1093
P2,-0.01,0.47,1035
P2,0.05,0.94,257
P2,0.04,0.94,304
P2,-0.24,0.94,126
P2,-0.24,0.95,192
P2,-0.22,0.94,306
P2,-0.08,0.28,1149
P2,-0.15,0.74,271
P2,-0.17,0.73,203
P2,-0.11,0.43,559
P2,-0.23,0.83,505
P2,-0.22,0.83,484
P2,-0.21,0.52,119
P2,-0.20,0.52,35
P2,-0.11,0.59,370
P2,-0.12,0.59,485
P2,-0.12,0.60,164
P2,-0.13,0.59,457
P2,0.42,1.20,6
P2,0.07,0.74,203
P2,0.01,0.69,413
P2,-0.09,0.76,509
P2,-0.10,0.76,194
P2,-0.10,0.77,175
P2,-0.02,0.63,462
P2,-0.03,0.64,449
P2,-0.03,0.63,309
P2,-0.04,0.63,535
P2,0.01,0.82,848
P2,-0.01,0.82,596
P2,0.05,1.04,264
P2,0.05,1.05,129
P2,0.00,0.39,1321
P2,-0.23,0.91,245
P2,-0.22,0.91,332
P2,-0.21,0.91,336
P2,-0.18,1.11,33
P2,-0.17,1.11,115
P2,-0.16,1.11,52
P2,-0.11,0.30,384
P2,-0.12,0.30,371
P2,-0.17,1.13,115
P2,-0.19,1.14,282
P2,-0.19,1.13,113
P2,0.08,0.79,188
P2,-0.15,0.39,128
P2,-0.16,0.39,58
P2,-0.17,0.39,81
P2,-0.17,0.38,194
P2,0.06,0.66,108938
P2,0.07,0.66,13179
P2,-0.24,0.87,276
P2,0.10,1.25,81
P2,0.10,1.26,110
P2,0.11,1.26,26
P2,0.12,1.26,97
P2,0.12,1.25,140
P2,0.08,0.78,145
P2,-0.18,0.85,199
P2,-0.12,0.90,62
P2,-0.12,0.91,49
P2,-0.13,0.91,140
P2,-0.14,0.91,190
P2,-0.14,0.90,82
P2,-0.20,0.36,162
P2,-0.19,0.36,143
P2,-0.21,1.03,363
P2,-0.20,1.03,430
P2,-0.19,1.03,387
P2,-0.05,1.08,64
P2,-0.05,1.09,83
P2,-0.06,1.09,59
P2,-0.06,1.08,112
P2,0.12,0.86,1797
P2,0.07,0.59,649
P2,-0.23,1.19,106
P2,-0.23,1.20,235
P2,-0.22,1.20,188
P2,-0.22,1.19,208
P2,-0.21,1.19,182
P2,0.06,0.28,1470
P2,0.06,0.73,51
P2,-0.10,0.33,606
P2,-0.10,0.34,767
P2,-0.11,0.33,607
P2,-0.11,0.68,304
P2,-0.12,0.68,409
P2,-0.13,0.68,239
P2,-0.23,0.77,460
P2,0.23,0.32,14117
P2,0.05,0.65,23623
P2,0.09,0.32,867
P2,-0.08,0.34,811
P2,-0.09,0.33,1007
P2,0.11,1.33,5
P2,0.12,1.33,26
P2,0.12,1.34,90
P2,0.13,1.34,55
P2,0.13,1.33,55
P2,0.09,0.93,406
P2,0.10,0.93,422
P2,0.16,0.55,5501
P2,0.00,0.78,444
P2,-0.01,0.78,374
P2,-0.03,0.56,619
P2,0.11,0.22,589
P2,0.12,0.22,346
P2,0.13,0.22,72
P2,-0.07,0.40,1275
P2,0.06,1.06,81
P2,0.06,1.07,219
P2,0.07,1.07,122
P2,0.07,1.06,113
P2,-0.09,1.31,67
P2,-0.10,1.30,140
P2,-0.16,0.50,155
P2,-0.22,1.27,176
P2,-0.21,1.27,57
P2,-0.03,0.57,668
P2,-0.22,1.36,131
P2,-0.21,1.36,136
P2,-0.20,1.36,123
P2,0.11,0.29,600
P2,0.12,0.29,377
P2,0.12,0.30,444
P2,0.13,0.30,349
P2,0.13,0.29,255
P2,-0.19,0.94,273
P2,-0.11,0.77,724
P2,-0.12,0.77,314
P2,0.04,0.21,2917
P2,0.04,0.60,645
P2,0.05,0.60,632
P2,0.05,0.59,572
P2,-0.23,0.70,626
P2,-0.22,0.60,391
P2,0.04,0.41,1025
P2,-0.23,0.87,349
P2,-0.22,0.87,396
P2,0.12,0.92,493
P2,0.12,0.93,297
P2,0.13,0.93,660
P2,0.13,0.92,576
P2,-0.23,0.75,414
P2,-0.22,0.75,304
P2,-0.21,0.75,240
P2,0.01,0.84,270
P2,-0.23,0.47,628
P2,-0.22,0.47,404
P2,0.07,0.38,999
P2,0.07,0.39,811
P2,0.08,0.39,767
P2,-0.20,0.28,70
P2,-0.19,0.28,8
P2,-0.22,0.50,586
P2,-0.21,0.50,216
P2,0.04,0.33,1233
P2,0.03,0.33,1330
P2,-0.23,1.33,166
P2,-0.23,1.34,57
P2,-0.22,1.34,74
P2,-0.21,1.34,44
P2,-0.21,1.33,123
P2,0.00,1.21,49
P2,-0.01,1.21,43
P2,-0.01,1.22,13
P2,-0.02,1.21,33
P2,-0.11,1.39,9
P2,-0.11,1.38,50
P2,-0.12,1.38,92
P2,0.22,0.30,208
P2,0.21,0.30,185
P2,0.20,0.30,66
P2,-0.01,0.65,544
P2,-0.02,0.66,395
P2,-0.03,0.65,474
P2,-0.02,1.33,136
P2,-0.01,1.33,70
P2,-0.01,1.34,62
P2,0.16,0.90,1132
P2,0.16,0.89,359
P2,0.17,0.83,1080
P2,0.18,0.83,860
P2,0.22,0.79,275
P2,0.15,0.78,882
P2,0.16,0.78,738
P2,0.17,0.78,372
P2,0.17,0.79,280
P2,0.02,0.53,768
P2,0.03,0.53,1006
P2,0.04,0.53,825
P2,0.07,0.48,734
P2,0.05,0.26,1603
P2,-0.02,1.20,69
P2,-0.03,1.21,22
P2,-0.03,1.20,43
P2,0.13,0.96,245
P2,0.13,0.97,234
P2,0.29,1.00,26
P2,0.30,1.00,83
P2,0.13,0.62,574
P2,-0.12,0.51,270
P2,-0.12,0.39,429
P2,-0.13,0.39,276
P2,-0.13,0.40,496
P2,-0.14,0.39,235
P2,0.21,1.14,72
P2,0.22,1.14,101
P2,0.23,1.14,139
P2,0.03,0.64,308
P2,-0.02,0.44,853
P2,-0.21,0.58,366
P2,0.32,0.77,68
P2,0.32,0.78,166
P2,0.33,0.78,127
P2,0.33,0.77,86
P2,0.09,0.42,430
P2,0.10,0.42,426
P2,0.23,0.82,809
P2,0.22,0.82,817
P2,0.03,0.21,2789
P2,-0.10,0.23,1277
P2,-0.11,0.23,1016
P2,-0.12,0.23,551
P2,0.21,0.82,859
P2,0.07,0.55,448
P2,0.07,0.56,640
P2,0.08,0.56,459
P2,-0.19,1.07,317
P2,-0.18,1.07,233
P2,0.00,0.89,265
P2,0.00,0.90,179
P2,-0.01,0.90,130
P2,-0.01,0.89,219
P2,-0.02,0.89,321
P2,-0.01,0.37,1269
P2,0.00,0.37,989
P2,-0.17,1.07,242
P2,-0.16,1.07,197
P2,-0.15,1.07,111
P2,-0.18,0.83,209
P2,-0.19,0.83,232
P2,-0.19,0.84,324
P2,-0.20,0.84,298
P2,-0.20,0.83,397
P2,-0.04,1.20,67
P2,-0.04,1.21,107
P2,-0.05,1.21,40
P2,-0.05,1.20,41
P2,-0.07,0.96,31
P2,-0.08,0.96,119
P2,-0.04,1.15,82
P2,-0.04,1.16,21
P2,-0.03,1.16,44
P2,-0.03,1.15,23
P2,0.27,0.85,240
P2,-0.17,0.40,166
P2,-0.18,0.40,82
P2,0.09,0.29,865
P2,0.10,0.29,1234
P2,0.10,0.30,1590
P2,0.11,0.30,749
P2,-0.21,1.14,230
P2,-0.21,1.15,99
P2,-0.22,1.15,211
P2,0.21,1.03,26
P2,0.22,1.03,42
P2,0.22,1.04,113
P2,0.23,1.04,57
P2,0.23,1.03,64
P2,-0.24,0.83,288
P2,0.10,0.20,808
P2,0.09,0.31,688
P2,0.10,0.31,545
P2,-0.12,0.65,349
P2,-0.13,0.65,252
P2,-0.02,0.24,2787
P2,0.24,1.06,65
P2,0.25,1.06,71
P2,0.26,1.06,39
P2,0.05,0.31,1385
P2,-0.10,0.55,744
P2,-0.10,0.56,360
P2,-0.11,0.55,492
P2,-0.24,0.34,232
P2,-0.23,0.34,62
P2,-0.12,0.53,528
P2,-0.12,0.54,543
P2,-0.13,0.54,381
P2,-0.13,0.53,426
P2,-0.08,0.29,888
P2,-0.16,1.10,52
P2,-0.18,1.10,75
P2,0.05,0.78,243
P2,0.11,0.21,563
P2,0.11,0.20,288
P2,0.12,0.20,21
P2,-0.11,0.29,692
P2,-0.01,0.49,663
P2,-0.03,0.49,803
P2,-0.03,0.48,820
P2,-0.07,0.79,411
P2,-0.08,0.80,1087
P2,-0.09,0.80,617
P2,-0.09,0.79,544
P2,0.16,0.79,452
P2,0.23,0.77,7
P2,0.05,0.47,629
P2,0.01,0.68,311
P2,0.00,0.68,179
P2,-0.01,0.67,315
P2,-0.01,0.20,1441
P2,0.43,0.90,19
P2,0.42,0.90,38
P2,0.42,0.89,38
P2,-0.21,1.18,51
P2,0.01,0.86,419
P2,0.01,0.87,980
P2,0.00,0.87,448
P2,0.00,0.86,1105
P2,-0.04,0.83,294
P2,0.42,1.15,24
P2,0.09,0.27,1079
P2,0.10,0.27,808
P2,-0.03,0.43,960
P2,-0.04,0.42,1008
P2,-0.13,1.39,5
P2,-0.13,1.38,55
P2,-0.14,1.38,53
P2,-0.02,0.33,1554
P2,-0.01,0.33,1504
P2,-0.24,0.85,198
P2,-0.24,0.84,238
P2,-0.24,0.81,340
P2,-0.23,0.81,457
P2,-0.23,0.80,398
P2,-0.06,0.95,82
P2,-0.06,0.96,99
P2,-0.05,0.96,307
P2,-0.05,0.95,77
P2,-0.09,0.21,2121
P2,-0.10,0.21,1439
P2,-0.11,0.21,686
P2,0.01,0.65,3182
P2,0.00,0.65,11461
P2,0.00,0.66,446
P2,0.02,0.92,202
P2,0.01,0.92,106
P2,0.14,0.30,261
P2,0.14,0.29,124
P2,0.17,0.53,10612
P2,-0.01,0.73,340
P2,-0.02,0.73,218
P2,-0.03,0.73,406
P2,0.21,0.85,199
P2,0.20,0.85,225
P2,0.19,0.85,387
P2,0.13,0.83,400
P2,0.12,0.83,568
P2,0.11,0.83,597
P2,-0.08,0.31,971
P2,0.01,0.55,837
P2,0.02,0.55,680
P2,0.30,0.81,192
P2,-0.05,0.27,1569
P2,-0.04,0.27,1914
P2,0.00,0.36,1157
P2,-0.19,0.75,199
P2,-0.20,0.75,164
P2,-0.24,0.89,271
P2,-0.17,0.89,231
P2,-0.16,0.89,185
P2,-0.24,0.99,325
P2,-0.24,0.98,169
P2,-0.23,0.98,290
P2,-0.07,0.73,211
P2,-0.08,0.73,434
P2,-0.09,0.73,772
P2,0.43,0.77,5
P2,0.42,0.77,71
P2,-0.14,1.02,197
P2,-0.15,1.02,218
P2,-0.16,1.02,173
P2,-0.02,0.59,622
P2,-0.02,0.58,517
P2,0.08,0.27,1192
P2,0.08,0.28,1004
P2,0.09,0.28,1058
P2,0.01,0.70,429
P2,-0.12,0.28,465
P2,0.03,1.03,196
P2,0.02,1.03,193
P2,0.01,1.02,97
P2,-0.06,1.18,97
P2,-0.07,1.18,112
P2,0.00,0.21,2489
P2,-0.03,0.58,592
P2,-0.03,0.59,680
P2,0.05,0.41,1110
P2,0.05,0.42,814
P2,0.06,0.42,700
P2,0.06,0.41,550
P2,-0.07,0.86,242
P2,-0.08,0.86,158
P2,-0.09,0.86,104
P2,0.01,0.36,1181
P2,-0.12,0.89,59
P2,-0.13,0.90,102
P2,-0.13,0.89,131
P2,-0.03,0.52,685
P2,-0.04,0.52,519
P2,0.05,0.29,2073
P2,-0.10,0.30,564
P2,0.42,0.78,96
P2,0.09,0.33,948
P2,-0.14,1.28,29
P2,-0.15,1.28,63
P2,-0.16,1.28,51
P2,0.13,0.63,786
P2,0.14,0.60,2443
P2,0.09,0.43,457
P2,0.10,0.43,430
P2,0.14,0.27,221
P2,0.15,0.27,463
P2,0.35,1.28,17
P2,0.36,1.28,7
P2,-0.06,0.74,368
P2,0.03,0.52,913
P2,-0.13,0.30,207
P2,-0.23,0.52,516
P2,-0.22,0.52,291
P2,0.20,0.51,1
P2,0.19,0.52,2
P2,0.19,0.53,1
P2,0.18,0.53,3114
P2,0.18,0.54,38
P2,-0.22,0.79,563
P2,-0.10,0.79,362
P2,-0.10,0.80,313
P2,-0.11,0.80,260
P2,-0.11,0.79,297
P2,0.00,0.67,437
P2,-0.14,1.32,54
P2,-0.13,1.32,92
P2,0.09,0.57,365
P2,0.09,0.58,522
P2,0.10,0.58,2037
P2,0.10,0.57,242
P2,0.14,0.88,702
P2,0.13,0.88,518
P2,-0.13,0.35,238
P2,-0.14,0.35,200
P2,-0.15,0.35,105
P2,-0.04,0.56,397
P2,-0.05,0.56,481
P2,-0.06,0.56,668
P2,-0.06,0.55,482
P2,0.04,0.44,684
P2,-0.16,0.88,192
P2,-0.17,0.88,199
P2,-0.18,0.88,172
P2,0.06,0.52,632
P2,-0.09,0.31,820
P2,-0.10,0.31,748
P2,-0.11,0.31,711
P2,0.01,0.71,7178
P2,0.00,0.71,2435
P2,-0.22,0.98,222
P2,-0.21,0.98,236
P2,-0.20,0.98,275
P2,0.11,0.53,249
P2,0.12,0.53,307
P2,0.13,0.53,261
P2,-0.02,0.75,446
P2,-0.03,0.75,498
P2,-0.04,0.75,469
P2,-0.12,0.64,397
P2,-0.13,0.64,327
P2,-0.10,0.20,756
P2,0.08,0.46,708
P2,0.10,0.46,511
P2,-0.21,0.88,238
P2,-0.20,0.88,354
P2,-0.19,0.88,218
P2,0.09,0.46,577
P2,0.11,0.47,305
P2,0.11,0.46,482
P2,-0.18,0.58,81
P2,-0.19,0.58,91
P2,-0.20,0.58,168
P2,0.16,1.12,136
P2,0.16,1.13,82
P2,0.16,1.11,55
P2,0.15,0.99,166
P2,0.15,1.00,223
P2,0.05,0.36,839
P2,0.05,0.37,972
P2,0.06,0.37,737
P2,0.06,0.36,739
P2,0.31,0.77,50
P2,0.31,0.78,179
P2,0.04,1.26,50
P2,0.04,1.27,65
P2,0.03,1.27,53
P2,0.02,1.27,34
P2,0.02,1.26,119
P2,-0.14,0.32,314
P2,-0.03,0.94,214
P2,-0.04,0.94,101
P2,-0.05,0.94,45
P2,0.03,0.92,229
P2,0.03,0.93,275
P2,0.11,0.24,1010
P2,0.03,0.32,1584
P2,-0.03,0.60,538
P2,-0.03,0.61,550
P2,0.03,0.50,517
P2,-0.07,0.25,2081
P2,0.05,0.51,601
P2,-0.11,0.66,241
P2,-0.11,0.67,395
P2,-0.12,0.67,267
P2,-0.13,0.67,447
P2,-0.13,0.66,342
P2,-0.20,0.94,279
P2,-0.24,0.49,909
P2,-0.23,0.48,564
P2,-0.24,1.15,172
P2,-0.23,1.15,195
P2,-0.12,1.25,60
P2,-0.13,1.25,154
P2,-0.14,1.25,159
P2,-0.14,1.24,104
P2,-0.08,0.81,707
P2,-0.09,0.81,354
P2,-0.10,0.81,188
P2,0.12,0.24,566
P2,0.13,0.24,314
P2,-0.24,0.68,619
P2,-0.22,0.68,506
P2,-0.24,0.44,632
P2,-0.23,0.44,704
P2,0.10,0.37,1827
P2,-0.24,0.78,249
P2,-0.23,0.78,410
P2,0.04,0.56,511
P2,-0.10,0.63,386
P2,-0.11,0.63,264
P2,-0.11,0.62,150
P2,0.01,0.37,996
P2,-0.14,0.84,149
P2,-0.14,0.85,137
P2,-0.15,0.85,227
P2,-0.15,0.84,110
P2,-0.08,0.24,1752
P2,-0.08,0.23,1793
P2,0.21,1.01,89
P2,0.22,1.01,194
P2,0.23,1.01,100
P2,-0.18,0.48,122
P2,0.07,0.85,1698
P2,0.08,0.85,1779
P2,0.09,0.85,1506
P2,0.13,0.80,255
P2,-0.15,0.88,217
P2,-0.15,0.89,202
P2,-0.03,0.70,262
P2,-0.04,0.70,276
P2,-0.04,0.69,349
P2,-0.18,0.51,115
P2,-0.19,0.51,103
P2,0.05,0.38,688
P2,-0.12,0.66,268
P2,-0.14,0.67,337
P2,-0.14,0.66,199
P2,0.11,0.94,504
P2,0.11,0.95,468
P2,0.10,0.95,338
P2,0.09,0.94,292
P2,-0.21,0.73,403
P2,-0.04,0.30,1604
P2,-0.10,0.60,301
P2,-0.11,0.60,125
P2,0.02,0.98,83
P2,0.02,0.99,175
P2,0.03,0.99,240
P2,0.04,0.99,198
P2,0.04,0.98,228
P2,-0.23,0.85,367
P2,0.23,0.30,201
P2,-0.11,0.37,386
P2,-0.23,1.23,162
P2,-0.24,1.23,131
P2,-0.24,1.22,160
P2,0.02,0.58,643
P2,0.03,0.58,447
P2,0.10,1.11,110
P2,0.11,1.11,122
P2,-0.23,0.50,877
P2,0.13,0.47,1138
P2,-0.06,0.97,261
P2,-0.07,0.60,499
P2,-0.07,0.59,483
P2,-0.03,0.37,1386
P2,-0.03,0.38,1193
P2,-0.17,0.68,204
P2,-0.03,0.46,850
P2,0.04,1.36,39
P2,0.03,1.36,51
P2,-0.02,0.92,166
P2,-0.02,0.93,202
P2,-0.03,0.93,318
P2,-0.03,0.92,287
P2,-0.09,0.75,488
P2,-0.09,0.74,183
P2,0.00,0.44,693
P2,-0.01,0.45,820
P2,-0.02,0.45,916
P2,-0.23,0.26,73
P2,-0.22,0.26,229
P2,-0.06,0.34,1529
P2,-0.07,0.34,974
P2,0.11,0.89,332
P2,0.10,0.89,397
P2,0.10,0.88,471
P2,-0.24,0.55,678
P2,-0.19,1.04,254
P2,-0.20,1.04,257
P2,0.01,0.48,694
P2,0.00,0.48,824
P2,0.07,0.69,245
P2,0.06,0.69,116
P2,0.05,0.69,38
P2,-0.01,0.53,796
P2,0.23,1.36,11
P2,0.24,1.36,19
P2,0.24,1.37,15
P2,0.25,1.36,32
P2,0.05,0.80,1031
P2,0.04,0.80,486
P2,0.13,1.08,130
P2,0.14,1.08,79
P2,0.10,0.22,1135
P2,0.10,0.23,1212
P2,0.11,0.23,922
P2,0.00,0.55,1143
P2,-0.01,0.55,885
P2,-0.01,0.54,991
P2,-0.08,0.79,235
P2,0.15,0.66,620
P2,-0.09,0.53,501
P2,-0.09,0.54,573
P2,-0.10,0.53,376
P2,-0.06,0.62,560
P2,-0.08,0.62,405
P2,0.07,0.28,982
P2,0.14,0.94,373
P2,0.14,0.95,345
P2,0.14,0.81,234
P2,0.13,0.81,322
P2,0.12,0.81,216
P2,0.12,0.80,284
P2,0.00,1.10,34
P2,0.01,1.10,47
P2,0.01,1.11,91
P2,-0.07,0.32,1053
P2,0.07,0.37,575
P2,0.06,0.47,708
P2,0.05,0.48,784
P2,-0.08,0.60,516
P2,-0.12,0.87,134
P2,-0.12,0.88,148
P2,-0.13,0.88,74
P2,-0.13,0.87,128
P2,-0.06,0.37,823
P2,-0.02,0.62,489
P2,-0.01,0.63,44564
P2,0.00,0.63,72604
P2,-0.11,0.56,308
P2,-0.12,0.56,344
P2,-0.12,0.57,401
P2,-0.13,0.57,242
P2,-0.13,0.56,205
P2,-0.15,1.10,87
P2,-0.14,1.10,128
P2,-0.06,0.40,999
P2,-0.07,0.39,881
P2,-0.09,0.22,1297
P2,0.11,0.91,602
P2,0.11,0.92,390
P2,0.10,0.92,605
P2,0.10,0.91,605
P2,0.14,0.58,5582
P2,0.08,0.25,1508
P2,0.08,0.24,1640
P2,-0.07,1.26,79
P2,-0.07,1.25,65
P2,0.00,0.69,389
P2,-0.23,0.88,299
P2,-0.22,0.88,202
P2,0.00,0.38,1059
P2,-0.20,0.30,213
P2,-0.20,0.31,195
P2,-0.19,0.30,107
P2,-0.09,1.02,190
P2,-0.02,0.85,1556
P2,-0.02,0.86,565
P2,0.00,0.70,249
P2,0.03,0.68,2873
P2,0.02,0.68,6798
P2,0.02,0.67,40090
P2,-0.23,0.63,482
P2,-0.14,1.07,108
P2,-0.16,1.06,91
P2,-0.04,0.88,274
P2,-0.04,0.89,284
P2,0.04,0.42,889
P2,0.05,0.43,582
P2,0.19,0.92,326
P2,0.19,0.93,208
P2,0.20,0.93,191
P2,0.20,0.92,277
P2,0.21,0.92,188
P2,-0.08,1.32,3
P2,-0.08,1.33,70
P2,0.23,0.97,171
P2,0.23,0.98,193
P2,0.24,0.98,73
P2,0.24,0.97,64
P2,-0.23,0.41,253
P2,-0.22,0.41,88
P2,0.27,0.84,105
P2,0.25,0.84,83
P2,0.23,0.80,164
P2,0.23,0.81,68
P2,0.24,0.81,169
P2,0.24,0.80,114
P2,0.00,0.72,15753
P2,-0.01,0.72,344
P2,-0.01,0.71,748
P2,0.00,0.51,804
P2,-0.01,0.51,651
P2,-0.01,0.50,801
P2,-0.02,0.50,898
P2,0.10,1.00,187
P2,-0.13,1.31,78
P2,-0.12,1.31,53
P2,0.21,0.29,118
P2,0.20,0.29,63
P2,0.10,1.21,69
P2,0.10,1.22,82
P2,0.03,0.60,646
P2,0.02,0.60,496
P2,0.12,0.21,125
P2,-0.15,0.44,326
P2,0.06,0.88,491
P2,0.05,0.88,1222
P2,-0.01,0.41,1018
P2,-0.22,0.93,383
P2,-0.21,0.93,504
P2,-0.20,0.93,445
P2,0.43,0.95,38
P2,0.42,0.95,24
P2,0.09,0.30,941
P2,-0.21,0.40,6
P2,-0.20,0.40,35
P2,-0.20,0.41,10
P2,-0.19,0.40,102
P2,-0.11,0.45,505
P2,0.04,0.82,279
P2,0.00,1.08,121
P2,0.00,1.09,131
P2,0.08,0.37,884
P2,0.12,0.28,645
P2,0.13,0.28,426
P2,0.03,0.46,871
P2,0.01,0.45,832
P2,-0.08,0.93,75
P2,-0.09,0.93,215
P2,-0.09,0.94,204
P2,-0.12,0.58,334
P2,-0.13,0.58,289
P2,-0.14,0.58,233
P2,0.02,0.75,323
P2,-0.24,0.69,655
P2,-0.04,1.10,44
P2,-0.04,1.11,176
P2,-0.03,1.11,145
P2,-0.03,1.10,51
P2,-0.15,1.23,55
P2,-0.14,1.23,91
P2,0.04,1.04,182
P2,0.06,1.04,175
P2,-0.19,1.18,208
P2,-0.18,1.18,232
P2,0.07,0.86,242
P2,0.06,0.86,284
P2,0.05,0.86,242
P2,0.05,0.85,544
P2,0.35,0.72,46
P2,0.36,0.72,36
P2,0.37,0.72,7
P2,-0.11,1.37,43
P2,-0.10,1.37,16
P2,-0.03,0.29,1666
P2,-0.12,0.62,150
P2,-0.13,0.62,241
P2,-0.17,0.96,128
P2,-0.18,0.96,218
P2,-0.02,0.55,993
P2,-0.03,0.55,761
P2,-0.05,0.67,330
P2,-0.05,0.68,262
P2,-0.04,0.68,307
P2,-0.04,0.67,504
P2,-0.22,0.63,387
P2,-0.10,0.22,1256
P2,-0.11,0.22,976
P2,0.10,0.32,593
P2,-0.05,0.51,647
P2,-0.06,0.51,554
P2,-0.07,0.51,509
P2,-0.15,0.69,90
P2,-0.16,0.69,155
P2,0.10,0.26,906
P2,-0.05,0.45,981
P2,-0.06,0.45,860
P2,-0.07,0.45,778
P2,-0.05,0.29,1383
P2,-0.06,0.29,1513
P2,-0.05,0.75,608
P2,-0.05,0.84,288
P2,0.31,0.82,52
P2,0.32,0.82,208
P2,-0.01,0.34,1524
P2,-0.09,0.34,1136
P2,-0.13,1.02,101
P2,-0.13,1.03,279
P2,-0.18,1.35,79
P2,-0.17,1.35,161
P2,-0.16,1.34,54
P2,-0.11,1.09,56
P2,-0.12,1.09,197
P2,-0.14,0.56,185
P2,-0.15,0.57,252
P2,-0.16,0.57,173
P2,-0.16,0.56,133
P2,-0.07,0.46,996
P2,0.14,0.84,317
P2,0.15,0.84,211
P2,0.16,0.84,483
P2,0.16,0.83,887
P2,-0.09,0.48,817
P2,-0.09,0.49,653
P2,0.43,0.68,2
P2,0.42,0.68,24
P2,0.42,0.67,7
P2,-0.08,0.49,480
P2,-0.09,0.50,441
P2,-0.10,0.49,396
P2,-0.04,1.06,36
P2,-0.04,1.07,27
P2,-0.05,1.07,69
P2,-0.05,1.06,27
P2,0.23,0.84,172
P2,0.23,0.85,132
P2,0.22,0.85,221
P2,0.21,1.00,206
P2,0.22,1.00,74
P2,0.23,1.00,53
P2,0.02,0.25,2595
P2,0.04,0.55,485
P2,0.07,0.23,1821
P2,-0.09,0.20,1190
P2,0.41,1.15,2
P2,0.31,0.83,79
P2,0.32,0.83,108
P2,0.33,0.83,122
P2,-0.14,0.28,177
P2,-0.15,0.28,74
P2,-0.07,0.55,359
P2,-0.07,0.54,476
P2,0.27,0.82,149
P2,0.27,0.83,161
P2,0.26,0.80,4
P2,0.27,0.81,225
P2,0.28,0.81,140
P2,0.28,0.80,145
P2,0.31,0.84,117
P2,0.32,0.84,99
P2,0.32,0.85,131
P2,-0.23,0.28,273
P2,-0.22,0.28,503
P2,-0.01,0.77,544
P2,0.00,0.77,635
P2,-0.05,0.81,278
P2,0.20,0.84,238
P2,0.19,0.84,448
P2,-0.14,0.47,380
P2,-0.15,0.47,264
P2,0.05,0.44,586
P2,0.06,0.45,659
P2,0.06,0.44,819
P2,0.07,0.44,522
P2,0.08,0.23,1663
P2,0.09,0.23,1031
P2,0.05,0.30,1859
P2,-0.06,0.41,746
P2,-0.11,1.18,25
P2,-0.11,1.19,22
P2,-0.12,1.19,177
P2,-0.12,1.18,115
P2,0.16,1.03,163
P2,0.16,1.04,119
P2,0.17,1.04,154
P2,0.17,1.03,137
P2,0.26,0.94,110
P2,0.27,0.94,58
P2,-0.19,1.37,95
P2,-0.18,1.37,104
P2,-0.17,1.37,43
P2,0.19,0.86,802
P2,0.18,0.86,622
P2,0.17,0.86,953
P2,0.43,0.73,4
P2,0.42,0.73,62
P2,0.01,0.93,58
P2,0.02,0.93,295
P2,0.00,1.34,47
P2,0.00,1.33,107
P2,0.11,0.33,17075
P2,-0.10,0.86,78
P2,-0.11,0.85,83
P2,-0.24,0.75,424
P2,-0.14,0.64,257
P2,-0.14,0.63,423
P2,0.07,0.45,633
P2,0.00,0.73,340
P2,0.43,1.15,1
P2,-0.23,0.55,607
P2,-0.21,0.70,480
P2,-0.24,0.36,452
P2,-0.23,0.36,159
P2,-0.23,0.35,55
P2,-0.06,0.86,169
P2,-0.06,0.87,149
P2,-0.07,0.87,119
P2,-0.08,0.87,94
P2,-0.19,0.70,285
P2,-0.20,0.70,363
P2,0.14,1.37,94
P2,0.14,1.38,105
P2,0.13,1.38,23
P2,0.13,1.37,13
P2,-0.07,0.64,497
P2,0.03,0.61,10028
P2,0.03,0.62,178082
P2,0.00,0.79,649
P2,0.42,0.96,16
P2,0.35,0.80,101
P2,0.35,0.81,57
P2,0.36,0.81,46
P2,0.36,0.80,70
P2,0.41,1.20,2
P2,0.40,1.20,4
P2,0.28,0.86,178
P2,0.28,0.87,127
P2,0.29,0.87,106
P2,0.29,0.86,156
P2,-0.10,0.24,1245
P2,-0.10,0.25,1243
P2,-0.11,0.24,1032
P2,0.05,0.20,1386
P2,-0.14,0.78,157
P2,-0.15,0.78,154
P2,-0.15,0.77,165
P2,-0.06,0.60,340
P2,-0.06,0.59,536
P2,-0.09,0.32,752
P2,-0.11,0.28,628
P2,0.03,0.47,766
P2,0.02,0.47,966
P2,-0.13,1.10,104
P2,-0.01,0.35,914
P2,-0.14,1.39,7
P2,0.12,0.50,306
P2,0.13,0.50,283
P2,-0.23,0.74,525
P2,-0.22,0.74,516
P2,0.02,0.43,1192
P2,0.01,0.44,875
P2,-0.17,1.02,144
P2,0.38,0.82,129
P2,0.39,0.82,173
P2,0.13,1.28,13
P2,0.13,1.29,156
P2,-0.10,0.48,618
P2,-0.11,0.48,465
P2,-0.06,0.50,855
P2,0.22,1.07,151
P2,0.23,1.07,162
P2,0.24,1.07,154
P2,0.18,0.91,751
P2,0.19,0.91,755
P2,0.20,0.91,628
P2,0.05,0.45,710
P2,0.06,0.46,695
P2,0.31,0.76,119
P2,0.32,0.76,87
P2,0.33,0.76,114
P2,0.01,0.56,652
P2,0.01,0.57,506
P2,0.00,0.57,585
P2,-0.02,0.98,234
P2,-0.02,0.99,104
P2,-0.03,0.99,113
P2,-0.03,0.98,135
P2,0.05,0.76,188
P2,0.06,0.76,978
P2,0.10,0.24,1671
P2,-0.12,0.55,349
P2,-0.13,0.55,418
P2,-0.14,0.55,191
P2,-0.14,0.54,278
P2,0.00,0.47,922
P2,-0.01,0.46,1270
P2,0.32,0.75,50
P2,0.33,0.75,63
P2,0.34,0.75,86
P2,-0.24,0.35,249
P2,0.21,0.90,808
P2,0.22,0.90,896
P2,0.23,0.90,711
P2,0.06,0.77,325
P2,-0.01,0.52,663
P2,-0.02,0.52,754
P2,0.03,0.89,624
P2,0.11,0.80,180
P2,-0.10,0.32,584
P2,0.13,0.32,791
P2,-0.11,1.01,128
P2,-0.11,1.02,26
P2,-0.12,1.01,36
P2,-0.07,0.97,92
P2,-0.08,0.97,222
P2,0.02,0.54,1017
P2,-0.24,0.91,227
P2,-0.23,0.92,275
P2,-0.05,0.63,667
P2,-0.21,0.33,349
P2,-0.21,0.34,281
P2,-0.20,0.34,380
P2,-0.20,0.33,311
P2,-0.19,0.33,126
P2,-0.09,0.23,1294
P2,0.13,0.25,168
P2,0.20,0.31,221
P2,0.07,1.00,167
P2,0.07,1.01,238
P2,0.08,1.01,227
P2,0.08,1.00,177
P2,-0.21,0.90,250
P2,-0.22,0.90,228
P2,-0.23,0.90,305
P2,-0.08,1.14,41
P2,-0.09,1.14,53
P2,-0.10,1.14,32
P2,-0.04,0.29,1437
P2,-0.04,0.57,628
P2,-0.05,0.57,548
P2,-0.06,0.57,430
P2,-0.19,1.27,81
P2,-0.18,1.27,228
P2,-0.17,1.27,155
P2,-0.19,0.66,158
P2,-0.18,0.66,152
P2,-0.11,0.50,550
P2,-0.11,0.51,325
P2,-0.13,0.50,365
P2,0.05,0.95,308
P2,-0.24,1.04,245
P2,-0.23,1.04,301
P2,-0.22,1.04,319
P2,-0.21,0.59,456
P2,-0.17,0.71,101
P2,-0.17,0.72,192
P2,-0.18,0.72,264
P2,-0.18,0.71,180
P2,-0.21,0.83,440
P2,-0.06,0.78,337
P2,-0.15,1.17,138
P2,-0.16,1.18,148
P2,-0.16,1.17,80
P2,-0.17,1.17,131
P2,-0.06,0.47,714
P2,0.07,0.36,712
P2,0.08,0.36,1450
P2,-0.12,0.52,504
P2,-0.21,1.07,253
P2,-0.20,1.07,295
P2,-0.21,0.92,378
P2,-0.15,0.67,220
P2,-0.16,0.67,235
P2,-0.06,0.61,575
P2,0.01,0.83,501
P2,-0.20,0.87,153
P2,-0.19,0.87,179
P2,-0.05,0.69,213
P2,0.03,0.54,721
P2,0.15,0.88,401
P2,-0.22,0.76,316
P2,-0.09,0.51,305
P2,-0.02,0.61,449
P2,-0.05,0.35,915
P2,-0.07,0.47,739
P2,-0.20,1.18,57
P2,-0.06,1.07,103
P2,0.08,0.84,401
P2,0.07,0.84,247
P2,0.07,0.83,207
P2,0.06,0.83,251
P2,-0.09,1.28,88
P2,-0.09,1.29,89
P2,-0.08,1.28,67
P2,0.13,0.87,979
P2,0.14,0.87,1161
P2,0.14,0.82,1475
P2,0.21,0.93,172
P2,0.21,0.94,202
P2,0.22,0.94,211
P2,0.23,0.94,195
P2,0.23,0.93,170
P2,-0.24,1.08,108
P2,-0.23,1.08,216
P2,-0.22,1.08,212
P2,-0.22,1.07,172
P2,0.27,0.86,177
P2,-0.06,0.58,484
P2,-0.10,0.91,78
P2,-0.10,0.92,136
P2,0.43,0.82,9
P2,0.42,0.82,31
P2,0.42,0.83,37
P2,0.41,0.83,27
P2,0.41,0.82,62
P2,0.36,0.75,70
P2,0.37,0.75,44
P2,0.38,0.75,17
P2,-0.05,0.79,422
P2,-0.05,0.78,830
P2,-0.07,0.50,705
P2,-0.07,0.68,525
P2,-0.08,0.68,488
P2,-0.09,0.41,845
P2,0.34,0.78,143
P2,0.34,0.77,36
P2,-0.07,0.84,227
P2,-0.08,0.84,142
P2,-0.10,0.45,588
P2,0.06,0.87,260
P2,0.05,0.87,216
P2,0.18,1.05,187
P2,0.18,1.06,92
P2,0.19,1.06,164
P2,0.19,1.05,136
P2,0.06,0.30,1632
P2,-0.24,0.82,365
P2,-0.23,0.82,483
P2,-0.01,0.93,119
P2,-0.01,0.94,146
P2,-0.02,0.94,135
P2,0.00,1.39,4
P2,0.00,1.38,56
P2,0.15,1.37,46
P2,0.08,0.50,548
P2,0.08,0.51,482
P2,-0.07,1.35,60
P2,-0.07,1.36,4
P2,-0.07,1.34,1
P2,-0.16,0.49,239
P2,-0.17,0.49,167
P2,-0.18,0.49,67
P2,0.15,1.36,21
P2,0.16,1.36,22
P2,0.16,1.37,62
P2,0.17,1.37,28
P2,0.17,1.36,21
P2,-0.14,1.16,101
P2,-0.14,1.17,118
P2,-0.13,1.17,86
P2,-0.13,1.16,105
P2,-0.12,1.16,117
P2,-0.21,1.20,127
P2,-0.20,1.20,153
P2,0.16,0.66,124
P2,0.13,1.35,28
P2,-0.23,0.51,750
P2,-0.24,0.90,221
P2,-0.21,1.30,83
P2,-0.20,1.30,172
P2,-0.19,1.30,132
P2,0.00,0.45,742
P2,-0.23,0.72,454
P2,-0.07,0.42,625
P2,-0.16,0.37,184
P2,-0.23,0.54,720
P2,-0.02,0.54,780
P2,0.03,1.23,37
P2,0.02,1.23,27
P2,0.01,1.23,18
P2,-0.20,0.77,242
P2,-0.19,0.77,285
P2,0.14,0.52,231
P2,-0.05,0.74,560
P2,-0.06,0.75,250
P2,-0.17,0.34,25
P2,-0.18,0.34,19
P2,-0.01,0.76,475
P2,-0.02,0.76,637
P2,-0.04,0.41,797
P2,-0.04,0.40,837
P2,-0.20,0.61,237
P2,0.02,0.77,306
P2,0.01,0.77,451
P2,-0.20,0.59,296
P2,0.07,0.42,820
P2,0.07,0.43,590
P2,0.08,0.43,850
P2,0.08,0.42,473
P2,0.02,0.64,374
P2,0.02,0.65,460
P2,0.17,0.92,398
P2,0.18,0.92,350
P2,-0.10,1.08,102
P2,0.01,1.14,138
P2,0.01,1.13,63
P2,0.28,0.84,259
P2,0.22,0.32,317
P2,0.20,1.33,53
P2,0.21,1.33,46
P2,0.22,1.33,33
P2,0.35,0.76,70
P2,0.36,0.76,13
P2,-0.04,0.91,111
P2,-0.04,0.92,308
P2,-0.05,0.41,1043
P2,-0.05,0.42,1018
P2,-0.04,0.95,104
P2,-0.23,1.22,60
P2,-0.24,1.21,99
P2,-0.16,1.33,162
P2,-0.15,1.33,222
P2,0.01,1.27,87
P2,0.01,1.26,37
P2,-0.24,1.03,125
P2,-0.23,1.03,151
P2,-0.08,0.53,329
P2,-0.10,0.52,675
P2,-0.03,0.39,1054
P2,-0.23,0.29,580
P2,-0.22,0.29,512
P2,0.10,0.55,311
P2,-0.01,1.36,12
P2,-0.01,1.37,39
P2,0.00,1.37,26
P2,0.00,1.36,13
P2,0.09,0.98,169
P2,0.10,0.98,328
P2,0.11,0.98,346
P2,0.17,0.85,174
P2,0.23,0.79,76
P2,-0.07,1.13,103
P2,-0.07,1.14,103
P2,0.41,0.73,30
P2,0.40,0.73,21
P2,-0.09,0.39,658
P2,-0.10,0.40,634
P2,-0.10,0.39,626
P2,0.06,0.29,1207
P2,-0.15,0.33,123
P2,0.11,0.70,25
P2,-0.24,0.77,495
P2,0.10,0.96,269
P2,0.10,0.97,172
P2,0.09,0.97,204
P2,0.09,0.96,354
P2,-0.02,0.51,549
P2,-0.11,1.36,23
P2,-0.10,1.36,76
P2,0.12,1.39,1
P2,0.12,1.38,91
P2,0.09,0.24,1354
P2,0.14,1.39,6
P2,0.04,1.15,39
P2,0.03,1.15,87
P2,-0.02,0.53,861
P2,0.12,1.20,175
P2,0.12,1.21,19
P2,0.11,1.21,286
P2,0.11,1.20,87
P2,-0.02,0.72,231
P2,-0.12,0.63,273
P2,-0.13,0.63,338
P2,0.05,0.40,1002
P2,0.06,0.40,634
P2,0.12,1.04,161
P2,0.11,1.04,162
P2,0.11,1.05,316
P2,0.10,1.05,189
P2,0.10,1.04,267
P2,-0.19,0.92,281
P2,-0.18,0.92,191
P2,-0.18,0.65,160
P2,-0.19,0.65,253
P2,-0.20,0.65,364
P2,-0.20,0.64,211
P2,0.18,0.87,668
P2,0.18,0.88,368
P2,0.40,0.80,15
P2,0.40,0.81,44
P2,0.41,0.81,48
P2,0.41,0.80,17
P2,0.42,0.80,51
P2,-0.02,0.88,183
P2,-0.01,0.88,256
P2,0.10,0.73,4438
P2,0.12,0.68,37
P2,-0.11,1.13,58
P2,-0.11,1.14,55
P2,-0.12,1.14,99
P2,-0.13,1.14,105
P2,-0.13,1.13,112
P2,0.30,0.95,75
P2,0.31,0.95,111
P2,0.32,0.95,102
P2,-0.14,0.98,133
P2,-0.14,0.99,159
P2,-0.15,0.98,132
P2,-0.03,0.85,771
P2,-0.03,0.86,389
P2,0.43,0.75,11
P2,0.42,0.75,74
P2,0.42,0.74,49
P2,-0.09,0.83,156
P2,-0.11,0.84,63
P2,-0.11,0.83,308
P2,-0.24,0.40,813
P2,0.33,0.79,14
P2,0.34,0.79,45
P2,-0.23,1.31,35
P2,-0.22,1.31,143
P2,-0.14,0.68,91
P2,0.19,1.01,118
P2,0.20,1.01,47
P2,0.20,1.02,211
P2,0.21,1.02,69
P2,0.04,1.16,53
P2,-0.14,0.45,558
P2,0.04,0.85,527
P2,-0.24,0.38,526
P2,-0.06,0.42,668
P2,-0.07,0.41,724
P2,0.43,0.72,4
P2,0.42,0.72,48
P2,0.42,0.71,21
P2,0.00,0.56,651
P2,0.41,0.72,17
P2,0.40,0.72,1
P2,0.39,0.73,4
P2,0.39,0.72,7
P2,0.20,0.94,210
P2,0.21,0.95,205
P2,0.06,0.93,416
P2,0.05,0.93,399
P2,0.04,0.93,265
P2,-0.22,1.35,68
P2,-0.21,1.35,149
P2,-0.20,1.35,147
P2,-0.05,0.40,999
P2,0.03,0.85,334
P2,0.02,0.85,384
P2,-0.01,0.86,1297
P2,-0.04,0.64,419
P2,-0.07,0.53,336
P2,0.20,1.07,138
P2,0.21,1.07,126
P2,0.14,0.32,383
P2,0.15,0.32,101103
P2,0.16,0.32,471
P2,-0.19,0.72,358
P2,-0.12,0.27,561
P2,-0.13,0.26,464
P2,0.15,0.83,852
P2,0.07,0.41,724
P2,0.07,0.40,531
P2,0.09,1.06,148
P2,0.09,1.07,76
P2,0.10,1.07,176
P2,0.11,1.07,62
P2,0.11,1.06,332
P2,0.19,0.83,621
P2,0.20,0.83,255
P2,0.10,0.28,1618
P2,0.11,0.28,777
P2,0.06,0.38,750
P2,-0.18,0.95,221
P2,-0.17,0.95,250
P2,-0.16,0.95,152
P2,0.10,0.83,360
P2,0.23,1.18,58
P2,0.24,1.18,55
P2,0.25,1.18,19
P2,-0.09,0.24,1450
P2,-0.01,0.44,939
P2,-0.04,0.96,128
P2,-0.12,0.80,140
P2,0.12,0.91,760
P2,0.14,0.96,399
P2,0.14,0.97,313
P2,0.30,0.76,21
P2,0.07,1.16,94
P2,0.07,1.17,188
P2,-0.16,0.62,145
P2,-0.16,0.63,186
P2,-0.17,0.63,164
P2,-0.17,0.62,125
P2,-0.18,0.62,159
P2,-0.08,1.02,84
P2,-0.08,1.03,344
P2,-0.19,0.34,138
P2,-0.24,1.20,150
P2,-0.24,0.48,434
P2,-0.22,0.48,260
P2,0.31,0.75,24
P2,0.11,1.12,123
P2,-0.24,0.96,219
P2,-0.23,0.96,383
P2,-0.22,0.96,327
P2,-0.13,0.49,211
P2,-0.14,0.50,325
P2,-0.15,0.50,180
P2,-0.15,0.49,344
P2,-0.04,0.72,410
P2,-0.03,0.83,272
P2,-0.03,0.82,225
P2,-0.17,1.06,107
P2,-0.15,0.59,139
P2,-0.16,0.59,206
P2,-0.17,0.59,150
P2,0.09,0.65,101
P2,0.10,0.65,947
P2,0.10,0.64,22039
P2,0.43,0.67,1
P2,-0.11,0.39,342
P2,-0.11,0.40,691
P2,-0.12,0.40,611
P2,-0.18,0.79,254
P2,-0.15,1.15,44
P2,-0.15,1.16,119
P2,-0.16,1.16,115
P2,-0.16,1.15,41
P2,-0.17,1.15,82
P2,-0.10,0.26,1048
P2,0.28,0.83,191
P2,0.29,0.83,95
P2,0.16,0.82,1022
P2,-0.22,0.27,389
P2,-0.21,0.27,340
P2,-0.13,0.80,71
P2,-0.21,0.82,297
P2,-0.20,0.69,370
P2,-0.19,0.69,283
P2,-0.02,0.46,987
P2,0.43,0.78,5
P2,0.42,0.79,15
P2,0.41,0.79,1
P2,-0.21,0.65,465
P2,-0.07,0.91,108
P2,0.17,0.84,402
P2,0.18,0.84,287
P2,0.18,0.85,321
P2,-0.16,1.04,87
P2,-0.11,0.49,435
P2,0.11,0.39,283
P2,0.12,0.41,448
P2,0.13,0.43,232
P2,-0.15,1.14,69
P2,-0.15,1.13,162
P2,-0.07,0.66,430
P2,-0.08,0.66,726
P2,-0.08,0.67,748
P2,-0.09,0.66,401
P2,-0.08,0.39,581
P2,-0.22,1.33,181
P2,-0.22,0.78,366
P2,-0.21,0.78,397
P2,-0.20,0.78,281
P2,-0.10,0.57,432
P2,-0.10,0.58,279
P2,-0.11,0.58,423
P2,-0.11,0.57,291
P2,0.01,1.32,66
P2,0.00,1.32,69
P2,-0.01,1.32,47
P2,-0.24,1.05,273
P2,0.34,0.72,26
P2,0.35,0.71,2
P2,-0.22,0.55,510
P2,0.25,0.77,106
P2,-0.17,0.79,199
P2,-0.19,0.78,291
P2,-0.16,0.36,52
P2,-0.17,0.36,40
P2,0.37,0.70,12
P2,0.37,0.71,39
P2,0.38,0.71,43
P2,0.38,0.70,13
P2,-0.19,1.15,136
P2,-0.20,1.15,81
P2,0.00,0.52,868
P2,-0.17,0.35,26
P2,-0.18,0.35,77
P2,0.41,0.77,35
P2,-0.21,0.28,272
P2,0.06,1.13,49
P2,0.06,1.14,63
P2,0.07,1.14,23
P2,0.07,1.13,69
P2,0.00,1.28,48
P2,-0.01,1.28,21
P2,-0.01,1.29,102
P2,-0.02,1.29,21
P2,-0.02,1.28,11
P2,0.18,1.13,148
P2,0.19,1.13,117
P2,0.20,1.13,99
P2,0.25,0.80,27
P2,-0.15,0.52,141
P2,-0.16,0.52,132
P2,-0.23,0.40,512
P2,-0.22,0.40,54
P2,-0.08,0.55,579
P2,-0.09,0.55,392
P2,-0.14,0.59,182
P2,-0.15,0.60,176
P2,-0.16,0.60,208
P2,0.09,1.30,51
P2,0.10,1.30,51
P2,0.11,1.30,54
P2,0.17,0.97,305
P2,0.17,0.98,212
P2,0.20,0.86,962
P2,0.21,0.86,925
P2,0.05,0.96,242
P2,0.05,0.97,317
P2,0.06,0.97,284
P2,0.06,0.96,292
P2,-0.24,1.16,51
P2,-0.23,1.16,79
P2,-0.09,0.47,512
P2,-0.10,0.47,505
P2,0.08,0.60,827
P2,0.09,0.60,778
P2,-0.04,1.02,190
P2,-0.05,1.01,138
P2,-0.15,0.86,156
P2,-0.17,0.85,101
P2,-0.03,0.54,835
P2,-0.13,0.34,378
P2,-0.14,0.34,228
P2,-0.15,0.51,180
P2,0.00,0.58,643
P2,-0.01,0.58,470
P2,-0.08,1.00,180
P2,-0.08,1.01,91
P2,0.11,1.01,217
P2,0.10,1.01,220
P2,0.09,1.01,243
P2,-0.08,0.45,750
P2,-0.09,0.45,824
P2,-0.15,0.92,76
P2,-0.16,0.92,196
P2,-0.17,0.92,162
P2,0.06,0.31,1583
P2,-0.16,1.03,175
P2,-0.15,1.03,190
P2,-0.14,1.03,171
P2,-0.03,0.84,875
P2,0.13,0.59,3907
P2,-0.04,0.74,415
P2,0.06,0.55,397
P2,0.05,0.66,72
P2,-0.24,0.47,608
P2,-0.03,0.76,343
P2,-0.07,0.72,256
P2,-0.08,0.72,375
P2,-0.21,1.22,95
P2,-0.20,1.22,162
P2,-0.09,0.95,185
P2,-0.17,0.65,144
P2,-0.21,0.55,363
P2,0.09,0.84,429
P2,0.10,0.84,326
P2,-0.14,0.57,206
P2,0.04,0.43,923
P2,0.00,1.22,142
P2,0.00,1.23,61
P2,0.09,1.37,39
P2,0.10,1.37,37
P2,0.11,1.37,53
P2,0.11,1.36,25
P2,0.01,0.85,238
P2,-0.15,1.04,81
P2,0.14,0.92,606
P2,0.43,0.66,2
P2,0.42,0.66,9
P2,-0.07,0.52,544
P2,-0.21,0.85,283
P2,-0.17,1.00,158
P2,-0.16,1.00,203
P2,-0.23,1.00,162
P2,-0.22,1.00,198
P2,-0.22,1.01,185
P2,-0.21,1.01,120
P2,0.13,0.31,237
P2,0.14,0.31,198
P2,0.15,0.31,1151
P2,-0.23,0.53,425
P2,0.42,1.11,2
P2,0.42,1.12,13
P2,0.41,1.12,1
P2,0.41,1.11,4
P2,-0.12,0.50,302
P2,0.15,0.82,1226
P2,-0.04,1.13,101
P2,-0.04,1.14,109
P2,-0.04,1.09,26
P2,-0.04,1.08,52
P2,0.11,0.82,1833
P2,-0.09,0.88,205
P2,-0.09,0.89,146
P2,0.02,0.42,939
P2,-0.08,0.54,495
P2,-0.10,0.54,346
P2,0.32,0.80,123
P2,0.33,0.81,105
P2,-0.14,0.89,100
P2,-0.14,0.88,79
P2,-0.23,0.79,367
P2,0.26,0.78,37
P2,0.26,0.79,39
P2,0.27,0.79,10
P2,0.27,0.78,29
P2,-0.16,0.96,97
P2,-0.15,0.96,120
P2,-0.14,0.96,79
P2,0.08,0.99,278
P2,0.09,0.99,184
P2,0.22,0.87,183
P2,0.23,0.87,239
P2,0.24,0.87,92
P2,0.23,0.95,197
P2,0.23,0.96,194
P2,0.05,0.35,1036
P2,-0.08,0.50,661
P2,0.06,0.91,582
P2,-0.24,0.39,376
P2,-0.09,1.15,53
P2,-0.09,1.16,20
P2,-0.24,1.32,88
P2,-0.13,1.36,34
P2,-0.12,1.36,36
P2,-0.06,0.66,521
P2,-0.24,1.07,47
P2,-0.23,1.07,90
P2,0.02,0.87,1110
P2,0.02,0.88,771
P2,0.03,0.88,1297
P2,0.11,0.31,1524
P2,-0.04,0.66,34249
P2,0.32,0.79,107
P2,0.07,1.02,164
P2,0.06,1.02,111
P2,0.06,1.01,165
P2,0.05,1.01,167
P2,-0.17,0.50,54
P2,-0.18,0.50,28
P2,-0.16,1.35,127
P2,-0.17,1.18,180
P2,0.03,0.42,943
P2,-0.14,1.11,70
P2,-0.14,1.12,101
P2,-0.15,1.12,172
P2,-0.16,1.12,114
P2,-0.12,1.03,52
P2,-0.12,1.04,109
P2,-0.13,1.04,144
P2,-0.22,1.16,71
P2,0.35,0.82,59
P2,0.36,0.82,108
P2,0.37,0.82,32
P2,-0.01,1.03,83
P2,-0.01,1.04,108
P2,-0.01,1.02,111
P2,0.12,0.31,306
P2,0.22,0.99,98
P2,0.23,0.99,108
P2,0.24,0.99,114
P2,0.01,0.49,771
P2,-0.20,0.66,206
P2,-0.08,0.46,900
P2,-0.05,0.62,715
P2,-0.07,0.62,603
P2,0.14,0.59,3829
P2,0.15,0.57,10302
P2,0.13,0.37,297
P2,0.13,0.38,841
P2,0.13,0.39,1606
P2,0.13,0.40,98919
P2,0.14,0.41,175
P2,0.14,0.42,1097
P2,0.14,0.43,1644
P2,0.11,0.65,26299
P2,0.12,0.36,111122
P2,0.12,0.37,1119
P2,0.13,0.41,1165
P2,-0.14,0.80,48
P2,0.16,0.96,197
P2,0.16,0.97,204
P2,0.17,0.96,164
P2,0.18,0.96,210
P2,-0.22,0.62,391
P2,-0.22,0.61,613
P2,-0.21,0.61,444
P2,-0.17,1.38,153
P2,-0.17,1.39,12
P2,-0.16,1.38,135
P2,0.21,0.91,286
P2,0.12,0.38,877
P2,0.13,0.42,469
P2,-0.07,1.27,75
P2,-0.07,1.28,37
P2,-0.08,0.89,141
P2,-0.10,0.89,44
P2,-0.05,0.48,391
P2,-0.02,0.69,104238
P2,0.22,0.28,360
P2,0.04,0.57,488
P2,0.03,0.79,802
P2,-0.01,0.68,241
P2,-0.02,0.68,46463
P2,-0.09,1.24,56
P2,-0.09,1.25,104
P2,-0.10,1.25,18
P2,-0.10,1.24,31
P2,0.08,0.69,174
P2,0.08,0.68,41654
P2,0.08,0.67,2500
P2,0.09,0.67,424
P2,0.15,0.49,1824
P2,0.16,0.49,1670
P2,0.16,0.50,2428
P2,-0.05,1.05,76
P2,-0.06,1.05,112
P2,-0.06,1.06,174
P2,0.08,0.53,338
P2,-0.03,0.87,295
P2,-0.03,0.88,183
P2,-0.19,0.62,177
P2,-0.06,0.49,723
P2,-0.07,0.49,673
P2,0.06,1.39,6
P2,0.06,1.38,51
P2,0.05,1.38,22
P2,0.15,0.47,1783
P2,0.15,0.48,1835
P2,-0.08,0.59,278
P2,-0.09,0.59,385
P2,-0.10,0.59,296
P2,0.17,0.32,167
P2,0.18,0.32,22
P2,0.18,0.31,35
P2,0.13,0.61,2522
P2,-0.07,0.56,278
P2,-0.07,0.57,451
P2,0.05,0.90,276
P2,0.06,0.90,360
P2,0.07,0.90,594
P2,-0.15,0.90,117
P2,0.06,0.39,1101
P2,0.08,0.82,446
P2,0.01,0.75,274
P2,0.03,0.69,69352
P2,-0.11,0.52,565
P2,-0.19,1.22,109
P2,-0.19,1.23,56
P2,-0.20,1.23,128
P2,-0.21,1.23,165
P2,0.15,0.53,246
P2,-0.21,0.67,359
P2,0.09,0.34,487
P2,0.10,0.34,544
P2,0.10,0.35,502
P2,0.11,0.34,1077
P2,0.12,0.32,3713
P2,0.02,0.80,399
P2,0.17,0.52,7618
P2,-0.13,0.99,110
P2,-0.15,0.99,90
P2,-0.05,0.58,386
P2,-0.04,0.58,271
P2,0.15,0.46,1486
P2,0.22,0.81,139
P2,0.22,0.80,160
P2,0.26,0.77,42
P2,0.13,0.60,1869
P2,0.01,0.59,538
P2,0.02,0.83,770
P2,-0.11,0.20,326
P2,0.13,0.21,17
P2,0.02,0.66,1188
P2,-0.19,0.38,143
P2,-0.18,0.38,169
P2,-0.18,0.87,291
P2,-0.17,0.87,247
P2,-0.19,1.05,236
P2,-0.18,1.05,168
P2,-0.17,1.05,168
P2,-0.07,0.88,277
P2,0.08,0.40,595
P2,0.06,0.59,635
P2,0.06,0.60,1607
P2,0.05,0.77,277
P2,0.04,0.77,255
P2,0.03,0.77,288
P2,-0.02,0.70,313
P2,0.00,0.49,934
P2,-0.20,0.68,365
P2,-0.19,0.68,260
P2,-0.18,0.68,184
P2,-0.17,1.32,153
P2,-0.16,1.32,121
P2,-0.08,0.94,147
P2,-0.10,0.94,163
P2,-0.07,0.61,717
P2,-0.11,0.36,707
P2,0.21,0.28,178
P2,-0.24,0.29,196
P2,-0.06,0.48,565
P2,-0.07,0.48,768
P2,-0.19,1.17,62
P2,-0.20,1.17,74
P2,-0.21,1.17,107
P2,-0.21,1.04,211
P2,-0.07,0.29,817
P2,-0.16,0.80,157
P2,-0.15,0.80,107
P2,0.07,0.35,692
P2,0.06,0.35,716
P2,0.27,0.80,39
P2,-0.14,0.23,30
P2,0.03,0.43,973
P2,-0.01,0.64,594
P2,0.00,0.75,350
P2,0.20,0.82,1086
P2,-0.11,0.75,109
P2,-0.12,0.75,454
P2,-0.13,0.75,346
P2,0.00,0.76,254
P2,-0.01,0.75,349
P2,0.14,0.25,132
P2,0.16,1.01,163
P2,0.16,1.02,340
P2,0.17,1.02,169
P2,0.17,1.01,198
P2,0.08,0.62,202907
P2,0.08,0.63,2372
P2,-0.22,0.43,153
P2,0.04,1.30,75
P2,0.35,0.79,140
P2,0.36,0.79,153
P2,-0.20,1.37,18
P2,-0.21,1.37,14
P2,0.12,0.46,205
P2,0.13,0.46,1013
P2,0.14,0.45,1360
P2,0.05,0.39,1032
P2,0.07,1.10,95
P2,0.07,1.09,117
P2,0.21,0.88,135
P2,0.21,0.32,305
P2,0.20,0.32,863
P2,-0.07,0.81,1004
P2,0.08,0.89,2286
P2,0.08,0.90,1004
P2,0.07,0.89,2447
P2,-0.10,0.96,75
P2,-0.10,0.97,73
P2,-0.11,0.97,33
P2,-0.11,0.96,28
P2,-0.12,0.96,136
P2,0.24,0.79,52
P2,0.25,0.79,63
P2,0.28,0.88,235
P2,0.29,0.88,145
P2,0.08,0.73,25
P2,0.09,0.70,9
P2,0.10,0.68,1117
P2,0.11,0.66,23
P2,0.06,0.62,420
P2,0.07,0.62,1389
P2,0.07,0.61,30653
P2,0.03,0.97,312
P2,0.03,0.98,293
P2,0.06,0.82,447
P2,0.07,0.82,433
P2,-0.21,0.74,424
P2,0.04,0.58,467
P2,0.16,0.31,208
P2,-0.01,1.23,40
P2,-0.01,1.24,69
P2,0.00,1.24,59
P2,-0.05,0.88,134
P2,-0.05,0.89,143
P2,-0.06,0.89,66
P2,-0.06,0.88,49
P2,0.43,0.89,1
P2,0.41,0.89,36
P2,0.02,0.89,533
P2,-0.22,0.32,454
P2,-0.21,0.32,640
P2,-0.20,0.32,399
P2,0.01,1.18,31
P2,0.01,1.19,43
P2,0.02,1.19,214
P2,0.02,1.18,47
P2,-0.13,0.76,204
P2,-0.13,0.77,190
P2,-0.14,0.77,223
P2,-0.14,0.76,121
P2,-0.15,0.76,137
P2,0.01,0.60,466
P2,-0.01,0.95,74
P2,-0.02,0.95,97
P2,-0.15,0.62,165
P2,0.35,0.77,44
P2,0.36,0.77,88
P2,0.25,0.90,367
P2,0.26,0.89,399
P2,0.08,1.39,2
P2,0.08,1.38,20
P2,0.09,1.38,34
P2,0.09,1.15,101
P2,0.09,1.16,43
P2,0.08,1.16,58
P2,0.07,1.15,67
P2,0.14,0.40,2352
P2,-0.04,0.59,493
P2,0.17,0.95,217
P2,0.18,0.95,229
P2,0.19,0.95,231
P2,-0.03,1.05,5
P2,-0.03,1.06,48
P2,-0.02,1.06,99
P2,-0.02,1.05,33
P2,0.09,0.69,62
P2,0.10,0.67,34
P2,0.13,0.36,3054
P2,0.42,0.94,44
P2,-0.13,0.33,361
P2,-0.14,0.33,157
P2,-0.12,0.85,131
P2,-0.12,0.86,81
P2,-0.13,0.86,122
P2,-0.13,0.85,135
P2,-0.22,0.42,241
P2,-0.21,0.29,257
P2,0.24,0.84,117
P2,-0.12,0.33,375
P2,-0.23,0.39,232
P2,0.07,0.47,456
P2,-0.12,1.12,53
P2,-0.01,0.96,133
P2,-0.01,0.97,159
P2,0.19,0.31,506
P2,0.43,0.79,8
P2,0.14,0.93,530
P2,0.14,0.38,183
P2,0.14,0.39,194
P2,0.15,0.43,80
P2,0.03,1.17,58
P2,0.02,1.17,68
P2,0.05,0.82,332
P2,-0.09,1.17,31
P2,-0.10,1.17,25
P2,-0.10,1.16,1
P2,-0.18,1.02,179
P2,-0.15,0.66,77
P2,-0.16,0.66,117
P2,-0.17,0.67,110
P2,-0.17,0.66,147
P2,0.25,0.99,140
P2,0.03,0.63,324
P2,0.04,0.63,26539
P2,-0.15,0.94,93
P2,-0.03,1.26,36
P2,-0.03,1.27,60
P2,-0.11,0.53,485
P2,-0.11,0.54,560
P2,0.08,1.17,76
P2,0.06,1.17,93
P2,-0.14,0.74,370
P2,0.12,0.99,294
P2,0.10,0.99,180
P2,-0.21,0.87,290
P2,0.07,0.88,412
P2,0.08,0.88,486
P2,0.13,0.84,221
P2,0.13,0.85,270
P2,0.12,0.84,296
P2,-0.07,0.90,110
P2,0.30,0.91,154
P2,0.31,0.91,140
P2,0.32,0.91,138
P2,0.30,1.09,39
P2,0.31,1.09,27
P2,0.32,1.09,14
P2,-0.18,0.81,351
P2,-0.17,0.81,292
P2,0.06,0.85,1056
P2,0.00,1.01,196
P2,0.00,1.02,116
P2,-0.24,1.01,108
P2,-0.24,1.00,105
P2,0.12,0.98,226
P2,0.14,0.53,309
P2,0.07,0.91,545
P2,0.07,0.92,357
P2,0.06,0.92,318
P2,0.09,0.63,146766
P2,0.10,0.63,1307
P2,-0.09,0.99,65
P2,-0.08,0.99,192
P2,-0.09,0.68,459
P2,-0.09,0.69,250
P2,0.41,0.71,1
P2,-0.18,0.98,173
P2,-0.19,0.98,232
P2,0.12,0.33,404
P2,-0.20,0.92,265
P2,-0.01,1.39,5
P2,-0.01,1.38,43
P2,-0.22,1.03,225
P2,0.07,1.38,26
P2,0.10,0.62,1639
P2,0.11,0.62,899
P2,0.11,0.61,2169
P2,-0.19,1.20,153
P2,-0.19,1.21,172
P2,-0.20,1.21,219
P2,-0.10,1.21,62
P2,-0.11,1.21,55
P2,-0.11,1.20,55
P2,-0.01,0.66,348
P2,0.11,0.37,317
P2,-0.22,1.25,138
P2,-0.23,1.25,87
P2,-0.24,1.25,44
P2,-0.24,1.24,85
P2,-0.08,0.44,491
P2,-0.08,0.43,660
P2,0.15,1.01,192
P2,0.16,1.00,125
P2,0.19,0.82,1150
P2,-0.14,0.70,104
P2,-0.15,0.70,258
P2,-0.15,0.30,160
P2,-0.13,0.23,244
P2,-0.18,0.82,248
P2,0.29,0.81,135
P2,0.07,0.46,624
P2,0.09,0.80,267
P2,-0.10,0.44,836
P2,0.12,0.62,1671
P2,0.11,0.90,1627
P2,0.10,0.90,2132
P2,-0.18,0.94,239
P2,-0.17,0.94,279
P2,0.04,0.90,409
P2,0.04,0.76,223
P2,0.06,0.48,605
P2,0.07,0.54,434
P2,-0.16,0.64,104
P2,-0.17,0.64,148
P2,-0.18,0.64,185
P2,-0.20,0.63,365
P2,-0.21,1.09,222
P2,-0.20,1.09,163
P2,-0.19,1.09,97
P2,-0.08,0.78,165
P2,-0.17,0.57,143
P2,-0.04,1.03,168
P2,0.09,1.17,171
P2,-0.12,1.20,14
P2,-0.12,1.21,21
P2,-0.13,1.21,141
P2,-0.13,1.20,33
P2,0.14,0.55,295
P2,0.15,0.55,205
P2,0.33,0.74,8
P2,0.34,0.74,20
P2,0.35,0.74,21
P2,-0.15,0.64,135
P2,-0.08,0.42,647
P2,-0.23,1.28,159
P2,-0.24,1.28,215
P2,0.11,0.49,342
P2,0.12,0.49,241
P2,0.13,0.49,215
P2,0.00,0.64,66043
P2,0.01,0.80,324
P2,0.01,0.81,170
P2,0.02,0.81,344
P2,-0.01,1.01,51
P2,-0.12,1.00,124
P2,0.09,0.53,450
P2,0.01,0.64,401
P2,0.05,0.79,355
P2,0.04,0.79,962
P2,-0.10,0.83,277
P2,-0.23,0.99,355
P2,-0.15,0.87,162
P2,-0.16,0.87,164
P2,-0.22,0.39,72
P2,-0.05,0.37,1029
P2,-0.23,1.38,55
P2,-0.20,0.90,246
P2,0.10,0.49,472
P2,0.11,0.48,266
P2,-0.13,0.97,98
P2,-0.13,0.98,39
P2,-0.14,0.97,196
P2,-0.15,0.97,135
P2,-0.16,0.79,156
P2,-0.05,1.04,122
P2,-0.14,0.53,223
P2,-0.15,0.53,221
P2,-0.16,0.53,214
P2,-0.08,0.61,441
P2,-0.09,0.62,485
P2,-0.04,0.61,629
P2,-0.05,0.61,459
P2,0.10,1.28,8
P2,0.10,1.29,56
P2,-0.21,0.71,453
P2,0.23,0.27,393
P2,0.22,0.27,156
P2,0.21,0.27,178
P2,0.16,0.98,232
P2,-0.14,1.13,121
P2,0.18,1.02,175
P2,0.18,1.01,246
P2,-0.09,0.46,701
P2,-0.22,0.54,503
P2,-0.21,0.54,304
P2,-0.21,1.31,151
P2,-0.20,1.31,81
P2,-0.19,1.31,53
P2,0.10,0.52,289
P2,0.10,0.53,404
P2,0.11,0.52,99
P2,-0.24,1.09,201
P2,-0.23,1.09,196
P2,-0.06,0.83,326
P2,-0.24,1.11,122
P2,-0.24,1.12,76
P2,-0.23,1.12,95
P2,-0.23,1.11,98
P2,-0.22,1.11,112
P2,-0.15,0.63,219
P2,-0.21,0.42,18
P2,0.00,0.59,610
P2,-0.01,0.59,431
P2,-0.14,0.86,157
P2,-0.24,0.33,122
P2,0.12,0.87,757
P2,0.15,1.33,143
P2,0.15,1.32,31
P2,0.18,0.98,147
P2,0.18,0.99,213
P2,0.22,0.86,1031
P2,0.23,0.86,906
P2,0.09,1.02,125
P2,-0.04,0.43,998
P2,0.11,0.96,454
P2,-0.08,0.64,432
P2,0.12,0.26,364
P2,-0.14,0.61,246
P2,-0.14,0.60,202
P2,-0.18,1.09,110
P2,-0.17,1.09,162
P2,-0.16,1.09,108
P2,0.29,0.84,82
P2,0.30,0.84,96
P2,0.30,0.83,82
P2,0.04,0.89,907
P2,0.17,1.05,138
P2,0.18,1.04,53
P2,0.40,1.22,13
P2,0.39,1.22,1
P2,0.27,0.87,119
P2,0.27,0.88,190
P2,-0.11,0.44,607
P2,0.08,0.49,498
P2,0.09,0.49,502
P2,0.37,0.77,76
P2,0.38,0.77,15
P2,-0.12,1.34,65
P2,-0.13,1.35,77
P2,-0.13,1.34,27
P2,-0.14,1.34,14
P2,-0.02,0.84,327
P2,0.07,0.95,363
P2,0.06,0.95,337
P2,0.04,0.92,307
P2,0.43,1.14,1
P2,0.42,1.14,16
P2,-0.22,1.39,15
P2,-0.22,1.38,123
P2,0.12,1.03,248
P2,0.11,1.03,158
P2,0.10,1.03,150
P2,0.43,1.08,1
P2,0.42,1.08,5
P2,-0.05,0.90,170
P2,0.09,0.62,1573
P2,-0.11,0.93,110
P2,-0.12,0.93,194
P2,-0.13,0.93,73
P2,0.43,1.33,1
P2,0.42,1.33,3
P2,0.42,1.32,12
P2,0.11,0.36,455
P2,-0.15,0.71,450
P2,-0.16,0.71,131
P2,-0.08,1.06,98
P2,-0.08,1.07,168
P2,-0.09,1.07,132
P2,-0.09,1.06,56
P2,-0.04,0.78,695
P2,-0.04,0.79,541
P2,-0.03,0.79,614
P2,-0.16,0.41,115
P2,0.13,0.90,1939
P2,0.13,0.91,805
P2,0.09,0.86,1282
P2,0.08,0.86,463
P2,-0.14,0.93,112
P2,0.09,0.87,557
P2,0.08,0.87,407
P2,0.07,0.87,299
P2,0.11,0.63,654
P2,0.12,0.63,1098
P2,0.24,1.15,50
P2,0.25,1.15,67
P2,0.26,1.15,42
P2,0.26,1.14,55
P2,0.09,0.36,606
P2,-0.23,0.84,361
P2,0.04,1.21,39
P2,0.04,1.22,8
P2,0.03,1.22,58
P2,0.03,1.21,6
P2,0.02,1.21,36
P2,-0.08,0.48,554
P2,-0.14,0.46,287
P2,-0.12,0.73,373
P2,-0.18,1.21,112
P2,-0.18,1.20,94
P2,-0.22,0.80,336
P2,-0.21,0.80,309
P2,-0.10,0.82,293
P2,-0.22,0.99,224
P2,-0.21,0.99,210
P2,-0.22,1.32,94
P2,-0.23,1.32,130
P2,-0.24,1.31,60
P2,-0.15,1.24,136
P2,-0.04,0.37,1109
P2,-0.09,0.78,171
P2,-0.14,0.26,178
P2,-0.15,0.26,71
P2,-0.19,0.50,14
P2,-0.20,0.50,39
P2,-0.08,0.65,365
P2,-0.09,0.65,240
P2,0.03,1.04,93
P2,-0.24,0.97,235
P2,-0.06,1.03,145
P2,-0.05,0.59,352
P2,-0.05,0.60,460
P2,0.02,1.12,116
P2,0.02,1.13,55
P2,0.03,1.13,82
P2,0.03,1.12,131
P2,-0.14,1.14,72
P2,0.07,0.94,406
P2,0.06,0.94,270
P2,-0.11,0.73,252
P2,0.03,1.39,4
P2,0.05,0.63,450
P2,0.41,1.32,17
P2,-0.15,0.32,207
P2,-0.04,0.65,156656
P2,0.08,0.57,540
P2,0.08,0.58,410
P2,0.00,0.88,247
P2,0.01,0.88,267
P2,0.22,0.93,180
P2,-0.15,1.26,101
P2,-0.15,1.27,89
P2,-0.16,1.27,166
P2,-0.16,1.26,89
P2,0.15,0.85,301
P2,-0.23,1.01,134
P2,0.11,0.58,3492
P2,0.11,0.57,336
P2,-0.13,0.70,272
P2,-0.16,0.42,161
P2,0.22,0.97,165
P2,-0.09,0.64,423
P2,-0.10,0.65,404
P2,-0.10,0.64,260
P2,-0.18,1.00,202
P2,-0.19,1.01,207
P2,-0.20,1.01,110
P2,-0.09,0.63,454
P2,-0.10,0.62,243
P2,0.04,0.84,1327
P2,0.03,0.84,398
P2,-0.17,0.80,236
P2,0.15,1.12,87
P2,0.15,1.13,28
P2,0.15,1.11,180
P2,0.09,0.90,2403
P2,0.09,0.91,592
P2,0.08,0.91,561
P2,0.11,0.38,537
P2,0.12,0.39,433
P2,-0.13,0.27,424
P2,0.06,0.43,671
P2,0.12,1.17,109
P2,0.12,1.18,186
P2,-0.18,1.06,58
P2,-0.09,0.37,695
P2,-0.16,1.29,88
P2,-0.16,1.30,73
P2,-0.15,1.30,36
P2,-0.15,1.29,23
P2,-0.14,1.29,57
P2,-0.02,0.79,337
P2,-0.01,0.79,488
P2,-0.17,0.69,192
P2,0.04,1.03,215
P2,0.04,1.02,196
P2,0.13,0.26,141
P2,-0.16,0.32,144
P2,-0.10,0.41,598
P2,0.01,0.97,62
P2,0.02,0.97,140
P2,-0.23,0.97,295
P2,-0.22,0.97,251
P2,-0.18,1.26,168
P2,-0.17,1.26,112
P2,0.08,0.61,14753
P2,0.36,0.78,52
P2,0.39,0.75,25
P2,0.05,0.52,610
P2,0.06,0.51,469
P2,-0.13,0.48,263
P2,-0.14,0.49,383
P2,-0.15,0.48,245
P2,0.22,0.91,401
P2,0.15,0.92,535
P2,-0.01,0.92,102
P2,0.00,0.92,68
P2,0.20,1.31,34
P2,0.21,1.31,31
P2,0.22,1.31,28
P2,0.22,1.30,15
P2,-0.17,0.32,14
P2,-0.23,1.36,75
P2,-0.23,1.35,28
P2,-0.20,1.34,121
P2,0.23,1.11,73
P2,0.24,1.11,106
P2,0.25,1.11,19
P2,0.25,1.10,66
P2,0.02,0.61,497
P2,0.03,1.16,78
P2,0.02,1.16,75
P2,0.10,0.44,494
P2,0.10,0.45,586
P2,0.11,0.45,388
P2,-0.13,0.38,259
P2,-0.14,0.38,162
P2,-0.15,1.18,162
P2,-0.14,1.18,156
P2,-0.16,0.44,157
P2,-0.17,0.44,84
P2,-0.17,0.43,92
P2,-0.16,0.58,228
P2,-0.19,0.96,223
P2,0.34,0.76,56
P2,-0.07,0.83,335
P2,-0.08,0.83,276
P2,-0.08,0.82,297
P2,0.09,0.61,1869
P2,-0.19,0.52,19
P2,0.11,0.35,416
P2,0.12,0.35,1449
P2,0.12,0.34,553
P2,0.13,0.34,188
P2,0.28,0.82,121
P2,-0.19,0.63,278
P2,0.08,0.35,1107
P2,0.09,0.35,467
P2,-0.05,1.10,22
P2,0.09,0.52,363
P2,0.39,1.35,5
P2,0.39,1.36,7
P2,0.38,1.36,20
P2,0.37,1.35,7
P2,0.09,0.88,734
P2,0.09,0.89,1068
P2,0.11,1.24,29
P2,0.11,1.25,146
P2,0.10,1.24,68
P2,-0.09,1.19,57
P2,-0.09,1.20,144
P2,0.42,0.76,63
P2,-0.23,0.32,68
P2,-0.22,0.33,206
P2,-0.21,1.11,105
P2,-0.09,0.72,343
P2,0.08,1.09,92
P2,0.06,1.09,53
P2,0.06,1.08,145
P2,0.41,1.13,10
P2,0.40,1.13,6
P2,0.00,1.00,59
P2,0.12,0.40,366
P2,0.37,0.80,76
P2,0.37,0.81,8
P2,0.38,0.80,10
P2,-0.14,0.72,486
P2,-0.16,0.72,131
P2,0.22,1.16,45
P2,0.22,1.17,117
P2,0.23,1.17,66
P2,0.23,1.16,15
P2,0.24,1.16,25
P2,-0.04,1.12,111
P2,0.08,1.02,94
P2,0.10,0.80,263
P2,0.05,0.84,1332
P2,0.06,0.84,885
P2,-0.22,0.82,268
P2,-0.23,0.33,41
P2,0.35,0.75,41
P2,0.37,0.74,2
P2,-0.10,0.61,333
P2,-0.24,1.19,94
P2,-0.24,1.18,78
P2,-0.18,1.39,22
P2,-0.18,1.38,186
P2,-0.19,1.38,170
P2,-0.17,1.30,125
P2,-0.16,1.01,252
P2,-0.17,1.01,270
P2,-0.20,0.71,370
P2,-0.07,0.89,184
P2,0.08,1.03,83
P2,0.07,1.03,112
P2,0.12,0.47,257
P2,-0.10,0.75,179
P2,-0.11,0.76,201
P2,0.13,0.89,628
P2,0.01,1.01,136
P2,-0.20,0.62,238
P2,-0.17,0.53,139
P2,-0.17,0.52,129
P2,-0.08,0.95,132
P2,0.11,0.87,545
P2,0.12,0.88,694
P2,0.09,1.34,1
P2,0.10,1.34,69
P2,0.11,1.34,100
P2,-0.12,1.11,100
P2,-0.13,1.12,89
P2,-0.13,1.11,73
P2,0.09,1.12,70
P2,0.08,1.12,100
P2,0.07,1.12,44
P2,-0.23,1.39,7
P2,0.09,0.92,606
P2,-0.14,1.04,68
P2,-0.03,0.91,136
P2,-0.23,0.27,215
P2,-0.23,0.31,212
P2,-0.22,0.31,543
P2,-0.21,0.31,431
P2,0.20,1.16,159
P2,0.21,1.16,116
P2,-0.05,1.12,89
P2,-0.05,1.11,97
P2,-0.16,0.90,190
P2,-0.17,0.91,191
P2,-0.17,0.90,260
P2,-0.10,0.98,94
P2,0.21,1.04,62
P2,0.22,1.05,67
P2,-0.24,0.74,464
P2,0.05,0.83,345
P2,-0.18,0.37,40
P2,-0.17,0.37,63
P2,-0.19,0.71,276
P2,-0.08,1.11,64
P2,-0.08,1.10,1
P2,0.19,1.28,79
P2,0.20,1.28,59
P2,0.21,1.28,38
P2,0.21,1.27,91
P2,-0.14,0.87,153
P2,-0.06,1.19,108
P2,-0.07,1.19,8
P2,0.06,0.63,962
P2,0.07,0.63,410
P2,-0.17,1.21,70
P2,-0.18,0.63,165
P2,-0.16,0.83,113
P2,-0.17,0.83,135
P2,-0.13,0.83,160
P2,-0.16,1.05,126
P2,0.07,0.60,192804
P2,-0.24,1.35,118
P2,-0.24,1.36,63
P2,-0.04,0.99,186
P2,-0.05,0.99,23
P2,-0.05,0.98,53
P2,0.01,0.99,204
P2,0.15,0.87,472
P2,-0.16,0.75,104
P2,0.11,0.59,2430
P2,0.14,0.54,194
P2,0.15,0.54,149
P2,-0.22,1.09,220
P2,-0.20,1.08,118
P2,0.30,0.93,71
P2,0.30,0.94,122
P2,0.23,0.31,184
P2,0.05,0.92,418
P2,-0.21,1.38,200
P2,-0.20,1.38,79
P2,-0.20,1.39,35
P2,-0.19,0.59,232
P2,-0.21,1.08,238
P2,-0.19,1.08,167
P2,0.04,0.83,491
P2,0.00,0.96,81
P2,0.01,0.96,120
P2,0.02,0.96,133
P2,-0.24,1.27,56
P2,-0.23,1.27,129
P2,-0.03,0.89,357
P2,-0.03,0.90,258
P2,-0.04,0.90,175
P2,-0.12,0.31,649
P2,-0.24,1.02,155
P2,-0.23,1.02,225
P2,0.03,0.96,237
P2,0.42,0.87,23
P2,0.41,0.87,98
P2,0.40,0.87,143
P2,0.02,1.06,148
P2,0.01,1.06,36
P2,-0.07,0.99,12
P2,-0.11,0.89,65
P2,-0.15,0.81,132
P2,-0.07,0.67,564
P2,-0.08,0.91,76
P2,-0.08,0.92,208
P2,-0.09,0.92,184
P2,-0.09,0.91,83
P2,-0.01,1.06,117
P2,0.00,1.06,138
P2,0.00,1.07,91
P2,-0.05,1.00,74
P2,-0.04,1.00,146
P2,-0.22,0.53,300
P2,0.11,0.88,411
P2,0.02,1.05,123
P2,0.04,1.05,59
P2,-0.12,0.99,139
P2,0.06,0.68,137
P2,-0.19,0.35,168
P2,-0.10,0.93,62
P2,-0.13,0.28,287
P2,-0.11,0.71,303
P2,-0.18,0.84,234
P2,-0.17,0.84,177
P2,0.01,0.58,509
P2,-0.11,0.65,371
P2,-0.04,0.62,579
P2,-0.18,0.97,290
P2,0.01,1.33,63
P2,0.04,1.11,97
P2,-0.15,0.38,221
P2,-0.16,0.38,163
P2,-0.18,1.25,116
P2,-0.19,1.25,143
P2,-0.20,1.25,140
P2,0.09,1.04,90
P2,0.09,1.05,232
P2,0.08,1.05,154
P2,0.08,1.04,122
P2,-0.18,1.24,39
P2,-0.17,1.25,105
P2,-0.17,1.24,40
P2,-0.18,0.69,182
P2,-0.18,0.70,182
P2,0.14,0.46,307
P2,0.10,0.36,398
P2,0.13,1.31,16
P2,0.13,1.32,120
P2,0.14,1.32,12
P2,0.14,1.31,13
P2,0.03,0.67,194
P2,-0.21,0.68,372
P2,0.42,1.21,17
P2,0.41,1.21,30
P2,-0.02,0.80,461
P2,-0.01,0.80,497
P2,-0.10,0.95,264
P2,-0.24,0.37,433
P2,-0.23,0.37,272
P2,-0.23,1.13,80
P2,-0.19,0.32,124
P2,-0.08,1.35,86
P2,-0.08,1.36,39
P2,-0.23,1.26,57
P2,-0.21,1.26,82
P2,0.12,0.59,2909
P2,0.04,0.78,158
P2,-0.13,1.07,117
P2,-0.13,1.06,82
P2,0.35,0.78,55
P2,-0.08,1.13,65
P2,0.05,0.58,405
P2,-0.24,0.31,50
P2,-0.15,0.58,239
P2,0.00,1.29,78
P2,0.00,1.30,18
P2,0.01,1.30,37
P2,0.01,1.29,111
P2,0.14,1.09,94
P2,0.14,1.10,152
P2,-0.15,1.39,4
P2,-0.15,1.38,144
P2,0.29,0.82,48
P2,0.30,0.82,77
P2,0.10,0.86,2520
P2,0.12,0.58,3248
P2,-0.17,0.60,109
P2,-0.18,0.60,148
P2,0.17,1.00,161
P2,0.19,1.00,163
P2,0.17,0.93,285
P2,0.17,0.94,331
P2,0.18,0.94,396
P2,0.18,0.93,254
P2,-0.12,0.84,108
P2,0.10,1.06,186
P2,-0.11,0.86,43
P2,-0.21,0.47,106
P2,-0.20,0.47,62
P2,0.14,0.90,1340
P2,0.14,0.89,576
P2,0.13,0.86,1685
P2,-0.18,1.19,183
P2,-0.17,1.19,113
P2,-0.16,1.19,38
P2,0.18,1.30,52
P2,0.19,1.30,76
P2,0.19,1.31,104
P2,0.20,1.30,48
P2,0.29,0.92,56
P2,0.30,0.92,84
P2,0.31,0.92,96
P2,-0.09,0.44,505
P2,-0.07,0.82,502
P2,-0.09,0.82,247
P2,-0.12,0.79,245
P2,-0.13,0.79,223
P2,-0.14,0.79,203
P2,0.24,0.31,51
P2,0.26,0.90,99
P2,0.26,0.91,117
P2,0.27,0.91,78
P2,0.27,0.90,48
P2,0.28,0.90,14
P2,-0.10,1.13,121
P2,-0.11,1.03,49
P2,-0.11,1.04,72
P2,-0.07,1.39,1
P2,-0.07,1.38,14
P2,-0.12,1.26,39
P2,-0.12,1.27,38
P2,-0.13,1.27,121
P2,-0.13,1.26,75
P2,-0.07,1.06,98
P2,0.39,0.81,38
P2,-0.19,0.45,50
P2,-0.18,0.45,122
P2,-0.17,0.45,152
P2,-0.18,0.57,47
P2,-0.15,0.68,118
P2,0.16,0.38,1441
P2,0.16,0.39,1724
P2,0.16,0.40,113235
P2,0.16,0.41,1471
P2,0.16,0.42,1855
P2,0.16,0.43,2105
P2,0.16,0.44,107814
P2,0.17,0.51,6878
P2,-0.18,1.15,163
P2,0.17,0.48,376
P2,0.17,0.49,2109
P2,0.17,0.50,5445
P2,0.06,0.65,6171
P2,-0.02,0.67,455
P2,0.12,0.60,2854
P2,-0.14,0.62,202
P2,0.16,0.37,492
P2,0.07,0.50,397
P2,0.08,0.64,908
P2,-0.06,0.71,524
P2,-0.23,1.21,169
P2,-0.22,1.21,148
P2,-0.02,1.24,32
P2,-0.02,1.25,81
P2,0.30,0.77,21
P2,-0.21,1.28,83
P2,-0.20,1.28,65
P2,-0.12,0.83,160
P2,-0.13,0.84,203
P2,0.07,0.65,670
P2,-0.03,0.67,8142
P2,-0.03,0.66,5759
P2,0.15,0.37,708
P2,0.16,0.48,2399
P2,-0.11,0.94,100
P2,-0.12,0.94,120
P2,0.00,1.27,39
P2,-0.14,1.27,120
P2,0.17,0.37,35
P2,0.17,0.38,25
P2,0.17,0.39,109
P2,0.17,0.40,1021
P2,0.17,0.41,49
P2,0.17,0.42,48
P2,0.17,0.43,63
P2,0.17,0.44,2661
P2,0.08,0.65,312
P2,0.15,0.36,98989
P2,0.13,1.12,210
P2,0.13,1.13,158
P2,0.16,0.47,2409
P2,0.19,0.32,58554
P2,-0.01,0.60,531
P2,0.00,0.60,442
P2,-0.21,0.43,31
P2,0.15,0.29,655
P2,0.15,0.28,741
P2,-0.08,1.39,3
P2,-0.08,1.38,51
P2,0.23,0.88,49
P2,0.23,0.89,146
P2,0.25,0.88,67
P2,0.15,0.38,213
P2,-0.19,1.19,106
P2,0.39,0.71,17
P2,0.13,0.35,187
P2,0.07,1.20,47
P2,0.07,1.21,54
P2,0.06,1.21,48
P2,0.06,1.20,57
P2,0.11,0.84,491
P2,0.04,1.32,148
P2,0.05,1.32,96
P2,0.05,1.33,100
P2,0.06,1.32,89
P2,-0.24,0.92,155
P2,-0.16,0.54,145
P2,-0.17,0.54,121
P2,-0.18,0.54,94
P2,0.18,0.57,8
P2,0.13,0.48,187
P2,0.24,0.95,250
P2,0.08,0.66,45
P2,0.09,0.64,2781
P2,0.15,0.35,1278
P2,0.18,0.37,16
P2,0.18,0.38,171
P2,0.18,0.39,891
P2,0.18,0.40,76619
P2,0.18,0.41,1094
P2,0.18,0.42,1373
P2,0.18,0.43,1687
P2,0.18,0.44,97003
P2,0.15,0.86,1177
P2,0.14,0.86,1045
P2,-0.03,1.14,3
P2,-0.18,1.31,139
P2,-0.17,1.31,209
P2,0.18,1.07,77
P2,0.18,1.08,188
P2,0.19,1.08,116
P2,0.19,1.07,91
P2,-0.21,1.12,132
P2,-0.20,1.12,117
P2,-0.20,1.13,177
P2,-0.19,1.12,80
P2,0.08,1.18,92
P2,0.07,1.18,93
P2,-0.04,0.80,372
P2,-0.18,0.56,94
P2,-0.19,0.56,118
P2,0.10,0.61,512
P2,0.10,0.60,2382
P2,-0.21,0.62,328
P2,-0.18,1.30,115
P2,-0.11,1.30,117
P2,0.31,0.79,112
P2,-0.06,0.94,34
P2,0.27,0.93,73
P2,0.28,0.94,72
P2,0.28,0.93,40
P2,0.29,0.93,53
P2,0.26,0.86,95
P2,-0.12,0.70,158
P2,0.17,0.31,70
P2,-0.11,0.82,190
P2,-0.11,0.81,180
P2,0.17,1.07,124
P2,0.17,1.08,210
P2,0.16,1.07,26
P2,0.43,1.19,1
P2,0.42,1.19,12
P2,0.38,1.24,1
P2,0.37,1.24,16
P2,-0.04,0.60,532
P2,0.01,1.00,165
P2,0.41,0.76,15
P2,0.40,0.76,17
P2,0.39,0.76,1
P2,-0.02,0.60,696
P2,0.11,0.50,336
P2,0.16,0.36,13469
P2,0.16,0.46,2150
P2,0.11,0.60,1364
P2,0.15,0.33,736
P2,-0.21,1.16,65
P2,0.15,0.30,897
P2,0.13,0.33,301
P2,0.02,1.29,148
P2,0.12,0.94,420
P2,-0.12,0.74,420
P2,-0.13,0.74,348
P2,0.19,0.37,694
P2,0.19,0.38,822
P2,0.19,0.39,422
P2,0.19,0.40,19629
P2,0.19,0.41,52
P2,-0.20,1.02,198
P2,-0.19,1.02,202
P2,0.08,1.30,29
P2,0.08,1.31,18
P2,0.09,1.31,60
P2,0.14,0.33,209
P2,0.22,1.26,17
P2,0.23,1.27,62
P2,0.24,1.27,22
P2,0.24,1.26,7
P2,0.13,0.58,4705
P2,0.23,1.13,100
P2,0.24,1.14,46
P2,0.24,1.13,83
P2,0.11,0.56,354
P2,0.14,1.00,310
P2,-0.20,1.19,134
P2,-0.12,1.23,64
P2,-0.11,1.23,69
P2,-0.11,1.22,18
P2,-0.23,1.24,153
P2,-0.22,1.02,213
P2,-0.11,0.69,499
P2,-0.12,0.69,207
P2,0.12,0.89,358
P2,0.12,0.90,1521
P2,-0.10,0.78,661
P2,0.08,1.15,47
P2,0.11,1.02,172
P2,0.10,1.02,176
P2,-0.15,1.05,120
P2,0.15,0.40,411
P2,0.19,0.94,174
P2,0.18,0.60,2
P2,0.18,0.59,4
P2,0.18,0.58,6
P2,0.22,0.24,604
P2,0.20,1.29,86
P2,0.21,1.30,58
P2,0.22,1.29,3
P2,0.38,1.32,1
P2,0.38,1.33,12
P2,0.39,1.33,46
P2,0.39,1.32,2
P2,0.16,0.35,177
P2,0.22,0.96,179
P2,0.04,1.39,12
P2,0.04,1.38,30
P2,0.11,1.13,162
P2,-0.15,1.25,76
P2,0.06,1.35,15
P2,0.05,1.35,25
P2,0.05,1.36,60
P2,0.04,1.35,24
P2,-0.04,1.30,25
P2,-0.04,1.31,63
P2,-0.02,1.23,14
P2,-0.20,1.14,253
P2,-0.01,0.81,956
P2,-0.02,0.81,739
P2,-0.03,0.81,318
P2,-0.18,0.55,86
P2,0.21,1.05,70
P2,0.23,1.05,59
P2,-0.21,1.32,99
P2,0.21,1.22,57
P2,0.22,1.22,73
P2,0.23,1.22,101
P2,-0.16,0.70,231
P2,-0.17,0.70,185
P2,0.11,0.44,412
P2,-0.19,0.48,41
P2,0.14,0.28,228
P2,0.29,1.18,11
P2,0.30,1.18,21
P2,0.31,1.18,20
P2,-0.24,1.26,101
P2,-0.05,1.13,55
P2,0.31,0.81,81
P2,0.31,0.80,56
P2,0.41,1.14,14
P2,0.40,1.14,5
P2,0.33,0.82,54
P2,0.34,0.82,43
P2,0.14,1.23,26
P2,0.14,1.24,52
P2,0.16,0.28,100
P2,0.14,1.13,53
P2,0.14,1.12,28
P2,0.38,0.69,4
P2,0.39,0.69,12
P2,-0.01,0.98,126
P2,-0.01,0.99,150
P2,0.00,0.99,114
P2,0.00,0.98,183
P2,0.19,1.14,129
P2,0.20,1.14,71
P2,-0.18,1.32,174
P2,-0.19,1.32,113
P2,-0.07,0.76,682
P2,-0.07,0.77,642
P2,-0.08,0.77,153
P2,-0.08,0.76,459
P2,0.09,0.56,518
P2,0.18,1.09,124
P2,0.18,1.10,82
P2,0.19,1.10,232
P2,0.19,1.09,166
P2,0.12,1.11,111
P2,0.12,1.12,113
P2,-0.14,0.27,170
P2,-0.15,0.27,22
P2,0.04,0.96,225
P2,-0.20,1.06,119
P2,-0.15,1.32,68
P2,0.01,1.20,94
P2,0.00,1.20,75
P2,-0.01,1.19,101
P2,-0.06,1.04,110
P2,0.07,1.39,10
P2,0.20,0.89,262
P2,0.21,0.89,286
P2,0.22,0.89,132
P2,0.20,1.00,262
P2,-0.21,1.39,24
P2,0.24,0.33,466
P2,0.24,0.32,863
P2,0.13,0.54,157
P2,-0.16,0.81,230
P2,0.12,0.48,274
P2,-0.08,0.88,174
P2,-0.17,1.08,125
P2,-0.16,1.08,74
P2,0.20,0.90,854
P2,0.21,0.26,59
P2,0.07,0.64,123
P2,0.05,1.03,202
P2,-0.06,1.02,75
P2,-0.06,1.01,1
P2,-0.15,1.00,103
P2,-0.22,1.12,70
P2,-0.21,1.13,175
P2,-0.20,0.99,201
P2,-0.18,0.99,165
P2,-0.22,0.92,330
P2,-0.15,0.56,137
P2,-0.15,0.54,201
P2,-0.05,0.86,95
P2,0.43,1.38,1
P2,0.42,1.38,25
P2,0.32,0.81,43
P2,0.15,0.93,363
P2,0.16,0.93,290
P2,-0.19,0.47,121
P2,0.14,0.85,235
P2,0.16,0.86,1313
P2,0.16,0.85,261
P2,-0.03,0.62,454
P2,-0.13,1.24,60
P2,-0.13,1.23,77
P2,-0.21,0.48,158
P2,-0.07,1.05,46
P2,-0.08,1.05,91
P2,-0.07,1.02,12
P2,-0.07,1.03,82
P2,0.08,1.13,45
P2,0.42,1.16,15
P2,0.41,1.16,11
P2,-0.07,0.71,237
P2,-0.04,1.23,45
P2,-0.04,1.24,46
P2,0.14,0.37,193
P2,0.02,0.91,256
P2,0.01,0.91,237
P2,0.01,0.90,266
P2,0.41,1.38,19
P2,0.40,1.38,9
P2,-0.16,0.55,246
P2,0.15,1.02,159
P2,-0.14,1.22,7
P2,-0.12,1.22,90
P2,0.08,0.41,665
P2,0.09,0.41,380
P2,-0.11,0.64,299
P2,-0.15,0.29,163
P2,-0.16,0.29,43
P2,-0.14,1.35,13
P2,-0.12,1.35,27
P2,0.07,1.05,134
P2,0.06,1.05,100
P2,0.12,0.96,274
P2,0.04,1.17,86
P2,0.05,1.17,69
P2,0.05,1.16,54
P2,0.14,1.04,60
P2,0.14,1.05,159
P2,0.13,1.05,92
P2,0.13,1.04,99
P2,-0.16,0.98,134
P2,-0.16,0.45,209
P2,-0.16,0.84,130
P2,-0.19,1.06,75
P2,0.26,0.76,1
P2,0.27,0.76,1
P2,-0.14,0.65,194
P2,-0.15,0.65,126
P2,0.22,0.98,175
P2,-0.12,0.95,84
P2,-0.13,0.95,92
P2,-0.10,0.69,154
P2,-0.18,1.16,59
P2,-0.18,1.17,103
P2,0.10,1.15,52
P2,0.10,1.16,58
P2,0.11,1.16,90
P2,0.11,1.15,11
P2,-0.17,1.34,57
P2,-0.15,1.35,44
P2,-0.15,1.34,31
P2,-0.15,0.34,119
P2,-0.16,0.34,25
P2,0.26,0.97,48
P2,0.25,0.97,70
P2,-0.15,0.45,443
P2,0.03,1.26,56
P2,-0.19,1.26,97
P2,-0.20,1.11,123
P2,-0.19,1.11,50
P2,-0.19,1.10,147
P2,0.06,1.19,135
P2,0.05,1.20,144
P2,0.05,1.19,126
P2,0.04,1.19,149
P2,0.13,0.52,199
P2,-0.11,1.15,28
P2,-0.15,0.46,215
P2,0.23,1.19,75
P2,0.24,1.19,66
P2,0.25,1.19,56
P2,-0.18,0.36,81
P2,0.15,1.20,126
P2,0.16,1.20,154
P2,0.16,1.21,77
P2,0.25,0.93,80
P2,0.25,0.94,53
P2,0.26,0.93,97
P2,0.12,0.61,843
P2,-0.21,0.26,95
P2,0.05,1.07,127
P2,0.04,1.07,141
P2,0.04,1.06,85
P2,0.29,0.94,63
P2,0.23,0.91,102
P2,0.24,0.91,151
P2,0.22,0.95,104
P2,0.21,1.06,67
P2,0.23,1.06,5
P2,0.05,1.29,41
P2,0.04,1.29,76
P2,0.03,1.29,169
P2,-0.12,0.49,360
P2,-0.15,1.09,12
P2,-0.20,1.29,128
P2,-0.19,1.29,156
P2,0.29,0.78,52
P2,0.12,0.97,347
P2,0.11,0.97,146
P2,-0.17,0.41,206
P2,-0.18,1.08,244
P2,-0.19,0.93,249
P2,0.43,0.63,1
P2,0.42,0.63,1
P2,-0.08,0.47,700
P2,-0.21,1.21,143
P2,-0.12,0.48,207
P2,0.04,1.24,52
P2,0.04,1.25,38
P2,0.03,1.25,51
P2,0.02,1.25,86
P2,0.02,1.24,51
P2,-0.10,1.11,136
P2,-0.10,1.12,100
P2,0.01,1.17,45
P2,0.00,1.17,24
P2,0.43,0.69,3
P2,0.42,0.69,10
P2,0.12,1.37,39
P2,-0.04,0.81,197
P2,-0.14,1.08,66
P2,-0.24,0.32,100
P2,-0.09,0.57,267
P2,0.21,0.98,179
P2,-0.17,1.16,52
P2,0.19,0.29,312
P2,-0.11,1.11,56
P2,0.15,1.39,5
P2,-0.07,1.24,54
P2,-0.17,0.51,111
P2,0.40,0.82,133
P2,-0.12,0.78,228
P2,-0.13,0.78,233
P2,-0.12,1.32,90
P2,-0.12,1.33,55
P2,-0.13,1.33,72
P2,-0.16,0.85,122
P2,0.10,1.13,15
P2,0.10,1.14,110
P2,0.09,1.14,24
P2,0.09,1.13,92
P2,0.05,0.57,484
P2,0.11,0.54,337
P2,0.12,0.54,203
P2,-0.09,1.30,83
P2,-0.15,0.55,243
P2,-0.17,0.55,142
P2,-0.21,1.02,251
P2,0.00,0.97,105
P2,-0.17,0.82,173
P2,-0.02,1.14,6
P2,-0.02,1.15,35
P2,-0.01,1.15,87
P2,-0.01,1.14,83
P2,0.07,0.58,359
P2,-0.24,0.28,12
P2,-0.08,1.34,20
P2,-0.09,1.34,45
P2,-0.09,1.35,57
P2,-0.10,1.34,23
P2,-0.07,0.58,371
P2,0.03,1.09,66
P2,0.03,1.10,76
P2,0.02,1.10,45
P2,0.02,1.09,49
P2,0.01,1.09,100
P2,-0.17,0.98,180
P2,0.20,1.38,35
P2,0.20,1.39,15
P2,0.21,1.39,11
P2,0.21,1.38,48
P2,0.27,1.18,9
P2,0.27,1.19,26
P2,0.28,1.19,27
P2,0.29,1.19,8
P2,0.17,1.15,108
P2,0.17,1.16,211
P2,0.18,1.16,137
P2,0.18,1.15,139
P2,-0.01,0.91,114
P2,-0.02,0.91,301
P2,0.12,1.19,37
P2,-0.19,0.31,33
P2,0.14,0.24,167
P2,0.14,0.83,598
P2,0.02,1.04,60
P2,0.01,1.04,36
P2,0.18,0.36,18
P2,-0.14,0.92,88
P2,-0.13,0.92,103
P2,-0.15,0.42,182
P2,-0.06,1.20,6
P2,-0.06,1.21,10
P2,-0.07,1.21,40
P2,-0.07,1.20,63
P2,0.40,1.21,11
P2,0.22,1.02,27
P2,0.23,1.02,116
P2,0.06,0.99,117
P2,0.14,0.51,138
P2,0.17,1.33,15
P2,0.17,1.34,58
P2,0.41,0.74,12
P2,0.10,0.87,614
P2,0.31,0.88,118
P2,0.32,0.88,75
P2,0.42,1.07,11
P2,0.24,0.96,188
P2,-0.10,1.39,5
P2,-0.10,1.38,44
P2,0.34,0.81,48
P2,0.43,0.76,3
P2,0.43,0.74,16
P2,0.13,1.01,176
P2,0.14,1.01,300
P2,0.14,1.02,140
P2,0.27,1.01,37
P2,0.27,1.02,77
P2,0.28,1.02,31
P2,0.29,1.01,11
P2,-0.18,0.32,3
P2,-0.21,0.35,97
P2,-0.20,0.35,178
P2,0.18,1.31,25
P2,0.18,1.32,3
P2,0.19,1.32,24
P2,0.22,0.33,19
P2,0.19,0.36,65744
P2,0.20,0.39,38
P2,0.19,0.42,70
P2,0.19,0.43,47
P2,0.19,0.44,4853
P2,0.15,0.39,147
P2,0.18,0.50,3624
P2,0.03,1.11,94
P2,0.04,1.12,167
P2,0.05,1.12,126
P2,0.05,1.11,123
P2,-0.17,0.30,2
P2,0.15,0.45,109
P2,0.18,0.48,2498
P2,0.18,0.49,2810
P2,-0.02,1.03,120
P2,-0.02,1.04,104
P2,0.00,1.04,168
P2,0.00,1.03,85
P2,-0.18,0.41,134
P2,0.38,0.73,13
P2,0.22,0.25,21
P2,0.15,1.08,94
P2,0.16,1.08,69
P2,0.16,1.09,103
P2,0.17,1.09,56
P2,0.18,0.47,2174
P2,-0.22,1.23,133
P2,0.20,0.37,31
P2,0.03,1.19,54
P2,0.25,1.02,98
P2,0.25,1.03,144
P2,0.26,1.03,61
P2,0.26,1.02,104
P2,-0.20,1.33,75
P2,0.05,1.02,107
P2,0.18,0.51,3520
P2,0.18,0.52,3835
P2,0.43,0.71,1
P2,-0.19,0.64,153
P2,0.25,1.26,17
P2,0.26,1.26,25
P2,0.27,1.26,53
P2,-0.09,1.03,52
P2,-0.10,1.03,69
P2,-0.16,0.35,51
P2,0.02,1.11,85
P2,0.21,0.33,31
P2,-0.13,1.05,42
P2,-0.14,1.05,114
P2,-0.14,0.48,255
P2,0.06,0.61,553
P2,-0.06,0.76,509
P2,-0.06,0.77,613
P2,-0.14,1.36,60
P2,-0.14,1.37,63
P2,-0.15,1.37,65
P2,-0.15,1.36,99
P2,-0.16,1.36,143
P2,-0.22,1.30,28
P2,0.20,1.12,44
P2,0.21,1.13,93
P2,0.22,1.13,63
P2,0.22,1.12,81
P2,0.15,1.17,25
P2,0.16,1.17,29
P2,0.29,0.96,13
P2,0.30,0.96,87
P2,0.31,0.96,113
P2,0.17,1.28,70
P2,0.18,1.28,74
P2,0.18,1.29,73
P2,0.42,1.05,5
P2,0.41,1.05,3
P2,-0.02,1.31,42
P2,-0.03,1.31,41
P2,0.43,0.70,1
P2,0.42,0.70,1
P2,-0.21,0.51,239
P2,0.07,0.51,369
P2,-0.16,0.27,5
P2,0.21,0.37,4
P2,0.21,0.38,60
P2,0.21,0.39,641
P2,0.21,0.40,65432
P2,0.20,0.41,9
P2,0.20,0.42,303
P2,0.20,0.43,1216
P2,0.20,0.44,80422
P2,0.41,1.33,18
P2,0.40,1.33,11
P2,-0.24,1.30,11
P2,-0.18,0.52,100
P2,0.20,0.38,24
P2,0.20,0.40,1077
P2,-0.13,1.08,43
P2,-0.15,1.08,94
P2,0.22,0.37,630
P2,0.22,0.38,492
P2,0.21,0.41,812
P2,-0.13,1.22,27
P2,0.28,0.89,303
P2,0.29,0.89,62
P2,0.15,0.41,190
P2,0.22,0.36,48588
P2,0.22,0.39,111
P2,0.21,0.42,747
P2,0.07,1.19,132
P2,0.08,1.10,158
P2,0.08,1.11,176
P2,0.09,1.10,136
P2,0.19,0.90,639
P2,0.19,0.30,380
P2,-0.20,0.38,62
P2,-0.20,0.39,36
P2,-0.19,0.39,57
P2,-0.15,1.11,82
P2,-0.24,1.33,82
P2,0.20,1.04,62
P2,0.20,1.05,131
P2,0.10,1.10,54
P2,0.09,1.11,175
P2,0.21,0.36,590
P2,0.12,1.05,106
P2,0.29,1.03,91
P2,0.30,1.03,26
P2,0.30,1.04,16
P2,0.31,1.03,7
P2,-0.10,0.68,324
P2,-0.08,1.12,15
P2,-0.09,1.12,62
P2,-0.09,1.11,116
P2,-0.10,1.18,24
P2,-0.10,1.19,105
P2,0.40,0.83,39
P2,0.39,0.83,26
P2,-0.21,0.25,36
P2,0.07,0.96,266
P2,0.09,1.36,30
P2,0.08,1.36,55
P2,0.08,1.37,36
P2,0.07,1.36,39
P2,-0.10,0.87,121
P2,-0.10,0.88,77
P2,-0.11,0.87,64
P2,0.21,1.17,137
P2,0.23,0.36,510
P2,0.23,0.37,266
P2,0.22,0.40,1012
P2,0.21,0.43,97
P2,0.14,0.35,200
P2,-0.18,0.43,92
P2,-0.19,0.43,49
P2,0.22,0.41,151
P2,0.21,0.44,3672
P2,-0.16,0.68,172
P2,-0.07,1.16,115
P2,-0.06,1.17,45
P2,-0.06,1.16,103
P2,0.10,1.20,118
P2,0.09,1.20,56
P2,0.08,1.20,30
P2,0.08,1.19,82
P2,-0.18,0.59,105
P2,0.12,0.52,142
P2,-0.18,1.29,133
P2,-0.18,1.28,89
P2,-0.16,1.21,32
P2,-0.15,1.21,63
P2,-0.14,1.21,61
P2,0.03,1.18,29
P2,-0.19,0.90,196
P2,0.05,0.98,168
P2,0.06,0.98,129
P2,-0.14,1.33,74
P2,0.19,0.35,690
P2,0.25,0.78,48
P2,0.14,0.26,86
P2,0.15,0.25,16
P2,-0.18,0.75,151
P2,0.16,0.30,73
P2,-0.13,1.00,194
P2,0.16,0.33,88
P2,0.26,1.11,19
P2,0.26,1.10,36
P2,0.12,1.01,134
P2,0.37,0.78,32
P2,-0.09,1.09,21
P2,-0.09,1.10,7
P2,-0.10,1.10,62
P2,-0.10,1.09,57
P2,-0.05,0.87,243
P2,-0.19,1.36,158
P2,-0.18,1.36,112
P2,-0.10,1.07,96
P2,0.24,0.36,12
P2,0.23,0.38,22
P2,0.23,0.39,29
P2,0.22,0.42,31
P2,0.14,1.20,55
P2,0.14,1.21,151
P2,-0.13,0.94,82
P2,-0.14,0.94,108
P2,0.17,0.35,36
P2,0.17,0.34,43
P2,0.17,1.27,23
P2,0.16,1.28,74
P2,0.16,1.27,118
P2,-0.18,0.39,87
P2,0.04,1.18,46
P2,0.14,0.91,853
P2,0.20,0.98,115
P2,0.02,0.90,172
P2,0.01,0.89,275
P2,0.38,0.85,134
P2,0.39,0.85,103
P2,0.40,0.85,34
P2,0.40,0.84,40
P2,0.31,0.85,80
P2,-0.17,0.46,56
P2,-0.18,0.46,89
P2,-0.19,0.46,63
P2,0.13,0.94,295
P2,0.13,0.95,385
P2,0.21,0.84,122
P2,-0.14,1.06,198
P2,-0.07,0.75,558
P2,-0.08,0.70,397
P2,-0.12,0.97,57
P2,-0.12,0.98,72
P2,-0.18,1.01,197
P2,-0.18,1.12,67
P2,-0.17,1.12,50
P2,0.27,0.77,7
P2,-0.12,1.02,27
P2,-0.13,1.01,115
P2,-0.14,1.01,77
P2,-0.14,1.26,102
P2,0.02,1.37,46
P2,0.01,1.37,36
P2,-0.20,1.10,158
P2,0.37,0.76,28
P2,0.38,0.76,21
P2,0.13,1.02,203
P2,-0.09,0.58,136
P2,-0.19,0.99,164
P2,0.20,0.36,733
P2,0.10,0.56,346
P2,-0.10,0.99,156
P2,-0.11,0.99,160
P2,-0.21,0.37,22
P2,-0.20,0.37,85
P2,-0.19,0.37,98
P2,-0.12,0.76,671
P2,-0.09,1.04,20
P2,-0.10,1.04,34
P2,0.09,0.95,321
P2,0.08,0.95,274
P2,0.08,0.94,457
P2,0.24,1.04,87
P2,0.25,1.04,106
P2,0.26,1.04,91
P2,-0.10,1.29,22
P2,0.03,0.83,956
P2,0.03,1.31,9
P2,-0.12,0.20,28
P2,-0.09,0.97,148
P2,0.41,0.99,1
P2,0.41,1.00,8
P2,0.42,1.00,33
P2,0.43,1.00,7
P2,0.42,0.99,8
P2,-0.12,1.39,19
P2,-0.05,1.19,151
P2,-0.04,1.19,146
P2,-0.04,1.18,117
P2,0.02,1.00,146
P2,-0.02,1.09,18
P2,-0.02,1.10,68
P2,0.16,0.95,199
P2,0.16,0.94,231
P2,0.15,0.94,219
P2,0.35,0.73,30
P2,-0.19,1.35,68
P2,0.02,1.32,77
P2,0.02,1.33,45
P2,0.03,1.33,61
P2,0.04,1.33,7
P2,0.08,1.07,66
P2,-0.11,0.98,75
P2,-0.19,0.49,54
P2,-0.20,0.49,37
P2,-0.12,0.82,205
P2,0.25,0.95,144
P2,0.26,0.95,131
P2,0.27,0.95,38
P2,-0.17,0.31,9
P2,0.38,0.78,36
P2,0.17,0.47,162
P2,0.21,0.99,99
P2,0.19,0.89,181
P2,-0.20,1.32,27
P2,0.16,0.29,36
P2,0.24,0.35,23
P2,0.24,0.34,5
P2,0.23,0.33,7895
P2,-0.17,1.20,36
P2,-0.03,1.19,60
P2,-0.02,1.19,53
P2,-0.17,0.75,144
P2,0.08,1.21,28
P2,0.09,1.21,48
P2,0.01,1.05,171
P2,-0.24,1.06,144
P2,-0.11,0.92,91
P2,-0.11,0.91,88
P2,0.19,0.97,184
P2,0.20,0.97,140
P2,0.21,0.97,119
P2,0.05,1.06,54
P2,-0.01,1.20,43
P2,-0.11,1.33,37
P2,-0.09,0.77,83
P2,-0.06,1.15,3
P2,0.00,0.81,423
P2,-0.17,0.99,114
P2,-0.21,0.46,117
P2,-0.20,0.29,74
P2,-0.19,0.29,14
P2,-0.03,1.03,142
P2,-0.03,1.04,34
P2,-0.20,0.43,23
P2,-0.20,0.44,7
P2,-0.19,0.44,48
P2,-0.18,0.44,76
P2,0.25,0.92,50
P2,0.26,0.92,67
P2,-0.06,1.24,18
P2,-0.06,1.25,51
P2,0.06,1.26,153
P2,0.06,1.27,16
P2,0.05,1.27,76
P2,0.05,1.26,53
P2,0.26,1.01,22
P2,0.10,1.18,27
P2,0.11,1.18,33
P2,-0.19,1.16,72
P2,-0.07,1.11,12
P2,-0.07,1.12,40
P2,-0.06,1.12,47
P2,-0.06,1.11,46
P2,-0.09,0.87,170
P2,-0.15,0.79,175
P2,0.43,0.91,1
P2,0.42,0.91,35
P2,0.41,0.91,87
P2,0.41,0.90,26
P2,0.14,0.36,394
P2,0.28,1.18,18
P2,0.19,0.49,2575
P2,0.19,0.48,2160
P2,0.19,0.50,474
P2,-0.18,0.53,61
P2,-0.19,0.54,91
P2,0.40,0.75,1
P2,-0.07,0.78,197
P2,0.19,0.46,891
P2,0.19,0.47,1861
P2,0.14,0.34,206
P2,0.15,0.34,990
P2,0.08,1.35,3
P2,0.07,1.35,5
P2,0.17,1.11,79
P2,0.17,1.12,74
P2,0.24,0.37,9
P2,0.03,0.80,305
P2,0.06,1.16,65
P2,0.06,1.15,63
P2,-0.20,0.27,27
P2,0.02,0.84,322
P2,-0.03,0.77,260
P2,-0.11,1.24,111
P2,-0.15,0.95,106
P2,0.22,0.45,247
P2,0.12,0.95,348
P2,-0.11,1.05,61
P2,0.21,1.19,40
P2,0.21,1.20,84
P2,0.22,1.20,29
P2,0.22,1.19,56
P2,-0.03,0.80,384
P2,0.23,0.40,9
P2,-0.16,0.51,117
P2,0.24,1.31,46
P2,0.24,1.32,24
P2,0.25,1.32,19
P2,0.25,1.31,23
P2,-0.22,0.34,29
P2,0.08,1.32,36
P2,0.08,1.33,70
P2,0.07,1.32,54
P2,0.37,0.79,31
P2,0.38,0.79,4
P2,0.24,1.28,15
P2,0.25,1.28,24
P2,0.26,1.28,18
P2,0.33,0.84,57
P2,0.15,0.42,175
P2,0.41,1.29,17
P2,0.40,1.29,10
P2,0.20,0.95,173
P2,0.03,1.38,60
P2,-0.02,0.96,209
P2,0.14,1.36,99
P2,0.41,0.75,5
P2,0.08,0.96,297
P2,0.20,0.28,318
P2,0.20,0.27,291
P2,0.06,1.03,112
P2,-0.22,1.28,126
P2,0.27,1.13,80
P2,0.28,1.13,50
P2,0.25,0.91,84
P2,0.19,1.24,31
P2,0.20,1.24,55
P2,0.20,1.23,48
P2,0.30,0.89,154
P2,0.31,0.89,31
P2,0.15,1.18,89
P2,0.14,1.18,39
P2,0.08,1.06,36
P2,0.15,0.96,299
P2,0.15,0.97,293
P2,0.15,0.95,260
P2,-0.06,0.90,215
P2,0.04,1.20,170
P2,0.03,1.20,96
P2,0.02,1.20,72
P2,-0.14,1.19,20
P2,-0.15,1.19,60
P2,0.00,0.80,437
P2,-0.21,1.24,53
P2,-0.20,1.24,46
P2,-0.19,1.24,35
P2,0.05,1.15,81
P2,-0.24,1.34,33
P2,0.19,1.02,240
P2,0.40,1.34,15
P2,0.39,1.34,9
P2,-0.10,1.02,60
P2,-0.15,1.06,141
P2,0.14,1.07,67
P2,0.13,1.07,292
P2,0.22,1.06,27
P2,0.13,1.19,43
P2,0.13,1.20,65
P2,0.42,1.22,18
P2,0.41,1.22,11
P2,0.00,0.91,149
P2,-0.10,0.74,222
P2,-0.11,0.74,260
P2,0.07,0.99,307
P2,-0.13,1.30,72
P2,-0.14,1.30,108
P2,0.20,1.10,96
P2,-0.01,1.25,81
P2,-0.03,1.25,41
P2,-0.12,1.13,83
P2,0.29,0.77,13
P2,0.20,0.33,22
P2,-0.11,1.00,79
P2,0.19,1.20,67
P2,0.20,1.20,22
P2,0.20,1.21,76
P2,0.21,1.21,37
P2,0.20,1.06,161
P2,-0.24,1.29,25
P2,-0.09,1.36,21
P2,-0.10,1.35,7
P2,-0.03,1.32,69
P2,-0.02,1.32,34
P2,0.43,1.10,1
P2,0.42,1.10,2
P2,-0.03,1.18,9
P2,-0.12,0.92,189
P2,-0.17,1.28,107
P2,0.24,0.88,63
P2,0.14,1.14,73
P2,0.14,1.15,195
P2,-0.07,0.80,419
P2,-0.15,1.01,203
P2,-0.17,0.56,81
P2,-0.21,1.25,162
P2,-0.20,1.26,90
P2,0.34,1.23,5
P2,0.34,1.24,11
P2,0.35,1.24,2
P2,0.35,1.23,15
P2,0.15,0.91,889
P2,-0.03,1.00,159
P2,0.11,0.51,192
P2,0.16,0.27,105
P2,0.20,1.18,54
P2,0.20,1.19,72
P2,-0.01,1.07,35
P2,-0.01,1.08,35
P2,0.43,0.94,23
P2,-0.13,0.96,57
P2,0.43,0.64,1
P2,0.42,0.64,18
P2,0.32,1.02,18
P2,0.33,1.02,8
P2,-0.04,1.32,12
P2,0.09,1.19,90
P2,0.09,1.18,39
P2,0.12,1.35,88
P2,0.12,1.36,121
P2,0.15,1.10,126
P2,-0.16,0.82,118
P2,0.31,0.74,6
P2,-0.07,1.23,105
P2,-0.16,0.46,134
P2,0.26,1.32,22
P2,0.27,1.32,23
P2,0.18,1.03,211
P2,0.15,0.26,125
P2,-0.11,0.78,394
P2,-0.11,0.90,49
P2,0.03,1.08,78
P2,0.02,1.08,57
P2,0.01,1.08,55
P2,0.19,0.28,247
P2,0.25,1.38,37
P2,0.25,1.39,5
P2,0.26,1.39,3
P2,0.26,1.38,36
P2,0.29,0.95,20
P2,0.00,1.05,134
P2,-0.07,0.85,82
P2,0.03,1.00,120
P2,0.35,0.88,109
P2,0.35,0.89,81
P2,0.36,0.89,96
P2,0.36,0.88,94
P2,0.23,0.35,102
P2,0.08,1.08,111
P2,0.07,1.08,92
P2,0.43,0.65,1
P2,0.42,0.65,14
P2,0.31,0.86,66
P2,0.32,0.86,70
P2,0.33,0.86,88
P2,0.33,0.85,218
P2,-0.03,1.01,36
P2,-0.04,1.01,206
P2,0.11,0.93,279
P2,0.14,0.63,488
P2,0.11,0.71,3
P2,-0.14,1.00,165
P2,0.16,0.60,55
P2,0.09,0.76,4
P2,0.09,0.75,8
P2,0.10,0.74,2
P2,0.08,0.75,83
P2,0.17,1.06,82
P2,0.13,0.70,744
P2,-0.10,1.23,17
P2,0.09,1.00,180
P2,-0.06,1.00,35
P2,-0.06,0.99,17
P2,-0.22,0.37,9
P2,0.04,0.97,139
P2,-0.18,0.33,29
P2,0.12,0.69,2230
P2,-0.04,1.04,94
P2,0.15,0.62,98
P2,0.11,1.09,85
P2,0.17,1.18,99
P2,0.18,1.18,100
P2,0.19,1.17,39
P2,0.22,0.88,29
P2,0.01,1.25,98
P2,0.01,1.24,17
P2,0.17,1.29,16
P2,0.17,1.30,61
P2,0.22,1.18,65
P2,0.24,1.17,60
P2,-0.03,1.23,83
P2,-0.03,1.24,65
P2,-0.22,1.24,107
P2,0.17,0.58,27
P2,-0.11,0.88,56
P2,0.24,1.08,70
P2,0.25,1.08,83
P2,0.05,0.99,198
P2,-0.02,1.01,64
P2,-0.02,1.00,48
P2,-0.08,0.71,338
P2,0.04,1.08,93
P2,-0.08,0.57,266
P2,0.16,0.61,15
P2,-0.16,1.22,47
P2,-0.17,1.22,67
P2,-0.18,1.22,75
P2,0.24,0.94,101
P2,0.10,0.76,3
P2,0.10,0.75,6
P2,0.11,0.74,231
P2,0.11,0.73,620
P2,0.11,0.72,6
P2,0.12,0.71,3
P2,0.12,0.70,1952
P2,0.47,1.29,1
P2,0.46,1.29,6
P2,0.46,1.28,2
P2,0.31,0.93,67
P2,0.32,0.93,85
P2,0.33,0.93,11
P2,0.33,0.92,49
P2,0.30,0.90,112
P2,0.31,0.90,51
P2,0.32,0.90,89
P2,0.18,1.11,96
P2,0.18,1.12,63
P2,0.19,1.12,74
P2,0.19,1.11,81
P2,0.13,1.25,62
P2,0.10,1.12,290
P2,0.14,1.17,79
P2,0.08,0.92,354
P2,0.07,0.75,43
P2,0.19,1.04,60
P2,0.05,1.39,2
P2,-0.11,1.17,20
P2,0.00,1.13,87
P2,-0.01,1.13,32
P2,-0.02,1.13,7
P2,-0.04,0.87,173
P2,-0.03,0.95,84
P2,0.01,1.21,47
P2,0.01,1.22,167
P2,0.01,1.12,122
P2,0.15,1.03,219
P2,0.06,1.36,3
P2,0.06,1.37,41
P2,0.07,1.37,34
P2,0.30,0.86,100
P2,-0.08,1.16,26
P2,0.24,1.05,65
P2,0.25,1.05,3
P2,-0.17,1.36,76
P2,-0.02,1.07,34
P2,-0.12,1.24,106
P2,0.34,0.84,27
P2,0.35,0.84,13
P2,0.21,1.12,33
P2,0.29,0.90,53
P2,-0.19,1.28,101
P2,-0.11,1.25,6
P2,0.35,0.83,82
P2,0.36,0.83,64
P2,0.00,1.25,67
P2,0.00,1.26,24
P2,-0.05,1.32,16
P2,-0.05,1.33,40
P2,-0.06,1.32,36
P2,-0.02,0.97,156
P2,-0.05,1.39,13
P2,-0.05,1.38,22
P2,-0.11,1.16,14
P2,-0.08,1.15,17
P2,-0.02,1.36,63
P2,-0.02,1.35,10
P2,0.30,1.22,13
P2,0.31,1.22,30
P2,0.47,0.94,1
P2,0.46,0.94,26
P2,0.45,0.94,23
P2,-0.22,1.26,66
P2,0.13,1.09,130
P2,0.13,1.10,167
P2,0.47,0.78,5
P2,0.46,0.78,48
P2,0.46,0.77,18
P2,0.33,0.87,34
P2,0.34,0.87,36
P2,0.34,0.86,95
P2,0.09,1.03,56
P2,0.07,1.04,50
P2,0.10,1.09,53
P2,0.09,1.09,137
P2,0.32,0.92,47
P2,-0.07,1.30,59
P2,-0.07,1.31,38
P2,-0.08,1.31,17
P2,-0.08,1.30,4
P2,-0.09,1.26,14
P2,-0.10,1.26,23
P2,-0.11,1.26,1
P2,-0.06,0.98,118
P2,0.13,1.06,123
P2,0.12,1.07,122
P2,0.12,1.06,135
P2,-0.08,1.26,11
P2,-0.09,1.27,24
P2,0.28,1.38,14
P2,0.29,1.38,14
P2,0.29,1.37,12
P2,0.17,0.60,4
P2,0.17,0.59,13
P2,-0.02,1.11,116
P2,0.46,1.37,12
P2,0.45,1.37,3
P2,-0.08,0.58,85
P2,-0.05,1.18,36
P2,-0.03,1.02,96
P2,-0.02,1.02,58
P2,0.27,1.03,37
P2,0.18,1.00,204
P2,0.47,0.81,2
P2,0.46,0.81,18
P2,0.46,0.80,17
P2,0.16,1.22,97
P2,0.21,1.08,81
P2,0.22,1.08,55
P2,-0.17,0.42,156
P2,-0.18,0.42,103
P2,0.15,0.98,260
P2,0.16,0.99,314
P2,0.45,1.31,10
P2,0.44,1.31,8
P2,0.30,0.88,131
P2,0.00,1.15,39
P2,0.00,1.14,38
P2,0.35,1.02,37
P2,0.35,1.03,44
P2,0.34,1.03,31
P2,0.34,1.02,19
P2,0.46,0.76,46
P2,0.45,0.76,33
P2,-0.06,0.93,34
P2,-0.07,0.92,26
P2,-0.01,1.09,6
P2,0.19,1.29,19
P2,0.21,1.29,19
P2,0.11,1.22,179
P2,0.12,1.22,84
P2,-0.17,0.58,127
P2,-0.03,0.96,152
P2,0.25,1.07,60
P2,-0.03,1.39,7
P2,-0.03,1.38,75
P2,-0.09,1.05,68
P2,-0.10,1.05,85
P2,-0.16,1.25,73
P2,0.06,1.33,63
P2,0.33,0.88,95
P2,0.34,0.83,59
P2,-0.11,1.34,35
P2,-0.11,1.35,32
P2,0.33,0.89,73
P2,0.11,1.35,66
P2,0.10,1.35,43
P2,-0.20,0.51,112
P2,0.46,0.74,51
P2,0.15,1.05,85
P2,0.15,1.04,42
P2,0.24,1.21,60
P2,0.25,1.21,40
P2,0.26,1.21,61
P2,-0.03,1.22,55
P2,-0.22,0.36,7
P2,-0.02,1.22,20
P2,-0.07,1.22,16
P2,-0.08,1.22,18
P2,-0.18,1.23,70
P2,-0.04,1.17,33
P2,0.30,0.99,96
P2,0.31,0.99,109
P2,0.32,0.99,85
P2,0.47,0.75,4
P2,0.46,0.75,77
P2,-0.11,1.10,23
P2,-0.12,1.10,87
P2,-0.07,1.04,34
P2,-0.17,1.29,77
P2,0.23,1.08,99
P2,0.20,0.99,62
P2,-0.18,0.93,242
P2,0.26,0.87,51
P2,0.25,0.87,73
P2,0.25,0.86,301
P2,0.24,0.86,664
P2,-0.08,1.09,154
P2,0.23,1.12,106
P2,0.25,1.13,34
P2,0.25,1.12,60
P2,-0.24,1.10,57
P2,0.45,1.03,7
P2,0.45,1.04,3
P2,0.44,1.04,25
P2,0.43,1.04,6
P2,0.43,1.03,8
P2,0.47,0.86,1
P2,0.46,0.86,15
P2,0.02,1.14,33
P2,0.03,1.14,36
P2,0.36,0.87,39
P2,-0.16,1.24,45
P2,0.27,0.89,378
P2,0.26,0.88,107
P2,0.36,0.85,47
P2,0.37,0.85,89
P2,0.16,1.35,20
P2,0.17,1.35,32
P2,0.30,0.87,66
P2,0.31,0.87,91
P2,0.32,0.87,76
P2,0.24,1.02,107
P2,0.01,1.07,39
P2,0.06,1.11,110
P2,0.07,1.11,74
P2,-0.16,1.23,96
P2,-0.17,1.23,147
P2,0.03,1.24,34
P2,0.01,1.03,123
P2,-0.13,1.37,42
P2,-0.15,1.22,6
P2,0.21,1.23,96
P2,0.22,1.23,67
P2,-0.06,0.81,153
P2,-0.01,1.00,72
P2,0.03,1.32,40
P2,0.04,1.09,114
P2,0.05,1.09,103
P2,0.05,1.08,142
P2,0.12,1.29,13
P2,0.14,1.29,9
P2,0.05,1.13,136
P2,0.05,1.14,77
P2,-0.02,0.90,267
P2,0.24,0.93,128
P2,0.18,1.23,48
P2,0.18,1.24,24
P2,0.19,1.23,18
P2,-0.09,1.13,27
P2,0.09,1.23,23
P2,0.09,1.24,70
P2,0.08,1.24,111
P2,0.07,1.23,7
P2,0.07,1.33,18
P2,0.13,1.17,62
P2,0.13,1.18,41
P2,0.21,1.18,53
P2,0.45,0.78,16
P2,0.44,0.78,16
P2,0.24,1.12,82
P2,0.00,1.18,20
P2,0.00,1.19,66
P2,-0.01,1.18,30
P2,-0.19,0.42,23
P2,-0.20,0.42,2
P2,0.26,0.98,117
P2,0.26,0.99,120
P2,0.27,0.99,67
P2,0.27,0.98,57
P2,0.22,0.26,70
P2,0.18,0.97,234
P2,0.25,1.17,58
P2,0.30,1.05,19
P2,0.30,1.06,31
P2,0.31,1.06,36
P2,0.31,1.05,16
P2,0.32,1.05,27
P2,0.09,1.33,52
P2,0.26,1.19,16
P2,0.26,1.18,10
P2,-0.18,0.67,144
P2,0.23,1.37,4
P2,0.23,1.38,10
P2,0.24,1.38,40
P2,0.25,1.37,6
P2,0.20,1.08,102
P2,0.10,0.94,276
P2,0.01,1.28,44
P2,0.47,1.35,1
P2,0.46,1.35,1
P2,-0.08,1.20,7
P2,-0.08,1.08,68
P2,-0.09,1.39,1
P2,0.20,1.15,169
P2,0.19,1.15,58
P2,0.27,1.04,80
P2,0.07,1.25,54
P2,0.06,1.25,74
P2,0.05,1.25,12
P2,0.47,0.74,2
P2,0.25,1.01,41
P2,0.20,1.26,52
P2,0.20,1.27,35
P2,0.22,1.27,56
P2,0.26,1.34,30
P2,0.27,1.34,34
P2,0.28,1.34,1
P2,-0.11,1.12,31
P2,0.08,1.28,45
P2,0.08,1.29,42
P2,0.07,1.29,93
P2,0.07,1.28,35
P2,0.07,1.26,127
P2,0.08,1.26,41
P2,0.08,1.27,60
P2,0.09,1.27,16
P2,0.09,1.26,16
P2,-0.20,0.48,21
P2,0.10,1.36,17
P2,-0.06,1.30,7
P2,-0.06,1.31,65
P2,0.09,1.25,6
P2,0.08,1.25,50
P2,0.20,1.09,196
P2,-0.11,0.70,328
P2,-0.16,0.65,96
P2,0.47,0.79,5
P2,0.46,0.79,32
P2,0.34,0.88,50
P2,0.42,0.81,4
P2,0.22,1.34,4
P2,0.22,1.35,15
P2,0.23,1.35,33
P2,0.24,1.35,10
P2,0.24,1.34,5
P2,0.34,0.85,58
P2,0.35,0.86,34
P2,0.35,0.85,45
P2,0.10,1.32,28
P2,0.10,1.33,46
P2,0.09,1.32,59
P2,0.13,1.27,104
P2,0.12,1.28,40
P2,0.12,1.27,11
P2,0.15,1.19,112
P2,0.47,1.32,1
P2,0.23,1.23,70
P2,0.10,1.31,53
P2,0.13,0.51,136
P2,0.16,1.05,56
P2,0.26,1.08,24
P2,0.27,1.08,10
P2,0.12,1.32,20
P2,0.03,1.07,102
P2,0.22,1.21,59
P2,0.23,1.21,101
P2,0.23,1.20,20
P2,-0.21,0.36,79
P2,0.16,1.18,77
P2,0.16,1.19,189
P2,-0.21,1.29,88
P2,-0.02,1.27,72
P2,0.26,1.36,19
P2,0.45,0.74,23
P2,0.17,1.17,89
P2,0.28,1.04,6
P2,0.28,1.03,6
P2,-0.20,0.46,12
P2,0.16,1.29,79
P2,0.16,1.30,80
P2,0.22,1.11,53
P2,-0.11,0.95,148
P2,-0.08,1.24,29
P2,-0.08,1.25,36
P2,-0.07,0.93,85
P2,-0.12,1.37,10
P2,0.16,1.33,56
P2,-0.20,1.27,17
P2,0.07,1.31,15
P2,-0.15,0.25,16
P2,-0.01,1.26,22
P2,-0.02,1.26,34
P2,0.15,1.06,158
P2,-0.23,1.29,33
P2,-0.23,1.30,6
P2,-0.22,1.29,42
P2,0.25,0.96,187
P2,0.26,0.96,117
P2,0.29,0.91,43
P2,0.24,1.20,35
P2,0.25,1.20,34
P2,0.45,1.11,4
P2,0.07,0.68,105
P2,0.16,0.45,1786
P2,0.02,1.07,31
P2,0.16,0.34,175
P2,-0.07,1.32,103
P2,0.21,1.15,70
P2,0.22,1.15,28
P2,0.23,1.15,53
P2,0.38,0.81,17
P2,0.13,1.03,181
P2,0.47,0.76,3
P2,-0.16,0.99,73
P2,0.18,0.28,5
P2,0.18,0.27,14
P2,0.38,0.84,62
P2,0.39,0.84,30
P2,0.19,1.27,18
P2,0.26,1.00,58
P2,0.27,1.00,33
P2,0.28,1.00,1
P2,0.28,0.99,38
P2,-0.18,0.30,1
P2,0.19,1.19,61
P2,0.26,1.05,23
P2,0.14,0.99,166
P2,0.14,0.98,219
P2,0.24,1.00,16
P2,0.24,1.01,21
P2,0.25,1.00,31
P2,0.17,0.33,8
P2,0.17,0.36,377
P2,-0.18,1.34,14
P2,-0.19,1.34,113
P2,-0.14,0.95,81
P2,-0.20,1.16,45
P2,-0.11,1.27,28
P2,-0.11,1.28,37
P2,0.12,0.51,139
P2,0.13,1.30,4
P2,0.14,1.30,48
P2,0.22,1.28,45
P2,0.23,1.28,22
P2,0.23,0.26,33
P2,-0.08,1.27,12
P2,0.17,0.27,38
P2,0.18,1.19,41
P2,0.16,1.15,30
P2,0.16,1.16,154
P2,0.45,1.17,5
P2,0.44,1.17,10
P2,0.19,0.33,328
P2,0.18,0.34,28
P2,0.18,0.35,7
P2,0.23,1.33,59
P2,0.24,1.33,54
P2,-0.08,1.21,13
P2,-0.09,1.21,56
P2,0.39,0.87,105
P2,0.11,1.23,44
P2,0.17,0.28,14
P2,0.19,1.33,33
P2,-0.24,1.39,7
P2,-0.22,1.22,26
P2,0.21,1.09,72
P2,0.22,1.09,101
P2,0.17,0.46,57
P2,0.04,1.14,72
P2,0.47,1.01,3
P2,0.46,1.01,33
P2,-0.16,0.33,70
P2,0.47,0.98,2
P2,0.46,0.98,36
P2,0.46,0.97,25
P2,0.45,0.97,7
P2,0.39,0.86,69
P2,0.40,0.86,57
P2,0.46,1.13,2
P2,0.45,1.13,11
P2,-0.04,1.25,1
P2,-0.04,1.26,53
P2,-0.05,1.23,33
P2,-0.05,1.24,52
P2,0.45,1.20,17
P2,0.45,1.21,8
P2,0.44,1.21,13
P2,0.44,1.20,35
P2,0.37,0.84,37
P2,0.46,0.72,23
P2,0.45,0.72,6
P2,0.14,1.03,82
P2,0.45,0.79,1
P2,0.31,0.94,77
P2,0.32,0.94,50
P2,0.28,0.97,45
P2,0.28,0.98,66
P2,0.27,0.97,72
P2,0.17,0.99,287
P2,-0.12,1.29,88
P2,-0.13,1.29,27
P2,-0.13,1.28,39
P2,-0.23,1.37,50
P2,-0.22,1.37,45
P2,0.17,1.13,103
P2,0.17,1.14,74
P2,0.16,1.14,35
P2,-0.02,1.18,17
P2,0.29,1.24,13
P2,0.12,1.09,126
P2,0.12,1.10,103
P2,0.45,1.18,2
P2,0.44,1.18,16
P2,-0.01,1.05,75
P2,0.19,0.34,501
P2,0.18,1.39,3
P2,0.18,1.38,12
P2,0.22,1.24,18
P2,0.23,1.24,101
P2,0.24,1.24,38
P2,0.24,1.23,36
P2,0.19,1.25,33
P2,0.19,1.26,35
P2,0.20,1.25,51
P2,0.18,0.45,1567
P2,0.18,0.46,1877
P2,0.19,1.38,22
P2,0.19,1.39,16
P2,0.16,1.32,37
P2,-0.05,1.14,82
P2,0.17,0.45,36
P2,0.15,1.09,43
P2,0.16,1.10,213
P2,0.20,0.34,38
P2,0.20,0.35,39
P2,0.47,0.65,1
P2,0.46,0.65,11
P2,0.47,0.77,1
P2,0.03,1.37,59
P2,0.01,1.36,5
P2,0.19,0.27,78
P2,0.17,1.22,69
P2,0.17,1.23,58
P2,0.21,0.34,14
P2,0.21,0.35,15
P2,-0.05,1.26,3
P2,0.23,0.34,226
P2,0.37,0.91,18
P2,0.31,0.97,51
P2,0.32,0.97,55
P2,0.36,0.86,54
P2,0.06,1.12,34
P2,0.04,1.13,106
P2,-0.12,1.17,48
P2,0.46,1.00,10
P2,0.13,1.11,67
P2,-0.14,1.15,15
P2,0.22,0.35,257
P2,-0.09,1.37,49
P2,-0.09,1.38,42
P2,0.24,1.03,120
P2,0.30,0.98,28
P2,0.31,0.98,43
P2,0.32,0.98,40
P2,0.26,1.17,20
P2,0.19,0.98,80
P2,0.26,1.33,4
P2,0.27,1.33,4
P2,0.28,1.33,1
P2,0.41,1.24,1
P2,-0.17,0.33,11
P2,0.18,1.17,57
P2,0.19,1.18,50
P2,0.22,0.34,4
P2,0.18,1.14,67
P2,0.23,1.09,77
P2,0.24,1.09,46
P2,0.37,0.96,20
P2,0.34,0.92,99
P2,0.34,0.91,93
P2,-0.09,0.96,77
P2,0.41,0.85,6
P2,0.00,1.35,8
P2,-0.01,1.35,20
P2,-0.02,1.34,28
P2,0.00,1.12,111
P2,0.33,0.91,27
P2,0.19,1.03,137
P2,0.23,1.10,98
P2,0.24,1.10,53
P2,0.37,0.86,27
P2,0.35,0.87,35
P2,0.19,0.99,195
P2,0.06,1.29,2
P2,0.20,0.45,1329
P2,0.20,0.46,710
P2,0.15,1.38,84
P2,0.20,0.47,39
P2,0.19,0.51,20
P2,0.35,0.94,27
P2,0.35,0.95,88
P2,0.47,0.67,1
P2,0.46,0.67,13
P2,0.44,0.83,8
P2,0.06,1.30,7
P2,0.05,1.30,50
P2,0.14,1.11,169
P2,-0.07,1.15,13
P2,0.19,1.36,15
P2,0.20,1.36,33
P2,0.21,1.36,34
P2,-0.01,0.87,188
P2,-0.02,0.87,245
P2,0.45,0.75,3
P2,0.29,0.97,20
P2,0.30,0.97,42
P2,0.19,0.62,1
P2,0.19,0.61,1
P2,0.19,0.60,1
P2,0.15,1.28,19
P2,0.15,1.29,101
P2,0.47,0.80,13
P2,0.05,1.18,9
P2,0.18,1.21,68
P2,0.18,1.22,74
P2,0.19,1.22,63
P2,0.19,1.21,118
P2,-0.19,0.41,27
P2,0.28,0.91,118
P2,-0.07,1.08,65
P2,0.33,0.99,9
P2,0.33,1.00,54
P2,0.26,1.07,1
P2,0.18,0.33,5
P2,0.13,1.21,59
P2,0.21,1.24,50
P2,0.47,1.21,1
P2,0.46,1.21,13
P2,0.38,0.86,17
P2,0.38,0.87,63
P2,0.21,0.24,231
P2,0.03,1.35,23
P2,0.02,1.35,17
P2,0.02,1.34,15
P2,-0.05,1.31,15
P2,0.16,1.23,6
P2,0.26,1.13,35
P2,0.27,1.14,34
P2,0.15,1.14,75
P2,0.15,1.15,35
P2,-0.02,1.37,1
P2,-0.02,1.38,19
P2,-0.04,1.38,49
P2,-0.04,1.37,3
P2,0.31,1.04,24
P2,0.32,1.04,60
P2,0.33,1.04,42
P2,0.27,1.10,10
P2,0.47,0.82,1
P2,0.46,0.82,17
P2,0.28,1.36,4
P2,0.28,1.37,4
P2,0.29,1.36,6
P2,0.30,1.36,1
P2,0.45,0.77,3
P2,0.14,0.64,75
P2,0.11,0.76,4
P2,0.11,0.75,2
P2,0.19,1.16,104
P2,0.13,0.77,2
P2,0.14,0.76,1
P2,0.14,0.75,4
P2,0.14,0.74,233
P2,-0.04,0.86,325
P2,0.14,0.65,13
P2,0.49,1.23,10
P2,0.48,1.23,2
P2,0.12,1.02,106
P2,0.01,0.98,54
P2,-0.06,1.13,32
P2,-0.05,1.25,74
P2,0.51,0.73,1
P2,-0.06,1.14,30
P2,-0.12,1.28,24
P2,0.15,0.63,21
P2,-0.01,1.12,20
P2,-0.09,1.08,114
P2,0.51,0.85,2
P2,0.50,0.85,1
P2,-0.11,1.29,9
P2,0.51,1.15,1
P2,0.50,1.15,5
P2,0.01,1.31,12
P2,0.02,1.31,2
P2,0.10,1.39,1
P2,0.10,1.38,8
P2,0.11,1.10,57
P2,0.00,1.11,24
P2,-0.01,1.11,12
P2,0.37,0.88,123
P2,-0.09,1.32,18
P2,-0.09,1.33,31
P2,-0.10,1.33,59
P2,0.29,0.98,39
P2,0.29,0.99,86
P2,0.16,1.39,6
P2,0.16,1.38,69
P2,0.17,1.19,39
P2,0.18,1.20,50
P2,0.37,0.87,46
P2,0.38,0.88,53
P2,0.24,1.39,3
P2,0.05,1.24,26
P2,-0.17,1.10,42
P2,0.28,1.09,33
P2,0.29,1.09,34
P2,0.15,0.65,4
P2,0.15,0.64,5
P2,0.12,0.74,248
P2,0.36,1.23,18
P2,0.37,1.23,7
P2,0.44,0.75,26
P2,0.44,0.74,20
P2,0.32,0.89,58
P2,-0.19,1.39,3
P2,0.15,1.07,70
P2,0.13,0.74,123
P2,-0.07,1.07,79
P2,-0.22,0.35,4
P2,-0.04,1.33,53
P2,0.08,1.23,75
P2,0.27,1.15,9
P2,0.18,1.25,60
P2,0.39,0.88,92
P2,0.31,1.28,20
P2,0.32,1.28,57
P2,0.33,1.28,16
P2,0.33,1.27,9
P2,0.20,1.22,47
P2,0.17,1.32,16
P2,0.30,1.15,38
P2,0.31,1.15,9
P2,0.39,0.89,20
P2,0.40,0.89,50
P2,0.40,0.90,52
P2,0.16,1.06,68
P2,0.06,1.18,52
P2,-0.13,1.09,33
P2,-0.16,1.37,11
P2,0.05,1.28,45
P2,0.06,1.28,23
P2,0.18,1.33,6
P2,0.19,1.34,34
P2,0.20,1.34,17
P2,0.17,1.39,5
P2,0.17,1.38,28
P2,0.03,1.28,78
P2,0.04,1.28,90
P2,0.06,1.22,27
P2,0.05,1.22,49
P2,0.00,1.31,26
P2,0.09,1.22,1
P2,0.08,1.22,116
P2,0.07,1.22,59
P2,0.13,1.22,15
P2,0.13,1.23,82
P2,0.26,1.12,17
P2,0.27,1.12,4
P2,0.12,1.24,5
P2,0.20,1.11,41
P2,0.51,0.79,2
P2,0.50,0.79,19
P2,0.25,1.24,11
P2,0.15,0.24,207
P2,0.15,0.23,215
P2,0.00,0.93,77
P2,0.14,1.34,20
P2,0.14,1.35,32
P2,0.15,1.34,91
P2,0.15,1.16,18
P2,0.14,1.16,39
P2,0.34,1.22,21
P2,0.35,1.22,30
P2,0.36,1.22,14
P2,0.21,1.25,3
P2,0.28,1.24,7
P2,0.28,1.25,52
P2,0.29,1.25,17
P2,0.16,0.24,81
P2,0.16,0.23,84
P2,0.17,0.23,52
P2,0.51,0.77,1
P2,0.50,0.77,7
P2,0.29,1.04,45
P2,0.47,0.87,11
P2,0.48,0.87,16
P2,-0.03,1.12,62
P2,0.37,0.83,14
P2,0.38,0.83,23
P2,0.16,0.63,1
P2,0.17,0.62,2
P2,0.17,0.61,2
P2,0.22,1.36,20
P2,0.25,0.98,98
P2,0.07,1.24,63
P2,0.06,1.24,28
P2,0.06,1.23,2
P2,-0.04,1.05,47
P2,0.01,1.34,21
P2,0.34,0.95,7
P2,0.36,0.95,24
P2,0.31,1.02,2
P2,0.32,1.03,16
P2,0.33,1.03,11
P2,0.49,1.19,2
P2,0.49,1.20,8
P2,0.48,1.20,6
P2,0.48,1.19,4
P2,0.09,1.39,4
P2,0.13,1.14,33
P2,0.11,1.29,15
P2,0.22,1.10,39
P2,0.33,1.05,15
P2,-0.02,1.12,52
P2,-0.01,1.30,70
P2,0.27,1.21,26
P2,0.27,1.20,7
P2,-0.08,1.37,35
P2,0.34,0.93,89
P2,0.07,1.30,36
P2,0.03,1.30,100
P2,0.02,1.30,102
P2,0.20,1.03,90
P2,0.29,1.06,3
P2,0.09,1.08,80
P2,0.22,0.23,457
P2,-0.20,0.26,14
P2,0.35,0.96,4
P2,0.35,0.97,29
P2,0.36,0.97,12
P2,0.36,0.96,6
P2,0.32,1.07,17
P2,0.33,1.07,34
P2,0.17,0.24,28
P2,0.18,0.23,16
P2,0.51,1.29,1
P2,0.50,1.29,1
P2,0.32,1.00,29
P2,0.51,1.17,1
P2,0.50,1.17,12
P2,0.51,0.78,2
P2,0.50,0.78,25
P2,0.37,0.90,8
P2,0.38,0.91,38
P2,0.38,0.90,8
P2,0.39,0.90,28
P2,0.46,0.71,17
P2,0.47,0.71,17
P2,0.17,0.29,3
P2,0.17,0.30,6
P2,0.22,0.22,17
P2,0.44,0.85,38
P2,0.45,0.85,20
P2,0.46,0.84,46
P2,0.50,0.68,37
P2,0.50,0.67,4
P2,0.49,0.80,5
P2,0.48,0.80,19
P2,0.46,0.73,2
P2,0.43,0.81,17
P2,0.44,0.81,17
P2,0.19,0.24,25
P2,0.19,0.23,37
P2,0.20,0.24,274
P2,0.20,0.23,88
P2,0.51,0.80,1
P2,0.50,0.80,6
P2,0.50,0.82,17
P2,0.13,1.26,134
P2,0.34,1.07,13
P2,0.36,0.91,72
P2,0.36,0.92,34
P2,0.37,0.92,34
P2,0.38,0.92,7
P2,0.23,0.24,63
P2,0.51,0.76,1
P2,0.50,0.76,3
P2,0.33,0.95,12
P2,0.33,0.94,26
P2,0.18,0.24,7
P2,0.51,0.72,1
P2,0.50,0.72,4
P2,0.50,0.73,15
P2,0.49,0.73,6
P2,0.49,0.72,8
P2,0.34,0.90,27
P2,0.35,0.90,31
P2,0.36,0.90,19
P2,0.51,1.34,1
P2,0.50,1.34,10
P2,0.51,0.68,2
P2,0.49,0.68,4
P2,0.51,0.84,1
P2,0.50,0.84,12
P2,0.50,0.83,1
P2,0.41,0.86,23
P2,0.36,0.93,8
P2,0.37,0.93,17
P2,0.12,1.15,47
P2,0.12,1.16,37
P2,0.25,1.33,9
P2,0.16,1.25,12
P2,0.17,1.25,4
P2,0.17,1.26,63
P2,0.18,1.26,57
P2,0.37,0.89,42
P2,0.13,0.76,1
P2,0.21,0.23,189
P2,0.18,0.56,2
P2,0.21,1.10,28
P2,0.19,0.45,17
P2,0.15,1.21,65
P2,0.15,1.22,44
P2,0.23,0.25,3
P2,0.43,0.80,52
P2,0.44,0.79,3
P2,0.31,1.27,5
P2,0.14,1.06,33
P2,0.27,0.96,8
P2,0.28,0.96,37
P2,0.17,1.20,38
P2,0.27,1.28,4
P2,0.02,1.39,3
P2,0.02,1.38,11
P2,0.28,1.21,15
P2,0.49,1.25,3
P2,0.49,1.26,3
P2,0.48,1.26,14
P2,0.48,1.25,3
P2,0.47,1.25,1
P2,0.33,0.90,44
P2,0.15,1.25,74
P2,0.16,1.24,1
P2,0.42,0.84,32
P2,0.43,0.84,33
P2,0.44,0.84,35
P2,0.27,1.17,63
P2,0.05,1.23,25
P2,0.04,1.23,63
P2,0.15,1.30,40
P2,0.15,1.31,59
P2,0.16,1.31,60
P2,0.25,1.14,13
P2,0.24,1.22,10
P2,-0.08,1.04,56
P2,0.34,1.00,4
P2,0.35,1.00,12
P2,0.22,1.32,2
P2,0.23,1.32,18
P2,0.12,1.13,61
P2,0.20,0.48,9
P2,0.26,1.23,4
P2,0.27,1.23,60
P2,0.28,1.23,41
P2,0.49,1.00,11
P2,0.48,1.00,6
P2,0.48,1.01,15
P2,0.47,1.00,9
P2,0.51,0.81,1
P2,0.50,0.81,1
P2,0.44,0.82,23
P2,0.45,0.82,16
P2,0.45,0.81,1
P2,0.51,0.69,1
P2,0.25,1.22,19
P2,0.26,1.22,43
P2,0.27,1.22,15
P2,0.51,1.18,1
P2,0.50,1.18,16
P2,0.49,0.79,13
P2,-0.20,0.45,8
P2,0.47,0.97,22
P2,0.36,0.84,3
P2,0.21,1.26,26
P2,0.22,1.25,1
P2,0.34,1.15,1
P2,0.35,1.15,18
P2,0.36,1.15,8
P2,0.31,1.00,26
P2,0.51,0.91,1
P2,0.50,0.91,32
P2,0.49,0.91,5
P2,0.35,1.20,50
P2,0.35,1.21,14
P2,0.28,1.22,43
P2,0.34,0.94,33
P2,0.35,0.93,4
P2,0.36,0.94,74
P2,0.51,0.82,2
P2,-0.01,1.10,17
P2,-0.21,0.38,12
P2,0.27,0.92,21
P2,0.25,1.23,4
P2,0.42,0.85,3
P2,0.43,0.85,70
P2,0.18,1.27,12
P2,-0.05,1.15,17
P2,-0.06,1.28,8
P2,0.27,1.27,33
P2,0.13,0.68,3
P2,0.13,0.67,12
P2,0.21,1.11,39
P2,-0.07,1.29,11
P2,0.55,0.80,2
P2,0.54,0.80,18
P2,0.17,1.10,41
P2,0.44,0.89,23
P2,0.45,0.89,36
P2,0.41,0.94,5
P2,0.30,1.12,4
P2,0.30,1.13,14
P2,0.31,1.13,31
P2,0.32,1.12,6
P2,0.47,0.88,16
P2,0.48,0.88,4
P2,0.16,1.26,46
P2,0.29,1.13,5
P2,0.55,0.81,1
P2,0.54,0.81,17
P2,0.53,0.81,5
P2,0.28,0.92,2
P2,-0.02,1.08,51
P2,-0.03,1.08,6
P2,-0.03,1.07,4
P2,0.14,1.22,49
P2,0.15,1.23,25
P2,-0.09,1.22,41
P2,-0.10,1.22,52
P2,0.23,1.39,2
P2,-0.12,1.30,44
P2,0.34,1.04,23
P2,0.34,1.05,13
P2,0.35,1.05,14
P2,0.35,1.04,7
P2,0.36,1.04,4
P2,0.53,1.06,1
P2,0.52,1.06,13
P2,0.52,1.07,7
P2,0.51,1.07,3
P2,0.51,1.06,16
P2,-0.09,1.23,22
P2,0.07,1.27,10
P2,-0.06,1.38,1
P2,0.15,1.35,11
P2,0.15,1.24,11
P2,0.14,1.25,28
P2,0.17,1.21,17
P2,0.14,0.69,1
P2,0.14,0.68,1
P2,0.14,0.67,2
P2,-0.07,1.00,37
P2,0.35,1.01,14
P2,0.36,1.01,25
P2,0.37,1.01,26
P2,0.37,0.97,20
P2,0.37,0.98,33
P2,0.38,0.98,40
P2,0.39,0.97,31
P2,0.34,0.98,6
P2,0.34,0.99,30
P2,0.35,0.99,16
P2,0.35,0.98,67
P2,0.02,1.28,40
P2,0.05,1.21,20
P2,0.04,1.37,47
P2,0.23,1.31,10
P2,0.16,1.34,22
P2,-0.08,1.23,22
P2,0.42,0.92,16
P2,0.43,0.92,28
P2,0.44,0.91,5
P2,0.45,0.83,12
P2,0.46,0.83,3
P2,0.47,0.83,10
P2,-0.03,1.36,14
P2,-0.04,1.36,15
P2,0.15,1.26,49
P2,0.14,0.20,40
P2,0.40,0.88,22
P2,0.21,1.34,4
P2,0.33,0.97,40
P2,0.29,1.07,14
P2,0.29,1.08,24
P2,0.30,1.08,78
P2,0.30,1.07,17
P2,0.31,1.07,18
P2,0.28,1.17,7
P2,0.28,1.16,2
P2,0.02,1.22,93
P2,0.11,1.14,69
P2,0.25,1.35,15
P2,-0.03,1.30,3
P2,-0.05,1.30,6
P2,0.34,1.09,2
P2,0.35,1.09,18
P2,0.36,1.09,7
P2,0.36,1.08,1
P2,0.37,0.95,9
P2,0.37,0.94,42
P2,0.40,0.95,7
P2,0.40,0.96,29
P2,0.41,0.96,25
P2,0.41,0.95,1
P2,0.36,1.03,15
P2,0.08,1.14,50
P2,0.13,1.16,12
P2,0.39,0.91,2
P2,0.40,0.91,30
P2,-0.03,1.35,2
P2,-0.04,1.35,17
P2,-0.05,1.35,6
P2,-0.15,0.24,19
P2,0.38,0.96,31
P2,0.39,0.96,39
P2,0.31,1.08,42
P2,0.16,0.20,7
P2,0.41,0.84,27
P2,0.15,0.20,12
P2,0.21,0.20,16
P2,0.35,0.91,52
P2,0.04,1.34,12
P2,0.03,1.34,40
P2,0.20,0.20,17
P2,0.28,1.14,9
P2,0.32,1.06,2
P2,0.33,1.06,24
P2,0.34,1.06,11
P2,0.18,0.20,2
P2,0.14,1.26,15
P2,0.16,0.25,2
P2,0.16,0.26,4
P2,0.17,0.20,3
P2,0.47,0.91,14
P2,0.48,0.91,18
P2,-0.16,1.39,1
P2,0.31,1.21,7
P2,0.32,1.22,31
P2,0.32,1.21,8
P2,0.46,0.89,18
P2,0.25,1.16,8
P2,0.17,1.24,1
P2,-0.02,1.39,2
P2,0.35,0.92,16
P2,-0.02,1.30,35
P2,0.13,1.24,43
P2,0.37,1.38,8
P2,0.37,1.39,3
P2,0.38,1.39,8
P2,0.38,1.38,16
P2,0.39,1.38,1
P2,0.55,0.79,1
P2,0.54,0.79,9
P2,0.38,1.01,10
P2,0.45,0.84,35
P2,0.17,0.25,1
P2,0.17,0.26,2
P2,0.54,1.11,15
P2,0.53,1.11,24
P2,0.52,1.11,10
P2,0.52,1.10,1
P2,0.32,0.96,35
P2,0.36,0.98,68
P2,0.20,0.26,89
P2,0.20,0.25,53
P2,0.40,0.93,3
P2,0.40,0.94,21
P2,0.39,0.94,36
P2,0.39,0.93,5
P2,0.30,1.16,8
P2,0.31,1.16,18
P2,0.32,1.15,5
P2,0.36,1.02,25
P2,0.23,1.25,6
P2,0.24,1.25,20
P2,0.25,1.25,12
P2,-0.03,1.13,7
P2,0.38,0.89,17
P2,0.32,1.08,24
P2,0.33,1.08,2
P2,0.23,1.29,21
P2,0.24,1.29,22
P2,0.31,1.01,31
P2,0.30,1.01,25
P2,-0.05,1.29,5
P2,0.27,1.38,2
P2,0.26,1.35,10
P2,0.27,1.35,12
P2,0.51,0.89,6
P2,0.52,0.89,2
P2,0.14,1.27,19
P2,0.14,1.28,19
P2,0.15,1.27,34
P2,0.22,0.21,1
P2,0.18,0.55,1
P2,0.39,0.98,14
P2,0.54,0.93,10
P2,0.35,1.06,9
P2,0.36,1.06,18
P2,0.40,0.97,9
P2,0.45,0.99,11
P2,0.46,0.99,20
P2,0.47,0.99,7
P2,-0.01,1.31,2
P2,0.28,0.95,5
P2,0.40,0.92,16
P2,0.41,0.92,14
P2,0.27,1.06,20
P2,0.27,1.05,18
P2,0.36,1.38,19
P2,0.36,1.39,7
P2,0.27,1.25,17
P2,0.20,1.17,16
P2,0.41,0.88,46
P2,0.42,0.88,5
P2,0.21,0.46,2
P2,0.21,0.47,1
P2,0.20,0.49,2
P2,0.47,0.90,17
P2,0.44,0.94,2
P2,0.33,0.96,5
P2,0.34,0.96,10
P2,0.26,1.20,7
P2,0.22,0.43,1
P2,0.21,0.45,1
P2,0.18,1.35,11
P2,0.18,1.34,6
P2,0.23,1.30,6
P2,0.24,1.30,4
P2,0.25,1.30,3
P2,-0.07,1.33,33
P2,-0.06,1.33,15
P2,0.43,0.86,18
P2,0.33,1.22,10
P2,0.10,1.23,12
P2,0.43,0.83,15
P2,-0.07,1.01,6
P2,0.55,0.88,1
P2,0.54,0.88,6
P2,0.55,1.29,1
P2,0.54,1.29,3
P2,0.40,0.98,4
P3,0.19,0.39,5191
P3,0.18,0.39,7498
P3,0.17,0.39,4728
P3,0.00,0.50,309
P3,-0.01,0.51,492
P3,-0.01,0.50,421
P3,0.11,0.63,97
P3,0.12,0.63,123
P3,0.13,0.63,112
P3,-0.24,0.43,50169
P3,-0.23,0.43,15932
P3,-0.23,0.44,11970
P3,-0.22,0.43,10261
P3,0.24,0.46,3904
P3,0.24,0.45,6178
P3,0.23,0.43,15633
P3,0.23,0.44,10670
P3,0.22,0.44,8789
P3,0.22,0.43,9632
P3,-0.02,1.09,194
P3,-0.03,1.09,111
P3,-0.04,1.09,170
P3,-0.09,0.30,3960
P3,-0.09,0.31,2407
P3,-0.16,0.74,89
P3,-0.17,0.74,106
P3,-0.17,0.75,81
P3,-0.18,0.74,101
P3,0.01,0.23,2328
P3,0.00,0.23,2307
P3,-0.01,0.23,2220
P3,-0.01,0.22,2537
P3,0.21,0.41,1907
P3,0.20,0.41,6084
P3,0.20,0.40,3255
P3,0.19,0.41,6522
P3,0.18,0.41,2825
P3,0.18,0.42,1558
P3,0.17,0.42,787
P3,0.17,0.41,1615
P3,-0.22,0.94,223
P3,-0.21,0.94,117
P3,-0.20,0.94,116
P3,0.18,0.32,66
P3,0.17,0.32,555
P3,0.17,0.31,353
P3,0.07,0.45,361
P3,0.07,0.46,324
P3,0.08,0.45,234
P3,0.22,0.72,415
P3,0.21,0.72,369
P3,0.20,0.72,264
P3,-0.06,0.36,439
P3,-0.07,0.36,712
P3,-0.07,0.37,346
P3,-0.08,0.36,334
P3,0.14,0.21,260
P3,0.13,0.21,1175
P3,0.12,0.21,2048
P3,-0.09,0.22,8975
P3,-0.09,0.23,7301
P3,-0.10,0.23,6700
P3,-0.10,0.22,4867
P3,-0.13,0.40,540
P3,-0.13,0.41,333
P3,-0.12,0.41,475
P3,-0.12,0.40,315
P3,0.20,0.85,125
P3,0.17,0.30,131
P3,0.16,0.30,819
P3,0.15,0.30,1862
P3,-0.14,0.29,3583
P3,-0.13,0.29,5716
P3,-0.12,0.29,4176
P3,0.19,0.48,812
P3,0.19,0.47,510
P3,-0.07,0.25,6469
P3,-0.06,0.25,10494
P3,-0.06,0.26,8638
P3,-0.20,0.86,191
P3,-0.20,0.87,108
P3,-0.19,0.87,150
P3,-0.18,0.87,129
P3,-0.18,0.86,150
P3,0.18,0.38,6943
P3,0.19,0.38,3346
P3,-0.15,0.25,358
P3,-0.14,0.25,1202
P3,-0.13,0.25,1358
P3,0.12,0.72,73
P3,0.12,0.73,77
P3,0.13,0.73,68
P3,0.13,0.72,37
P3,0.23,0.59,773
P3,0.22,0.59,538
P3,0.22,0.60,587
P3,0.21,0.59,375
P3,0.21,0.52,1161
P3,0.21,0.53,1043
P3,0.22,0.53,1023
P3,0.22,0.52,1241
P3,0.23,0.45,4949
P3,0.22,0.45,3727
P3,0.21,0.45,2727
P3,0.21,0.44,5137
P3,0.00,0.46,519
P3,0.00,0.47,305
P3,-0.01,0.47,389
P3,-0.02,0.47,476
P3,-0.02,0.46,533
P3,-0.15,0.24,139
P3,-0.14,0.24,765
P3,-0.13,0.24,1225
P3,-0.17,0.31,441
P3,-0.17,0.30,206
P3,0.15,0.87,177
P3,0.16,0.87,145
P3,0.17,0.87,193
P3,0.17,0.34,3206
P3,0.16,0.34,5566
P3,0.07,0.23,2912
P3,0.07,0.24,2550
P3,-0.15,0.32,4526
P3,-0.15,0.33,4734
P3,-0.14,0.32,4068
P3,-0.13,0.32,3828
P3,-0.12,0.32,6171
P3,0.03,1.18,15
P3,0.03,1.19,91
P3,0.02,1.19,78
P3,0.02,1.18,72
P3,-0.14,0.26,1160
P3,-0.13,0.26,1044
P3,-0.13,0.27,2678
P3,-0.12,0.26,4782
P3,-0.12,1.32,16
P3,-0.13,1.32,30
P3,-0.13,1.33,35
P3,-0.14,1.33,35
P3,-0.14,1.32,36
P3,-0.24,0.45,6805
P3,-0.24,0.46,4195
P3,-0.23,0.46,3992
P3,-0.23,0.45,5195
P3,-0.22,0.44,8545
P3,0.06,0.43,280
P3,0.06,0.44,296
P3,0.07,0.44,310
P3,0.08,0.44,291
P3,0.08,0.43,214
P3,0.21,0.69,446
P3,0.20,0.69,257
P3,-0.19,0.75,198
P3,-0.18,0.75,70
P3,0.17,0.44,452
P3,0.17,0.45,458
P3,0.15,0.29,1347
P3,0.24,0.56,945
P3,0.23,0.56,768
P3,0.23,0.57,1057
P3,0.22,0.57,639
P3,0.22,0.56,1003
P3,-0.01,1.14,150
P3,-0.01,1.15,206
P3,-0.14,0.21,221
P3,-0.22,0.57,473
P3,-0.22,0.58,723
P3,-0.21,0.58,459
P3,-0.20,0.57,465
P3,0.03,0.23,9190
P3,0.04,0.23,13583
P3,0.05,0.23,9635
P3,0.05,0.22,3851
P3,0.04,0.22,13529
P3,0.03,0.22,14272
P3,0.17,0.75,103
P3,0.17,0.76,105
P3,0.18,0.76,96
P3,0.19,0.76,198
P3,0.19,0.75,282
P3,0.21,0.46,2382
P3,0.21,0.47,1451
P3,0.22,0.47,2781
P3,0.22,0.46,2712
P3,-0.20,0.79,171
P3,-0.19,0.79,211
P3,-0.18,0.79,150
P3,0.06,0.24,8713
P3,0.05,0.24,11596
P3,0.04,0.24,7075
P3,-0.14,0.22,546
P3,0.19,0.82,217
P3,0.20,0.82,200
P3,0.20,0.83,114
P3,0.21,0.82,213
P3,0.13,0.24,1015
P3,0.14,0.24,476
P3,0.15,0.23,32
P3,0.14,0.23,435
P3,0.14,0.22,737
P3,0.19,0.52,467
P3,0.19,0.53,454
P3,0.16,0.32,2479
P3,0.15,0.32,5315
P3,-0.04,0.85,121
P3,-0.04,0.86,45
P3,-0.05,0.86,102
P3,-0.05,0.85,87
P3,-0.06,0.85,81
P3,-0.22,0.62,788
P3,-0.21,0.62,578
P3,-0.18,0.36,2626
P3,-0.18,0.37,4374
P3,-0.21,0.43,8632
P3,-0.09,0.64,252
P3,-0.10,0.64,114
P3,-0.10,0.65,161
P3,-0.11,0.64,172
P3,-0.01,0.64,506
P3,-0.01,0.65,373
P3,0.06,0.40,264
P3,0.06,0.41,329
P3,0.07,0.41,290
P3,0.07,0.40,465
P3,0.08,0.40,362
P3,0.13,0.26,1308
P3,0.13,0.27,3218
P3,0.12,0.27,5790
P3,0.12,0.26,4982
P3,0.14,0.38,893
P3,0.13,0.38,591
P3,0.12,0.38,399
P3,-0.21,0.41,2622
P3,-0.20,0.41,5833
P3,0.10,0.33,1106
P3,0.10,0.34,272
P3,-0.13,0.37,455
P3,-0.14,0.37,776
P3,-0.15,0.37,2224
P3,0.16,0.36,6261
P3,0.15,0.37,2474
P3,0.14,0.37,1144
P3,0.14,0.36,2360
P3,-0.24,0.49,2065
P3,-0.24,0.50,2107
P3,-0.23,0.49,2645
P3,0.13,0.22,1271
P3,0.13,0.23,887
P3,0.12,0.23,991
P3,0.12,0.22,1024
P3,0.24,0.43,48247
P3,0.17,0.28,6
P3,0.16,0.28,208
P3,0.16,0.29,575
P3,0.15,0.28,692
P3,0.11,0.32,5378
P3,0.12,0.32,6935
P3,0.03,0.24,4434
P3,0.02,0.24,2299
P3,0.01,0.24,2193
P3,0.09,0.29,7390
P3,0.10,0.29,6707
P3,0.10,0.30,7464
P3,0.11,0.30,6319
P3,0.11,0.29,2757
P3,-0.24,0.75,281
P3,-0.24,0.76,251
P3,-0.23,0.76,251
P3,-0.22,0.76,256
P3,-0.22,0.75,209
P3,0.04,0.62,221
P3,0.04,0.63,189
P3,0.03,0.63,140
P3,0.03,0.62,185
P3,0.20,0.48,868
P3,0.20,0.49,967
P3,0.19,0.49,599
P3,0.18,0.48,616
P3,-0.20,0.45,1861
P3,-0.20,0.46,1604
P3,-0.21,0.46,1822
P3,-0.21,0.45,2255
P3,-0.03,0.70,249
P3,-0.03,0.71,64
P3,-0.15,0.46,269
P3,-0.15,0.47,319
P3,-0.14,0.47,232
P3,-0.14,0.46,173
P3,-0.23,0.61,723
P3,-0.23,0.62,768
P3,-0.22,0.61,466
P3,0.01,0.74,244
P3,0.01,0.75,203
P3,0.07,0.32,734
P3,0.08,0.32,565
P3,0.08,0.33,417
P3,0.09,0.33,510
P3,0.09,0.32,861
P3,-0.02,0.27,1207
P3,-0.03,0.27,963
P3,-0.21,0.60,506
P3,-0.21,0.61,430
P3,-0.22,0.60,585
P3,-0.23,0.60,730
P3,-0.24,0.44,9994
P3,0.23,0.77,257
P3,0.22,0.77,313
P3,0.21,0.77,352
P3,0.05,1.39,3
P3,0.05,1.38,32
P3,0.16,0.33,5254
P3,0.15,0.33,4842
P3,0.14,0.33,5607
P3,0.14,0.32,4565
P3,-0.20,0.37,250
P3,-0.19,0.37,997
P3,-0.21,0.44,4927
P3,-0.20,0.44,2753
P3,-0.20,0.43,4079
P3,0.22,0.73,230
P3,0.22,0.74,300
P3,0.21,0.74,293
P3,0.20,0.74,257
P3,0.20,0.73,392
P3,0.02,0.53,339
P3,0.03,0.53,284
P3,0.03,0.54,529
P3,0.04,0.53,275
P3,-0.16,0.83,97
P3,-0.16,0.84,150
P3,-0.17,0.84,141
P3,-0.18,0.83,168
P3,-0.24,0.51,1516
P3,-0.14,0.58,36
P3,-0.15,0.58,226
P3,-0.15,0.59,126
P3,-0.16,0.58,259
P3,-0.11,0.23,1676
P3,0.12,0.78,63
P3,0.13,0.78,114
P3,0.14,0.78,104
P3,-0.21,0.47,1634
P3,-0.21,0.48,1470
P3,-0.22,0.48,2259
P3,-0.22,0.47,2645
P3,0.16,0.37,5127
P3,-0.03,0.58,257
P3,-0.03,0.57,332
P3,0.03,1.32,53
P3,0.04,1.32,94
P3,0.04,1.33,180
P3,0.05,1.32,173
P3,-0.24,0.53,1414
P3,-0.24,0.52,1568
P3,0.22,1.26,36
P3,0.21,1.26,69
P3,0.20,1.26,96
P3,-0.23,0.50,2320
P3,-0.10,0.89,82
P3,-0.11,0.89,104
P3,-0.12,0.89,104
P3,0.17,0.33,1104
P3,0.16,0.31,1348
P3,0.24,0.44,9738
P3,0.11,0.54,139
P3,0.11,0.55,240
P3,0.12,0.55,308
P3,0.12,0.54,158
P3,-0.09,0.48,143
P3,-0.09,0.49,183
P3,0.21,0.94,221
P3,0.21,0.95,195
P3,0.20,0.95,167
P3,0.19,0.95,232
P3,0.19,0.94,164
P3,-0.17,0.35,4165
P3,-0.17,0.36,4431
P3,-0.16,0.36,5412
P3,-0.15,0.36,4368
P3,-0.15,0.35,5399
P3,0.21,0.48,1727
P3,0.22,0.49,2774
P3,0.23,0.49,2410
P3,0.23,0.48,3033
P3,-0.21,0.49,1997
P3,-0.21,0.50,1486
P3,-0.20,0.50,874
P3,-0.20,0.49,817
P3,-0.23,0.57,957
P3,-0.23,0.58,884
P3,-0.15,0.38,1129
P3,-0.14,0.38,672
P3,-0.24,0.60,716
P3,-0.06,0.35,694
P3,-0.07,0.35,495
P3,-0.08,0.35,352
P3,0.00,0.33,677
P3,-0.01,0.33,891
P3,-0.02,0.33,873
P3,-0.15,0.26,434
P3,-0.15,0.30,2473
P3,-0.15,0.31,3455
P3,-0.14,0.31,5489
P3,-0.14,0.30,4889
P3,0.17,0.40,2106
P3,0.16,0.40,1101
P3,0.16,0.39,1490
P3,0.21,0.93,47
P3,0.20,0.93,88
P3,0.20,0.94,186
P3,0.19,0.93,163
P3,-0.24,0.54,1444
P3,-0.23,0.54,1319
P3,0.22,0.88,170
P3,0.21,0.88,150
P3,0.00,0.65,211
P3,0.01,0.65,281
P3,0.01,0.64,48
P3,0.16,0.41,941
P3,0.11,0.49,195
P3,0.11,0.50,210
P3,0.12,0.50,256
P3,0.12,0.49,146
P3,0.04,0.39,615
P3,0.03,0.39,924
P3,0.03,0.40,486
P3,0.02,0.40,374
P3,0.02,0.39,635
P3,0.11,0.23,2249
P3,0.04,0.40,488
P3,0.04,0.41,635
P3,0.05,0.41,560
P3,0.05,0.40,317
P3,-0.02,1.10,120
P3,-0.03,1.10,124
P3,-0.04,1.10,56
P3,-0.19,0.34,106
P3,-0.18,0.34,425
P3,-0.02,0.22,5791
P3,-0.02,0.23,3628
P3,0.00,0.24,2027
P3,-0.01,0.24,1870
P3,-0.05,0.43,494
P3,-0.06,0.43,399
P3,-0.07,0.43,379
P3,0.00,0.21,3128
P3,0.01,0.21,3846
P3,0.02,0.21,13787
P3,0.02,0.36,512
P3,0.03,0.36,605
P3,0.04,0.36,734
P3,0.15,0.43,381
P3,0.14,0.43,263
P3,0.13,0.43,255
P3,-0.01,0.76,170
P3,-0.01,0.77,186
P3,0.00,0.77,390
P3,0.00,0.76,54
P3,-0.05,0.53,312
P3,-0.06,0.53,311
P3,-0.06,0.54,187
P3,-0.07,0.53,79
P3,0.20,0.44,2617
P3,0.20,0.45,2083
P3,0.19,0.45,1190
P3,0.19,0.44,1656
P3,0.09,0.31,2636
P3,0.10,0.31,6003
P3,0.11,0.31,5986
P3,-0.04,0.75,291
P3,-0.04,0.76,322
P3,0.24,0.55,1332
P3,0.24,0.54,1616
P3,-0.22,0.46,2642
P3,-0.08,0.49,164
P3,-0.10,0.49,121
P3,0.18,0.35,1170
P3,0.18,0.36,3231
P3,0.17,0.36,6160
P3,0.17,0.35,5095
P3,-0.03,0.20,3968
P3,-0.02,0.20,5206
P3,-0.08,0.39,437
P3,-0.08,0.40,403
P3,0.09,0.86,118
P3,0.09,0.87,104
P3,-0.24,0.71,352
P3,-0.21,0.40,172
P3,-0.19,0.41,5982
P3,-0.19,0.40,5976
P3,0.02,0.25,1724
P3,0.03,0.25,2019
P3,0.04,0.25,3833
P3,0.22,0.50,2033
P3,-0.04,0.31,780
P3,-0.04,0.32,895
P3,-0.03,0.32,723
P3,-0.03,0.31,645
P3,-0.08,0.28,7610
P3,-0.08,0.29,3560
P3,-0.09,0.29,6383
P3,-0.10,0.29,6810
P3,-0.10,0.28,2675
P3,-0.22,0.42,576
P3,-0.22,0.64,454
P3,-0.22,0.65,418
P3,-0.21,0.65,391
P3,-0.21,0.64,359
P3,-0.01,0.80,111
P3,-0.02,0.80,82
P3,-0.02,0.81,157
P3,-0.03,0.81,284
P3,-0.03,0.80,232
P3,-0.15,0.42,348
P3,-0.16,0.42,375
P3,0.20,0.42,5964
P3,0.19,0.42,3599
P3,-0.24,0.66,542
P3,-0.23,0.66,615
P3,0.04,0.35,609
P3,0.03,0.35,527
P3,0.14,0.97,34
P3,0.13,0.97,38
P3,0.12,0.97,24
P3,-0.19,0.44,1677
P3,-0.19,0.45,1113
P3,-0.18,0.45,895
P3,-0.18,0.44,1043
P3,-0.14,0.77,79
P3,-0.15,0.77,66
P3,-0.16,0.77,48
P3,-0.16,0.76,42
P3,0.06,0.97,56
P3,0.06,0.98,81
P3,-0.02,0.24,2834
P3,-0.02,0.25,2109
P3,-0.03,0.24,4906
P3,0.23,0.53,1249
P3,0.23,0.52,1273
P3,-0.20,1.16,46
P3,-0.19,1.16,84
P3,-0.18,1.16,64
P3,0.10,0.42,153
P3,0.11,0.42,294
P3,0.12,0.42,314
P3,0.12,0.41,353
P3,0.04,1.18,19
P3,0.04,1.19,66
P3,0.05,1.19,99
P3,0.05,1.18,54
P3,0.11,0.37,505
P3,0.12,0.37,377
P3,0.13,0.37,594
P3,0.01,0.36,625
P3,0.03,0.20,4224
P3,0.03,0.21,15068
P3,0.04,0.21,6127
P3,0.04,0.20,1289
P3,0.05,1.07,91
P3,0.05,1.08,66
P3,0.04,1.08,79
P3,0.04,1.07,184
P3,0.15,0.34,5360
P3,0.14,0.34,5758
P3,0.19,0.50,571
P3,0.18,0.50,283
P3,0.17,0.50,379
P3,0.17,0.49,317
P3,0.20,0.50,1131
P3,-0.02,0.41,741
P3,-0.03,0.41,557
P3,-0.04,0.41,427
P3,0.06,0.32,816
P3,0.06,0.33,868
P3,0.07,0.33,566
P3,-0.15,1.24,41
P3,-0.14,1.24,116
P3,-0.18,0.67,202
P3,-0.17,0.67,44
P3,-0.17,0.66,68
P3,0.19,0.43,2017
P3,0.08,0.90,235
P3,0.09,0.90,153
P3,0.10,0.90,60
P3,0.19,0.73,243
P3,0.18,0.73,166
P3,0.08,0.29,3278
P3,-0.24,0.69,423
P3,-0.24,0.70,399
P3,-0.23,0.70,475
P3,-0.23,0.69,569
P3,-0.16,0.27,151
P3,-0.16,0.26,45
P3,0.08,0.61,200
P3,0.08,0.62,308
P3,0.24,0.72,242
P3,-0.08,0.45,387
P3,-0.09,0.45,325
P3,-0.10,0.45,157
P3,-0.20,0.51,723
P3,-0.19,0.51,335
P3,0.00,0.41,499
P3,0.00,0.42,570
P3,-0.01,0.42,441
P3,-0.01,0.41,580
P3,-0.10,1.19,53
P3,-0.10,1.20,39
P3,-0.11,1.19,143
P3,-0.12,0.51,118
P3,-0.12,0.52,243
P3,-0.11,0.52,143
P3,-0.10,0.52,160
P3,-0.10,0.51,217
P3,-0.13,0.28,4065
P3,-0.12,0.28,6135
P3,-0.12,0.34,1392
P3,-0.13,0.34,5360
P3,-0.14,0.34,6219
P3,0.15,0.31,4165
P3,-0.01,0.26,1687
P3,-0.02,0.26,1600
P3,-0.03,0.30,745
P3,-0.04,0.30,1068
P3,-0.05,0.26,3388
P3,-0.04,0.26,1610
P3,-0.03,0.26,1368
P3,0.06,0.36,553
P3,0.06,0.37,488
P3,0.07,0.37,621
P3,0.08,0.37,327
P3,0.08,0.36,347
P3,0.08,0.41,229
P3,0.08,0.42,217
P3,0.09,0.42,371
P3,0.10,0.41,215
P3,-0.21,1.14,91
P3,-0.20,1.14,70
P3,0.20,0.43,4508
P3,0.21,0.43,8014
P3,0.21,0.42,4905
P3,0.16,0.45,388
P3,0.15,0.45,363
P3,0.15,0.44,277
P3,0.24,0.59,733
P3,0.23,0.58,841
P3,-0.16,1.32,91
P3,-0.16,1.33,89
P3,-0.17,1.33,147
P3,-0.17,1.32,68
P3,-0.18,1.32,92
P3,0.16,0.26,31
P3,0.15,0.26,443
P3,0.15,0.25,255
P3,-0.18,0.35,914
P3,-0.07,0.23,2508
P3,-0.07,0.24,2347
P3,-0.08,0.23,3525
P3,0.18,0.49,415
P3,0.17,0.48,329
P3,0.20,0.63,240
P3,0.21,0.63,478
P3,0.22,0.63,584
P3,0.24,0.91,207
P3,0.23,0.91,178
P3,0.22,0.91,100
P3,-0.24,0.55,1037
P3,-0.23,0.55,934
P3,-0.19,1.26,42
P3,-0.18,1.26,69
P3,-0.17,1.26,50
P3,0.02,0.35,668
P3,0.01,0.35,417
P3,0.18,0.40,5343
P3,-0.18,0.50,291
P3,-0.18,0.51,402
P3,0.06,0.45,256
P3,-0.21,0.51,1253
P3,-0.21,0.52,1050
P3,-0.18,0.33,291
P3,-0.17,0.33,1182
P3,-0.16,0.33,3959
P3,-0.14,0.36,1700
P3,0.05,0.21,2084
P3,0.06,0.22,2739
P3,0.06,0.21,3131
P3,0.24,0.78,132
P3,0.24,0.77,216
P3,0.24,0.60,615
P3,0.23,0.60,1058
P3,-0.20,0.39,1603
P3,-0.19,0.39,5708
P3,-0.21,0.92,238
P3,-0.22,0.92,182
P3,0.11,0.39,395
P3,0.12,0.39,470
P3,0.13,0.39,287
P3,-0.24,0.47,3324
P3,-0.16,0.28,352
P3,-0.15,0.28,979
P3,-0.15,0.27,765
P3,-0.23,0.53,1378
P3,-0.22,0.54,929
P3,-0.22,0.53,953
P3,-0.21,0.53,952
P3,-0.02,0.31,394
P3,-0.02,0.32,992
P3,-0.01,0.32,1490
P3,-0.01,0.31,975
P3,0.00,0.31,4584
P3,0.04,0.51,175
P3,0.05,0.51,222
P3,0.05,0.52,248
P3,0.06,0.52,206
P3,0.06,0.51,221
P3,-0.16,0.30,955
P3,0.17,0.93,53
P3,0.16,0.93,94
P3,0.15,0.93,167
P3,0.02,0.50,195
P3,0.03,0.50,300
P3,-0.09,0.76,274
P3,-0.10,0.76,64
P3,0.15,0.69,134
P3,0.15,0.70,130
P3,-0.05,0.45,506
P3,-0.05,0.46,445
P3,-0.04,0.45,379
P3,0.17,0.29,39
P3,0.23,0.50,1962
P3,0.23,0.51,1290
P3,0.24,0.51,1173
P3,0.24,0.50,1325
P3,0.07,0.34,514
P3,0.08,0.34,520
P3,0.08,0.35,439
P3,0.09,0.34,393
P3,0.24,0.52,1537
P3,0.22,1.39,4
P3,0.22,1.38,44
P3,-0.18,0.80,65
P3,-0.17,0.80,64
P3,-0.16,0.80,66
P3,-0.22,0.52,1001
P3,-0.22,0.51,1649
P3,0.03,0.41,438
P3,0.02,0.41,337
P3,-0.03,1.06,71
P3,-0.03,1.07,157
P3,-0.04,1.07,212
P3,-0.04,1.06,125
P3,-0.05,1.06,104
P3,-0.20,1.39,17
P3,-0.20,1.38,79
P3,0.02,0.59,328
P3,0.03,0.59,239
P3,0.03,0.60,270
P3,0.23,0.87,198
P3,0.22,0.87,131
P3,0.21,0.87,111
P3,-0.24,0.90,148
P3,-0.23,0.90,223
P3,-0.22,0.90,257
P3,0.16,0.43,351
P3,0.16,0.44,541
P3,-0.03,0.51,361
P3,-0.02,0.51,385
P3,-0.02,0.52,301
P3,-0.21,0.42,5198
P3,0.07,0.20,6905
P3,0.06,0.20,7123
P3,0.17,0.38,6125
P3,0.14,0.25,780
P3,-0.01,0.54,276
P3,-0.01,0.55,418
P3,-0.02,0.55,328
P3,-0.03,0.55,316
P3,-0.03,0.54,270
P3,-0.09,1.10,127
P3,-0.09,1.11,268
P3,0.14,0.39,543
P3,0.14,0.40,660
P3,0.15,0.39,1094
P3,0.17,0.46,551
P3,0.18,0.45,665
P3,0.11,0.21,1408
P3,-0.05,0.29,1022
P3,-0.04,0.29,1572
P3,-0.04,0.28,1120
P3,-0.06,0.44,375
P3,-0.07,0.44,235
P3,-0.08,0.43,452
P3,0.03,0.45,345
P3,0.04,0.45,351
P3,0.04,0.44,381
P3,-0.24,0.56,768
P3,-0.08,1.28,33
P3,-0.09,1.28,67
P3,-0.09,1.27,96
P3,-0.07,0.30,923
P3,-0.07,0.31,924
P3,-0.08,0.31,927
P3,-0.08,0.30,1728
P3,0.11,0.27,5042
P3,0.10,0.27,2337
P3,0.10,0.28,2869
P3,0.09,0.27,5018
P3,-0.05,1.07,304
P3,-0.17,0.50,277
P3,-0.17,0.51,290
P3,-0.16,0.51,193
P3,-0.16,0.50,162
P3,0.01,0.79,50
P3,0.01,0.80,124
P3,0.02,0.80,169
P3,0.03,0.80,168
P3,0.03,0.79,118
P3,-0.16,0.31,1241
P3,-0.16,0.32,2193
P3,-0.15,0.54,161
P3,-0.16,0.54,129
P3,-0.17,0.54,264
P3,0.24,0.49,1731
P3,-0.17,0.29,111
P3,-0.16,0.29,765
P3,0.15,0.46,285
P3,-0.22,0.74,374
P3,-0.23,0.74,216
P3,0.00,0.64,203
P3,-0.07,0.20,6755
P3,-0.07,0.21,5241
P3,-0.18,0.38,5920
P3,0.06,1.15,33
P3,0.06,1.16,55
P3,0.07,1.15,26
P3,-0.23,0.56,852
P3,-0.22,0.56,823
P3,-0.21,0.56,674
P3,0.18,0.58,223
P3,0.18,0.59,453
P3,0.17,0.59,230
P3,0.16,0.59,218
P3,0.16,0.58,127
P3,-0.20,0.60,485
P3,-0.05,0.22,3370
P3,-0.05,0.23,9076
P3,-0.04,0.23,12961
P3,-0.04,0.22,12240
P3,-0.03,0.22,14579
P3,0.22,0.64,566
P3,0.21,0.64,455
P3,0.20,0.64,229
P3,-0.24,0.48,1993
P3,0.07,0.67,212
P3,0.07,0.68,265
P3,0.08,0.67,173
P3,-0.11,0.35,360
P3,-0.11,0.36,329
P3,-0.12,0.36,318
P3,-0.12,0.35,753
P3,-0.17,0.43,837
P3,-0.17,0.44,717
P3,-0.16,0.44,456
P3,-0.16,0.43,598
P3,-0.23,0.68,527
P3,-0.22,0.68,470
P3,-0.21,0.68,417
P3,0.09,0.24,5411
P3,0.08,0.24,2923
P3,0.08,0.25,2476
P3,0.07,0.25,7471
P3,-0.12,0.24,1046
P3,0.04,0.27,851
P3,0.04,0.28,1178
P3,0.03,0.28,1261
P3,0.03,0.27,878
P3,0.02,0.27,1030
P3,0.24,0.67,245
P3,0.23,0.67,447
P3,0.23,0.66,375
P3,0.20,0.56,452
P3,0.19,0.56,425
P3,0.18,0.56,223
P3,-0.17,0.78,72
P3,-0.18,0.78,99
P3,-0.19,0.78,153
P3,-0.19,0.77,89
P3,0.03,0.26,1248
P3,0.02,0.26,1913
P3,0.21,0.40,90
P3,0.19,0.60,480
P3,0.19,0.61,296
P3,0.20,0.61,526
P3,0.20,0.60,508
P3,0.15,1.14,43
P3,0.16,1.14,119
P3,0.16,1.15,119
P3,0.17,1.15,97
P3,0.17,1.14,152
P3,-0.14,0.41,290
P3,-0.14,0.42,262
P3,-0.15,0.41,496
P3,0.16,0.35,6241
P3,0.13,0.32,4649
P3,-0.12,0.27,5550
P3,-0.11,0.27,4860
P3,-0.10,0.27,1930
P3,-0.06,0.24,8616
P3,0.22,1.00,151
P3,0.22,1.01,159
P3,0.21,1.01,150
P3,0.21,1.00,167
P3,-0.23,0.59,818
P3,-0.22,0.59,749
P3,-0.21,0.59,542
P3,-0.02,0.50,249
P3,0.00,0.51,135
P3,0.17,0.37,7024
P3,-0.03,0.23,7956
P3,0.10,0.56,183
P3,0.10,0.57,139
P3,0.11,0.57,210
P3,0.11,0.56,114
P3,0.01,0.44,558
P3,0.01,0.45,439
P3,0.00,0.45,298
P3,-0.01,0.45,319
P3,-0.01,0.44,342
P3,-0.19,0.76,168
P3,-0.18,0.77,85
P3,-0.18,0.76,103
P3,-0.17,0.76,38
P3,0.02,0.20,5155
P3,-0.22,0.96,195
P3,-0.21,0.96,272
P3,-0.14,0.27,1462
P3,-0.24,0.85,193
P3,-0.23,0.85,209
P3,-0.14,0.28,1585
P3,0.13,0.25,1166
P3,0.12,0.25,2413
P3,0.12,0.24,1189
P3,0.11,0.24,5284
P3,0.05,0.64,343
P3,0.05,0.65,191
P3,0.06,0.65,197
P3,0.06,0.64,146
P3,-0.15,0.23,37
P3,-0.14,0.23,476
P3,0.02,0.74,214
P3,0.03,0.74,166
P3,-0.22,0.45,3070
P3,0.04,0.37,577
P3,0.05,0.37,438
P3,-0.22,0.89,175
P3,-0.21,0.89,174
P3,-0.21,0.88,140
P3,0.14,0.20,9
P3,0.13,0.20,304
P3,0.02,1.10,63
P3,0.02,1.11,48
P3,0.01,1.11,212
P3,0.01,1.10,102
P3,-0.04,0.73,242
P3,-0.05,0.73,224
P3,-0.06,0.73,130
P3,0.01,0.22,2696
P3,0.02,0.23,3940
P3,0.02,0.22,6021
P3,-0.06,0.37,489
P3,0.18,1.34,19
P3,0.17,1.34,31
P3,-0.21,0.54,786
P3,-0.20,0.42,6272
P3,-0.19,0.42,3606
P3,-0.02,0.83,205
P3,-0.02,0.84,256
P3,-0.03,0.84,131
P3,-0.03,0.83,294
P3,-0.04,0.83,125
P3,-0.13,0.31,3268
P3,0.05,0.27,1447
P3,0.06,0.27,3188
P3,-0.04,0.24,7084
P3,-0.05,0.27,1659
P3,-0.05,0.28,1073
P3,-0.06,0.28,1230
P3,-0.06,0.27,3763
P3,-0.07,0.27,7706
P3,0.21,0.75,337
P3,0.21,0.76,367
P3,0.20,0.76,236
P3,0.20,0.75,310
P3,0.12,0.57,153
P3,0.12,0.56,122
P3,0.19,0.35,316
P3,0.19,0.96,163
P3,0.18,0.96,134
P3,0.18,0.95,139
P3,0.17,0.95,144
P3,-0.03,0.43,542
P3,-0.03,0.44,372
P3,0.14,0.28,1185
P3,0.14,0.27,1335
P3,-0.24,0.58,734
P3,-0.24,0.59,561
P3,-0.19,0.46,1078
P3,0.12,0.28,5076
P3,0.13,0.28,4978
P3,-0.18,0.46,1026
P3,0.00,0.49,334
P3,-0.01,0.49,215
P3,-0.02,0.49,259
P3,-0.13,0.23,1043
P3,-0.13,0.22,1312
P3,-0.12,0.22,1167
P3,-0.02,1.02,215
P3,-0.02,1.03,171
P3,0.03,0.48,409
P3,0.03,0.49,325
P3,0.02,0.49,262
P3,0.02,0.48,400
P3,-0.08,0.57,206
P3,-0.08,0.58,160
P3,-0.09,0.57,212
P3,0.00,0.54,222
P3,0.00,0.55,194
P3,0.01,0.55,250
P3,0.01,0.54,169
P3,-0.01,0.48,381
P3,-0.02,0.48,447
P3,0.05,0.43,252
P3,0.05,0.44,416
P3,-0.16,1.16,106
P3,-0.17,1.16,100
P3,-0.20,0.93,103
P3,-0.21,0.93,120
P3,-0.22,0.93,96
P3,0.22,0.76,373
P3,0.15,1.11,22
P3,0.16,1.11,64
P3,0.17,1.11,82
P3,0.00,0.26,9531
P3,0.19,0.37,1596
P3,0.09,0.26,2141
P3,0.11,0.26,6017
P3,-0.02,0.28,1177
P3,-0.01,0.28,1071
P3,-0.01,0.29,869
P3,0.00,0.29,943
P3,0.00,0.28,916
P3,0.05,0.53,239
P3,0.05,0.54,204
P3,0.06,0.54,168
P3,0.06,0.53,158
P3,0.11,0.77,148
P3,0.12,0.77,162
P3,0.13,0.77,144
P3,-0.23,0.78,269
P3,-0.23,0.79,343
P3,-0.22,0.79,284
P3,-0.22,0.78,162
P3,-0.13,0.36,797
P3,0.18,0.37,4674
P3,-0.05,0.21,2530
P3,-0.06,0.21,3080
P3,-0.12,0.25,2376
P3,-0.03,0.21,15162
P3,-0.02,0.21,14471
P3,-0.19,0.38,2853
P3,-0.17,0.38,5019
P3,-0.05,0.44,366
P3,0.15,0.48,277
P3,0.15,0.49,191
P3,0.14,0.49,123
P3,0.14,0.48,144
P3,0.24,1.04,91
P3,0.24,1.05,47
P3,0.23,1.05,88
P3,0.22,1.05,95
P3,0.22,1.04,199
P3,0.19,0.46,942
P3,0.20,0.46,1273
P3,0.08,0.30,1788
P3,0.09,0.30,4740
P3,-0.08,0.85,90
P3,-0.08,0.86,55
P3,-0.09,0.86,143
P3,-0.09,0.85,178
P3,-0.03,0.50,505
P3,-0.04,0.50,513
P3,-0.10,0.25,6335
P3,-0.11,0.25,6161
P3,-0.11,0.26,7085
P3,0.14,0.44,199
P3,0.01,0.28,766
P3,0.02,0.28,955
P3,0.06,0.35,554
P3,0.05,0.36,458
P3,0.05,0.35,565
P3,-0.15,0.43,603
P3,-0.14,0.43,499
P3,-0.13,0.43,245
P3,0.06,0.25,10770
P3,0.05,0.25,8189
P3,0.05,0.26,3633
P3,0.04,0.26,1746
P3,-0.02,0.59,348
P3,-0.02,0.60,376
P3,0.06,0.68,200
P3,-0.14,0.33,4165
P3,-0.13,0.33,5544
P3,0.23,0.54,1147
P3,0.24,0.53,1162
P3,0.00,0.68,182
P3,0.00,0.69,233
P3,-0.01,0.69,197
P3,-0.01,0.68,238
P3,-0.03,0.52,182
P3,-0.03,0.53,198
P3,-0.02,0.53,281
P3,0.03,0.68,264
P3,0.03,0.69,271
P3,0.04,0.69,270
P3,0.05,0.69,64
P3,0.05,0.68,277
P3,-0.11,0.46,197
P3,-0.12,0.46,171
P3,-0.12,0.45,135
P3,-0.11,0.24,4075
P3,0.22,0.48,2377
P3,-0.12,0.43,283
P3,-0.13,0.44,235
P3,-0.14,0.44,290
P3,0.18,0.60,298
P3,0.20,0.37,249
P3,0.19,0.36,507
P3,0.10,0.32,2255
P3,0.24,0.95,157
P3,-0.09,1.07,58
P3,-0.09,1.08,86
P3,-0.10,1.07,48
P3,-0.19,0.48,715
P3,-0.19,0.49,602
P3,-0.20,0.48,777
P3,0.13,0.29,5184
P3,0.12,0.29,4160
P3,0.24,0.58,588
P3,-0.19,0.97,79
P3,-0.19,0.98,93
P3,-0.18,0.98,74
P3,-0.17,0.98,54
P3,-0.17,0.97,108
P3,-0.05,0.54,459
P3,-0.07,0.54,146
P3,-0.16,0.37,5361
P3,-0.16,0.38,3253
P3,-0.09,0.20,3071
P3,-0.09,0.21,9673
P3,-0.08,0.21,12327
P3,-0.08,0.20,6276
P3,-0.17,0.77,54
P3,-0.20,0.47,1021
P3,-0.05,0.61,239
P3,-0.05,0.62,276
P3,-0.06,0.62,208
P3,-0.06,0.61,206
P3,-0.18,0.42,1782
P3,-0.17,0.42,820
P3,-0.19,0.43,1928
P3,-0.06,0.72,111
P3,-0.01,0.38,493
P3,-0.01,0.39,548
P3,0.00,0.39,708
P3,0.00,0.38,710
P3,0.23,0.68,402
P3,0.22,0.68,516
P3,0.22,0.67,470
P3,0.21,0.67,270
P3,0.07,0.73,245
P3,0.07,0.72,122
P3,0.16,0.46,280
P3,0.07,0.84,110
P3,0.07,0.85,96
P3,0.05,0.34,429
P3,0.01,0.27,1716
P3,0.15,0.24,117
P3,-0.15,1.16,51
P3,-0.16,1.17,97
P3,0.07,0.69,122
P3,0.08,0.69,221
P3,0.09,0.69,269
P3,0.18,1.22,117
P3,0.18,1.23,74
P3,0.17,1.23,68
P3,0.17,1.22,98
P3,0.16,1.22,115
P3,-0.10,0.63,48
P3,-0.11,0.63,96
P3,-0.12,0.63,108
P3,0.21,0.70,419
P3,-0.17,0.34,2684
P3,0.24,0.57,654
P3,-0.01,0.53,150
P3,0.00,0.53,182
P3,0.01,0.53,320
P3,0.01,0.71,67
P3,0.01,0.72,173
P3,0.00,0.72,215
P3,0.00,0.71,70
P3,-0.13,1.20,58
P3,-0.13,1.21,6
P3,-0.14,1.21,42
P3,-0.15,1.21,34
P3,-0.15,1.20,74
P3,-0.20,0.53,755
P3,-0.19,0.53,586
P3,-0.10,0.36,260
P3,-0.10,0.37,383
P3,0.14,0.31,4808
P3,0.14,0.30,5018
P3,-0.20,0.67,255
P3,-0.19,0.67,200
P3,-0.03,0.67,165
P3,-0.03,0.68,137
P3,-0.04,0.68,170
P3,-0.04,0.67,245
P3,-0.05,0.67,116
P3,-0.14,0.57,118
P3,-0.15,0.57,227
P3,-0.16,0.57,181
P3,0.01,0.40,419
P3,0.00,0.40,574
P3,-0.01,0.40,547
P3,0.15,0.40,863
P3,0.09,0.25,2648
P3,0.10,0.26,3732
P3,0.10,0.25,6584
P3,-0.23,0.65,723
P3,-0.24,0.65,679
P3,-0.04,0.39,736
P3,-0.05,0.39,424
P3,-0.02,0.34,653
P3,-0.02,0.35,460
P3,-0.03,0.35,523
P3,-0.03,0.34,684
P3,-0.04,0.34,684
P3,-0.22,0.77,175
P3,-0.21,0.78,241
P3,-0.21,0.77,283
P3,-0.01,0.30,769
P3,-0.02,0.30,660
P3,0.09,0.61,216
P3,0.10,0.61,152
P3,0.11,0.61,44
P3,-0.20,1.29,52
P3,-0.19,1.29,134
P3,-0.18,1.29,131
P3,-0.06,1.15,79
P3,-0.07,1.15,46
P3,-0.08,1.15,95
P3,-0.08,1.14,100
P3,0.08,0.46,343
P3,0.08,0.47,228
P3,0.09,0.46,204
P3,-0.17,0.49,169
P3,-0.16,0.49,403
P3,-0.15,0.49,391
P3,-0.15,0.48,130
P3,0.05,0.32,596
P3,0.04,0.32,822
P3,0.04,0.33,586
P3,0.03,0.33,1100
P3,0.03,0.32,720
P3,-0.04,0.49,234
P3,-0.20,0.52,993
P3,0.06,0.38,405
P3,0.05,0.38,620
P3,0.03,0.34,795
P3,0.04,0.34,557
P3,-0.08,0.65,175
P3,-0.08,0.66,38
P3,-0.09,0.66,185
P3,-0.09,0.65,126
P3,-0.23,0.51,1942
P3,-0.09,0.70,58
P3,-0.10,0.70,169
P3,-0.10,0.69,129
P3,-0.01,0.21,3670
P3,-0.01,0.20,3583
P3,-0.09,0.61,171
P3,-0.09,0.62,146
P3,-0.10,0.62,186
P3,-0.10,0.61,187
P3,-0.16,0.35,5092
P3,0.24,0.88,162
P3,0.24,0.87,116
P3,0.13,1.02,29
P3,0.12,1.02,60
P3,0.23,0.64,622
P3,0.23,0.63,546
P3,0.05,0.28,937
P3,0.05,0.29,866
P3,-0.15,0.55,129
P3,-0.14,0.54,156
P3,-0.23,0.71,501
P3,0.22,0.66,426
P3,0.09,0.28,7604
P3,0.17,0.88,92
P3,0.17,0.89,60
P3,0.16,0.89,81
P3,0.16,0.88,133
P3,0.21,0.68,467
P3,0.20,0.67,174
P3,0.14,0.26,1416
P3,0.22,0.54,561
P3,-0.07,0.22,2504
P3,-0.06,0.22,2039
P3,0.22,0.84,226
P3,0.21,0.84,184
P3,0.20,0.84,240
P3,0.22,0.42,600
P3,-0.21,0.66,392
P3,-0.20,0.66,354
P3,-0.20,0.65,304
P3,-0.18,0.40,5711
P3,-0.18,0.41,2793
P3,-0.17,0.40,2654
P3,-0.18,0.31,25
P3,0.00,0.56,359
P3,-0.02,0.29,690
P3,0.00,0.30,739
P3,-0.24,0.84,171
P3,-0.23,0.84,160
P3,-0.23,0.83,371
P3,0.24,0.92,158
P3,0.15,0.35,5286
P3,-0.20,0.88,119
P3,0.13,0.36,904
P3,0.12,0.36,501
P3,-0.23,0.47,3303
P3,-0.15,0.34,5621
P3,-0.14,0.35,5120
P3,-0.13,1.07,160
P3,-0.14,1.07,158
P3,-0.15,1.07,76
P3,0.04,0.83,42
P3,0.05,0.83,107
P3,0.06,0.83,91
P3,0.06,0.82,58
P3,0.21,0.54,754
P3,-0.17,0.58,223
P3,-0.17,0.59,264
P3,-0.05,0.20,4752
P3,-0.04,0.21,6306
P3,-0.04,0.20,1324
P3,0.21,0.61,621
P3,0.21,0.62,518
P3,0.22,0.62,601
P3,0.22,0.61,865
P3,-0.20,0.40,4114
P3,-0.07,0.26,9256
P3,0.10,0.20,1581
P3,-0.05,1.10,35
P3,-0.05,1.11,46
P3,0.21,0.66,224
P3,-0.13,0.80,47
P3,-0.12,0.80,53
P3,-0.24,0.67,258
P3,-0.23,0.67,238
P3,-0.05,0.35,662
P3,-0.05,0.36,420
P3,-0.04,0.36,516
P3,-0.04,0.35,556
P3,0.22,1.10,114
P3,0.22,1.11,99
P3,0.21,1.11,87
P3,0.20,1.11,74
P3,0.20,1.10,137
P3,0.23,1.06,136
P3,0.23,1.07,216
P3,0.22,1.07,152
P3,0.22,1.06,120
P3,-0.16,0.86,114
P3,0.06,0.42,440
P3,0.05,0.42,257
P3,0.13,0.34,5139
P3,-0.10,0.77,95
P3,-0.11,0.77,107
P3,-0.11,0.78,64
P3,-0.12,0.77,84
P3,0.21,0.49,2265
P3,0.21,1.04,139
P3,0.21,1.05,83
P3,0.20,1.05,142
P3,0.19,1.05,96
P3,0.19,1.04,77
P3,-0.02,1.01,199
P3,-0.01,1.01,92
P3,-0.01,1.02,51
P3,0.00,1.01,50
P3,0.01,0.43,586
P3,0.02,0.43,526
P3,0.06,0.72,148
P3,0.06,0.73,228
P3,0.08,0.72,107
P3,0.21,0.50,1648
P3,0.10,0.24,7700
P3,-0.13,0.39,442
P3,-0.14,0.39,473
P3,-0.15,0.39,907
P3,0.15,0.59,183
P3,0.16,0.60,323
P3,-0.16,0.34,4354
P3,0.06,0.30,1100
P3,0.06,0.31,1175
P3,0.07,0.31,984
P3,0.07,0.30,869
P3,-0.02,0.65,341
P3,-0.02,0.64,305
P3,-0.09,1.37,62
P3,-0.10,1.37,33
P3,-0.11,1.37,79
P3,0.12,0.71,32
P3,0.13,0.71,110
P3,-0.11,0.43,374
P3,0.06,0.55,248
P3,0.06,0.56,192
P3,0.07,0.56,97
P3,0.07,0.55,202
P3,0.08,0.55,296
P3,0.09,0.50,206
P3,0.10,0.50,208
P3,0.10,0.51,188
P3,0.11,0.51,203
P3,0.03,0.47,259
P3,0.04,0.47,465
P3,0.16,0.38,3981
P3,0.10,1.11,60
P3,0.11,1.11,49
P3,0.11,1.12,6
P3,0.12,1.11,40
P3,0.11,0.28,3100
P3,0.14,0.29,3811
P3,-0.23,0.81,238
P3,-0.22,0.81,292
P3,-0.21,0.81,180
P3,0.11,0.25,5730
P3,0.09,0.35,506
P3,0.10,0.35,564
P3,0.22,0.71,432
P3,0.21,0.71,450
P3,-0.09,0.67,169
P3,-0.10,0.67,103
P3,-0.10,0.66,104
P3,-0.05,0.24,10568
P3,-0.19,0.95,176
P3,-0.18,0.95,97
P3,-0.17,0.95,110
P3,-0.22,0.95,217
P3,-0.21,0.95,233
P3,-0.20,0.95,205
P3,-0.21,0.70,177
P3,-0.20,0.70,239
P3,-0.19,0.70,208
P3,-0.24,0.94,119
P3,-0.24,0.95,71
P3,-0.23,0.95,87
P3,-0.23,0.94,144
P3,-0.21,0.90,113
P3,0.24,0.48,2011
P3,-0.01,0.72,243
P3,-0.01,0.71,77
P3,0.01,0.95,56
P3,0.01,0.96,208
P3,-0.24,0.57,811
P3,-0.04,0.40,438
P3,-0.03,0.40,320
P3,-0.03,0.39,426
P3,-0.02,0.39,313
P3,0.19,1.02,43
P3,0.18,1.02,110
P3,0.17,1.02,87
P3,0.13,0.33,6965
P3,0.23,0.76,347
P3,-0.02,0.82,171
P3,0.09,1.02,88
P3,0.09,1.03,121
P3,0.10,1.03,165
P3,0.10,1.02,240
P3,-0.02,0.62,271
P3,-0.02,0.63,303
P3,-0.03,0.63,332
P3,-0.03,0.62,282
P3,0.24,1.25,37
P3,0.23,1.25,14
P3,0.23,1.24,67
P3,0.24,0.47,2891
P3,0.00,0.22,2419
P3,0.19,1.12,99
P3,0.18,1.12,140
P3,0.17,1.12,119
P3,-0.04,0.27,1298
P3,-0.12,0.23,1007
P3,-0.05,0.50,293
P3,-0.03,0.33,629
P3,0.08,1.30,78
P3,0.08,1.31,37
P3,-0.15,0.29,1708
P3,0.04,0.43,497
P3,-0.19,0.91,199
P3,-0.19,0.92,235
P3,-0.18,0.92,169
P3,-0.17,0.92,118
P3,-0.17,0.91,131
P3,0.24,0.63,532
P3,0.24,0.62,606
P3,0.15,0.38,1564
P3,0.10,0.52,75
P3,0.11,0.52,64
P3,0.12,0.52,192
P3,0.00,0.80,142
P3,0.00,0.81,175
P3,0.01,0.81,183
P3,-0.22,0.70,398
P3,-0.22,0.71,455
P3,-0.21,0.71,354
P3,-0.17,0.37,5899
P3,-0.20,0.38,194
P3,-0.16,1.02,98
P3,-0.15,1.02,160
P3,-0.06,0.23,2998
P3,-0.20,0.61,515
P3,-0.19,0.61,446
P3,-0.05,1.12,55
P3,-0.05,1.13,40
P3,-0.04,1.13,126
P3,-0.04,1.12,84
P3,0.23,0.65,561
P3,0.22,0.65,446
P3,0.21,0.65,296
P3,-0.12,1.03,24
P3,-0.12,1.04,81
P3,-0.13,1.04,45
P3,-0.13,1.03,30
P3,0.24,0.94,91
P3,0.23,0.94,108
P3,0.02,0.42,397
P3,-0.12,0.30,2887
P3,-0.11,0.30,6337
P3,-0.10,0.30,7461
P3,-0.04,0.33,622
P3,0.16,0.94,73
P3,0.17,0.94,80
P3,-0.24,0.73,256
P3,-0.22,0.72,369
P3,-0.21,0.72,418
P3,-0.20,0.72,266
P3,-0.20,0.71,284
P3,-0.19,0.47,1052
P3,-0.18,0.48,497
P3,-0.18,0.47,677
P3,0.01,0.58,320
P3,0.02,0.58,165
P3,0.03,0.58,275
P3,-0.08,0.44,345
P3,-0.09,0.44,445
P3,-0.10,0.44,285
P3,0.04,0.42,240
P3,0.05,0.73,306
P3,0.05,0.72,77
P3,-0.09,0.63,188
P3,-0.22,1.21,72
P3,-0.21,1.21,90
P3,-0.20,1.21,73
P3,0.06,0.61,170
P3,0.06,0.62,238
P3,0.05,0.62,140
P3,0.05,0.61,76
P3,-0.13,1.19,68
P3,-0.12,1.20,47
P3,-0.12,1.19,102
P3,-0.23,0.73,376
P3,-0.22,0.73,303
P3,-0.24,1.25,65
P3,0.12,0.43,230
P3,0.13,0.42,244
P3,-0.11,0.75,63
P3,-0.12,0.75,107
P3,-0.08,0.37,325
P3,-0.08,0.38,341
P3,-0.09,0.38,280
P3,-0.09,0.37,309
P3,0.24,0.68,220
P3,0.15,0.85,106
P3,0.14,0.85,65
P3,-0.13,0.30,5526
P3,-0.15,0.40,536
P3,-0.23,0.64,494
P3,0.07,0.53,150
P3,0.07,0.54,310
P3,0.08,0.54,273
P3,0.08,0.53,312
P3,-0.23,0.48,2736
P3,-0.20,1.20,96
P3,-0.19,1.21,35
P3,-0.19,1.20,130
P3,-0.18,1.20,183
P3,0.18,0.51,302
P3,0.18,0.52,416
P3,0.17,0.52,215
P3,0.17,0.51,306
P3,0.16,0.51,87
P3,-0.24,0.74,155
P3,-0.18,1.28,131
P3,-0.17,1.28,140
P3,-0.16,1.28,30
P3,-0.11,0.39,300
P3,-0.11,0.40,254
P3,-0.08,0.32,727
P3,-0.09,0.32,1165
P3,-0.10,0.32,2445
P3,0.07,0.75,177
P3,0.08,0.75,206
P3,0.08,0.74,94
P3,0.18,0.43,1150
P3,0.18,0.44,999
P3,-0.13,0.21,1292
P3,-0.12,0.21,2024
P3,-0.08,0.22,6288
P3,0.23,0.61,686
P3,0.21,0.60,510
P3,0.12,0.53,101
P3,0.13,0.53,191
P3,-0.18,0.70,180
P3,-0.24,1.14,80
P3,-0.23,1.14,73
P3,-0.19,0.66,175
P3,-0.18,0.66,143
P3,-0.10,0.48,213
P3,-0.11,0.49,178
P3,-0.11,0.48,369
P3,-0.04,0.37,567
P3,-0.05,0.37,442
P3,-0.04,0.62,280
P3,-0.03,0.61,283
P3,0.19,0.34,239
P3,0.18,0.34,556
P3,-0.19,0.35,315
P3,-0.19,0.36,498
P3,0.17,0.43,800
P3,0.16,0.42,447
P3,-0.05,0.49,127
P3,-0.06,0.49,109
P3,0.21,0.55,729
P3,0.21,0.56,725
P3,0.20,0.55,591
P3,-0.08,1.10,115
P3,-0.08,0.53,272
P3,-0.08,0.54,218
P3,-0.09,0.53,116
P3,-0.02,0.44,303
P3,0.00,0.44,501
P3,0.08,0.68,185
P3,0.09,0.68,137
P3,0.10,0.68,129
P3,0.02,0.84,164
P3,0.03,0.84,192
P3,0.03,0.85,101
P3,0.04,0.49,280
P3,0.04,0.48,353
P3,-0.24,0.83,217
P3,-0.24,0.82,261
P3,0.22,1.20,141
P3,0.22,1.21,111
P3,0.21,1.21,106
P3,0.21,1.20,124
P3,0.20,1.20,113
P3,-0.15,0.51,138
P3,-0.15,0.50,158
P3,-0.06,0.32,550
P3,-0.06,0.33,449
P3,0.15,0.67,45
P3,0.14,0.67,53
P3,-0.05,0.30,1088
P3,-0.05,0.31,1051
P3,-0.06,0.31,980
P3,-0.06,0.30,1048
P3,-0.02,0.56,283
P3,-0.03,0.56,237
P3,-0.04,0.57,313
P3,-0.04,0.56,173
P3,0.20,1.15,8
P3,0.19,1.15,87
P3,0.18,1.15,120
P3,0.14,0.35,4794
P3,0.13,0.35,1968
P3,0.19,1.21,77
P3,0.19,1.22,45
P3,0.18,1.21,99
P3,0.04,0.54,307
P3,0.23,0.84,226
P3,0.23,0.85,338
P3,0.22,0.85,321
P3,0.03,0.61,161
P3,0.02,0.61,189
P3,0.02,0.62,236
P3,-0.18,1.03,158
P3,-0.17,1.03,40
P3,0.14,0.79,83
P3,0.15,0.78,88
P3,0.02,0.44,445
P3,-0.24,0.61,576
P3,-0.24,0.62,692
P3,-0.18,0.91,126
P3,-0.16,0.91,98
P3,-0.06,0.42,375
P3,-0.03,0.29,1054
P3,0.11,1.33,31
P3,0.12,1.33,80
P3,0.13,1.33,43
P3,0.13,1.32,41
P3,0.00,0.32,1604
P3,0.15,0.47,153
P3,0.14,0.47,159
P3,0.13,0.47,281
P3,0.01,0.89,214
P3,0.01,0.90,114
P3,0.00,0.90,113
P3,0.00,0.89,104
P3,-0.19,1.23,79
P3,-0.18,1.23,82
P3,-0.02,1.11,59
P3,-0.02,1.12,52
P3,-0.03,1.12,83
P3,-0.04,1.11,78
P3,-0.14,1.28,100
P3,-0.13,1.28,28
P3,-0.12,1.28,11
P3,0.18,0.55,261
P3,0.17,0.55,164
P3,0.17,0.54,145
P3,-0.17,0.41,1643
P3,-0.16,0.41,838
P3,-0.16,0.81,100
P3,-0.15,0.81,85
P3,-0.12,0.86,45
P3,-0.13,0.86,139
P3,-0.22,0.49,2547
P3,-0.07,0.40,558
P3,-0.09,0.40,282
P3,-0.05,0.57,223
P3,-0.22,0.84,321
P3,0.24,1.07,91
P3,0.24,1.08,146
P3,0.23,1.08,156
P3,-0.05,0.40,411
P3,-0.06,0.40,487
P3,-0.06,0.39,506
P3,-0.04,0.58,223
P3,-0.05,0.59,153
P3,-0.06,0.60,274
P3,-0.06,0.59,250
P3,-0.07,0.59,125
P3,-0.19,0.52,594
P3,-0.10,0.33,937
P3,0.09,1.13,14
P3,0.08,1.13,25
P3,0.24,0.66,395
P3,0.07,0.28,3452
P3,0.08,0.28,7756
P3,-0.20,0.80,133
P3,-0.21,0.80,183
P3,-0.02,1.34,58
P3,-0.02,1.35,69
P3,-0.03,1.34,6
P3,-0.12,0.61,106
P3,-0.13,0.61,112
P3,-0.14,0.61,126
P3,0.11,0.38,376
P3,0.15,0.27,456
P3,0.03,0.38,498
P3,0.04,0.38,432
P3,-0.20,0.56,515
P3,-0.21,0.57,452
P3,0.16,0.79,72
P3,0.17,0.79,81
P3,0.06,0.23,3383
P3,-0.19,0.88,142
P3,0.01,0.56,354
P3,0.02,0.56,410
P3,0.02,0.55,326
P3,0.10,0.21,1728
P3,0.14,0.45,301
P3,0.02,0.81,250
P3,-0.19,0.50,474
P3,0.07,0.36,396
P3,-0.10,0.34,334
P3,-0.11,0.34,640
P3,-0.11,0.33,1653
P3,-0.12,0.33,4646
P3,-0.21,0.76,235
P3,-0.20,0.76,204
P3,0.00,1.13,126
P3,0.01,1.13,47
P3,0.01,1.14,115
P3,0.02,1.13,107
P3,0.02,0.64,83
P3,0.02,0.65,252
P3,0.03,0.65,304
P3,0.03,0.64,66
P3,0.04,0.64,116
P3,-0.12,1.17,128
P3,-0.12,1.18,119
P3,-0.13,1.18,65
P3,-0.13,1.17,128
P3,0.22,0.94,117
P3,0.22,0.95,185
P3,0.01,1.04,79
P3,0.02,1.04,144
P3,0.02,1.05,171
P3,-0.10,0.46,251
P3,-0.11,0.45,268
P3,-0.05,0.34,648
P3,-0.06,0.34,442
P3,-0.07,0.34,277
P3,0.04,0.29,1166
P3,0.04,0.30,729
P3,0.05,0.30,1029
P3,0.06,0.29,982
P3,-0.17,1.39,6
P3,0.19,0.74,127
P3,0.18,0.74,123
P3,0.17,0.74,78
P3,0.13,0.30,5678
P3,0.12,0.30,2900
P3,0.14,0.56,168
P3,0.14,0.57,141
P3,0.15,0.57,103
P3,0.15,0.56,105
P3,0.16,0.56,247
P3,0.24,1.03,66
P3,0.23,1.03,139
P3,0.22,1.03,119
P3,0.18,0.33,265
P3,-0.05,0.41,505
P3,-0.06,0.41,183
P3,-0.22,1.31,42
P3,-0.22,1.32,29
P3,-0.21,1.32,96
P3,-0.20,1.32,60
P3,-0.20,1.31,51
P3,0.20,0.39,1285
P3,0.22,0.75,371
P3,0.20,0.97,162
P3,0.19,0.97,179
P3,0.15,0.42,267
P3,0.00,0.25,2468
P3,0.01,0.26,1773
P3,0.01,0.25,1691
P3,0.09,0.93,80
P3,0.09,0.94,106
P3,0.10,0.94,104
P3,0.10,0.93,58
P3,0.11,0.93,88
P3,-0.24,0.63,389
P3,-0.04,0.43,295
P3,-0.05,0.42,509
P3,0.12,0.70,53
P3,0.13,0.70,71
P3,0.01,0.29,666
P3,0.01,0.30,911
P3,0.02,0.30,703
P3,0.02,0.29,851
P3,0.03,0.29,920
P3,-0.21,0.83,138
P3,-0.20,0.83,246
P3,0.18,1.17,65
P3,0.17,1.17,84
P3,0.16,1.17,44
P3,0.24,0.85,195
P3,0.24,0.86,145
P3,0.23,0.86,215
P3,0.08,0.48,228
P3,0.23,0.78,185
P3,0.22,0.78,209
P3,0.21,0.78,190
P3,-0.19,1.32,72
P3,-0.19,1.33,53
P3,-0.18,1.33,60
P3,-0.18,0.39,6501
P3,-0.17,0.39,4309
P3,-0.13,0.45,176
P3,-0.14,0.45,206
P3,-0.15,0.45,308
P3,-0.06,0.46,491
P3,-0.07,0.46,372
P3,-0.07,0.45,345
P3,0.10,0.46,300
P3,0.11,0.46,178
P3,0.11,0.47,152
P3,0.12,0.46,197
P3,0.04,0.85,131
P3,0.04,0.86,128
P3,0.05,0.86,73
P3,0.05,0.85,51
P3,-0.06,1.23,32
P3,-0.05,1.23,51
P3,-0.05,1.24,110
P3,0.02,1.12,59
P3,0.00,0.73,195
P3,0.01,0.73,208
P3,0.02,0.72,96
P3,-0.23,1.19,55
P3,-0.24,1.19,86
P3,-0.24,1.18,41
P3,-0.08,0.24,2334
P3,0.11,0.74,58
P3,0.12,0.74,55
P3,-0.21,0.74,270
P3,-0.21,0.73,309
P3,0.20,0.81,187
P3,0.19,0.81,212
P3,-0.02,0.43,350
P3,-0.01,0.43,499
P3,0.17,0.66,139
P3,0.17,0.67,172
P3,-0.09,0.58,183
P3,-0.10,0.58,99
P3,0.24,0.76,209
P3,-0.08,0.97,110
P3,-0.09,0.97,151
P3,-0.10,0.97,110
P3,0.09,0.73,79
P3,0.10,0.73,160
P3,0.11,0.73,78
P3,-0.02,1.07,59
P3,-0.16,0.46,268
P3,-0.16,0.47,203
P3,-0.09,0.36,246
P3,0.20,0.58,366
P3,0.19,0.58,339
P3,0.11,0.33,1797
P3,0.11,0.34,833
P3,0.12,0.33,5361
P3,-0.12,0.31,4767
P3,-0.09,0.35,474
P3,-0.08,0.33,358
P3,0.15,0.41,479
P3,-0.02,0.66,162
P3,-0.03,0.66,80
P3,0.20,0.38,187
P3,0.02,0.31,671
P3,0.03,0.31,778
P3,0.12,0.64,77
P3,0.13,0.64,127
P3,0.00,0.60,205
P3,0.00,0.61,216
P3,0.01,0.61,333
P3,0.01,0.60,402
P3,0.23,0.62,604
P3,0.21,0.51,1291
P3,0.22,0.51,1280
P3,0.19,1.06,62
P3,0.20,1.07,178
P3,0.21,1.07,66
P3,0.21,1.06,113
P3,0.19,0.40,7316
P3,-0.11,0.22,796
P3,-0.12,0.56,136
P3,-0.12,0.57,101
P3,-0.13,0.57,65
P3,-0.13,0.56,58
P3,-0.14,0.40,319
P3,0.22,0.58,629
P3,0.11,0.48,280
P3,0.12,0.48,216
P3,0.13,0.48,207
P3,0.05,0.63,265
P3,-0.24,0.64,435
P3,0.15,0.36,5431
P3,-0.03,0.65,198
P3,0.17,0.56,175
P3,-0.02,0.94,90
P3,-0.02,0.95,70
P3,-0.21,0.39,31
P3,-0.23,0.72,383
P3,0.19,0.63,117
P3,0.18,0.63,156
P3,0.17,1.30,148
P3,0.18,1.30,125
P3,0.19,1.30,63
P3,0.20,0.54,743
P3,0.19,0.55,470
P3,0.19,0.54,921
P3,0.09,0.55,175
P3,0.09,0.56,271
P3,0.10,0.55,221
P3,0.18,1.08,134
P3,0.17,1.08,180
P3,0.16,1.08,63
P3,-0.08,0.51,150
P3,-0.09,0.51,142
P3,-0.09,0.52,232
P3,0.18,0.31,6
P3,-0.06,0.20,7312
P3,-0.19,1.02,81
P3,-0.19,1.03,167
P3,-0.18,1.02,45
P3,-0.17,1.02,94
P3,0.08,1.06,68
P3,0.08,1.07,20
P3,0.09,1.07,57
P3,0.09,1.06,56
P3,-0.06,0.38,476
P3,-0.24,0.80,242
P3,-0.03,0.42,467
P3,-0.02,0.42,472
P3,-0.21,0.79,211
P3,-0.20,0.78,197
P3,-0.16,1.03,30
P3,0.20,0.62,375
P3,0.01,0.97,81
P3,0.02,0.97,85
P3,0.02,0.98,200
P3,0.03,0.98,63
P3,0.03,0.97,62
P3,-0.23,0.52,1677
P3,-0.23,1.13,38
P3,-0.22,1.14,50
P3,-0.22,1.13,56
P3,0.00,0.20,1400
P3,0.01,0.20,3317
P3,-0.01,1.32,15
P3,-0.01,1.33,42
P3,0.00,1.33,43
P3,0.00,1.32,53
P3,-0.09,0.83,145
P3,-0.09,0.84,102
P3,-0.10,0.84,78
P3,-0.10,0.83,115
P3,-0.20,0.74,224
P3,-0.19,0.74,128
P3,-0.01,0.35,594
P3,-0.01,0.34,838
P3,0.22,0.92,223
P3,0.21,0.91,96
P3,-0.04,1.08,135
P3,0.01,0.88,181
P3,0.24,0.79,290
P3,0.23,0.79,340
P3,0.22,0.79,361
P3,0.23,0.55,1193
P3,0.22,1.16,20
P3,0.21,1.16,108
P3,0.20,1.16,116
P3,-0.14,0.49,297
P3,-0.14,0.48,151
P3,0.20,0.51,798
P3,0.20,0.52,781
P3,0.19,0.51,457
P3,0.23,1.36,47
P3,0.24,1.36,39
P3,0.24,1.35,71
P3,0.23,0.88,286
P3,-0.01,0.73,363
P3,-0.02,0.73,168
P3,-0.03,0.73,239
P3,-0.03,0.72,228
P3,-0.24,1.33,75
P3,-0.23,1.34,86
P3,-0.22,1.34,27
P3,-0.22,1.33,47
P3,0.11,0.20,3133
P3,0.12,0.20,1156
P3,0.08,0.99,58
P3,0.09,0.99,164
P3,0.10,0.99,36
P3,-0.03,0.28,962
P3,-0.06,1.11,8
P3,-0.06,1.12,48
P3,-0.07,1.12,101
P3,-0.07,1.11,24
P3,-0.22,0.50,2176
P3,-0.18,0.89,128
P3,-0.17,0.89,66
P3,-0.17,0.90,148
P3,-0.16,0.90,84
P3,-0.16,0.89,158
P3,0.05,0.31,730
P3,0.20,0.80,205
P3,0.21,0.80,269
P3,-0.20,0.85,97
P3,-0.19,0.86,151
P3,-0.19,0.85,65
P3,-0.09,0.24,4677
P3,-0.10,0.24,6152
P3,0.01,0.46,536
P3,0.02,0.46,344
P3,0.02,0.45,393
P3,0.08,0.60,324
P3,0.09,0.60,350
P3,0.10,0.60,143
P3,-0.06,1.03,85
P3,-0.07,1.03,101
P3,-0.09,0.78,59
P3,-0.09,0.79,63
P3,-0.10,0.79,208
P3,-0.10,0.78,59
P3,0.15,0.96,55
P3,0.14,0.96,57
P3,-0.11,0.41,282
P3,-0.12,0.42,192
P3,-0.13,0.42,287
P3,-0.12,1.24,54
P3,-0.12,1.25,72
P3,-0.12,0.59,193
P3,-0.12,0.60,67
P3,-0.13,0.60,82
P3,-0.13,0.59,221
P3,-0.09,0.25,2332
P3,-0.08,0.25,2140
P3,-0.08,0.26,5437
P3,0.24,1.00,120
P3,0.12,0.31,6085
P3,0.12,0.40,303
P3,-0.11,1.18,117
P3,-0.10,1.18,191
P3,-0.09,1.18,69
P3,-0.05,0.60,166
P3,-0.07,0.60,253
P3,0.19,0.79,119
P3,0.20,0.79,213
P3,0.20,1.01,50
P3,0.19,1.01,89
P3,0.18,1.01,110
P3,0.21,1.09,182
P3,0.20,1.09,162
P3,0.20,1.08,72
P3,-0.02,0.93,72
P3,-0.01,0.93,119
P3,0.09,0.36,247
P3,-0.02,0.54,309
P3,0.01,0.83,100
P3,0.01,0.84,60
P3,0.02,0.83,267
P3,0.03,0.83,182
P3,-0.05,0.55,343
P3,-0.06,0.55,304
P3,-0.07,0.39,539
P3,0.07,0.49,377
P3,0.07,0.50,167
P3,0.08,0.50,163
P3,0.08,0.49,176
P3,0.09,0.49,139
P3,0.13,0.31,3150
P3,0.00,0.35,676
P3,0.01,0.34,803
P3,-0.15,0.44,386
P3,-0.02,1.28,46
P3,-0.02,1.29,72
P3,-0.03,1.29,17
P3,-0.03,1.28,5
P3,-0.04,0.78,26
P3,-0.04,0.79,196
P3,-0.17,0.48,289
P3,-0.17,0.47,190
P3,0.06,0.69,102
P3,0.06,0.70,64
P3,0.05,0.70,97
P3,0.24,1.02,123
P3,0.23,1.02,145
P3,-0.09,0.39,188
P3,-0.10,0.40,223
P3,0.02,0.38,502
P3,0.08,1.29,2
P3,0.07,1.30,60
P3,0.07,1.29,14
P3,0.09,1.00,59
P3,-0.20,1.13,107
P3,-0.19,1.13,96
P3,-0.18,1.13,67
P3,0.21,0.73,284
P3,-0.13,0.89,72
P3,0.18,0.67,78
P3,0.19,0.67,65
P3,0.09,0.44,342
P3,0.09,0.45,235
P3,0.10,0.45,255
P3,0.11,0.44,159
P3,0.10,0.89,119
P3,0.11,0.90,105
P3,0.11,0.89,133
P3,0.12,0.89,176
P3,0.03,0.37,539
P3,0.18,0.54,323
P3,0.02,0.54,402
P3,-0.09,0.77,207
P3,-0.23,0.63,662
P3,-0.08,0.75,174
P3,-0.08,0.76,196
P3,-0.17,0.45,489
P3,-0.16,0.45,378
P3,0.02,0.82,280
P3,0.03,0.82,200
P3,0.04,0.82,42
P3,0.11,0.41,218
P3,0.14,0.46,198
P3,0.13,0.46,229
P3,0.13,0.45,291
P3,-0.04,0.25,3991
P3,-0.05,0.25,8516
P3,0.22,0.93,108
P3,0.21,0.92,214
P3,0.23,0.98,279
P3,0.24,0.98,61
P3,0.24,0.97,87
P3,0.17,0.81,99
P3,0.16,0.81,68
P3,0.16,1.18,24
P3,0.17,1.19,104
P3,0.18,1.19,83
P3,0.18,1.18,12
P3,0.03,0.99,64
P3,0.04,0.99,83
P3,0.04,1.00,162
P3,0.05,1.00,36
P3,0.05,0.99,23
P3,-0.19,0.59,371
P3,-0.18,0.59,384
P3,-0.15,0.73,105
P3,-0.16,0.73,141
P3,-0.17,0.73,114
P3,0.00,0.34,940
P3,0.24,1.09,85
P3,0.23,1.09,149
P3,0.22,1.09,96
P3,0.22,1.08,107
P3,0.23,0.92,129
P3,-0.05,0.69,108
P3,-0.05,0.70,217
P3,0.01,0.33,1231
P3,-0.05,0.78,74
P3,-0.05,0.79,241
P3,-0.06,0.79,303
P3,-0.06,0.78,134
P3,-0.12,0.64,77
P3,-0.13,0.64,130
P3,-0.13,0.63,102
P3,-0.20,0.62,374
P3,-0.07,1.06,78
P3,-0.07,1.07,80
P3,0.23,0.47,3702
P3,0.23,0.46,3651
P3,0.00,1.11,173
P3,-0.01,1.11,57
P3,-0.11,0.32,5300
P3,-0.11,0.31,6278
P3,0.24,0.61,613
P3,0.09,0.54,324
P3,0.12,0.35,665
P3,0.12,0.34,1407
P3,0.19,1.20,127
P3,0.18,1.20,119
P3,0.16,0.55,200
P3,0.14,1.11,24
P3,0.13,1.11,45
P3,0.06,1.23,8
P3,0.07,1.23,19
P3,0.07,1.24,60
P3,0.08,1.23,98
P3,-0.20,0.68,283
P3,-0.19,0.68,209
P3,0.18,0.75,197
P3,-0.07,0.41,175
P3,0.10,0.69,146
P3,0.11,0.69,95
P3,0.09,0.38,296
P3,0.09,0.37,299
P3,0.14,0.50,62
P3,0.13,0.50,100
P3,0.13,0.49,93
P3,-0.10,0.50,243
P3,-0.11,0.50,230
P3,0.02,0.51,188
P3,0.01,0.51,293
P3,0.01,0.52,338
P3,-0.16,0.40,1271
P3,0.05,0.49,273
P3,0.05,0.50,306
P3,0.04,0.50,308
P3,-0.07,0.33,378
P3,-0.07,0.32,847
P3,0.03,0.52,211
P3,0.02,0.34,664
P3,0.10,0.67,100
P3,0.11,0.67,168
P3,-0.22,0.85,149
P3,-0.22,0.86,152
P3,-0.21,0.86,181
P3,-0.21,0.85,138
P3,0.11,1.09,36
P3,0.11,1.10,25
P3,0.12,1.10,67
P3,0.12,1.09,54
P3,-0.20,0.54,803
P3,-0.24,1.37,79
P3,-0.23,1.37,39
P3,-0.23,1.36,36
P3,-0.20,0.77,219
P3,0.14,0.68,79
P3,0.15,0.68,37
P3,-0.18,0.49,421
P3,-0.22,0.82,336
P3,-0.21,0.82,231
P3,-0.20,0.82,224
P3,0.13,0.96,179
P3,0.00,0.85,184
P3,0.00,0.86,88
P3,-0.01,0.86,153
P3,-0.01,0.85,121
P3,0.10,0.58,121
P3,0.14,0.64,117
P3,0.14,0.63,137
P3,0.15,0.63,64
P3,0.17,0.77,101
P3,-0.05,0.33,585
P3,0.23,1.20,152
P3,0.21,1.19,138
P3,0.00,0.27,1903
P3,-0.11,0.44,156
P3,-0.09,0.43,362
P3,-0.18,0.52,366
P3,0.13,0.65,167
P3,0.13,0.66,68
P3,0.14,0.65,177
P3,0.21,0.81,210
P3,0.22,0.81,186
P3,0.22,0.80,244
P3,0.23,0.80,250
P3,0.05,0.39,511
P3,0.15,0.90,39
P3,0.15,0.91,70
P3,0.14,0.91,74
P3,0.14,0.90,32
P3,0.13,0.90,45
P3,-0.17,0.93,137
P3,-0.17,0.94,135
P3,-0.18,0.94,111
P3,-0.18,0.93,156
P3,-0.19,0.93,86
P3,0.02,0.73,228
P3,0.03,0.73,234
P3,-0.09,0.28,7075
P3,-0.07,0.61,160
P3,-0.08,0.61,183
P3,-0.09,0.60,124
P3,-0.14,0.64,96
P3,-0.14,0.65,113
P3,-0.15,0.65,127
P3,-0.15,0.64,66
P3,0.11,0.64,77
P3,0.12,0.65,115
P3,0.00,0.91,54
P3,0.01,0.91,69
P3,-0.04,0.44,338
P3,-0.06,0.45,393
P3,0.02,0.47,377
P3,0.01,0.47,416
P3,-0.19,0.56,301
P3,-0.19,0.57,416
P3,-0.24,1.11,141
P3,-0.24,1.12,94
P3,-0.23,1.12,98
P3,-0.23,1.11,77
P3,-0.22,1.11,52
P3,-0.13,1.24,105
P3,0.04,1.39,20
P3,0.04,1.38,121
P3,-0.13,0.91,94
P3,-0.13,0.92,100
P3,-0.14,0.92,141
P3,-0.14,0.91,98
P3,-0.15,0.91,81
P3,0.04,1.03,72
P3,0.04,1.04,193
P3,0.05,1.03,92
P3,0.20,0.71,415
P3,0.20,0.70,379
P3,0.10,0.23,7300
P3,0.09,0.23,8865
P3,0.07,0.26,9365
P3,0.07,0.27,8848
P3,0.08,0.27,7208
P3,0.08,0.26,4914
P3,0.06,0.50,328
P3,-0.14,0.51,220
P3,-0.14,0.52,188
P3,-0.15,0.52,181
P3,-0.16,0.52,204
P3,-0.19,0.83,171
P3,0.03,0.67,295
P3,0.02,0.67,196
P3,0.21,0.57,607
P3,-0.22,0.63,605
P3,-0.09,0.42,447
P3,-0.10,0.42,284
P3,0.13,0.69,115
P3,0.14,0.69,139
P3,-0.15,0.84,109
P3,-0.14,0.84,63
P3,-0.14,1.25,71
P3,-0.14,1.26,50
P3,-0.13,1.26,11
P3,-0.13,1.25,45
P3,0.05,0.33,586
P3,-0.20,0.96,227
P3,-0.19,0.96,144
P3,-0.18,0.96,139
P3,0.19,0.59,313
P3,0.17,0.58,211
P3,0.04,0.31,554
P3,0.00,0.43,593
P3,0.16,1.30,83
P3,0.16,1.29,63
P3,0.07,0.47,301
P3,0.09,0.47,139
P3,0.11,0.53,97
P3,0.10,1.39,5
P3,0.10,1.38,23
P3,-0.10,0.59,219
P3,-0.11,0.59,198
P3,-0.03,0.25,2459
P3,-0.20,1.11,62
P3,-0.20,1.12,55
P3,-0.19,1.12,32
P3,-0.18,1.12,55
P3,-0.18,1.11,36
P3,-0.19,0.71,203
P3,-0.18,0.71,113
P3,-0.12,0.37,403
P3,-0.11,0.37,402
P3,0.08,0.20,5301
P3,-0.08,0.55,268
P3,-0.08,0.56,255
P3,0.06,0.67,155
P3,-0.10,0.35,294
P3,0.21,0.58,510
P3,0.22,0.55,1016
P3,-0.14,1.02,110
P3,0.01,0.32,1141
P3,0.01,0.48,275
P3,-0.22,0.55,828
P3,-0.21,0.55,622
P3,0.20,0.77,179
P3,0.19,0.77,89
P3,0.13,0.55,246
P3,0.13,0.54,191
P3,0.09,0.67,122
P3,0.09,0.66,91
P3,-0.16,1.13,132
P3,-0.15,1.13,120
P3,-0.14,1.13,31
P3,-0.13,0.62,47
P3,-0.14,0.62,113
P3,-0.21,0.63,378
P3,-0.01,1.13,73
P3,-0.02,1.13,114
P3,-0.02,1.14,156
P3,0.16,1.39,1
P3,-0.11,0.42,230
P3,-0.06,1.16,119
P3,-0.05,1.15,29
P3,-0.01,0.46,659
P3,-0.02,0.45,468
P3,-0.12,1.07,150
P3,-0.12,1.08,103
P3,-0.13,1.08,57
P3,0.07,0.21,4895
P3,0.09,0.97,169
P3,0.09,0.98,189
P3,0.10,0.98,12
P3,0.10,0.97,13
P3,-0.22,0.66,504
P3,-0.18,0.32,84
P3,-0.17,0.32,583
P3,-0.07,0.80,216
P3,-0.08,0.80,77
P3,-0.09,0.80,59
P3,-0.16,0.70,78
P3,-0.16,0.71,84
P3,-0.17,0.71,74
P3,-0.17,0.70,106
P3,0.05,0.20,4695
P3,0.12,1.13,22
P3,0.12,1.14,57
P3,0.13,1.14,66
P3,0.13,1.13,67
P3,-0.20,1.02,136
P3,-0.21,1.02,127
P3,0.17,1.28,48
P3,0.18,1.28,109
P3,0.18,1.29,88
P3,0.19,1.29,65
P3,0.19,1.28,77
P3,0.18,0.57,242
P3,0.19,0.57,337
P3,0.20,0.57,384
P3,0.07,0.43,152
P3,-0.20,0.92,272
P3,-0.10,0.55,217
P3,-0.11,0.55,168
P3,-0.12,0.55,200
P3,0.24,0.71,302
P3,0.23,0.72,373
P3,-0.05,0.71,159
P3,-0.06,0.71,231
P3,-0.07,0.71,120
P3,-0.07,0.70,179
P3,0.20,0.59,387
P3,-0.19,0.63,357
P3,-0.19,0.64,157
P3,-0.18,0.64,144
P3,-0.17,0.64,143
P3,-0.17,0.63,184
P3,-0.13,0.35,2172
P3,-0.19,0.60,453
P3,-0.18,0.60,348
P3,-0.17,0.60,288
P3,0.07,0.22,2795
P3,0.05,0.88,240
P3,0.05,0.89,156
P3,0.11,0.40,182
P3,-0.22,1.12,18
P3,-0.05,0.38,285
P3,-0.07,0.38,303
P3,0.07,0.29,1299
P3,0.21,0.39,54
P3,-0.05,1.19,54
P3,-0.05,1.20,76
P3,-0.11,1.02,37
P3,-0.11,1.03,73
P3,-0.12,1.02,29
P3,-0.05,0.74,118
P3,-0.05,0.75,318
P3,-0.06,0.75,139
P3,-0.06,0.74,119
P3,-0.23,0.82,386
P3,0.14,1.10,42
P3,0.13,1.10,57
P3,-0.02,0.58,218
P3,-0.01,0.59,321
P3,-0.01,0.58,220
P3,-0.09,0.41,405
P3,-0.10,0.41,203
P3,0.23,1.26,132
P3,0.23,1.27,47
P3,0.22,1.27,91
P3,0.21,1.27,111
P3,0.05,0.46,248
P3,0.05,0.47,380
P3,0.06,0.47,268
P3,0.06,0.46,283
P3,-0.19,0.54,503
P3,-0.18,0.54,337
P3,-0.16,0.56,178
P3,-0.15,0.56,65
P3,0.19,1.32,58
P3,0.18,1.32,74
P3,0.17,1.32,42
P3,0.24,1.27,73
P3,0.11,1.04,90
P3,0.12,1.04,136
P3,0.12,1.05,158
P3,0.13,1.05,108
P3,0.13,1.04,118
P3,0.10,1.22,15
P3,0.10,1.23,110
P3,-0.17,0.99,112
P3,-0.18,0.99,128
P3,0.02,0.66,172
P3,0.03,0.66,208
P3,-0.08,0.63,202
P3,-0.16,1.12,91
P3,-0.15,1.12,106
P3,-0.24,0.79,229
P3,-0.09,0.33,546
P3,0.05,1.09,153
P3,0.05,1.10,186
P3,-0.20,0.89,100
P3,-0.19,0.89,132
P3,0.03,0.30,782
P3,-0.20,0.90,151
P3,-0.20,0.91,130
P3,-0.18,0.90,154
P3,0.17,0.72,99
P3,0.17,0.73,108
P3,0.18,0.72,123
P3,-0.01,0.37,365
P3,-0.02,0.37,564
P3,0.20,1.06,98
P3,0.16,0.47,325
P3,0.19,1.13,97
P3,0.18,1.13,49
P3,0.06,0.34,487
P3,0.07,0.35,404
P3,-0.07,0.89,61
P3,-0.07,0.90,192
P3,0.01,0.39,674
P3,-0.06,0.70,269
P3,0.14,0.94,58
P3,0.15,0.94,81
P3,0.01,0.57,350
P3,0.00,0.58,326
P3,0.00,0.57,304
P3,-0.22,0.69,518
P3,-0.03,0.82,144
P3,0.00,0.63,197
P3,0.01,0.63,96
P3,-0.13,1.05,66
P3,-0.13,1.06,126
P3,-0.14,1.06,101
P3,-0.15,1.06,101
P3,-0.15,1.05,91
P3,-0.20,0.84,106
P3,-0.19,0.84,118
P3,-0.20,0.98,237
P3,-0.21,0.98,229
P3,0.08,0.22,6549
P3,0.08,0.23,3374
P3,0.20,0.91,41
P3,-0.17,0.87,121
P3,-0.16,0.87,94
P3,-0.05,0.32,730
P3,0.23,1.00,87
P3,-0.10,0.56,139
P3,-0.16,0.48,229
P3,-0.04,0.46,259
P3,-0.04,0.47,330
P3,-0.05,0.47,383
P3,0.01,0.38,640
P3,-0.20,0.81,152
P3,-0.19,0.81,165
P3,-0.11,0.56,217
P3,-0.11,0.57,99
P3,-0.07,0.57,284
P3,0.17,0.57,244
P3,0.13,0.51,154
P3,0.14,0.51,226
P3,0.14,0.52,165
P3,0.15,0.52,160
P3,0.15,0.51,108
P3,0.05,1.33,65
P3,0.06,1.33,25
P3,0.06,1.32,33
P3,0.07,1.32,4
P3,-0.06,0.86,141
P3,-0.07,0.86,45
P3,-0.20,0.73,192
P3,-0.19,0.73,86
P3,-0.18,0.73,96
P3,0.02,0.85,30
P3,-0.10,0.82,130
P3,-0.11,0.82,153
P3,-0.11,0.83,120
P3,-0.12,0.82,81
P3,0.01,0.31,671
P3,-0.01,0.88,199
P3,0.00,0.88,154
P3,-0.10,0.31,5096
P3,0.07,0.81,50
P3,0.08,0.81,131
P3,0.09,0.81,187
P3,0.22,0.83,300
P3,0.23,0.83,160
P3,0.23,0.82,185
P3,0.20,0.66,189
P3,0.19,0.66,209
P3,0.17,0.85,45
P3,0.16,0.85,108
P3,0.15,0.84,36
P3,0.02,0.69,172
P3,0.07,0.57,150
P3,0.08,0.57,188
P3,0.09,0.57,221
P3,-0.21,1.36,54
P3,-0.20,1.36,13
P3,-0.20,1.37,52
P3,-0.19,1.37,76
P3,-0.19,1.36,123
P3,-0.17,0.28,5
P3,0.19,0.85,158
P3,0.18,0.85,85
P3,-0.24,1.17,54
P3,-0.23,1.17,162
P3,-0.22,1.17,119
P3,0.24,0.81,93
P3,0.16,0.86,155
P3,0.17,0.86,113
P3,0.09,0.43,268
P3,-0.10,0.60,174
P3,-0.11,0.60,42
P3,-0.11,0.61,164
P3,0.12,0.51,126
P3,0.13,0.52,154
P3,-0.19,0.62,322
P3,-0.08,0.42,401
P3,-0.02,0.40,404
P3,-0.08,0.60,168
P3,-0.08,0.59,190
P3,-0.03,0.45,494
P3,-0.03,0.46,465
P3,0.20,0.68,289
P3,0.19,0.68,205
P3,-0.18,0.43,1075
P3,-0.06,1.13,86
P3,-0.07,1.13,90
P3,-0.08,1.13,37
P3,-0.01,0.36,543
P3,0.00,0.36,660
P3,-0.15,1.25,79
P3,-0.04,0.74,84
P3,-0.06,0.29,906
P3,-0.07,0.29,1384
P3,-0.11,0.21,1131
P3,0.15,1.35,63
P3,0.16,1.35,43
P3,0.17,1.35,36
P3,-0.19,0.94,118
P3,-0.01,0.27,1797
P3,0.17,0.91,38
P3,0.16,0.91,101
P3,-0.14,1.35,104
P3,-0.15,1.35,126
P3,-0.16,1.35,44
P3,0.16,0.27,51
P3,0.00,0.96,166
P3,0.02,0.96,89
P3,0.07,0.42,362
P3,0.02,0.57,161
P3,0.03,0.57,309
P3,0.03,0.56,405
P3,0.19,0.69,187
P3,0.24,0.83,151
P3,0.24,1.01,101
P3,0.01,0.69,272
P3,0.01,0.68,268
P3,-0.13,1.15,85
P3,-0.14,1.15,94
P3,0.05,0.71,145
P3,0.06,0.71,121
P3,0.07,0.71,49
P3,-0.01,0.96,143
P3,-0.01,0.97,108
P3,-0.03,0.47,442
P3,-0.03,0.48,375
P3,-0.09,0.98,63
P3,-0.09,0.99,174
P3,-0.04,0.42,591
P3,0.20,0.87,66
P3,0.20,0.88,218
P3,0.19,0.88,212
P3,0.19,0.87,116
P3,-0.24,0.93,247
P3,-0.24,0.92,215
P3,-0.23,0.92,151
P3,-0.09,0.91,52
P3,-0.09,0.92,157
P3,-0.19,1.01,171
P3,-0.15,0.53,178
P3,-0.16,0.53,108
P3,-0.09,0.26,2028
P3,-0.09,0.47,257
P3,-0.10,0.47,336
P3,-0.13,0.54,297
P3,-0.14,0.55,178
P3,-0.07,0.48,365
P3,-0.07,0.49,201
P3,0.24,1.14,65
P3,0.23,1.14,148
P3,0.21,1.12,23
P3,0.21,1.13,112
P3,0.20,1.13,106
P3,0.20,1.12,79
P3,0.17,0.92,54
P3,0.16,0.92,100
P3,0.15,0.92,124
P3,0.24,0.64,348
P3,0.16,1.12,79
P3,0.15,1.12,50
P3,-0.01,0.52,345
P3,0.07,0.48,249
P3,0.24,0.90,161
P3,0.23,0.90,235
P3,0.22,0.90,169
P3,0.20,0.47,798
P3,0.20,1.31,99
P3,0.20,1.32,32
P3,0.21,1.32,51
P3,0.21,1.31,103
P3,0.22,1.31,35
P3,-0.08,0.52,308
P3,-0.12,0.44,199
P3,-0.15,0.88,65
P3,-0.14,0.88,29
P3,0.16,0.75,52
P3,0.21,0.79,248
P3,0.06,0.39,374
P3,0.07,0.39,586
P3,0.07,0.38,356
P3,0.23,1.15,33
P3,0.23,1.16,6
P3,0.24,1.16,29
P3,0.24,1.15,49
P3,0.17,1.10,160
P3,0.16,1.10,61
P3,0.20,1.35,24
P3,0.19,1.35,15
P3,-0.16,0.60,251
P3,-0.16,0.61,36
P3,-0.17,0.61,117
P3,0.24,0.65,484
P3,-0.24,0.72,186
P3,-0.17,0.55,287
P3,-0.18,0.55,345
P3,0.16,0.25,1
P3,0.14,0.77,68
P3,0.15,0.77,99
P3,0.16,0.77,121
P3,0.16,0.76,73
P3,0.19,0.62,228
P3,-0.13,0.38,321
P3,-0.12,0.38,183
P3,-0.09,0.96,62
P3,-0.10,0.96,108
P3,-0.10,0.95,77
P3,-0.16,0.65,103
P3,-0.17,0.65,74
P3,-0.16,0.39,1722
P3,-0.08,1.12,120
P3,0.03,0.42,404
P3,-0.05,0.84,172
P3,-0.04,0.84,124
P3,-0.16,1.09,52
P3,-0.15,1.09,47
P3,-0.15,1.10,71
P3,-0.14,1.10,56
P3,-0.14,1.09,70
P3,0.08,0.31,1033
P3,-0.18,0.84,108
P3,-0.17,0.83,177
P3,-0.24,0.81,398
P3,-0.11,0.51,179
P3,-0.12,0.50,196
P3,-0.07,0.62,90
P3,0.10,0.37,328
P3,0.10,0.36,254
P3,0.24,0.82,222
P3,0.17,0.47,486
P3,-0.13,1.13,17
P3,-0.16,0.82,159
P3,-0.17,0.82,82
P3,-0.18,0.82,171
P3,-0.18,0.81,83
P3,-0.17,0.85,89
P3,-0.16,0.85,99
P3,-0.15,0.85,108
P3,0.03,0.43,435
P3,0.24,1.06,78
P3,0.08,0.39,364
P3,0.09,0.40,180
P3,0.09,0.39,263
P3,0.10,0.39,201
P3,0.17,1.37,151
P3,0.18,1.37,147
P3,0.19,1.36,63
P3,0.20,0.53,586
P3,0.19,0.83,35
P3,0.19,0.84,92
P3,0.21,0.83,159
P3,-0.17,1.05,75
P3,-0.16,1.05,134
P3,-0.15,1.04,53
P3,-0.10,0.38,188
P3,-0.11,0.38,321
P3,-0.24,1.02,68
P3,-0.24,1.03,61
P3,-0.23,1.03,109
P3,-0.22,1.03,117
P3,-0.22,1.02,93
P3,0.17,1.03,135
P3,0.17,1.04,71
P3,0.18,1.04,68
P3,0.18,1.03,136
P3,-0.18,1.00,89
P3,-0.19,1.00,79
P3,-0.19,0.99,117
P3,-0.20,0.99,60
P3,-0.03,0.49,313
P3,0.02,0.33,813
P3,0.02,0.32,754
P3,-0.09,0.88,121
P3,-0.10,0.88,73
P3,-0.11,0.88,76
P3,-0.15,0.60,227
P3,-0.14,0.60,93
P3,-0.15,0.83,67
P3,-0.14,0.83,51
P3,-0.19,0.72,146
P3,0.13,1.03,56
P3,0.14,1.04,47
P3,0.14,1.03,53
P3,0.11,1.03,190
P3,0.11,1.02,91
P3,0.18,1.11,81
P3,-0.07,0.79,108
P3,-0.08,0.79,91
P3,0.18,0.82,221
P3,0.17,0.82,150
P3,-0.14,1.37,91
P3,-0.15,1.37,72
P3,-0.16,1.37,68
P3,-0.16,1.36,35
P3,-0.16,0.92,88
P3,-0.15,0.92,105
P3,-0.04,0.59,253
P3,-0.04,0.60,367
P3,-0.03,0.59,277
P3,-0.06,0.47,271
P3,-0.06,0.48,210
P3,-0.05,0.48,285
P3,0.14,0.93,143
P3,0.06,0.28,1277
P3,-0.18,0.63,230
P3,-0.03,0.60,200
P3,0.12,1.38,42
P3,0.11,1.38,21
P3,-0.10,0.21,1341
P3,0.06,0.26,8843
P3,-0.04,0.63,290
P3,-0.04,0.64,344
P3,-0.13,0.87,79
P3,-0.15,0.90,53
P3,-0.14,0.89,65
P3,-0.04,1.05,20
P3,0.13,0.56,117
P3,0.03,0.51,197
P3,0.04,0.67,249
P3,-0.12,1.27,44
P3,-0.11,1.27,41
P3,0.21,0.99,120
P3,0.20,0.99,89
P3,0.19,0.99,98
P3,-0.18,1.09,46
P3,-0.17,1.09,47
P3,0.18,0.68,80
P3,-0.07,0.51,170
P3,-0.07,0.52,239
P3,-0.06,0.52,255
P3,-0.06,0.51,190
P3,-0.13,1.27,11
P3,0.19,1.00,130
P3,0.18,1.00,53
P3,0.18,0.99,70
P3,0.08,1.11,42
P3,0.08,1.12,55
P3,-0.03,1.39,4
P3,-0.03,1.38,17
P3,0.11,0.68,76
P3,0.12,0.68,50
P3,0.12,0.82,52
P3,0.12,0.83,80
P3,0.13,0.83,30
P3,0.13,0.82,53
P3,-0.24,1.27,31
P3,-0.23,1.27,37
P3,-0.23,1.26,33
P3,-0.13,0.48,121
P3,-0.07,0.28,3306
P3,0.12,0.47,231
P3,-0.14,1.34,26
P3,-0.15,1.34,35
P3,-0.21,0.84,274
P3,-0.19,1.28,39
P3,-0.20,1.28,77
P3,-0.09,1.19,102
P3,-0.08,1.06,159
P3,-0.08,1.07,101
P3,0.21,1.08,75
P3,0.08,0.86,33
P3,0.10,0.86,47
P3,-0.14,1.05,59
P3,-0.23,0.96,208
P3,-0.22,0.67,394
P3,-0.21,0.67,356
P3,-0.03,0.92,133
P3,-0.04,0.92,154
P3,-0.07,1.39,1
P3,-0.07,1.38,20
P3,0.10,0.84,83
P3,0.10,0.85,67
P3,0.16,0.52,66
P3,-0.04,0.72,188
P3,0.14,0.59,116
P3,0.14,0.60,91
P3,0.15,0.60,212
P3,-0.16,1.00,39
P3,-0.18,1.36,143
P3,-0.18,1.35,94
P3,-0.23,1.09,124
P3,-0.22,1.09,138
P3,-0.21,1.09,122
P3,-0.10,0.57,264
P3,0.20,1.21,73
P3,-0.17,0.81,97
P3,-0.24,1.05,122
P3,-0.23,1.05,180
P3,0.01,1.23,142
P3,0.01,1.24,104
P3,0.10,0.81,105
P3,0.10,0.82,75
P3,0.11,0.82,125
P3,0.11,0.81,122
P3,0.10,0.43,280
P3,0.11,0.43,222
P3,-0.18,0.69,198
P3,-0.19,0.69,136
P3,-0.13,0.51,209
P3,-0.13,0.52,266
P3,-0.16,1.06,90
P3,0.23,1.13,51
P3,0.22,1.13,78
P3,-0.10,0.43,257
P3,-0.11,0.28,2768
P3,-0.08,0.34,273
P3,-0.09,0.34,322
P3,-0.05,1.35,55
P3,-0.05,1.36,60
P3,-0.04,1.35,14
P3,-0.04,1.34,1
P3,-0.13,0.49,246
P3,-0.14,0.50,82
P3,0.00,0.37,494
P3,-0.14,0.70,123
P3,-0.14,0.71,43
P3,-0.15,0.71,36
P3,-0.15,0.70,80
P3,0.05,0.48,416
P3,0.06,0.48,374
P3,0.07,0.93,57
P3,0.07,0.94,131
P3,0.08,0.94,96
P3,0.08,0.93,82
P3,0.10,0.54,179
P3,-0.11,0.29,2415
P3,-0.07,0.91,183
P3,-0.04,0.48,184
P3,-0.04,0.54,215
P3,-0.04,0.55,314
P3,-0.18,1.37,74
P3,-0.17,0.86,118
P3,0.00,0.48,325
P3,0.15,1.25,27
P3,0.16,1.25,64
P3,0.16,1.26,72
P3,0.17,1.26,43
P3,0.17,1.25,37
P3,0.14,0.41,336
P3,-0.02,0.96,86
P3,-0.03,0.96,40
P3,-0.03,0.95,26
P3,-0.18,0.58,236
P3,-0.24,1.21,86
P3,-0.23,1.21,58
P3,0.16,0.54,317
P3,-0.18,1.21,64
P3,-0.17,1.21,88
P3,0.14,0.66,78
P3,0.15,0.66,54
P3,0.15,0.65,109
P3,0.16,0.65,44
P3,0.16,1.27,105
P3,0.16,1.28,15
P3,0.15,1.28,86
P3,0.14,1.28,65
P3,0.14,1.27,57
P3,0.05,0.96,44
P3,0.05,0.97,33
P3,0.07,0.97,83
P3,0.07,0.96,118
P3,-0.24,0.96,167
P3,-0.23,0.97,112
P3,0.23,1.01,94
P3,-0.09,0.68,102
P3,-0.09,0.69,189
P3,0.18,0.69,128
P3,-0.05,1.01,106
P3,-0.05,1.02,70
P3,-0.06,1.01,78
P3,-0.17,1.30,34
P3,-0.16,1.30,79
P3,-0.15,1.30,52
P3,-0.15,1.29,27
P3,-0.03,0.85,59
P3,0.16,0.64,108
P3,0.15,0.64,109
P3,-0.23,0.75,261
P3,-0.19,1.10,97
P3,-0.18,1.10,135
P3,-0.17,1.10,103
P3,-0.17,0.46,565
P3,0.14,0.87,45
P3,-0.15,1.23,76
P3,-0.14,1.23,96
P3,-0.12,1.15,33
P3,0.12,0.44,198
P3,0.12,0.45,219
P3,0.13,0.44,192
P3,0.03,0.93,167
P3,0.03,0.94,276
P3,0.02,0.93,150
P3,0.10,0.48,241
P3,-0.21,0.69,340
P3,-0.01,0.56,257
P3,0.01,1.05,148
P3,0.08,0.65,226
P3,0.08,0.66,253
P3,-0.06,0.65,146
P3,-0.06,0.66,105
P3,-0.05,0.66,121
P3,-0.05,0.65,218
P3,0.14,1.31,10
P3,0.14,1.32,85
P3,0.15,1.32,86
P3,0.15,1.31,13
P3,0.16,1.31,23
P3,-0.13,1.10,5
P3,-0.12,0.58,39
P3,-0.13,0.58,12
P3,-0.14,0.59,121
P3,-0.20,0.69,152
P3,0.21,0.85,187
P3,0.15,1.02,17
P3,0.15,1.03,103
P3,0.16,1.03,68
P3,0.16,1.02,38
P3,0.22,0.82,311
P3,0.02,0.70,235
P3,0.01,0.70,63
P3,-0.19,0.80,134
P3,-0.13,0.55,182
P3,-0.16,0.55,306
P3,-0.23,1.10,146
P3,-0.22,1.10,91
P3,-0.21,1.10,70
P3,-0.03,0.69,162
P3,-0.01,0.25,1668
P3,-0.05,0.58,209
P3,-0.15,1.01,75
P3,-0.16,1.01,87
P3,-0.17,1.01,83
P3,0.11,0.59,178
P3,0.12,0.59,68
P3,0.13,0.59,83
P3,-0.02,0.36,532
P3,-0.01,0.83,187
P3,-0.01,0.82,74
P3,0.09,1.32,22
P3,0.09,1.33,43
P3,0.10,1.33,22
P3,0.10,1.32,6
P3,0.15,0.86,45
P3,-0.15,0.99,62
P3,-0.16,0.99,94
P3,-0.24,0.68,404
P3,0.24,0.69,347
P3,0.23,0.69,351
P3,-0.13,0.70,110
P3,0.01,0.66,331
P3,0.00,0.66,177
P3,0.00,0.67,268
P3,-0.01,0.67,258
P3,-0.01,0.66,143
P3,0.04,1.31,46
P3,0.05,1.31,111
P3,0.06,1.31,100
P3,0.08,0.21,12939
P3,0.06,0.60,168
P3,0.07,0.61,190
P3,0.07,0.60,187
P3,0.02,0.76,183
P3,0.02,0.77,152
P3,0.03,0.77,159
P3,0.03,0.76,139
P3,-0.15,0.97,84
P3,-0.15,0.98,56
P3,-0.14,0.98,118
P3,-0.14,0.97,81
P3,-0.13,0.97,99
P3,-0.22,1.05,161
P3,-0.21,1.05,141
P3,-0.20,1.05,129
P3,-0.01,0.61,130
P3,-0.02,0.61,231
P3,-0.16,0.78,22
P3,-0.15,0.78,109
P3,-0.14,0.78,132
P3,0.01,0.59,375
P3,-0.16,0.79,92
P3,-0.15,0.79,79
P3,0.19,0.71,216
P3,0.19,0.70,211
P3,-0.16,0.59,168
P3,0.20,0.96,123
P3,-0.05,1.29,121
P3,-0.05,1.30,110
P3,0.10,0.38,376
P3,0.24,1.37,10
P3,-0.17,0.57,188
P3,-0.18,0.57,242
P3,-0.01,0.81,107
P3,0.19,1.08,134
P3,-0.01,1.09,151
P3,-0.01,1.10,82
P3,0.17,0.64,200
P3,0.18,0.64,198
P3,0.10,0.40,151
P3,-0.08,1.25,92
P3,-0.09,1.25,112
P3,-0.10,1.25,161
P3,-0.10,1.24,98
P3,-0.19,0.90,152
P3,-0.12,0.78,42
P3,-0.13,0.78,86
P3,0.20,1.36,46
P3,0.18,1.36,75
P3,0.18,1.35,3
P3,0.15,1.15,61
P3,0.14,1.15,58
P3,-0.02,0.72,191
P3,-0.10,0.68,98
P3,-0.11,0.68,143
P3,-0.11,0.69,82
P3,-0.12,0.68,175
P3,0.12,0.99,116
P3,0.13,0.99,84
P3,0.14,0.99,70
P3,0.24,0.84,274
P3,-0.06,1.02,87
P3,-0.08,1.03,62
P3,-0.08,1.02,115
P3,-0.18,0.88,109
P3,-0.17,0.88,59
P3,0.16,1.38,67
P3,0.15,1.38,32
P3,-0.18,0.61,245
P3,-0.01,0.57,180
P3,-0.02,0.57,379
P3,0.15,0.71,84
P3,0.16,0.71,103
P3,0.23,1.04,159
P3,-0.03,0.74,120
P3,0.06,0.76,142
P3,0.05,0.76,73
P3,0.05,0.77,131
P3,-0.19,0.58,380
P3,0.04,0.65,340
P3,-0.10,1.26,117
P3,-0.11,1.26,75
P3,-0.11,1.25,87
P3,0.02,0.90,143
P3,0.02,0.91,104
P3,0.03,0.91,153
P3,0.04,0.91,156
P3,0.04,0.90,113
P3,0.10,0.22,5008
P3,-0.16,1.20,83
P3,-0.17,1.20,151
P3,-0.15,1.17,69
P3,-0.17,1.17,39
P3,0.18,0.77,66
P3,0.18,0.78,281
P3,0.15,0.50,134
P3,0.16,0.50,105
P3,-0.02,1.06,51
P3,0.11,0.36,336
P3,0.02,0.78,248
P3,0.03,0.78,150
P3,0.08,1.15,28
P3,0.08,1.16,19
P3,0.09,1.16,43
P3,0.09,1.15,101
P3,0.10,1.15,90
P3,-0.07,1.27,83
P3,-0.07,1.26,12
P3,0.15,0.61,74
P3,0.16,0.61,102
P3,-0.02,0.74,145
P3,-0.02,0.75,260
P3,0.23,0.70,329
P3,0.23,0.71,350
P3,0.22,0.70,329
P3,-0.01,0.84,165
P3,-0.13,0.82,83
P3,-0.14,0.82,58
P3,0.18,0.94,184
P3,-0.11,1.12,94
P3,-0.10,1.12,90
P3,0.04,0.68,370
P3,0.05,0.67,134
P3,-0.03,0.64,279
P3,-0.12,1.06,104
P3,-0.12,1.05,79
P3,0.17,1.21,106
P3,0.17,1.20,49
P3,0.19,1.09,165
P3,0.21,1.36,81
P3,0.22,1.36,59
P3,0.03,0.55,284
P3,-0.16,0.95,50
P3,0.04,1.29,19
P3,0.05,1.29,55
P3,0.06,1.29,92
P3,0.14,1.14,48
P3,-0.08,0.64,227
P3,-0.20,0.58,575
P3,-0.20,0.59,432
P3,0.14,0.86,13
P3,-0.21,1.03,122
P3,-0.20,1.03,163
P3,0.07,0.64,207
P3,0.08,0.64,294
P3,0.09,0.64,115
P3,0.00,0.92,166
P3,0.00,0.93,53
P3,-0.01,0.92,143
P3,0.14,0.42,87
P3,-0.23,0.98,53
P3,-0.22,0.98,72
P3,-0.23,1.20,72
P3,0.15,0.88,66
P3,-0.13,1.02,41
P3,-0.24,1.16,54
P3,-0.24,1.15,93
P3,0.11,0.35,271
P3,0.13,0.40,322
P3,0.13,0.41,485
P3,0.17,0.53,257
P3,0.18,0.53,405
P3,0.21,1.18,69
P3,0.20,1.19,123
P3,0.20,1.18,29
P3,0.19,1.18,35
P3,0.18,0.70,129
P3,0.17,0.69,36
P3,0.08,0.63,88
P3,0.04,0.46,453
P3,-0.08,0.73,148
P3,-0.09,0.73,236
P3,-0.09,0.72,192
P3,0.24,0.93,151
P3,0.23,0.93,165
P3,-0.21,1.38,70
P3,-0.19,1.38,53
P3,-0.17,1.08,139
P3,-0.05,0.80,189
P3,-0.05,0.81,110
P3,-0.17,1.18,156
P3,-0.17,1.19,73
P3,-0.18,1.19,97
P3,-0.18,1.18,81
P3,-0.19,1.18,31
P3,-0.07,0.42,357
P3,-0.11,0.47,285
P3,-0.03,0.37,532
P3,-0.06,1.31,6
P3,-0.06,1.32,41
P3,-0.05,1.32,28
P3,-0.05,1.31,8
P3,-0.06,0.84,148
P3,0.16,0.48,449
P3,0.23,1.22,68
P3,0.22,1.22,63
P3,0.21,1.22,77
P3,0.00,0.59,228
P3,-0.18,0.53,269
P3,-0.12,0.39,471
P3,-0.09,0.50,119
P3,-0.07,0.56,244
P3,-0.06,0.56,221
P3,0.13,0.94,54
P3,0.12,0.94,57
P3,0.06,1.09,52
P3,0.07,1.09,31
P3,-0.10,0.73,163
P3,-0.11,0.73,103
P3,-0.11,0.72,121
P3,-0.11,0.65,118
P3,-0.12,0.65,51
P3,-0.03,0.89,135
P3,-0.03,0.90,37
P3,-0.04,0.90,201
P3,-0.04,0.89,118
P3,-0.13,1.23,58
P3,-0.02,0.67,204
P3,-0.02,0.68,267
P3,0.14,0.98,81
P3,0.13,0.98,132
P3,0.12,0.98,65
P3,-0.07,0.65,151
P3,0.16,0.62,77
P3,0.16,0.63,112
P3,0.15,0.62,79
P3,-0.12,0.49,154
P3,-0.12,0.48,276
P3,-0.13,0.96,25
P3,-0.14,0.96,37
P3,-0.15,0.96,75
P3,-0.07,0.47,252
P3,-0.08,0.47,171
P3,0.15,0.83,88
P3,0.16,0.84,81
P3,0.17,0.84,77
P3,0.17,0.83,92
P3,-0.24,1.36,19
P3,0.03,1.16,47
P3,0.03,1.17,102
P3,0.04,1.17,49
P3,0.04,1.16,37
P3,0.06,0.77,198
P3,0.06,0.78,50
P3,0.07,0.78,144
P3,0.08,0.78,81
P3,0.08,0.77,105
P3,0.04,0.56,351
P3,0.04,0.57,414
P3,0.05,0.57,321
P3,0.05,0.56,195
P3,0.19,0.65,211
P3,0.20,0.65,204
P3,-0.14,0.76,123
P3,-0.15,0.76,120
P3,-0.08,0.90,97
P3,-0.09,0.90,27
P3,0.17,1.24,63
P3,0.16,1.24,36
P3,0.11,1.27,38
P3,0.10,1.27,62
P3,0.09,1.27,82
P3,-0.04,0.38,410
P3,0.19,0.91,62
P3,0.18,0.91,47
P3,0.16,0.95,42
P3,0.18,1.10,174
P3,0.19,1.10,194
P3,0.18,0.97,134
P3,0.17,0.97,90
P3,0.14,0.54,120
P3,0.14,0.53,168
P3,0.12,0.79,40
P3,0.13,0.79,45
P3,-0.15,1.08,76
P3,-0.16,1.08,47
P3,-0.16,1.07,63
P3,-0.11,0.85,177
P3,-0.12,0.85,117
P3,-0.13,0.85,100
P3,0.16,0.70,69
P3,0.17,0.70,77
P3,0.16,1.37,64
P3,0.09,0.22,9206
P3,0.11,0.22,924
P3,0.17,0.68,38
P3,0.24,0.99,125
P3,0.23,0.99,144
P3,0.22,0.99,67
P3,0.17,0.60,226
P3,-0.16,1.18,90
P3,-0.21,0.87,157
P3,-0.22,0.87,250
P3,-0.23,0.86,129
P3,0.18,1.06,59
P3,0.17,1.06,78
P3,0.16,1.06,41
P3,-0.04,0.61,210
P3,-0.17,0.52,219
P3,0.18,1.07,115
P3,0.19,1.07,107
P3,-0.20,1.19,37
P3,-0.19,1.19,103
P3,0.08,1.27,83
P3,0.09,1.28,41
P3,-0.21,1.04,64
P3,0.22,0.97,92
P3,0.22,0.98,118
P3,0.21,0.98,122
P3,0.21,0.97,68
P3,0.03,0.70,280
P3,0.03,0.71,235
P3,0.04,0.71,119
P3,0.04,0.70,154
P3,-0.05,0.56,176
P3,0.23,0.81,255
P3,-0.02,0.38,551
P3,-0.02,1.08,74
P3,-0.01,1.08,117
P3,-0.15,0.86,56
P3,-0.15,0.87,33
P3,-0.16,0.88,56
P3,0.09,0.21,8936
P3,0.18,0.62,95
P3,0.08,0.52,151
P3,-0.12,0.94,117
P3,-0.13,0.94,178
P3,-0.14,0.94,138
P3,-0.05,1.16,74
P3,-0.04,1.16,170
P3,-0.04,1.15,71
P3,0.08,1.20,18
P3,0.09,1.20,36
P3,0.09,1.21,77
P3,0.10,1.21,42
P3,0.10,1.20,39
P3,0.24,0.96,196
P3,0.23,0.95,154
P3,0.09,0.53,193
P3,0.09,0.52,90
P3,-0.10,1.17,29
P3,0.04,0.55,284
P3,0.07,1.05,34
P3,0.08,1.05,41
P3,0.09,1.05,67
P3,0.03,0.44,303
P3,0.01,0.49,395
P3,0.11,0.83,78
P3,0.03,0.92,79
P3,0.01,0.37,512
P3,0.00,0.52,406
P3,0.18,0.61,210
P3,0.17,0.61,117
P3,-0.11,1.17,136
P3,-0.08,1.05,71
P3,-0.09,1.06,223
P3,-0.10,1.06,116
P3,-0.10,1.05,73
P3,-0.15,0.94,107
P3,-0.15,0.95,65
P3,-0.16,0.94,60
P3,-0.01,0.94,194
P3,0.00,0.94,103
P3,0.13,1.09,16
P3,-0.06,0.80,159
P3,-0.10,0.80,49
P3,-0.11,0.80,63
P3,0.01,1.34,19
P3,0.01,1.35,17
P3,0.00,1.35,52
P3,0.00,1.34,8
P3,-0.01,1.34,2
P3,0.20,1.00,218
P3,-0.19,0.82,212
P3,-0.09,0.54,136
P3,-0.09,0.56,133
P3,0.03,1.25,5
P3,0.03,1.26,6
P3,0.04,1.26,31
P3,0.05,1.26,24
P3,0.05,1.25,62
P3,0.12,1.03,143
P3,0.05,0.58,296
P3,0.06,0.58,249
P3,0.06,0.57,284
P3,0.17,0.96,67
P3,0.23,0.96,180
P3,-0.05,0.89,107
P3,-0.06,0.89,157
P3,0.02,1.01,46
P3,0.02,1.02,86
P3,-0.24,0.91,51
P3,0.02,0.60,342
P3,-0.19,1.07,49
P3,-0.18,1.07,73
P3,-0.18,1.08,152
P3,-0.17,1.07,79
P3,-0.06,0.57,233
P3,0.12,0.81,56
P3,0.13,0.81,132
P3,0.16,0.98,109
P3,0.15,0.98,85
P3,0.03,0.46,508
P3,-0.01,0.70,177
P3,-0.02,0.70,257
P3,-0.02,0.69,110
P3,-0.10,0.20,1641
P3,-0.08,1.04,68
P3,-0.07,1.04,98
P3,-0.20,1.07,87
P3,0.02,0.52,369
P3,0.04,0.52,290
P3,0.08,0.79,93
P3,0.08,0.80,142
P3,0.09,0.80,147
P3,0.09,0.79,184
P3,0.10,0.79,137
P3,0.06,0.49,379
P3,-0.21,0.97,136
P3,-0.20,0.97,107
P3,-0.13,0.83,131
P3,-0.15,0.82,124
P3,0.23,1.18,88
P3,0.22,1.18,50
P3,0.22,1.19,117
P3,-0.13,1.11,54
P3,-0.13,1.12,128
P3,-0.17,1.06,90
P3,-0.18,1.06,169
P3,-0.18,1.05,52
P3,-0.19,1.05,48
P3,0.19,0.80,217
P3,-0.08,0.77,84
P3,-0.09,0.27,3749
P3,0.18,0.47,588
P3,0.18,0.46,466
P3,0.08,1.21,27
P3,0.08,0.56,216
P3,0.03,0.72,175
P3,0.04,0.72,231
P3,-0.20,0.75,151
P3,-0.19,0.65,172
P3,-0.18,0.65,83
P3,0.10,0.47,191
P3,-0.10,1.14,28
P3,-0.11,1.14,68
P3,-0.12,1.14,38
P3,0.09,0.77,121
P3,0.09,0.78,73
P3,0.10,0.77,95
P3,0.11,0.95,91
P3,0.12,0.95,83
P3,0.13,0.95,55
P3,-0.04,0.52,302
P3,-0.04,0.53,118
P3,-0.22,1.25,77
P3,-0.21,1.25,86
P3,-0.20,1.25,42
P3,-0.11,1.23,32
P3,-0.11,1.24,93
P3,-0.12,1.23,48
P3,0.18,0.93,149
P3,0.17,1.33,55
P3,0.16,1.34,23
P3,0.16,1.33,77
P3,-0.03,0.36,657
P3,-0.03,1.23,87
P3,-0.02,1.23,81
P3,0.10,0.80,68
P3,0.16,0.97,52
P3,-0.15,1.18,43
P3,-0.14,1.18,62
P3,-0.13,0.65,90
P3,-0.13,0.66,73
P3,-0.14,0.66,85
P3,-0.24,1.08,119
P3,-0.24,1.09,97
P3,-0.23,1.08,133
P3,-0.22,1.08,111
P3,-0.15,1.03,124
P3,-0.14,1.03,154
P3,0.04,1.11,32
P3,0.04,1.12,57
P3,0.05,1.12,121
P3,0.06,1.12,59
P3,0.06,1.11,92
P3,-0.24,1.23,70
P3,-0.23,1.23,83
P3,-0.22,1.23,62
P3,-0.05,0.52,169
P3,-0.08,0.70,150
P3,-0.18,1.31,18
P3,-0.17,1.31,57
P3,-0.16,1.31,49
P3,0.08,0.96,73
P3,0.08,0.97,81
P3,0.09,0.96,67
P3,0.09,1.22,13
P3,0.07,0.80,52
P3,0.07,0.79,45
P3,-0.11,0.97,44
P3,-0.11,0.98,93
P3,0.18,0.81,175
P3,0.16,1.21,84
P3,0.24,0.42,137434
P3,-0.24,0.99,154
P3,-0.23,0.99,64
P3,-0.23,0.89,176
P3,-0.23,1.15,112
P3,-0.22,1.15,116
P3,0.05,0.66,158
P3,0.06,0.66,113
P3,0.07,0.66,194
P3,0.20,1.22,54
P3,0.20,1.23,71
P3,0.19,1.23,96
P3,0.19,0.89,104
P3,0.20,0.89,179
P3,-0.05,0.51,418
P3,0.16,0.49,324
P3,0.08,0.73,134
P3,0.09,0.72,42
P3,0.10,1.36,12
P3,0.11,1.36,55
P3,0.12,1.36,40
P3,-0.17,0.68,49
P3,-0.18,0.68,112
P3,-0.24,0.42,131056
P3,-0.10,0.39,244
P3,0.09,1.12,135
P3,0.10,1.12,10
P3,0.15,0.80,110
P3,0.15,0.81,36
P3,0.16,0.80,98
P3,0.17,0.80,30
P3,0.15,0.79,57
P3,-0.22,0.88,176
P3,-0.07,1.16,165
P3,-0.08,1.16,106
P3,-0.09,1.16,60
P3,-0.09,1.15,125
P3,0.02,0.37,604
P3,0.01,0.67,230
P3,-0.20,0.55,496
P3,-0.22,0.83,238
P3,0.18,1.16,123
P3,0.17,1.16,117
P3,0.16,1.16,80
P3,-0.02,0.85,112
P3,-0.02,0.86,119
P3,-0.03,0.86,62
P3,-0.16,0.68,269
P3,-0.15,0.68,50
P3,-0.01,1.19,46
P3,-0.01,1.20,133
P3,0.24,0.70,249
P3,0.19,0.78,208
P3,0.17,0.78,123
P3,0.16,0.57,97
P3,0.09,0.82,37
P3,0.09,0.83,71
P3,0.10,0.83,60
P3,-0.07,0.63,190
P3,-0.08,0.62,121
P3,-0.07,0.68,152
P3,-0.07,0.69,152
P3,-0.06,0.69,58
P3,-0.06,0.68,74
P3,0.09,1.11,96
P3,0.13,1.08,31
P3,0.14,1.08,54
P3,0.15,1.08,48
P3,0.07,0.74,108
P3,0.19,1.26,71
P3,0.19,1.27,42
P3,0.20,1.27,84
P3,0.23,0.89,217
P3,0.22,0.89,150
P3,0.21,0.89,238
P3,-0.22,0.97,139
P3,0.08,0.84,80
P3,0.08,0.85,92
P3,0.03,1.00,10
P3,-0.07,0.95,27
P3,-0.07,0.96,39
P3,-0.08,0.96,71
P3,-0.09,0.95,37
P3,-0.13,0.20,260
P3,0.14,1.35,70
P3,0.13,1.35,41
P3,-0.07,0.76,186
P3,0.08,1.32,82
P3,0.09,1.31,15
P3,-0.03,0.38,408
P3,-0.23,0.80,277
P3,-0.07,0.82,73
P3,-0.07,0.83,202
P3,-0.08,0.83,148
P3,-0.08,0.82,114
P3,0.14,0.58,140
P3,0.15,0.58,98
P3,-0.14,0.53,78
P3,-0.12,0.20,1060
P3,-0.05,1.18,49
P3,-0.06,1.19,57
P3,-0.06,1.18,97
P3,0.23,0.75,300
P3,0.15,1.10,29
P3,-0.17,0.53,244
P3,-0.12,0.73,80
P3,-0.12,0.74,58
P3,0.23,1.23,53
P3,0.22,1.23,53
P3,0.21,1.23,78
P3,-0.11,0.76,138
P3,-0.12,0.76,153
P3,-0.13,0.76,46
P3,-0.13,0.75,14
P3,-0.14,0.80,68
P3,-0.15,0.80,165
P3,-0.01,1.29,31
P3,-0.01,1.30,20
P3,0.00,1.30,35
P3,0.00,1.29,32
P3,-0.01,0.63,460
P3,0.02,0.99,70
P3,-0.06,1.06,58
P3,0.12,0.85,31
P3,0.13,0.85,36
P3,0.14,0.55,121
P3,0.11,1.08,38
P3,0.10,1.08,60
P3,0.09,1.08,42
P3,-0.08,1.11,55
P3,-0.10,1.10,41
P3,0.07,0.62,162
P3,-0.10,0.81,112
P3,-0.11,0.81,68
P3,-0.12,0.81,150
P3,-0.21,0.91,193
P3,-0.08,0.27,7603
P3,-0.20,0.63,320
P3,0.24,0.80,229
P3,-0.24,1.06,107
P3,-0.23,1.06,107
P3,-0.08,0.46,192
P3,0.05,0.74,116
P3,0.06,0.74,161
P3,0.24,1.13,31
P3,0.24,1.12,31
P3,0.24,1.11,34
P3,0.23,1.11,115
P3,-0.05,0.97,101
P3,-0.06,0.97,75
P3,-0.07,0.97,95
P3,-0.13,0.95,30
P3,-0.12,0.95,73
P3,-0.12,0.97,62
P3,-0.11,0.96,75
P3,0.00,0.74,101
P3,-0.20,0.64,278
P3,-0.06,1.21,19
P3,-0.07,1.22,39
P3,-0.08,1.22,19
P3,-0.08,1.21,24
P3,-0.17,1.36,73
P3,-0.20,1.04,85
P3,-0.03,1.03,56
P3,-0.04,1.03,257
P3,-0.05,1.03,51
P3,-0.07,0.81,32
P3,-0.08,0.81,95
P3,-0.09,0.82,153
P3,-0.09,0.81,136
P3,-0.24,1.10,139
P3,0.19,0.64,173
P3,-0.06,1.00,90
P3,-0.07,1.00,86
P3,-0.07,1.01,213
P3,-0.22,1.39,23
P3,-0.22,1.38,135
P3,-0.18,0.56,155
P3,0.14,1.30,61
P3,0.13,1.30,80
P3,0.18,0.87,134
P3,-0.11,1.07,139
P3,-0.05,0.72,107
P3,-0.12,0.72,100
P3,-0.04,1.30,29
P3,-0.04,1.31,20
P3,-0.16,1.39,13
P3,-0.16,1.38,100
P3,-0.24,1.04,67
P3,-0.23,1.04,106
P3,-0.06,0.81,33
P3,-0.04,1.27,57
P3,-0.03,1.27,65
P3,-0.03,1.26,48
P3,-0.06,0.58,194
P3,-0.07,0.58,251
P3,-0.23,0.77,205
P3,-0.24,1.22,80
P3,-0.11,0.66,78
P3,-0.11,0.86,34
P3,-0.10,0.75,24
P3,-0.10,1.31,68
P3,-0.11,1.31,129
P3,-0.12,1.31,68
P3,-0.12,1.30,79
P3,0.06,1.03,64
P3,0.06,1.04,118
P3,-0.23,0.87,155
P3,0.15,0.97,49
P3,0.00,0.75,105
P3,-0.17,1.12,82
P3,-0.15,1.11,93
P3,0.06,0.59,142
P3,0.07,0.59,181
P3,0.08,0.59,222
P3,0.17,1.13,29
P3,0.16,1.13,44
P3,0.03,0.86,115
P3,-0.07,0.72,97
P3,-0.08,0.71,156
P3,-0.10,0.85,185
P3,0.09,0.71,152
P3,0.10,0.71,57
P3,0.10,0.72,56
P3,0.11,0.72,62
P3,0.11,0.71,32
P3,-0.09,1.26,29
P3,-0.08,1.26,49
P3,-0.05,0.94,188
P3,-0.06,0.94,109
P3,-0.06,0.93,152
P3,-0.23,1.16,59
P3,0.14,0.74,57
P3,0.15,0.74,131
P3,0.16,0.74,76
P3,-0.07,0.64,178
P3,0.06,0.75,108
P3,0.22,0.86,187
P3,-0.14,0.86,128
P3,-0.14,0.87,22
P3,0.11,0.58,147
P3,0.12,0.58,102
P3,0.13,0.58,128
P3,0.05,0.78,74
P3,0.01,0.42,468
P3,0.15,0.53,66
P3,0.15,0.54,182
P3,0.07,0.86,135
P3,0.07,0.87,111
P3,-0.07,1.37,20
P3,-0.08,1.37,21
P3,-0.09,1.36,29
P3,-0.12,0.98,65
P3,-0.13,0.98,84
P3,0.12,0.93,53
P3,0.17,0.63,165
P3,-0.21,1.13,69
P3,0.11,0.65,120
P3,0.11,0.66,103
P3,0.12,0.66,102
P3,-0.09,0.89,102
P3,-0.09,0.87,82
P3,0.09,0.48,146
P3,0.10,0.49,118
P3,0.11,0.45,264
P3,-0.06,0.90,99
P3,-0.06,0.91,48
P3,0.12,0.90,40
P3,0.12,0.91,54
P3,0.13,0.91,79
P3,-0.23,1.00,105
P3,-0.23,1.01,124
P3,-0.22,1.01,86
P3,-0.21,1.01,98
P3,-0.21,1.00,61
P3,0.12,1.01,84
P3,0.11,1.01,74
P3,0.10,1.01,90
P3,-0.14,1.29,70
P3,-0.13,1.29,26
P3,-0.12,1.29,14
P3,-0.04,0.69,86
P3,-0.22,1.16,53
P3,-0.21,1.16,45
P3,0.23,1.35,51
P3,0.22,1.35,125
P3,-0.04,0.51,366
P3,0.20,0.98,20
P3,0.21,1.39,8
P3,0.21,1.38,39
P3,0.18,1.09,128
P3,0.17,1.09,122
P3,-0.18,1.34,50
P3,-0.17,1.34,66
P3,-0.16,1.34,65
P3,0.06,0.95,54
P3,0.05,0.95,169
P3,0.05,0.94,129
P3,0.08,0.71,86
P3,0.18,0.83,97
P3,0.14,0.80,116
P3,-0.06,0.64,198
P3,-0.03,0.76,143
P3,-0.03,0.77,107
P3,-0.04,0.77,101
P3,0.08,0.58,184
P3,0.09,0.58,271
P3,0.04,0.92,145
P3,0.14,1.16,28
P3,0.13,1.16,83
P3,0.13,1.15,45
P3,0.12,1.15,47
P3,0.14,1.01,76
P3,0.15,1.01,53
P3,0.16,1.01,20
P3,-0.08,0.87,118
P3,-0.10,0.87,51
P3,0.23,1.12,50
P3,0.01,0.82,166
P3,0.00,0.83,178
P3,0.00,0.82,90
P3,0.22,0.96,130
P3,0.06,1.39,26
P3,0.06,1.38,106
P3,-0.24,0.86,103
P3,0.05,0.87,154
P3,0.04,0.87,147
P3,0.21,0.96,117
P3,-0.09,1.20,36
P3,0.09,0.85,57
P3,0.11,0.85,47
P3,-0.08,0.41,407
P3,0.00,0.70,165
P3,-0.01,0.75,155
P3,-0.01,0.74,172
P3,0.18,0.88,152
P3,0.17,0.98,85
P3,-0.07,0.98,23
P3,-0.08,0.98,64
P3,0.18,0.84,59
P3,-0.05,0.87,113
P3,-0.06,0.87,81
P3,0.12,0.86,38
P3,0.12,0.87,132
P3,0.09,0.59,240
P3,0.04,0.66,205
P3,-0.07,0.87,109
P3,-0.03,0.87,20
P3,-0.04,0.87,65
P3,0.02,1.07,3
P3,0.02,1.08,39
P3,0.03,1.08,102
P3,0.03,1.07,60
P3,-0.01,0.89,201
P3,0.04,0.93,56
P3,0.05,0.92,236
P3,0.04,0.75,138
P3,0.04,0.76,61
P3,0.03,0.75,112
P3,0.11,1.23,19
P3,0.12,1.23,45
P3,0.13,1.23,76
P3,-0.16,0.93,80
P3,-0.15,0.93,132
P3,-0.14,0.93,136
P3,0.23,0.73,243
P3,-0.17,1.11,35
P3,-0.16,1.11,60
P3,-0.01,0.87,192
P3,-0.13,0.81,100
P3,-0.08,0.69,143
P3,0.08,1.22,35
P3,0.09,1.23,51
P3,0.04,1.06,80
P3,0.20,0.78,110
P3,-0.14,1.01,33
P3,-0.24,1.13,158
P3,-0.20,1.17,107
P3,-0.19,1.17,109
P3,-0.18,1.17,31
P3,0.03,0.81,42
P3,0.16,1.04,71
P3,0.15,1.04,52
P3,0.00,1.22,92
P3,0.00,1.23,173
P3,-0.01,1.22,64
P3,-0.11,0.84,100
P3,-0.12,0.84,125
P3,-0.23,0.93,141
P3,-0.06,0.63,231
P3,0.05,0.79,175
P3,0.05,0.80,168
P3,0.08,0.89,71
P3,0.10,1.05,61
P3,0.11,1.05,93
P3,0.01,0.41,390
P3,-0.19,1.04,102
P3,-0.18,1.04,101
P3,0.16,0.83,91
P3,0.15,0.82,139
P3,0.15,1.39,9
P3,0.14,1.38,1
P3,0.05,0.60,200
P3,-0.17,1.14,68
P3,-0.16,1.14,84
P3,-0.15,1.14,53
P3,0.06,0.63,219
P3,-0.09,0.55,226
P3,-0.10,0.54,221
P3,-0.02,1.24,47
P3,-0.11,0.79,113
P3,0.16,0.82,87
P3,-0.07,0.50,217
P3,-0.08,0.50,97
P3,0.12,1.32,29
P3,-0.07,0.88,83
P3,-0.06,1.07,87
P3,-0.11,1.00,90
P3,-0.11,1.01,163
P3,-0.12,1.01,96
P3,-0.12,1.00,85
P3,-0.04,0.96,28
P3,-0.05,0.96,93
P3,-0.06,0.96,45
P3,0.21,1.10,125
P3,0.09,0.20,2350
P3,0.18,0.90,91
P3,0.17,0.90,100
P3,-0.01,0.90,188
P3,0.20,1.38,19
P3,-0.03,0.75,207
P3,0.05,0.55,235
P3,-0.15,1.26,62
P3,0.11,1.29,66
P3,0.10,1.29,75
P3,-0.18,0.62,258
P3,-0.12,0.47,233
P3,-0.13,0.47,68
P3,0.23,1.34,20
P3,0.21,1.35,98
P3,0.21,1.34,105
P3,0.03,1.24,11
P3,0.04,1.24,54
P3,0.05,1.24,63
P3,-0.05,0.95,124
P3,0.16,0.53,104
P3,0.08,0.38,386
P3,-0.17,1.00,69
P3,0.04,1.01,205
P3,0.05,1.01,110
P3,0.10,0.59,248
P3,0.11,0.60,154
P3,0.18,1.33,26
P3,0.19,1.33,39
P3,-0.10,1.32,51
P3,0.17,1.27,64
P3,0.18,1.27,32
P3,-0.03,1.16,1
P3,-0.03,1.17,59
P3,-0.04,1.17,129
P3,-0.05,1.17,16
P3,0.04,0.77,146
P3,0.15,0.99,102
P3,-0.08,1.09,123
P3,-0.09,1.09,61
P3,0.00,1.27,12
P3,0.00,1.28,100
P3,-0.11,0.20,3342
P3,-0.12,0.54,260
P3,0.02,1.31,14
P3,0.02,1.32,140
P3,0.03,1.31,12
P3,-0.08,0.68,95
P3,0.05,0.45,276
P3,-0.08,1.01,116
P3,-0.09,1.02,88
P3,-0.09,1.01,86
P3,0.24,1.10,11
P3,0.23,1.10,65
P3,0.21,0.86,89
P3,-0.22,0.91,156
P3,0.04,0.59,156
P3,0.04,0.60,260
P3,0.18,0.71,94
P3,0.16,0.72,21
P3,-0.08,0.74,181
P3,-0.09,0.74,129
P3,-0.10,0.74,86
P3,0.06,0.88,96
P3,0.06,0.87,67
P3,-0.15,1.36,62
P3,-0.14,1.36,74
P3,0.03,0.88,133
P3,0.03,0.89,274
P3,0.24,0.74,248
P3,0.23,0.74,319
P3,-0.11,0.92,66
P3,-0.12,0.92,111
P3,-0.12,0.93,43
P3,-0.20,1.08,125
P3,-0.20,1.09,67
P3,-0.19,1.09,66
P3,-0.19,1.08,79
P3,0.17,1.39,10
P3,0.17,1.38,41
P3,-0.24,1.34,66
P3,-0.23,1.33,125
P3,0.02,0.89,120
P3,-0.11,0.99,102
P3,-0.12,0.99,98
P3,0.12,0.75,83
P3,0.13,0.75,49
P3,0.13,0.74,39
P3,-0.14,0.79,95
P3,0.05,0.75,177
P3,-0.15,0.62,48
P3,-0.15,0.63,35
P3,-0.16,0.63,183
P3,-0.17,0.62,159
P3,0.24,0.75,222
P3,0.11,1.14,21
P3,0.11,1.15,117
P3,-0.05,0.98,131
P3,-0.04,0.98,29
P3,-0.04,0.97,65
P3,-0.13,0.50,144
P3,-0.01,1.03,199
P3,0.19,1.37,109
P3,-0.16,0.97,64
P3,0.13,1.17,28
P3,0.12,1.17,65
P3,0.10,0.65,92
P3,-0.18,1.24,25
P3,-0.17,1.23,70
P3,-0.23,1.25,56
P3,-0.22,1.26,71
P3,-0.21,1.26,50
P3,0.08,0.51,218
P3,0.07,0.52,121
P3,0.07,0.51,203
P3,-0.05,1.05,48
P3,-0.06,1.05,55
P3,-0.22,1.30,22
P3,-0.21,1.31,67
P3,-0.20,1.30,79
P3,0.04,0.89,132
P3,0.01,0.77,312
P3,0.23,0.97,94
P3,-0.05,1.09,85
P3,-0.20,1.27,96
P3,-0.19,1.27,81
P3,0.22,0.69,393
P3,0.04,0.74,105
P3,0.02,0.79,117
P3,0.04,0.78,125
P3,0.14,1.18,36
P3,0.13,1.18,26
P3,0.05,1.05,69
P3,0.05,1.06,41
P3,-0.08,1.18,12
P3,0.18,0.80,42
P3,0.13,1.01,14
P3,-0.06,0.88,141
P3,0.09,0.51,289
P3,0.08,0.83,85
P3,0.19,1.24,55
P3,0.18,1.24,29
P3,-0.17,0.79,57
P3,-0.05,0.82,21
P3,-0.05,0.83,94
P3,-0.06,0.83,172
P3,-0.08,0.72,151
P3,0.10,1.14,12
P3,-0.17,0.56,99
P3,0.05,0.59,173
P3,0.20,0.86,152
P3,0.19,0.86,107
P3,0.10,0.66,60
P3,0.00,0.95,35
P3,0.02,0.95,91
P3,0.04,0.94,66
P3,0.02,0.94,47
P3,0.21,1.25,50
P3,0.20,1.25,87
P3,-0.13,0.53,68
P3,-0.12,0.53,117
P3,-0.11,0.53,119
P3,0.02,0.68,153
P3,0.09,0.95,77
P3,0.10,0.95,63
P3,-0.22,1.20,89
P3,-0.21,1.20,86
P3,-0.02,0.89,102
P3,0.06,1.21,32
P3,0.05,1.21,49
P3,0.05,1.20,3
P3,-0.23,0.91,82
P3,-0.21,1.08,137
P3,-0.11,0.67,187
P3,-0.13,0.68,25
P3,-0.13,0.67,101
P3,0.10,1.07,128
P3,0.11,1.07,101
P3,0.04,1.25,47
P3,0.15,0.76,48
P3,-0.17,1.38,72
P3,0.01,0.98,75
P3,-0.22,1.35,83
P3,-0.21,1.35,133
P3,-0.20,1.35,83
P3,-0.05,1.08,80
P3,-0.02,0.71,151
P3,0.21,1.03,93
P3,0.20,1.03,81
P3,0.19,1.03,57
P3,-0.01,0.60,281
P3,-0.02,0.97,31
P3,-0.02,0.98,101
P3,-0.01,0.98,85
P3,-0.11,1.32,28
P3,-0.11,1.33,27
P3,-0.12,1.33,32
P3,0.05,0.93,33
P3,0.06,0.94,74
P3,0.06,0.93,20
P3,-0.17,0.96,103
P3,-0.16,0.96,118
P3,-0.23,1.22,100
P3,-0.22,1.22,59
P3,-0.21,1.22,55
P3,-0.18,0.85,77
P3,0.07,0.70,89
P3,0.08,0.70,97
P3,0.06,0.80,228
P3,0.06,0.81,97
P3,-0.07,0.84,130
P3,0.19,0.72,171
P3,0.13,0.80,58
P3,0.14,0.81,84
P3,0.21,1.02,89
P3,0.20,1.02,109
P3,-0.11,1.04,39
P3,0.06,1.10,36
P3,-0.10,0.92,44
P3,0.01,0.78,37
P3,0.00,0.78,81
P3,0.00,0.79,71
P3,-0.24,0.78,199
P3,-0.05,0.68,77
P3,0.11,1.28,82
P3,0.10,1.28,55
P3,-0.24,1.39,3
P3,-0.24,1.38,39
P3,-0.18,0.97,90
P3,0.16,1.09,91
P3,0.07,1.16,22
P3,0.21,1.17,95
P3,0.20,1.17,117
P3,0.19,1.17,50
P3,0.24,0.89,170
P3,0.24,1.32,127
P3,0.23,1.32,155
P3,0.22,1.32,76
P3,-0.24,0.89,95
P3,-0.20,1.01,175
P3,0.16,0.96,78
P3,-0.14,1.11,69
P3,0.00,1.38,46
P3,0.01,1.39,20
P3,0.01,1.38,66
P3,0.12,1.24,139
P3,0.13,1.24,87
P3,0.11,0.62,199
P3,0.12,0.62,167
P3,0.13,0.62,110
P3,-0.11,0.54,186
P3,-0.10,0.86,59
P3,0.18,0.89,87
P3,0.12,0.69,110
P3,0.22,1.14,124
P3,0.22,1.15,75
P3,0.21,1.15,42
P3,0.21,1.14,91
P3,-0.06,0.95,64
P3,0.05,1.17,26
P3,0.06,1.18,51
P3,0.06,1.17,70
P3,0.07,1.17,72
P3,-0.09,1.14,52
P3,-0.09,1.13,13
P3,-0.16,0.64,126
P3,0.04,0.79,129
P3,0.04,0.80,174
P3,0.06,0.79,181
P3,-0.02,0.78,50
P3,-0.03,0.78,69
P3,-0.07,0.55,338
P3,-0.14,1.12,52
P3,-0.22,1.24,135
P3,-0.21,1.24,77
P3,-0.20,1.24,49
P3,-0.20,1.23,37
P3,-0.20,1.22,71
P3,-0.19,1.22,59
P3,-0.19,1.11,25
P3,-0.20,1.10,71
P3,-0.08,0.48,277
P3,-0.17,1.27,25
P3,-0.16,1.27,41
P3,-0.15,1.27,61
P3,0.10,0.44,399
P3,-0.18,1.15,36
P3,-0.17,1.15,91
P3,-0.16,1.15,47
P3,-0.03,1.13,90
P3,-0.02,1.00,27
P3,-0.03,1.01,77
P3,-0.03,1.00,24
P3,-0.04,0.82,157
P3,-0.04,1.18,19
P3,-0.04,1.19,49
P3,-0.21,1.27,98
P3,-0.20,1.26,39
P3,-0.21,1.12,66
P3,0.08,1.37,40
P3,0.08,1.38,43
P3,0.09,1.38,36
P3,0.10,1.37,11
P3,0.04,0.58,129
P3,0.20,0.90,97
P3,0.05,0.81,187
P3,0.05,0.82,40
P3,0.22,1.33,13
P3,0.22,1.34,42
P3,0.20,1.34,74
P3,0.20,1.33,99
P3,-0.21,1.15,89
P3,-0.20,1.15,79
P3,-0.19,1.15,38
P3,0.24,1.28,58
P3,-0.10,0.26,3613
P3,-0.04,0.70,149
P3,-0.16,1.26,53
P3,0.14,0.82,136
P3,0.14,0.83,50
P3,0.04,0.61,92
P3,-0.22,0.80,197
P3,-0.21,0.99,79
P3,-0.20,1.00,92
P3,0.16,0.69,119
P3,-0.02,1.30,20
P3,-0.02,1.31,65
P3,-0.03,1.30,10
P3,-0.10,0.72,128
P3,-0.12,0.71,38
P3,0.07,0.65,154
P3,0.12,1.34,30
P3,0.13,1.34,37
P3,0.07,1.33,24
P3,0.08,1.33,12
P3,0.08,1.34,47
P3,0.15,1.27,72
P3,-0.12,0.91,83
P3,0.23,1.39,8
P3,0.23,1.38,86
P3,0.02,0.88,29
P3,0.24,1.21,29
P3,0.23,1.21,37
P3,-0.18,1.27,69
P3,0.03,1.04,176
P3,-0.06,1.38,11
P3,0.04,1.14,74
P3,0.04,1.15,19
P3,0.04,1.13,13
P3,-0.21,1.17,97
P3,0.07,0.98,67
P3,0.08,0.98,22
P3,0.18,0.79,122
P3,-0.06,1.08,91
P3,-0.06,1.09,73
P3,0.10,0.53,118
P3,0.17,0.71,42
P3,0.08,1.39,4
P3,-0.10,0.98,20
P3,-0.24,1.28,40
P3,0.13,1.19,17
P3,0.14,1.19,53
P3,0.15,1.19,54
P3,0.18,0.98,75
P3,0.19,0.98,34
P3,0.00,0.87,38
P3,-0.02,1.04,96
P3,-0.03,1.04,109
P3,0.24,0.73,233
P3,0.10,0.74,71
P3,0.11,0.75,77
P3,0.13,0.57,72
P3,-0.08,1.39,1
P3,-0.08,1.38,39
P3,0.21,1.30,16
P3,0.20,1.30,46
P3,-0.19,1.06,125
P3,-0.06,1.10,23
P3,-0.07,1.10,33
P3,-0.08,1.34,9
P3,-0.09,1.34,16
P3,-0.09,1.35,36
P3,-0.10,1.35,25
P3,-0.10,1.34,14
P3,-0.07,0.75,197
P3,-0.07,0.74,123
P3,0.18,0.66,104
P3,-0.05,0.90,93
P3,-0.04,0.65,283
P3,-0.13,0.88,47
P3,-0.15,0.89,109
P3,0.06,0.89,79
P3,0.07,0.89,125
P3,0.07,0.88,41
P3,0.07,1.25,65
P3,0.06,1.24,55
P3,-0.13,0.72,98
P3,-0.14,0.72,118
P3,0.12,1.28,36
P3,-0.05,0.88,118
P3,-0.21,0.75,173
P3,-0.11,1.06,72
P3,-0.04,1.14,139
P3,0.15,0.75,25
P3,0.15,1.21,44
P3,0.15,1.22,64
P3,-0.14,1.04,71
P3,-0.14,1.30,16
P3,-0.14,1.31,25
P3,-0.13,1.31,38
P3,-0.13,1.30,10
P3,-0.03,0.91,41
P3,-0.02,0.91,84
P3,-0.02,0.92,90
P3,-0.10,1.03,45
P3,-0.13,0.77,103
P3,-0.23,1.02,96
P3,0.11,1.32,6
P3,0.08,1.03,72
P3,-0.10,1.11,65
P3,-0.11,1.11,84
P3,-0.12,1.11,81
P3,0.14,0.70,88
P3,0.19,0.90,78
P3,0.01,0.86,45
P3,-0.01,0.91,62
P3,0.08,0.95,111
P3,-0.19,1.39,26
P3,-0.23,1.18,70
P3,-0.01,1.35,15
P3,-0.01,1.36,84
P3,0.19,1.38,59
P3,0.18,1.38,76
P3,0.00,1.02,27
P3,0.00,1.03,132
P3,0.12,0.61,20
P3,0.23,1.28,102
P3,0.22,1.28,49
P3,-0.05,0.63,174
P3,-0.04,0.71,116
P3,0.11,0.94,48
P3,0.18,0.86,99
P3,0.11,0.98,70
P3,0.11,0.99,46
P3,0.14,1.12,52
P3,0.14,0.62,66
P3,0.04,0.96,47
P3,0.06,0.96,16
P3,-0.04,0.80,238
P3,-0.06,0.50,259
P3,-0.24,0.41,45307
P3,0.07,1.08,21
P3,0.08,1.08,39
P3,-0.06,1.04,146
P3,-0.07,1.05,73
P3,-0.14,0.67,71
P3,-0.15,0.67,120
P3,-0.16,0.67,79
P3,-0.23,0.42,32709
P3,0.01,1.12,56
P3,-0.13,0.46,153
P3,0.24,0.41,42933
P3,-0.13,1.14,38
P3,-0.15,1.15,41
P3,0.23,0.42,34018
P3,-0.01,0.95,93
P3,-0.15,1.28,27
P3,0.01,1.19,49
P3,0.01,1.20,77
P3,0.02,1.20,38
P3,0.03,1.35,9
P3,0.03,1.36,54
P3,0.22,1.12,26
P3,0.16,1.20,31
P3,0.13,0.89,50
P3,0.14,0.89,91
P3,0.24,1.24,49
P3,-0.03,0.79,124
P3,0.20,0.92,82
P3,0.19,0.92,70
P3,0.18,0.92,66
P3,-0.06,0.98,79
P3,0.00,1.08,52
P3,0.01,1.08,88
P3,-0.09,0.59,182
P3,0.12,0.92,42
P3,0.13,0.92,32
P3,0.13,0.93,121
P3,0.14,0.92,50
P3,-0.11,0.94,64
P3,-0.12,0.79,33
P3,-0.13,0.79,86
P3,-0.04,1.39,3
P3,-0.04,1.38,31
P3,0.16,1.00,105
P3,0.15,1.00,100
P3,0.14,1.00,56
P3,-0.14,1.17,58
P3,-0.17,0.72,59
P3,-0.16,0.72,64
P3,-0.08,0.91,100
P3,-0.10,1.15,60
P3,-0.01,0.62,342
P3,-0.03,0.98,102
P3,-0.03,1.08,53
P3,-0.24,1.00,87
P3,-0.22,1.00,52
P3,-0.21,1.30,44
P3,-0.19,1.30,88
P3,0.16,1.19,65
P3,-0.18,1.14,71
P3,0.00,1.09,177
P3,0.00,1.10,82
P3,0.02,1.09,93
P3,0.12,1.25,62
P3,0.12,1.26,111
P3,0.13,1.26,45
P3,0.13,1.25,30
P3,0.24,1.31,22
P3,0.23,1.31,34
P3,0.20,1.37,52
P3,-0.19,0.55,473
P3,0.23,1.30,71
P3,0.24,1.30,80
P3,0.24,1.29,24
P3,0.20,1.04,64
P3,0.02,0.71,103
P3,-0.24,0.77,155
P3,-0.14,1.19,57
P3,0.06,1.02,24
P3,0.07,1.02,12
P3,0.07,1.03,53
P3,0.08,1.02,45
P3,-0.08,1.23,9
P3,-0.09,1.23,26
P3,-0.09,1.22,25
P3,-0.09,0.46,233
P3,0.17,0.99,121
P3,0.16,0.99,71
P3,-0.03,0.93,113
P3,-0.04,0.93,63
P3,-0.05,0.92,20
P3,-0.15,1.39,10
P3,-0.14,1.38,76
P3,-0.07,1.08,122
P3,-0.15,1.38,93
P3,-0.13,1.34,13
P3,0.14,1.39,1
P3,-0.02,1.26,23
P3,-0.02,1.27,42
P3,0.06,0.90,66
P3,0.06,0.91,28
P3,0.07,0.91,84
P3,0.08,0.91,126
P3,0.13,1.29,42
P3,0.12,1.29,50
P3,-0.05,0.64,177
P3,0.07,1.10,81
P3,0.07,1.11,59
P3,0.14,0.84,97
P3,0.07,0.83,91
P3,0.07,0.82,80
P3,-0.10,1.08,87
P3,0.10,0.91,37
P3,0.10,0.92,79
P3,0.11,0.92,71
P3,0.11,0.91,33
P3,0.01,1.00,53
P3,0.01,1.01,154
P3,-0.11,0.58,77
P3,0.21,1.24,32
P3,0.20,1.24,84
P3,-0.13,0.93,68
P3,-0.23,1.32,9
P3,0.11,1.19,26
P3,0.10,1.19,2
P3,0.04,0.81,94
P3,0.05,0.84,159
P3,0.11,1.13,7
P3,0.09,1.04,188
P3,0.10,1.04,75
P3,0.21,0.90,125
P3,0.09,1.39,2
P3,-0.11,1.21,41
P3,-0.11,1.22,77
P3,-0.12,1.22,48
P3,-0.12,1.21,26
P3,-0.08,1.08,86
P3,-0.24,0.87,105
P3,-0.22,1.06,55
P3,-0.24,1.24,21
P3,-0.23,1.24,109
P3,-0.14,0.95,33
P3,-0.12,0.69,102
P3,0.04,0.98,32
P3,-0.12,0.83,91
P3,0.12,0.96,107
P3,0.03,1.33,89
P3,0.00,1.20,54
P3,0.20,1.14,20
P3,-0.22,1.19,76
P3,0.05,1.04,35
P3,0.07,1.04,116
P3,-0.12,1.38,49
P3,-0.11,1.38,21
P3,0.06,1.36,8
P3,0.06,1.37,57
P3,0.07,1.37,43
P3,0.07,1.36,10
P3,-0.14,1.22,25
P3,-0.13,1.22,32
P3,0.17,1.29,77
P3,0.15,1.29,12
P3,0.06,0.92,60
P3,0.05,0.91,114
P3,-0.23,1.07,41
P3,-0.22,1.07,56
P3,-0.21,1.07,125
P3,-0.17,1.25,43
P3,-0.16,1.25,64
P3,-0.10,1.22,19
P3,-0.18,1.30,79
P3,0.15,0.73,114
P3,0.16,0.73,96
P3,0.01,0.76,66
P3,-0.07,1.02,32
P3,-0.14,0.68,41
P3,-0.16,1.04,12
P3,0.10,1.10,17
P3,0.09,1.10,12
P3,0.07,0.63,143
P3,-0.01,1.21,77
P3,0.17,1.00,61
P3,-0.16,0.98,66
P3,-0.23,1.35,15
P3,0.06,1.08,25
P3,0.06,1.07,98
P3,0.07,1.07,74
P3,0.10,0.70,106
P3,0.11,0.70,109
P3,0.16,0.68,34
P3,-0.13,1.16,33
P3,-0.14,1.16,33
P3,-0.11,1.13,26
P3,-0.10,1.21,1
P3,0.09,0.65,126
P3,0.07,0.58,110
P3,0.05,1.11,50
P3,-0.02,0.88,158
P3,-0.02,0.87,79
P3,0.01,1.03,170
P3,0.00,1.04,58
P3,0.00,1.12,65
P3,-0.01,1.12,31
P3,0.14,1.07,11
P3,0.13,1.07,20
P3,0.12,1.07,22
P3,0.03,1.39,6
P3,0.03,1.38,42
P3,-0.15,0.69,88
P3,-0.17,0.69,131
P3,-0.11,0.87,96
P3,-0.12,0.87,82
P3,0.16,1.36,93
P3,0.17,1.36,78
P3,-0.24,1.32,1
P3,-0.07,0.78,142
P3,0.18,1.14,50
P3,0.05,1.14,91
P3,0.06,1.14,39
P3,0.07,1.14,100
P3,0.01,1.30,86
P3,0.02,1.30,68
P3,0.13,1.12,28
P3,-0.02,1.05,75
P3,-0.01,1.05,81
P3,-0.01,1.04,8
P3,0.22,1.24,82
P3,0.12,0.88,55
P3,0.16,0.90,46
P3,0.11,0.80,58
P3,0.03,0.87,104
P3,-0.23,0.88,119
P3,0.19,1.16,109
P3,-0.12,0.67,102
P3,-0.12,0.66,90
P3,-0.22,1.18,69
P3,-0.21,1.18,60
P3,0.04,1.05,99
P3,0.15,1.26,65
P3,0.14,1.26,25
P3,-0.07,0.67,226
P3,-0.07,0.66,108
P3,-0.02,0.79,119
P3,0.15,1.30,16
P3,-0.10,1.36,32
P3,-0.11,1.36,9
P3,-0.05,1.37,2
P3,-0.05,1.38,54
P3,-0.04,1.37,5
P3,-0.02,1.15,44
P3,-0.02,1.16,37
P3,0.14,1.06,52
P3,0.13,1.06,66
P3,0.12,1.06,43
P3,0.01,1.22,61
P3,0.22,1.17,79
P3,0.23,1.17,83
P3,0.24,1.17,76
P3,0.07,0.76,82
P3,0.06,1.13,10
P3,0.05,1.13,50
P3,0.11,0.79,61
P3,-0.05,0.77,78
P3,-0.05,0.76,98
P3,-0.16,1.29,28
P3,-0.02,0.76,196
P3,0.08,0.92,123
P3,0.09,0.91,119
P3,-0.11,1.20,32
P3,0.15,0.55,81
P3,0.13,1.36,22
P3,0.12,1.35,50
P3,0.14,1.29,17
P3,-0.19,1.31,1
P3,0.04,0.73,173
P3,0.14,0.75,34
P3,0.15,0.95,6
P3,-0.15,0.61,128
P3,-0.16,0.69,179
P3,0.17,0.65,70
P3,0.06,0.84,118
P3,0.18,1.39,1
P3,-0.10,0.99,49
P3,0.03,1.05,40
P3,-0.03,0.88,65
P3,-0.12,0.88,57
P3,-0.17,1.29,94
P3,0.01,0.50,252
P3,0.03,1.34,32
P3,0.04,1.34,50
P3,0.03,0.95,57
P3,0.03,0.96,32
P3,0.11,1.26,79
P3,0.15,0.89,113
P3,0.14,0.71,133
P3,-0.12,1.09,63
P3,-0.13,1.38,59
P3,-0.14,0.81,63
P3,-0.02,1.17,85
P3,-0.02,1.18,114
P3,0.01,1.09,55
P3,0.03,1.15,20
P3,0.12,1.12,19
P3,0.13,1.31,12
P3,0.12,1.31,4
P3,0.12,1.19,23
P3,0.12,1.08,20
P3,-0.10,1.16,6
P3,-0.09,1.31,93
P3,-0.09,1.32,50
P3,-0.08,1.32,65
P3,-0.08,1.31,68
P3,-0.07,1.31,15
P3,0.00,1.15,20
P3,0.00,1.16,102
P3,-0.01,1.16,118
P3,0.16,0.78,73
P3,0.02,0.63,112
P3,-0.22,1.04,47
P3,-0.10,0.94,18
P3,-0.11,1.10,13
P3,-0.12,1.10,12
P3,0.10,0.62,112
P3,-0.24,1.01,67
P3,-0.24,1.35,14
P3,-0.10,1.33,1
P3,-0.07,0.77,62
P3,-0.08,0.78,158
P3,-0.12,1.37,31
P3,-0.13,1.37,115
P3,-0.07,1.17,151
P3,-0.08,1.17,48
P3,-0.16,0.66,29
P3,0.02,1.38,73
P3,0.02,1.39,16
P3,-0.08,0.67,140
P3,0.10,0.75,67
P3,0.10,0.76,59
P3,-0.03,1.02,53
P3,-0.04,1.02,64
P3,-0.04,1.01,172
P3,-0.11,1.29,14
P3,-0.11,1.30,158
P3,0.12,0.76,58
P3,0.14,0.76,45
P3,-0.10,1.09,15
P3,-0.09,1.04,75
P3,-0.09,1.05,53
P3,-0.12,0.96,12
P3,0.03,1.12,51
P3,0.15,1.16,32
P3,-0.03,1.18,109
P3,0.04,1.22,12
P3,0.04,1.23,49
P3,0.03,1.23,42
P3,0.03,1.22,53
P3,0.11,1.25,26
P3,0.11,0.96,30
P3,0.19,1.34,25
P3,0.24,1.33,109
P3,-0.11,1.15,18
P3,0.13,0.60,67
P3,0.06,0.86,45
P3,-0.14,0.56,55
P3,-0.09,1.29,28
P3,-0.08,1.29,22
P3,-0.18,1.01,131
P3,0.00,0.84,141
P3,-0.02,0.77,66
P3,0.11,0.78,44
P3,-0.14,0.63,59
P3,-0.18,1.38,41
P3,-0.24,1.20,25
P3,0.00,1.39,5
P3,0.13,0.76,35
P3,0.12,0.67,111
P3,-0.07,0.92,37
P3,-0.07,0.93,65
P3,-0.08,0.93,135
P3,-0.08,0.92,46
P3,-0.24,0.97,70
P3,0.01,0.99,95
P3,0.13,1.20,39
P3,0.14,1.20,42
P3,0.15,1.20,17
P3,0.06,1.26,6
P3,0.06,1.27,143
P3,0.07,1.27,81
P3,0.07,1.26,12
P3,0.08,1.04,32
P3,-0.09,1.12,39
P3,-0.16,1.19,62
P3,-0.11,1.05,155
P3,0.24,0.40,5332
P3,-0.03,1.19,60
P3,-0.03,1.20,93
P3,0.24,1.26,93
P3,-0.16,0.62,84
P3,-0.24,0.40,6679
P3,-0.06,0.67,43
P3,-0.06,0.76,185
P3,0.18,0.65,71
P3,0.14,1.21,73
P3,-0.09,0.71,45
P3,-0.10,0.71,63
P3,0.02,1.03,26
P3,0.03,1.03,92
P3,0.03,1.02,81
P3,-0.04,0.88,88
P3,-0.04,1.00,62
P3,-0.05,1.00,23
P3,-0.13,0.84,51
P3,0.06,0.85,102
P3,0.06,1.06,34
P3,0.00,1.00,37
P3,0.03,1.09,132
P3,0.04,1.09,102
P3,0.14,1.13,34
P3,0.20,1.28,33
P3,0.22,1.30,71
P3,-0.15,1.31,91
P3,-0.15,1.32,45
P3,0.19,1.39,1
P3,0.00,0.62,25
P3,0.01,0.62,121
P3,-0.10,1.27,66
P3,-0.24,0.88,112
P3,-0.20,1.06,56
P3,-0.10,1.04,57
P3,0.11,1.35,15
P3,-0.19,1.35,82
P3,-0.17,1.35,37
P3,0.09,0.62,147
P3,-0.04,0.81,62
P3,0.07,0.77,143
P3,0.15,1.09,30
P3,0.14,1.09,35
P3,-0.24,1.07,70
P3,0.00,1.07,88
P3,-0.01,1.07,118
P3,0.13,1.22,19
P3,0.14,1.23,19
P3,0.14,1.22,42
P3,-0.19,1.14,51
P3,0.19,1.19,44
P3,0.08,1.17,71
P3,0.19,1.11,84
P3,0.07,1.12,5
P3,-0.10,0.53,100
P3,0.07,1.06,22
P3,0.13,0.88,51
P3,0.14,0.88,85
P3,0.16,0.67,41
P3,-0.08,1.00,43
P3,-0.15,1.00,2
P3,-0.07,1.19,63
P3,-0.07,1.18,99
P3,0.02,1.06,49
P3,0.03,1.06,68
P3,-0.11,0.95,82
P3,0.14,1.33,50
P3,0.15,1.33,84
P3,0.16,1.32,54
P3,-0.21,1.11,18
P3,0.18,1.05,57
P3,-0.04,1.28,12
P3,-0.04,1.29,28
P3,-0.05,1.28,123
P3,0.08,1.26,21
P3,0.11,0.86,59
P3,-0.07,1.25,28
P3,-0.24,0.98,92
P3,0.24,1.23,14
P3,-0.02,1.39,1
P3,-0.02,1.38,22
P3,-0.14,1.14,26
P3,0.02,1.17,84
P3,-0.03,0.97,47
P3,-0.18,0.72,29
P3,0.09,0.74,97
P3,-0.06,0.82,24
P3,0.01,0.85,48
P3,0.07,0.95,114
P3,-0.16,1.10,59
P3,0.08,0.87,109
P3,0.03,1.28,70
P3,0.03,1.29,39
P3,0.02,1.29,128
P3,0.02,1.28,88
P3,-0.15,0.66,10
P3,0.08,1.19,12
P3,0.10,1.09,1
P3,0.04,1.28,14
P3,0.23,1.33,53
P3,-0.03,1.22,15
P3,-0.08,0.88,73
P3,-0.08,0.89,35
P3,0.18,1.26,44
P3,0.16,1.23,38
P3,0.05,0.98,3
P3,0.11,0.87,49
P3,0.17,1.07,55
P3,0.16,1.07,31
P3,0.06,1.25,54
P3,-0.04,1.22,40
P3,-0.04,1.23,40
P3,0.02,1.26,67
P3,0.02,1.27,35
P3,0.01,1.27,36
P3,0.01,1.26,51
P3,0.01,1.28,69
P3,0.22,1.02,65
P3,0.08,0.82,44
P3,0.05,1.34,42
P3,0.18,1.25,23
P3,0.19,1.25,44
P3,-0.02,0.90,116
P3,-0.12,0.70,50
P3,0.17,0.62,68
P3,0.13,1.00,33
P3,0.13,0.67,77
P3,-0.13,0.69,51
P3,-0.05,0.91,79
P3,-0.11,0.62,40
P3,-0.17,1.22,14
P3,-0.16,1.22,16
P3,0.13,0.87,60
P3,0.01,1.36,62
P3,0.13,0.84,80
P3,0.11,1.06,34
P3,-0.17,1.37,73
P3,-0.20,1.18,50
P3,-0.09,0.75,36
P3,0.24,1.22,35
P3,0.23,1.19,59
P3,-0.11,0.71,29
P3,-0.11,0.74,94
P3,-0.10,1.30,68
P3,0.03,0.90,60
P3,-0.06,0.77,29
P3,-0.12,0.90,54
P3,-0.05,0.99,93
P3,-0.06,0.99,77
P3,-0.19,1.25,20
P3,-0.18,1.25,22
P3,0.11,0.76,32
P3,0.10,0.64,76
P3,-0.13,1.36,24
P3,-0.12,1.36,30
P3,-0.04,1.33,54
P3,-0.05,1.33,8
P3,0.09,0.41,186
P3,0.08,0.76,160
P3,-0.11,1.39,3
P3,-0.05,0.93,55
P3,-0.01,0.78,103
P3,-0.01,0.79,130
P3,0.24,1.38,43
P3,0.22,1.37,71
P3,0.21,1.37,31
P3,-0.03,1.11,58
P3,0.06,1.19,64
P3,0.06,1.20,42
P3,-0.14,0.73,75
P3,-0.14,0.74,60
P3,-0.15,0.74,47
P3,-0.03,1.05,70
P3,0.11,1.17,34
P3,0.12,1.18,11
P3,0.11,0.88,38
P3,0.21,1.29,46
P3,0.20,1.29,57
P3,-0.01,1.23,26
P3,-0.01,1.24,74
P3,-0.05,1.04,65
P3,0.09,1.37,18
P3,0.09,1.36,4
P3,-0.03,0.99,100
P3,0.09,0.88,62
P3,0.10,0.88,101
P3,0.12,0.80,15
P3,0.12,0.84,36
P3,-0.13,0.71,42
P3,0.14,1.25,13
P3,-0.03,1.14,75
P3,-0.03,1.24,35
P3,0.06,1.05,11
P3,-0.15,0.75,74
P3,-0.14,0.75,19
P3,0.10,1.17,42
P3,0.10,1.18,23
P3,0.15,1.17,3
P3,0.10,0.87,60
P3,-0.21,1.06,56
P3,-0.04,1.24,71
P3,-0.14,1.27,23
P3,0.06,1.30,18
P3,0.07,1.31,3
P3,0.24,1.20,60
P3,0.22,1.25,14
P3,-0.01,1.31,15
P3,-0.03,1.31,4
P3,-0.11,1.08,33
P3,-0.19,1.34,55
P3,0.03,1.27,40
P3,0.04,0.84,146
P3,0.02,0.75,76
P3,-0.16,0.75,85
P3,0.07,0.99,145
P3,-0.07,1.30,56
P3,-0.08,1.30,31
P3,-0.09,1.30,29
P3,0.07,1.34,22
P3,-0.10,1.00,120
P3,-0.14,0.85,93
P3,0.15,1.13,25
P3,0.00,1.14,82
P3,0.13,1.21,42
P3,-0.06,1.36,18
P3,-0.06,1.37,27
P3,-0.07,1.36,17
P3,-0.10,1.29,22
P3,-0.09,0.93,46
P3,0.01,0.92,48
P3,0.01,0.93,107
P3,0.09,0.63,58
P3,0.10,0.63,89
P3,-0.08,1.24,31
P3,-0.09,1.24,44
P3,-0.10,1.23,64
P3,0.09,0.89,114
P3,-0.20,1.34,48
P3,0.24,1.19,77
P3,0.07,1.00,20
P3,0.02,0.87,42
P3,0.02,0.86,79
P3,0.09,0.70,106
P3,0.04,0.88,131
P3,-0.23,1.38,119
P3,-0.22,1.37,8
P3,-0.04,0.91,35
P3,0.02,1.15,13
P3,0.02,1.16,93
P3,0.05,1.30,4
P3,0.11,0.84,75
P3,-0.06,1.33,46
P3,-0.07,1.33,63
P3,-0.07,1.32,22
P3,-0.13,1.39,22
P3,-0.13,0.99,37
P3,-0.14,0.99,84
P3,0.01,1.02,75
P3,-0.23,1.39,17
P3,-0.13,0.73,77
P3,-0.15,0.72,79
P3,0.17,1.18,21
P3,0.04,1.21,40
P3,-0.22,1.27,74
P3,-0.21,1.28,95
P3,0.01,1.16,24
P3,0.00,1.17,19
P3,0.09,0.75,68
P3,-0.05,1.22,2
P3,-0.06,1.22,4
P3,-0.06,0.92,36
P3,-0.15,1.22,23
P3,0.19,1.14,8
P3,-0.17,1.13,52
P3,-0.04,0.66,27
P3,0.09,0.92,62
P3,-0.01,1.38,39
P3,-0.01,1.39,10
P3,-0.21,1.23,42
P3,-0.09,1.03,46
P3,0.05,1.02,7
P3,0.06,1.01,53
P3,0.03,1.01,11
P3,0.04,1.02,105
P3,0.04,1.10,50
P3,0.03,1.11,26
P3,0.03,1.10,102
P3,0.15,1.36,50
P3,0.14,1.36,10
P3,0.14,1.05,43
P3,0.15,1.05,9
P3,0.12,1.27,29
P3,0.13,1.27,37
P3,0.10,1.16,39
P3,0.12,1.30,40
P3,0.03,1.37,11
P3,0.04,1.37,5
P3,0.09,0.76,75
P3,-0.11,0.70,58
P3,-0.22,1.28,39
P3,-0.11,0.93,17
P3,0.01,1.18,17
P3,0.04,0.95,89
P3,-0.07,1.24,15
P3,0.14,1.24,48
P3,0.17,1.31,66
P3,-0.09,0.94,14
P3,-0.10,0.93,22
P3,0.16,0.66,38
P3,-0.06,1.17,79
P3,0.00,1.24,45
P3,0.13,0.61,11
P3,-0.12,0.62,46
P3,-0.22,0.99,54
P3,-0.07,1.28,9
P3,-0.07,1.29,71
P3,0.10,0.96,23
P3,0.11,0.97,24
P3,-0.07,0.94,80
P3,0.14,1.17,23
P3,-0.21,1.34,11
P3,0.02,1.35,95
P3,0.02,1.34,5
P3,-0.10,1.01,81
P3,-0.11,1.16,8
P3,-0.12,1.16,34
P3,-0.17,1.24,28
P3,-0.16,1.24,16
P3,0.06,1.22,4
P3,0.07,1.22,26
P3,0.01,0.94,63
P3,-0.15,1.33,59
P3,-0.13,1.09,51
P3,-0.14,0.69,39
P3,0.02,1.23,112
P3,0.02,1.24,59
P3,0.00,1.06,78
P3,0.01,1.06,43
P3,0.14,0.72,46
P3,0.14,0.73,32
P3,0.15,0.72,41
P3,0.00,0.97,110
P3,0.09,1.24,45
P3,0.09,1.26,144
P3,0.10,1.26,59
P3,0.24,1.18,49
P3,-0.13,1.35,47
P3,-0.12,1.35,31
P3,-0.12,1.34,3
P3,0.09,0.84,53
P3,0.05,1.35,13
P3,0.05,1.36,52
P3,0.23,1.37,24
P3,-0.07,0.73,123
P3,0.24,0.33,321
P3,0.23,0.33,182
P3,0.23,0.34,153
P3,0.22,0.33,165
P3,-0.13,0.74,44
P3,0.05,1.27,63
P3,0.05,1.28,14
P3,0.06,1.28,43
P3,-0.18,1.39,12
P3,-0.11,0.19,1617
P3,-0.12,0.19,244
P3,-0.12,0.18,4
P3,0.11,0.19,1548
P3,0.13,0.19,28
P3,-0.24,0.31,189
P3,-0.24,0.32,253
P3,-0.23,0.31,319
P3,-0.05,1.27,36
P3,0.12,1.21,8
P3,0.11,1.21,23
P3,-0.16,1.21,50
P3,0.24,0.38,784
P3,0.12,0.19,178
P3,-0.06,1.20,41
P3,-0.07,1.20,22
P3,-0.08,1.19,10
P3,0.02,0.92,25
P3,0.23,0.27,157
P3,0.23,0.26,71
P3,-0.21,1.19,61
P3,-0.01,1.06,48
P3,0.11,1.39,5
P3,0.24,1.34,23
P3,0.00,1.31,63
P3,0.01,1.32,2
P3,0.01,1.31,13
P3,0.11,1.30,35
P3,0.21,1.33,84
P3,-0.08,0.94,41
P3,0.21,0.36,58
P3,0.10,0.78,95
P3,-0.07,0.99,30
P3,0.08,1.00,75
P3,-0.05,1.25,19
P3,-0.06,1.25,38
P3,0.11,0.18,42
P3,-0.01,1.17,101
P3,0.15,0.21,9
P3,0.22,0.34,26
P3,-0.08,0.95,38
P3,-0.15,0.22,19
P3,0.14,1.34,21
P3,0.15,1.34,6
P3,0.12,0.60,68
P3,0.07,1.19,56
P3,0.07,1.18,7
P3,0.15,0.22,14
P3,-0.07,1.21,22
P3,-0.08,1.36,1
P3,0.24,0.29,201
P3,0.23,0.29,504
P3,0.13,1.28,18
P3,-0.06,1.34,20
P3,-0.07,1.34,10
P3,-0.11,0.18,34
P3,-0.12,1.13,50
P3,-0.12,1.12,33
P3,0.07,1.38,17
P3,0.07,1.39,7
P3,0.24,0.30,393
P3,0.23,0.30,713
P3,0.22,0.30,534
P3,-0.14,0.20,9
P3,-0.13,0.90,63
P3,-0.17,1.04,22
P3,0.10,1.00,13
P3,0.11,1.00,15
P3,0.12,1.00,18
P3,-0.10,1.39,1
P3,-0.10,1.38,9
P3,0.07,1.28,54
P3,-0.13,0.19,9
P3,0.13,1.37,8
P3,0.12,1.37,22
P3,0.17,1.05,44
P3,-0.10,1.02,29
P3,0.02,1.36,23
P3,0.12,0.18,1
P3,0.09,1.30,34
P3,0.10,1.30,22
P3,0.07,1.13,54
P3,0.06,1.34,34
P3,-0.01,1.26,11
P3,-0.01,1.27,54
P3,0.09,1.25,10
P3,0.19,1.31,3
P3,-0.23,1.31,6
P3,-0.23,1.30,28
P3,-0.06,1.29,15
P3,-0.06,1.30,33
P3,0.03,1.13,35
P3,-0.08,1.35,44
P3,-0.24,0.30,305
P3,0.13,0.68,24
P3,0.08,0.88,20
P3,-0.24,0.33,234
P3,-0.23,0.33,153
P3,-0.10,0.19,773
P3,-0.23,0.38,199
P3,0.23,0.35,167
P3,0.22,0.35,47
P3,0.23,0.28,361
P3,-0.22,1.36,44
P3,0.24,0.28,46
P3,-0.12,1.39,20
P3,-0.24,0.39,1808
P3,-0.24,0.38,654
P3,-0.23,0.32,61
P3,0.24,0.32,194
P3,0.23,0.32,110
P3,0.08,1.25,16
P3,-0.24,0.28,33
P3,-0.23,0.28,351
P3,0.05,0.90,98
P3,-0.23,0.35,157
P3,-0.22,0.35,33
P3,-0.23,0.30,451
P3,0.10,0.19,861
P3,-0.21,0.37,216
P3,-0.04,1.20,70
P3,0.10,0.18,33
P3,0.24,0.31,232
P3,0.08,1.01,8
P3,0.09,1.01,19
P3,0.00,1.19,33
P3,-0.24,1.29,19
P3,-0.23,1.29,4
P3,-0.23,1.28,16
P3,0.03,1.30,105
P3,-0.24,0.29,211
P3,-0.23,0.29,502
P3,-0.23,0.27,161
P3,-0.12,1.26,17
P3,0.21,0.38,160
P3,0.21,0.37,115
P3,0.24,0.39,2140
P3,0.07,0.92,59
P3,-0.11,1.09,30
P3,0.20,0.36,173
P3,0.13,1.38,16
P3,-0.01,1.18,20
P3,-0.06,1.27,8
P3,0.01,1.15,43
P3,-0.08,0.99,6
P3,-0.09,1.00,19
P3,-0.13,1.01,21
P3,0.02,1.25,7
P3,0.08,1.14,26
P3,0.09,1.14,14
P3,0.07,0.90,4
P3,0.08,1.10,21
P3,0.02,1.37,70
P3,0.06,0.99,4
P3,0.01,1.17,1
P3,0.21,1.28,8
P3,0.16,1.05,16
P3,-0.10,0.18,22
P3,0.01,1.37,55
P3,-0.06,1.24,12
P3,-0.23,0.26,28
P3,-0.11,1.35,12
P3,-0.21,0.38,133
P3,0.12,1.39,1
P3,0.04,1.27,19
P3,-0.10,1.13,3
P3,-0.07,0.85,53
P3,0.22,0.38,118
P3,0.15,1.07,14
P3,0.17,1.01,60
P3,-0.21,1.37,10
P3,0.24,0.34,108
P3,0.00,1.05,86
P3,-0.02,1.32,17
P3,-0.02,1.33,66
P3,-0.18,1.22,13
P3,-0.02,1.19,31
P3,-0.22,0.38,49
P3,-0.22,0.37,3
P3,-0.14,1.08,23
P3,0.23,0.39,157
P3,0.11,1.20,8
P3,0.11,1.16,11
P3,0.12,1.16,13
P3,0.23,0.41,475
P3,0.23,0.38,203
P3,-0.24,0.34,171
P3,-0.23,0.34,166
P3,-0.04,0.99,18
P3,0.24,0.35,273
P3,-0.23,0.41,376
P3,-0.23,0.39,108
P3,0.10,1.06,5
P3,-0.07,1.09,44
P3,-0.03,1.15,48
P3,0.02,1.14,13
P3,-0.11,0.90,35
P3,-0.11,0.91,38
P3,-0.08,0.84,77
P3,0.08,1.18,37
P3,0.08,1.09,24
P3,0.09,1.09,11
P3,0.11,1.31,28
P3,0.23,0.36,149
P3,0.22,0.36,8
P3,0.01,1.25,28
P3,0.15,1.37,11
P3,-0.20,1.33,20
P3,-0.08,1.27,17
P3,-0.23,0.36,113
P3,-0.22,0.36,7
P3,0.01,0.87,38
P3,-0.10,0.90,24
P3,0.14,0.61,9
P3,-0.16,1.23,44
P3,0.02,1.22,22
P3,0.02,1.33,38
P3,-0.09,1.38,9
P3,0.05,1.23,33
P3,-0.04,1.25,6
P3,-0.04,1.26,28
P3,-0.05,1.26,43
P3,-0.06,1.26,8
P3,-0.14,0.90,18
P3,-0.14,1.20,55
P3,-0.06,1.28,23
P3,-0.10,0.91,12
P3,0.02,1.00,29
P3,-0.04,0.94,12
P3,-0.04,0.95,15
P3,-0.03,0.94,13
P3,0.04,1.30,60
P3,0.18,1.31,22
P3,0.00,1.36,56
P3,-0.14,1.39,7
P3,-0.15,1.19,44
P3,-0.06,0.19,4353
P3,-0.06,0.18,182
P3,0.07,0.19,1037
P3,0.08,0.19,108
P3,0.06,0.19,3982
P3,0.06,0.18,176
P3,-0.07,0.19,1147
P3,0.23,0.31,203
P3,0.22,0.31,384
P3,0.21,0.30,267
P3,0.21,0.31,345
P3,-0.11,1.28,13
P3,-0.19,0.32,56
P3,-0.08,0.19,85
P3,-0.20,0.36,235
P3,-0.21,0.36,93
P3,0.05,0.19,3981
P3,-0.21,0.32,388
P3,-0.20,0.32,171
P3,-0.20,0.34,218
P3,0.15,1.24,28
P3,0.07,0.18,18
P3,-0.05,1.39,2
P3,-0.21,0.30,286
P3,0.07,1.01,1
P3,0.20,0.35,126
P3,-0.05,0.19,4685
P3,-0.05,0.18,279
P3,0.22,0.27,173
P3,0.21,0.27,121
P3,-0.21,0.31,173
P3,-0.20,0.31,139
P3,0.24,0.36,315
P3,0.22,0.28,269
P3,0.21,0.28,209
P3,-0.20,0.35,154
P3,-0.22,0.30,397
P3,0.21,0.32,376
P3,0.20,0.32,207
P3,-0.22,0.26,56
P3,-0.22,0.31,403
P3,0.21,0.25,4
P3,-0.19,0.33,74
P3,-0.20,0.33,208
P3,-0.22,0.32,224
P3,0.24,0.37,104
P3,0.22,0.29,405
P3,-0.21,0.34,205
P3,-0.22,0.27,205
P3,-0.21,0.27,129
P3,-0.22,0.28,262
P3,0.21,0.33,283
P3,0.21,0.34,182
P3,0.20,0.34,215
P3,0.20,0.33,115
P3,0.11,1.24,15
P3,-0.02,1.20,9
P3,-0.02,1.21,67
P3,-0.03,1.21,49
P3,0.22,0.37,5
P3,0.20,0.30,151
P3,0.20,0.29,68
P3,0.21,0.29,208
P3,-0.24,0.37,212
P3,-0.23,0.37,61
P3,-0.21,1.39,10
P3,0.05,0.18,264
P3,-0.21,0.33,243
P3,-0.04,1.04,70
P3,0.20,0.31,80
P3,-0.22,0.29,312
P3,0.22,0.39,14
P3,0.08,1.24,2
P3,0.22,0.32,233
P3,0.14,0.95,2
P3,-0.07,0.18,2
P3,0.05,1.37,2
P3,0.19,0.32,52
P3,0.19,0.31,34
P3,0.20,0.27,17
P3,0.00,0.98,65
P3,0.00,0.99,33
P3,-0.22,0.33,84
P3,-0.21,0.28,155
P3,-0.20,0.28,67
P3,-0.24,0.35,131
P3,-0.22,0.34,55
P3,-0.21,0.25,38
P3,0.23,1.29,14
P3,0.22,1.29,30
P3,-0.21,0.29,189
P3,-0.24,0.36,233
P3,0.23,0.25,9
P3,0.22,0.25,46
P3,0.23,0.37,58
P3,0.20,0.28,51
P3,0.19,0.28,11
P3,-0.20,0.30,44
P3,0.09,1.18,13
P3,0.09,1.17,11
P3,-0.21,0.35,71
P3,0.01,1.07,31
P3,0.21,0.26,69
P3,-0.19,0.31,54
P3,-0.19,0.30,34
P3,-0.02,0.99,76
P3,0.19,0.33,72
P3,-0.13,1.00,1
P3,0.21,0.35,49
P3,0.04,0.19,1427
P3,0.22,0.26,121
P3,-0.04,0.19,1562
P3,-0.04,0.18,156
P3,-0.21,0.26,4
P3,-0.20,0.26,9
P3,0.04,0.18,112
P3,-0.02,1.36,23
P3,-0.20,0.29,95
P3,0.10,1.24,19
P3,0.01,1.29,27
P3,-0.07,1.14,14
P3,-0.23,0.40,223
P3,0.23,0.40,151
P3,-0.19,1.24,3
P3,0.13,0.86,3
P3,-0.24,1.30,9
P3,0.19,0.30,22
P3,0.19,0.29,18
P3,-0.22,0.39,6
P3,-0.19,0.29,10
P3,-0.22,0.25,10
P3,0.20,0.26,6
P3,-0.20,0.27,8
P3,-0.18,0.30,1
P4,-0.24,0.38,465
P4,-0.23,0.38,268
P4,0.07,0.20,1379
P4,0.06,0.20,1449
P4,0.06,0.21,2427
P4,0.05,0.20,1363
P4,-0.02,0.25,2616
P4,-0.01,0.25,2364
P4,0.00,0.25,2266
P4,0.00,0.27,1888
P4,0.00,0.28,1332
P4,-0.24,0.62,842
P4,-0.23,0.62,863
P4,0.08,0.25,1864
P4,0.07,0.25,2115
P4,-0.24,0.66,486
P4,0.14,0.27,214
P4,0.15,0.27,35
P4,0.00,0.24,2674
P4,0.13,0.45,3711
P4,0.12,0.45,3209
P4,0.12,0.46,2502
P4,0.11,0.44,716
P4,0.12,0.44,2059
P4,0.13,0.44,2553
P4,-0.19,0.82,221
P4,-0.19,0.83,291
P4,-0.20,0.83,332
P4,-0.20,0.82,204
P4,-0.21,0.82,324
P4,0.09,1.35,47
P4,0.09,1.36,37
P4,0.10,1.36,23
P4,0.10,1.35,37
P4,-0.23,0.80,278
P4,-0.24,0.80,265
P4,-0.24,0.79,338
P4,0.05,0.45,10552
P4,0.05,0.44,2927
P4,-0.02,0.20,1262
P4,-0.01,0.20,1237
P4,-0.10,0.29,687
P4,-0.10,0.30,737
P4,-0.11,0.30,740
P4,-0.11,0.29,672
P4,-0.23,0.48,525
P4,-0.22,0.48,359
P4,0.01,0.63,476
P4,0.01,0.64,484
P4,0.02,0.64,642
P4,0.02,0.63,504
P4,0.06,0.49,1154
P4,0.07,0.49,1284
P4,0.08,0.49,1511
P4,0.08,0.48,2477
P4,-0.20,1.01,176
P4,-0.20,1.02,244
P4,-0.19,1.02,138
P4,-0.18,1.02,177
P4,-0.18,1.01,218
P4,0.09,0.58,242
P4,0.09,0.59,227
P4,0.10,0.59,93
P4,0.10,0.58,175
P4,0.11,0.58,143
P4,0.09,0.87,28
P4,0.10,0.87,68
P4,-0.14,0.53,235
P4,-0.15,0.53,162
P4,-0.16,0.53,156
P4,-0.05,0.42,887
P4,-0.04,0.42,448
P4,-0.03,0.42,452
P4,-0.03,0.41,641
P4,0.13,0.43,1100
P4,0.14,0.43,1618
P4,0.01,0.43,943
P4,0.01,0.44,802
P4,0.00,0.43,983
P4,0.23,0.31,293
P4,0.22,0.31,607
P4,0.21,0.31,505
P4,0.13,0.46,2388
P4,0.02,0.26,2219
P4,0.02,0.27,2132
P4,0.03,0.27,1916
P4,0.03,0.26,2135
P4,0.04,0.26,1853
P4,0.24,0.43,567
P4,0.24,0.42,491
P4,0.23,0.42,357
P4,-0.24,0.37,369
P4,0.14,0.44,3368
P4,-0.22,0.84,354
P4,-0.21,0.84,271
P4,0.06,0.22,2308
P4,0.06,0.23,2297
P4,0.05,0.23,1912
P4,0.05,0.22,2417
P4,0.04,0.22,2577
P4,-0.03,0.97,66
P4,-0.02,0.97,125
P4,-0.02,0.98,85
P4,-0.23,0.66,517
P4,-0.23,0.67,785
P4,-0.22,0.67,650
P4,-0.22,0.66,408
P4,-0.21,0.66,244
P4,-0.04,0.23,2927
P4,-0.03,0.23,2841
P4,-0.02,0.23,2480
P4,-0.10,0.64,276
P4,-0.11,0.64,214
P4,-0.12,0.64,197
P4,0.22,0.46,294
P4,0.21,0.46,89
P4,0.10,0.47,2163
P4,0.10,0.48,1479
P4,0.09,0.47,3071
P4,0.09,0.46,2548
P4,0.10,0.46,2213
P4,0.10,0.45,1655
P4,0.11,0.45,2295
P4,-0.21,0.81,347
P4,-0.20,0.81,368
P4,0.04,0.21,2384
P4,0.05,0.21,2348
P4,-0.06,0.34,915
P4,-0.07,0.34,962
P4,-0.21,0.83,219
P4,-0.05,0.20,1518
P4,-0.05,0.21,2733
P4,-0.06,0.21,3154
P4,-0.07,0.21,2759
P4,-0.07,0.20,1663
P4,-0.04,0.40,865
P4,-0.04,0.41,606
P4,-0.02,0.41,897
P4,-0.02,0.40,946
P4,-0.03,0.20,1355
P4,-0.03,0.21,2961
P4,-0.21,0.68,604
P4,-0.22,0.68,629
P4,-0.23,0.68,469
P4,0.05,0.32,1363
P4,0.05,0.33,1707
P4,0.04,0.33,1648
P4,0.03,0.33,1570
P4,0.03,0.32,1342
P4,0.00,0.29,1881
P4,0.01,0.29,2003
P4,0.02,0.29,1631
P4,-0.24,1.30,30
P4,-0.23,1.30,22
P4,-0.23,1.31,81
P4,-0.22,1.30,23
P4,-0.09,0.20,1190
P4,-0.10,0.20,732
P4,-0.10,0.21,1237
P4,0.03,0.22,2313
P4,-0.12,0.79,183
P4,-0.12,0.80,148
P4,-0.13,0.80,148
P4,-0.14,0.80,92
P4,-0.14,0.79,145
P4,-0.23,0.30,533
P4,-0.22,0.30,752
P4,-0.21,0.30,516
P4,0.21,0.34,321
P4,0.20,0.34,281
P4,0.19,0.34,85
P4,0.01,0.49,1732
P4,0.02,0.49,1179
P4,0.03,0.49,1365
P4,-0.07,0.28,1224
P4,-0.07,0.29,1371
P4,-0.06,0.29,1429
P4,-0.06,0.28,1144
P4,-0.23,0.65,583
P4,-0.22,0.65,423
P4,0.14,0.46,2656
P4,0.14,0.47,598
P4,0.02,0.42,1032
P4,0.02,0.43,472
P4,0.01,0.42,1234
P4,0.01,0.37,1038
P4,0.01,0.38,1097
P4,0.00,0.38,1036
P4,0.00,0.37,966
P4,-0.24,0.45,863
P4,-0.24,0.44,617
P4,-0.09,0.45,492
P4,-0.09,0.46,603
P4,-0.10,0.46,558
P4,-0.11,0.46,417
P4,-0.11,0.45,440
P4,0.06,0.24,2875
P4,0.05,0.24,2649
P4,0.01,0.46,1144
P4,0.01,0.47,1290
P4,-0.17,1.25,78
P4,-0.18,1.25,40
P4,-0.18,1.26,66
P4,-0.19,1.25,148
P4,0.02,0.20,1509
P4,0.02,0.21,2323
P4,0.03,0.21,2686
P4,0.03,0.20,1404
P4,0.04,0.20,1560
P4,-0.24,0.69,327
P4,-0.23,0.69,685
P4,-0.22,0.69,639
P4,-0.05,0.31,1282
P4,-0.05,0.32,1466
P4,-0.04,0.32,1488
P4,-0.04,0.31,1695
P4,-0.23,0.54,570
P4,-0.22,0.54,450
P4,-0.21,0.54,400
P4,0.01,0.25,2328
P4,0.15,0.43,1616
P4,0.15,0.42,957
P4,-0.02,0.21,3045
P4,-0.01,0.21,2800
P4,-0.01,0.22,2351
P4,0.00,0.22,2177
P4,0.00,0.21,3019
P4,-0.01,0.34,1474
P4,-0.02,0.34,1312
P4,-0.13,0.51,367
P4,-0.14,0.51,284
P4,-0.15,0.51,201
P4,-0.04,0.29,1781
P4,-0.04,0.30,1348
P4,-0.03,0.30,1468
P4,-0.02,0.30,1494
P4,-0.02,0.29,1910
P4,0.06,0.25,2036
P4,0.06,0.26,1696
P4,0.07,0.26,1381
P4,0.08,0.26,1219
P4,-0.21,1.04,194
P4,-0.22,1.04,278
P4,-0.23,1.04,274
P4,-0.01,0.46,915
P4,-0.01,0.47,1255
P4,-0.14,1.32,50
P4,-0.14,1.33,90
P4,-0.15,1.33,75
P4,-0.15,1.32,107
P4,-0.24,0.52,522
P4,0.05,0.46,7826
P4,0.04,0.46,4035
P4,0.03,0.46,2802
P4,0.03,0.45,691
P4,0.02,0.45,947
P4,-0.01,0.35,1458
P4,-0.02,0.35,1274
P4,-0.15,1.36,47
P4,-0.14,1.36,92
P4,-0.13,1.36,90
P4,0.21,1.29,34
P4,0.20,1.29,38
P4,0.19,1.29,16
P4,-0.03,0.47,819
P4,-0.02,0.47,797
P4,0.16,0.42,573
P4,0.02,0.46,1289
P4,0.01,0.21,2942
P4,-0.07,0.68,402
P4,-0.07,0.69,255
P4,-0.08,0.69,280
P4,-0.08,0.68,141
P4,-0.09,0.68,304
P4,0.01,0.35,1179
P4,-0.24,0.68,475
P4,0.07,0.69,110
P4,0.08,0.69,92
P4,0.10,0.42,242
P4,0.07,0.61,210
P4,0.08,0.61,114
P4,0.09,0.61,110
P4,-0.20,0.37,175
P4,-0.19,0.37,194
P4,-0.18,0.37,102
P4,-0.11,0.36,675
P4,-0.12,0.36,540
P4,-0.13,0.36,434
P4,-0.13,0.35,429
P4,-0.01,0.70,128
P4,-0.01,0.71,143
P4,-0.02,0.71,145
P4,-0.02,0.70,93
P4,-0.14,1.00,73
P4,-0.13,1.00,72
P4,-0.24,0.89,281
P4,-0.23,0.89,198
P4,-0.23,0.88,274
P4,-0.03,0.45,784
P4,-0.02,0.45,1007
P4,-0.02,0.46,919
P4,-0.01,0.45,754
P4,0.00,0.23,2678
P4,0.01,0.24,2129
P4,0.02,0.24,2383
P4,0.02,0.23,2587
P4,0.02,0.68,167
P4,0.02,0.69,198
P4,0.03,0.69,244
P4,0.03,0.68,174
P4,0.07,0.43,794
P4,0.07,0.42,1003
P4,0.24,0.46,514
P4,0.23,0.46,631
P4,0.05,0.40,1310
P4,0.06,0.40,1259
P4,0.06,0.39,1316
P4,0.07,0.88,44
P4,0.08,0.89,87
P4,0.08,0.88,39
P4,0.09,0.88,38
P4,0.00,0.32,1682
P4,0.01,0.32,1650
P4,0.06,1.00,34
P4,0.06,1.01,54
P4,0.07,1.01,52
P4,0.07,1.00,9
P4,-0.13,0.37,478
P4,-0.14,0.37,353
P4,0.01,0.33,1859
P4,0.01,0.34,1513
P4,0.12,0.41,352
P4,0.12,0.40,254
P4,0.08,0.23,2034
P4,0.08,0.24,1866
P4,0.07,0.24,1942
P4,0.07,0.23,2330
P4,-0.10,0.96,80
P4,-0.10,0.97,106
P4,-0.11,0.97,212
P4,-0.11,0.96,72
P4,-0.13,0.50,479
P4,-0.14,0.50,323
P4,-0.15,0.50,334
P4,0.09,0.21,1868
P4,0.10,0.21,1564
P4,0.10,0.22,1173
P4,0.14,0.28,283
P4,0.14,0.29,166
P4,0.15,0.28,97
P4,-0.21,0.58,407
P4,0.11,0.32,829
P4,0.12,0.32,621
P4,0.01,0.36,1113
P4,0.00,0.36,1228
P4,-0.01,0.36,1522
P4,0.04,0.34,1411
P4,0.11,0.47,1621
P4,0.11,0.46,2651
P4,-0.08,0.27,1030
P4,-0.09,0.27,1046
P4,-0.10,0.27,896
P4,0.21,0.33,246
P4,-0.11,0.35,715
P4,-0.12,0.35,591
P4,-0.10,0.24,1250
P4,-0.10,0.25,1447
P4,-0.11,0.25,1036
P4,-0.11,0.24,1029
P4,-0.05,0.25,2181
P4,-0.05,0.26,2124
P4,0.08,0.46,1769
P4,-0.24,0.71,487
P4,-0.23,0.71,832
P4,-0.23,0.70,571
P4,0.08,0.42,436
P4,0.09,0.42,270
P4,0.09,0.41,521
P4,-0.07,0.61,355
P4,-0.07,0.62,289
P4,-0.06,0.62,310
P4,-0.06,0.61,216
P4,-0.05,0.61,181
P4,0.01,0.26,2184
P4,0.00,0.26,1914
P4,-0.01,0.26,2089
P4,0.09,0.28,1387
P4,0.09,0.29,531
P4,0.10,0.29,844
P4,0.10,0.28,993
P4,0.05,0.47,2523
P4,-0.09,0.32,790
P4,-0.09,0.33,946
P4,-0.10,0.33,950
P4,-0.10,0.32,696
P4,-0.11,0.32,795
P4,0.04,0.23,2598
P4,-0.04,0.25,2290
P4,-0.04,0.26,1986
P4,-0.06,0.25,2095
P4,0.08,0.22,2450
P4,0.07,0.22,2394
P4,-0.19,0.62,200
P4,-0.18,0.62,199
P4,0.03,0.80,191
P4,0.03,0.81,218
P4,0.04,0.81,165
P4,0.04,0.80,117
P4,0.05,0.80,69
P4,-0.03,0.26,1736
P4,-0.02,0.26,2096
P4,0.09,1.04,37
P4,0.10,1.04,21
P4,0.11,1.04,12
P4,0.08,0.39,1042
P4,0.09,0.39,866
P4,0.10,0.39,449
P4,-0.02,0.22,2410
P4,-0.04,0.33,1474
P4,-0.03,0.32,1546
P4,-0.10,0.59,186
P4,-0.11,0.59,137
P4,-0.12,0.59,229
P4,-0.21,0.48,227
P4,0.22,0.40,91
P4,0.09,0.45,522
P4,0.07,0.74,121
P4,0.07,0.75,101
P4,0.08,0.75,150
P4,0.08,0.74,92
P4,0.09,0.74,95
P4,-0.02,0.24,2703
P4,-0.03,0.25,2535
P4,-0.04,0.24,2026
P4,-0.09,0.28,878
P4,-0.10,0.28,508
P4,-0.07,1.05,102
P4,-0.08,1.05,212
P4,-0.09,1.05,141
P4,-0.09,1.04,38
P4,-0.13,0.78,143
P4,-0.14,0.78,102
P4,-0.24,1.34,162
P4,-0.23,1.34,146
P4,-0.22,1.34,168
P4,0.09,0.52,272
P4,0.10,0.52,155
P4,0.11,0.52,107
P4,0.21,1.38,51
P4,0.20,1.38,82
P4,0.19,1.38,36
P4,0.03,0.53,392
P4,0.02,0.54,534
P4,0.02,0.53,685
P4,0.01,0.53,559
P4,0.08,0.80,82
P4,0.08,0.81,111
P4,0.09,0.81,94
P4,0.09,0.80,55
P4,0.07,0.30,1099
P4,0.08,0.30,1268
P4,0.08,0.31,1114
P4,-0.03,0.36,1400
P4,-0.03,0.37,1243
P4,-0.23,0.83,345
P4,-0.22,0.83,260
P4,-0.04,0.27,1895
P4,-0.03,0.27,1625
P4,-0.03,0.28,1871
P4,-0.02,0.27,1781
P4,-0.06,0.42,1152
P4,-0.07,0.42,1081
P4,-0.08,0.42,782
P4,0.11,0.41,256
P4,0.02,0.77,103
P4,0.02,0.78,161
P4,0.03,0.78,272
P4,0.03,0.77,119
P4,-0.10,0.82,171
P4,-0.11,0.82,252
P4,-0.12,0.82,134
P4,0.01,0.45,822
P4,0.00,0.97,84
P4,0.00,0.98,71
P4,-0.21,0.61,397
P4,-0.20,0.61,409
P4,-0.19,0.61,222
P4,-0.08,0.57,396
P4,-0.08,0.58,248
P4,-0.09,0.58,440
P4,-0.10,0.58,356
P4,-0.10,0.57,330
P4,-0.06,0.41,707
P4,-0.07,0.41,785
P4,-0.19,0.81,310
P4,-0.03,1.11,249
P4,-0.03,1.12,179
P4,-0.02,1.12,25
P4,-0.02,1.11,85
P4,-0.09,0.66,389
P4,-0.09,0.67,194
P4,-0.10,0.67,170
P4,-0.10,0.66,379
P4,0.24,0.39,447
P4,0.23,0.39,305
P4,0.21,0.60,293
P4,0.20,0.60,223
P4,0.19,0.60,92
P4,-0.04,0.21,2981
P4,0.07,0.36,951
P4,0.08,0.36,840
P4,0.09,0.36,698
P4,0.07,0.32,977
P4,0.07,0.33,1409
P4,0.08,0.33,1129
P4,0.08,0.32,765
P4,-0.05,1.06,64
P4,-0.05,1.07,81
P4,-0.08,0.34,726
P4,-0.08,0.35,771
P4,-0.09,0.35,644
P4,-0.10,0.35,699
P4,-0.10,0.34,672
P4,0.07,0.21,3050
P4,-0.01,0.65,195
P4,-0.01,0.66,276
P4,0.00,0.66,111
P4,0.00,0.65,143
P4,-0.04,0.36,1117
P4,-0.04,0.37,1027
P4,-0.05,0.37,910
P4,-0.05,0.36,1114
P4,-0.05,0.30,1559
P4,-0.06,0.30,1237
P4,-0.02,0.28,1985
P4,0.06,0.80,147
P4,-0.01,0.41,1084
P4,-0.02,0.42,624
P4,0.03,0.47,1957
P4,0.03,0.48,1646
P4,0.04,0.48,2097
P4,0.04,0.47,2149
P4,-0.06,0.67,338
P4,-0.07,0.67,303
P4,-0.07,0.66,290
P4,0.13,0.47,1256
P4,-0.14,0.45,560
P4,-0.15,0.45,434
P4,-0.16,0.45,271
P4,-0.09,0.38,603
P4,-0.09,0.39,584
P4,-0.10,0.39,828
P4,-0.10,0.38,585
P4,-0.23,0.45,846
P4,-0.22,0.45,341
P4,-0.22,0.44,331
P4,-0.14,0.48,344
P4,-0.14,0.49,405
P4,-0.15,0.49,348
P4,-0.16,0.49,304
P4,-0.16,0.48,261
P4,-0.18,0.39,183
P4,-0.17,0.39,160
P4,-0.16,0.39,161
P4,0.03,0.34,1936
P4,0.02,0.25,2176
P4,0.03,0.25,2550
P4,-0.20,0.87,140
P4,-0.19,0.87,82
P4,-0.18,0.87,238
P4,-0.05,0.22,1942
P4,-0.04,0.22,2441
P4,0.17,1.00,11
P4,0.18,1.00,45
P4,-0.06,0.37,1009
P4,-0.07,0.37,859
P4,-0.08,0.37,608
P4,0.11,0.22,971
P4,0.10,0.33,927
P4,0.11,0.33,547
P4,0.12,0.33,468
P4,-0.06,0.23,2363
P4,-0.06,0.24,2238
P4,-0.05,0.24,1980
P4,-0.05,0.23,2134
P4,-0.24,0.56,510
P4,0.07,0.44,291
P4,-0.22,1.28,75
P4,-0.23,1.28,63
P4,-0.12,0.32,517
P4,-0.13,0.32,290
P4,-0.07,0.84,138
P4,-0.07,0.85,169
P4,0.05,0.26,1745
P4,0.05,0.27,2268
P4,-0.19,0.63,211
P4,-0.20,0.63,236
P4,-0.20,0.62,265
P4,0.24,1.26,87
P4,0.24,1.25,84
P4,-0.21,1.13,113
P4,-0.21,1.14,93
P4,-0.20,1.14,116
P4,-0.19,1.14,141
P4,-0.19,1.13,165
P4,-0.24,0.43,725
P4,-0.23,0.43,610
P4,0.04,0.27,2065
P4,0.06,0.27,1866
P4,0.19,0.53,37
P4,0.19,0.54,49
P4,0.20,0.54,229
P4,0.21,0.54,280
P4,0.21,0.53,255
P4,0.23,0.49,444
P4,0.23,0.50,303
P4,0.22,0.50,278
P4,0.21,0.50,160
P4,0.21,0.49,151
P4,-0.08,0.30,805
P4,-0.08,0.31,1253
P4,-0.09,0.21,2176
P4,-0.10,0.22,1294
P4,-0.11,0.22,878
P4,-0.11,0.21,616
P4,0.02,0.57,437
P4,0.01,0.57,471
P4,-0.05,0.54,310
P4,-0.06,0.54,304
P4,-0.06,0.55,241
P4,-0.07,0.55,440
P4,-0.07,0.54,316
P4,-0.24,0.51,672
P4,-0.23,0.51,678
P4,-0.22,0.51,468
P4,-0.15,0.80,127
P4,-0.15,0.81,128
P4,-0.16,0.81,155
P4,-0.16,0.80,141
P4,0.04,0.25,2203
P4,0.05,0.25,2235
P4,-0.02,0.37,1295
P4,-0.02,0.36,1400
P4,-0.06,0.60,278
P4,-0.06,0.43,928
P4,-0.06,0.44,837
P4,-0.05,0.44,1073
P4,-0.05,0.43,1028
P4,0.04,0.28,1951
P4,0.05,0.28,1680
P4,-0.06,0.26,1862
P4,-0.07,0.26,1670
P4,-0.07,0.25,1957
P4,0.00,0.35,1700
P4,0.00,0.34,1466
P4,-0.21,0.96,226
P4,-0.20,0.96,277
P4,-0.20,0.97,334
P4,-0.19,0.96,238
P4,0.04,0.29,1730
P4,0.05,0.29,1655
P4,0.06,0.29,1490
P4,-0.01,0.24,2202
P4,-0.03,0.22,2706
P4,-0.10,0.31,795
P4,-0.11,0.31,653
P4,-0.12,0.31,430
P4,0.13,0.34,418
P4,0.14,0.34,320
P4,0.15,0.34,259
P4,0.15,0.33,157
P4,-0.01,0.42,700
P4,-0.02,0.43,375
P4,-0.03,0.43,541
P4,-0.24,0.58,449
P4,-0.23,0.58,529
P4,-0.23,0.59,760
P4,-0.22,0.59,644
P4,-0.22,0.58,585
P4,-0.22,1.09,167
P4,-0.21,1.09,203
P4,-0.21,1.08,119
P4,-0.09,0.56,250
P4,-0.09,0.57,420
P4,-0.24,0.53,553
P4,-0.23,0.53,605
P4,-0.22,0.53,375
P4,0.24,0.86,71
P4,0.23,0.86,96
P4,0.22,0.86,28
P4,-0.22,1.22,66
P4,-0.21,1.22,96
P4,-0.20,1.22,152
P4,-0.20,0.69,294
P4,-0.19,0.69,358
P4,-0.18,0.69,314
P4,-0.24,0.54,526
P4,0.02,0.30,1310
P4,0.02,0.31,1359
P4,0.03,0.31,1813
P4,0.03,0.30,1585
P4,0.04,0.30,1795
P4,-0.07,0.58,343
P4,-0.08,0.59,330
P4,-0.07,0.49,372
P4,-0.08,0.49,373
P4,-0.23,1.03,160
P4,-0.24,1.03,177
P4,-0.24,1.04,180
P4,0.02,0.61,226
P4,0.02,0.62,250
P4,0.03,0.61,121
P4,-0.06,0.31,1311
P4,-0.06,0.32,1419
P4,-0.07,0.32,1305
P4,-0.07,0.31,1174
P4,-0.18,0.78,269
P4,-0.17,0.78,169
P4,-0.17,0.79,175
P4,-0.16,0.78,210
P4,-0.23,1.32,123
P4,-0.22,1.32,240
P4,-0.22,1.33,111
P4,-0.21,1.32,163
P4,-0.14,0.58,241
P4,-0.14,0.59,215
P4,-0.15,0.59,174
P4,-0.15,0.58,162
P4,-0.16,0.58,167
P4,-0.08,0.28,1128
P4,0.01,0.52,711
P4,0.02,0.52,514
P4,-0.22,0.72,432
P4,-0.21,0.72,431
P4,-0.20,0.72,466
P4,-0.05,0.27,1783
P4,0.09,0.89,31
P4,0.10,0.89,71
P4,0.10,0.90,47
P4,0.11,0.90,35
P4,0.11,0.89,36
P4,-0.07,0.50,393
P4,-0.08,0.50,352
P4,0.00,0.60,280
P4,-0.01,0.60,281
P4,-0.02,0.60,284
P4,-0.02,0.59,528
P4,0.11,0.38,549
P4,0.12,0.38,357
P4,0.13,0.38,468
P4,0.09,0.24,1296
P4,0.10,0.24,958
P4,-0.12,0.30,510
P4,-0.12,0.29,475
P4,0.07,0.40,1251
P4,0.08,0.40,604
P4,0.24,0.49,228
P4,0.22,0.49,375
P4,-0.01,0.43,541
P4,-0.01,0.44,718
P4,0.00,0.44,635
P4,0.03,0.23,2604
P4,-0.21,0.51,218
P4,0.03,0.62,228
P4,0.03,0.63,313
P4,0.04,0.63,426
P4,0.04,0.62,382
P4,-0.16,0.46,184
P4,-0.17,0.46,126
P4,-0.18,0.46,61
P4,-0.17,1.37,100
P4,-0.16,1.37,140
P4,0.06,0.37,1333
P4,0.06,0.38,1221
P4,0.07,0.38,1397
P4,0.07,0.37,1076
P4,0.07,0.29,1169
P4,-0.24,1.08,78
P4,-0.23,1.08,188
P4,-0.22,1.08,204
P4,0.11,0.59,42
P4,0.12,0.59,28
P4,0.13,0.59,37
P4,0.13,0.58,124
P4,-0.19,0.98,253
P4,-0.18,0.98,202
P4,-0.08,0.86,36
P4,-0.08,0.87,106
P4,-0.07,0.87,81
P4,-0.07,0.86,135
P4,0.10,0.20,650
P4,0.11,0.20,217
P4,-0.03,0.83,48
P4,-0.03,0.84,67
P4,-0.02,0.84,153
P4,-0.02,0.83,174
P4,-0.01,0.29,1609
P4,-0.05,1.20,53
P4,-0.05,1.21,68
P4,0.01,0.65,146
P4,0.02,0.65,306
P4,0.02,0.66,242
P4,0.03,0.65,349
P4,0.05,0.48,1913
P4,0.06,0.48,1649
P4,0.07,0.48,2130
P4,0.07,0.47,3202
P4,-0.01,0.28,1675
P4,-0.06,0.27,1558
P4,-0.07,0.63,380
P4,-0.08,0.63,275
P4,-0.09,0.63,251
P4,0.14,0.36,363
P4,0.15,0.36,295
P4,0.16,0.36,161
P4,0.16,0.35,198
P4,0.00,0.20,1490
P4,0.01,0.20,1590
P4,0.10,0.26,1152
P4,0.11,0.26,771
P4,0.03,0.56,288
P4,0.04,0.56,435
P4,0.04,0.55,632
P4,0.24,0.40,413
P4,0.24,0.41,444
P4,0.23,0.41,277
P4,0.22,0.41,64
P4,0.21,0.74,78
P4,0.20,0.74,85
P4,0.20,0.75,113
P4,0.19,0.75,93
P4,0.19,0.74,74
P4,-0.14,1.06,262
P4,-0.14,1.07,107
P4,-0.15,1.07,105
P4,-0.15,1.06,128
P4,-0.16,1.06,124
P4,0.14,0.45,4624
P4,0.03,0.24,2183
P4,0.04,0.24,2350
P4,-0.23,0.86,95
P4,-0.23,0.87,176
P4,-0.22,0.87,170
P4,-0.22,0.86,165
P4,-0.07,0.40,993
P4,-0.06,0.40,978
P4,0.05,0.93,54
P4,0.06,0.93,48
P4,0.06,0.94,24
P4,0.07,0.94,10
P4,0.07,0.93,29
P4,-0.16,0.72,181
P4,-0.16,0.73,85
P4,-0.17,0.73,136
P4,-0.17,0.72,187
P4,-0.18,0.72,143
P4,0.04,0.68,167
P4,-0.24,0.84,255
P4,-0.24,0.83,248
P4,0.24,1.00,59
P4,0.23,1.00,52
P4,0.22,1.00,31
P4,0.00,0.40,1153
P4,0.00,0.41,928
P4,0.08,0.47,3200
P4,-0.02,0.58,146
P4,-0.01,0.58,220
P4,-0.01,0.59,396
P4,0.00,0.58,279
P4,0.11,1.25,7
P4,0.12,1.25,28
P4,0.13,1.25,22
P4,-0.24,0.82,247
P4,-0.23,0.82,429
P4,-0.23,0.81,330
P4,0.20,0.57,140
P4,0.19,0.57,144
P4,0.21,0.32,716
P4,0.20,0.32,284
P4,0.20,0.31,303
P4,0.12,0.22,309
P4,-0.01,1.12,62
P4,-0.01,1.13,54
P4,0.00,0.33,1312
P4,-0.14,0.76,128
P4,-0.14,0.77,214
P4,-0.15,0.77,186
P4,-0.15,0.76,109
P4,-0.16,0.76,98
P4,-0.20,0.80,330
P4,0.09,0.32,957
P4,0.10,0.32,826
P4,0.08,0.37,692
P4,0.09,0.37,760
P4,0.10,0.37,491
P4,0.10,0.36,316
P4,0.02,0.48,1287
P4,0.02,0.47,1205
P4,0.13,0.27,502
P4,0.09,0.48,1788
P4,-0.24,0.75,138
P4,-0.23,0.75,284
P4,-0.22,0.75,250
P4,-0.15,0.74,147
P4,-0.16,0.74,141
P4,-0.17,0.74,135
P4,-0.12,0.78,196
P4,0.11,0.95,27
P4,0.12,0.95,31
P4,0.13,0.95,15
P4,0.21,0.75,116
P4,0.20,0.76,25
P4,-0.07,0.30,1124
P4,-0.24,0.46,864
P4,-0.23,0.46,639
P4,-0.22,0.46,296
P4,-0.06,0.22,2274
P4,0.04,0.45,2731
P4,-0.18,0.97,301
P4,-0.17,0.97,131
P4,0.05,0.49,1155
P4,0.04,0.49,1395
P4,0.07,0.68,94
P4,0.08,0.68,47
P4,0.00,0.67,200
P4,0.01,0.67,253
P4,0.01,0.68,50
P4,0.02,0.67,162
P4,0.11,0.34,673
P4,0.11,0.35,451
P4,0.12,0.35,596
P4,-0.07,0.35,1269
P4,-0.06,0.35,930
P4,-0.05,0.34,1089
P4,0.02,0.22,2107
P4,0.09,0.26,1117
P4,0.09,0.27,885
P4,0.10,0.27,1327
P4,-0.01,0.74,147
P4,-0.01,0.75,180
P4,0.01,0.41,878
P4,0.02,0.41,839
P4,-0.01,0.87,98
P4,-0.02,0.87,35
P4,-0.20,1.04,279
P4,-0.20,1.05,130
P4,-0.21,1.05,111
P4,-0.22,1.23,114
P4,-0.22,1.24,265
P4,-0.21,1.24,141
P4,-0.20,1.23,82
P4,-0.03,0.33,1512
P4,-0.02,0.33,1331
P4,-0.02,0.32,1097
P4,0.07,0.41,952
P4,-0.03,0.35,1153
P4,-0.21,1.23,96
P4,-0.19,1.22,138
P4,0.08,0.27,1758
P4,-0.24,0.55,566
P4,0.08,0.38,904
P4,0.09,0.38,662
P4,0.10,0.38,638
P4,0.06,0.47,3482
P4,0.11,0.39,415
P4,-0.07,0.33,1010
P4,0.00,0.49,1436
P4,0.00,0.48,1027
P4,-0.23,1.36,87
P4,-0.24,1.36,120
P4,-0.24,1.35,91
P4,0.24,0.36,309
P4,0.23,0.36,146
P4,0.24,0.44,617
P4,-0.24,0.41,548
P4,-0.23,0.41,411
P4,-0.08,0.41,710
P4,-0.08,0.40,799
P4,-0.20,0.60,188
P4,-0.01,0.30,1257
P4,-0.01,0.31,1513
P4,0.00,0.31,1437
P4,0.00,0.30,1592
P4,-0.23,0.77,222
P4,-0.22,0.77,332
P4,-0.21,0.77,332
P4,-0.24,0.42,707
P4,-0.23,0.42,515
P4,-0.01,0.27,1882
P4,-0.22,0.92,199
P4,-0.21,0.92,225
P4,-0.20,0.92,185
P4,0.06,0.44,1172
P4,-0.13,0.56,99
P4,-0.14,0.56,186
P4,-0.11,1.02,86
P4,-0.11,1.03,201
P4,-0.12,1.03,85
P4,-0.12,1.02,105
P4,-0.09,0.34,781
P4,-0.21,0.53,220
P4,-0.20,0.53,86
P4,-0.22,0.81,296
P4,0.09,0.34,606
P4,0.09,0.35,668
P4,0.10,0.35,545
P4,0.10,0.34,732
P4,-0.08,0.44,841
P4,-0.09,0.44,745
P4,-0.10,0.44,667
P4,-0.04,0.44,1087
P4,-0.04,0.45,795
P4,-0.05,0.45,1084
P4,-0.06,0.45,1046
P4,0.05,0.43,1301
P4,0.06,0.43,1032
P4,0.24,0.81,74
P4,0.23,0.81,71
P4,0.04,0.65,308
P4,0.05,0.65,199
P4,0.06,0.65,63
P4,0.06,0.64,107
P4,0.13,1.30,8
P4,0.14,1.30,47
P4,0.15,1.30,39
P4,0.09,0.75,56
P4,-0.22,0.80,238
P4,-0.21,0.80,310
P4,0.23,0.43,447
P4,-0.24,0.64,422
P4,-0.23,0.64,603
P4,-0.22,0.64,582
P4,0.05,0.82,106
P4,0.06,0.82,122
P4,0.06,0.83,87
P4,0.07,0.82,182
P4,-0.01,0.23,2794
P4,-0.05,0.28,1460
P4,-0.05,0.29,1903
P4,-0.04,0.28,1316
P4,-0.06,0.74,188
P4,-0.07,0.74,225
P4,-0.07,0.75,176
P4,-0.08,0.75,179
P4,-0.08,0.74,185
P4,-0.18,0.83,332
P4,-0.06,1.07,69
P4,-0.06,1.06,113
P4,0.01,0.54,535
P4,0.03,0.54,403
P4,-0.03,0.34,1075
P4,0.08,0.29,1101
P4,0.06,0.88,97
P4,-0.09,0.36,891
P4,-0.10,0.36,584
P4,-0.03,0.92,121
P4,-0.03,0.93,83
P4,-0.05,0.65,271
P4,-0.05,0.66,305
P4,-0.09,0.50,223
P4,-0.09,0.51,207
P4,-0.10,0.51,242
P4,-0.10,0.50,312
P4,0.22,0.30,592
P4,0.21,0.30,478
P4,0.20,0.30,224
P4,0.08,0.21,3361
P4,-0.23,0.97,103
P4,-0.22,0.97,177
P4,-0.21,0.97,238
P4,0.15,0.44,2669
P4,0.16,0.44,1352
P4,0.23,0.53,232
P4,0.22,0.53,272
P4,0.05,0.30,1116
P4,0.24,1.36,62
P4,0.24,1.37,99
P4,0.23,1.37,73
P4,0.22,1.37,81
P4,0.22,1.36,44
P4,-0.13,0.89,111
P4,-0.13,0.90,135
P4,-0.14,0.89,186
P4,-0.09,0.22,1669
P4,-0.07,0.45,1057
P4,-0.07,0.46,585
P4,-0.06,0.46,819
P4,-0.05,0.46,887
P4,-0.11,0.33,521
P4,-0.22,0.42,212
P4,-0.20,1.28,63
P4,-0.19,1.28,73
P4,-0.18,1.28,108
P4,0.24,0.29,128
P4,0.24,0.28,25
P4,0.23,0.28,271
P4,-0.23,0.72,532
P4,0.09,1.18,38
P4,0.09,1.19,44
P4,0.10,1.19,44
P4,0.10,1.18,28
P4,0.04,0.36,1161
P4,0.04,0.37,1183
P4,0.05,0.37,1203
P4,0.05,0.36,871
P4,0.14,0.95,26
P4,-0.12,0.50,485
P4,-0.11,0.20,201
P4,-0.12,0.20,39
P4,-0.05,0.49,538
P4,-0.05,0.50,516
P4,0.03,0.58,256
P4,0.03,0.59,304
P4,0.03,0.64,457
P4,0.20,0.33,278
P4,0.19,0.71,62
P4,0.18,0.71,42
P4,-0.07,0.23,1968
P4,-0.07,0.22,2307
P4,0.07,0.52,374
P4,0.08,0.52,527
P4,0.02,0.28,1306
P4,0.01,0.28,1777
P4,-0.06,0.92,109
P4,-0.06,0.93,33
P4,-0.07,0.93,79
P4,-0.07,0.92,106
P4,-0.08,0.92,77
P4,-0.06,0.47,421
P4,-0.07,0.47,421
P4,-0.08,0.46,474
P4,0.23,0.44,728
P4,0.00,0.55,403
P4,0.00,0.56,517
P4,-0.01,0.55,381
P4,-0.05,1.30,7
P4,-0.05,1.31,110
P4,-0.14,0.43,260
P4,-0.15,0.43,158
P4,-0.16,0.43,199
P4,-0.07,0.71,270
P4,-0.08,0.71,148
P4,-0.09,0.71,91
P4,-0.11,0.47,484
P4,-0.12,0.47,546
P4,-0.12,0.46,421
P4,-0.18,0.92,238
P4,-0.17,0.92,219
P4,-0.16,0.92,191
P4,-0.24,0.81,330
P4,0.11,0.48,927
P4,0.06,0.33,1205
P4,0.06,0.34,1097
P4,0.07,0.34,1168
P4,0.08,0.34,990
P4,0.09,0.33,1152
P4,0.02,0.33,1463
P4,0.06,0.78,101
P4,0.07,0.78,34
P4,0.08,0.78,38
P4,-0.11,0.67,200
P4,-0.11,0.68,238
P4,-0.12,0.68,84
P4,-0.12,0.67,130
P4,0.02,0.32,1303
P4,-0.09,0.24,1245
P4,-0.08,0.45,722
P4,-0.03,0.39,874
P4,-0.03,0.40,698
P4,0.18,0.66,113
P4,0.01,0.23,2238
P4,0.00,0.45,659
P4,-0.22,0.71,628
P4,0.05,0.50,1059
P4,0.06,0.50,959
P4,0.14,0.40,660
P4,-0.08,0.56,325
P4,-0.05,0.93,58
P4,-0.04,0.93,54
P4,-0.04,0.94,47
P4,-0.08,0.66,568
P4,-0.08,0.67,304
P4,0.03,0.91,46
P4,0.03,0.92,203
P4,0.04,0.92,74
P4,0.04,0.91,86
P4,-0.03,0.29,1736
P4,-0.03,0.73,359
P4,-0.02,0.73,309
P4,-0.02,0.74,156
P4,-0.12,0.33,536
P4,-0.13,0.33,449
P4,0.11,1.15,10
P4,0.12,1.15,23
P4,0.12,1.16,59
P4,0.13,1.16,96
P4,0.13,1.15,20
P4,0.02,0.44,338
P4,-0.10,0.68,251
P4,0.09,0.49,966
P4,0.09,0.20,1157
P4,0.24,0.30,209
P4,0.23,0.30,552
P4,0.23,0.29,403
P4,-0.21,0.98,196
P4,-0.20,0.98,217
P4,-0.23,0.44,401
P4,0.01,0.27,1913
P4,-0.02,0.88,49
P4,-0.02,0.89,89
P4,-0.24,0.50,1014
P4,0.14,0.65,13
P4,0.15,0.65,35
P4,0.00,0.50,938
P4,0.08,0.20,1304
P4,-0.04,0.34,1077
P4,0.03,0.35,1142
P4,0.04,0.35,849
P4,-0.13,0.27,374
P4,-0.14,0.27,226
P4,-0.15,0.27,46
P4,-0.15,0.26,20
P4,-0.17,1.32,95
P4,-0.17,1.33,75
P4,-0.16,1.33,72
P4,-0.13,0.84,189
P4,-0.13,0.85,74
P4,-0.14,0.85,113
P4,-0.15,0.85,157
P4,-0.15,0.84,172
P4,-0.08,0.36,1106
P4,0.04,0.31,1754
P4,0.04,0.52,520
P4,0.04,0.53,363
P4,0.03,0.52,744
P4,0.07,0.28,1143
P4,0.23,0.99,48
P4,0.22,0.99,63
P4,0.21,0.99,49
P4,0.08,0.97,37
P4,0.09,0.97,69
P4,0.10,0.97,80
P4,-0.04,1.10,118
P4,-0.04,1.11,87
P4,-0.11,0.42,612
P4,-0.11,0.43,503
P4,0.08,0.86,79
P4,0.09,0.86,58
P4,-0.24,0.61,513
P4,-0.24,0.60,421
P4,-0.23,0.60,530
P4,0.04,1.18,89
P4,0.05,1.18,35
P4,0.05,1.17,1
P4,0.24,0.72,117
P4,0.23,0.72,130
P4,-0.06,1.15,60
P4,-0.07,1.15,159
P4,-0.07,1.14,90
P4,0.06,0.95,14
P4,0.07,0.95,85
P4,0.08,0.95,100
P4,0.11,1.36,4
P4,0.12,1.36,5
P4,0.12,1.37,74
P4,0.13,1.37,23
P4,0.13,1.36,7
P4,0.05,0.85,138
P4,0.06,0.85,99
P4,0.06,0.86,123
P4,0.07,0.85,110
P4,-0.09,1.17,70
P4,-0.09,1.18,101
P4,-0.10,1.18,102
P4,-0.10,1.17,129
P4,-0.12,0.60,399
P4,-0.13,0.59,276
P4,-0.21,0.60,434
P4,-0.19,1.03,241
P4,-0.18,1.03,172
P4,-0.17,1.03,118
P4,-0.16,1.01,198
P4,-0.17,1.01,154
P4,-0.17,1.20,73
P4,-0.16,1.20,96
P4,-0.11,0.58,308
P4,-0.04,0.91,124
P4,-0.05,0.91,118
P4,0.06,1.23,8
P4,0.06,1.24,44
P4,0.07,1.24,7
P4,0.07,1.23,10
P4,0.24,0.96,65
P4,0.23,0.96,54
P4,0.23,0.95,78
P4,-0.05,0.53,320
P4,-0.06,0.53,291
P4,-0.06,0.52,189
P4,0.15,0.45,2206
P4,-0.15,0.36,281
P4,-0.15,0.37,286
P4,-0.16,0.37,210
P4,-0.16,0.36,101
P4,0.09,0.43,204
P4,-0.18,0.58,146
P4,-0.19,0.93,218
P4,-0.18,0.93,269
P4,-0.23,0.73,447
P4,-0.22,0.73,416
P4,-0.04,0.49,430
P4,-0.04,0.50,312
P4,0.16,1.24,19
P4,0.17,1.24,23
P4,0.18,1.24,2
P4,0.01,0.50,1226
P4,0.01,0.51,720
P4,0.00,0.51,514
P4,-0.01,0.50,586
P4,-0.24,0.48,577
P4,0.01,0.22,2289
P4,-0.22,0.88,200
P4,-0.22,0.89,224
P4,-0.21,0.89,237
P4,-0.21,0.88,106
P4,-0.21,0.44,58
P4,0.01,0.60,250
P4,0.01,0.61,322
P4,0.02,0.60,195
P4,-0.13,0.44,258
P4,-0.13,0.45,523
P4,-0.15,0.44,224
P4,-0.24,1.19,30
P4,-0.23,1.19,88
P4,-0.23,1.20,89
P4,-0.22,1.19,135
P4,0.11,0.27,770
P4,-0.02,0.72,114
P4,-0.01,0.73,258
P4,-0.01,0.72,119
P4,0.12,0.39,446
P4,0.02,0.34,1456
P4,-0.13,0.67,213
P4,0.05,0.41,1188
P4,0.06,0.41,1406
P4,0.19,0.64,165
P4,0.18,0.64,61
P4,0.17,0.64,36
P4,0.05,0.73,109
P4,0.05,0.74,96
P4,0.06,0.74,81
P4,0.06,0.73,118
P4,-0.24,0.88,101
P4,-0.24,0.87,86
P4,-0.13,1.27,66
P4,-0.12,1.27,134
P4,0.09,0.60,111
P4,0.10,0.60,143
P4,0.11,0.60,165
P4,0.23,1.04,31
P4,0.22,1.04,50
P4,0.21,1.04,20
P4,0.02,0.35,983
P4,0.12,0.47,1350
P4,-0.05,0.64,225
P4,-0.04,0.64,239
P4,-0.04,0.63,180
P4,0.07,0.39,1142
P4,-0.16,0.50,301
P4,-0.20,0.65,303
P4,-0.21,0.65,365
P4,-0.19,0.77,268
P4,-0.19,0.78,329
P4,-0.18,0.77,140
P4,-0.11,0.28,505
P4,0.13,0.30,580
P4,0.14,0.30,303
P4,0.01,0.30,1951
P4,-0.07,0.39,711
P4,-0.08,0.39,798
P4,0.10,1.20,94
P4,0.11,1.20,85
P4,0.11,1.19,44
P4,0.12,1.19,47
P4,0.24,0.88,64
P4,0.03,0.29,1495
P4,0.03,0.28,1490
P4,0.01,0.91,91
P4,0.00,0.91,100
P4,-0.24,0.73,296
P4,-0.20,0.59,226
P4,-0.19,0.59,104
P4,0.03,0.50,1008
P4,0.16,0.45,759
P4,0.06,0.28,1430
P4,-0.23,0.47,494
P4,-0.22,0.47,301
P4,-0.21,0.47,103
P4,-0.15,1.01,226
P4,-0.14,1.01,236
P4,-0.24,0.40,936
P4,-0.23,0.40,562
P4,-0.23,0.50,1031
P4,-0.22,0.50,663
P4,-0.21,0.50,318
P4,-0.14,0.70,158
P4,-0.15,0.70,208
P4,0.16,0.43,994
P4,-0.03,0.75,203
P4,-0.03,0.76,168
P4,0.02,0.55,507
P4,0.03,0.55,405
P4,0.05,0.31,1736
P4,0.06,0.31,1500
P4,0.07,0.31,1129
P4,-0.24,0.70,342
P4,-0.22,0.70,587
P4,-0.10,0.23,1271
P4,-0.24,0.63,554
P4,-0.23,0.63,786
P4,0.22,1.01,71
P4,0.21,1.01,106
P4,-0.19,0.79,221
P4,-0.18,0.79,214
P4,-0.18,0.80,205
P4,-0.17,0.80,183
P4,-0.17,0.98,295
P4,-0.24,0.74,404
P4,0.07,0.27,1476
P4,0.08,0.28,1147
P4,0.15,0.40,398
P4,0.15,0.39,209
P4,-0.08,1.21,51
P4,-0.09,1.21,73
P4,-0.09,1.20,103
P4,0.02,0.51,880
P4,0.06,0.42,1099
P4,0.08,0.41,680
P4,-0.09,0.48,515
P4,-0.10,0.48,390
P4,-0.10,0.47,576
P4,-0.22,0.60,564
P4,0.11,0.81,2
P4,0.12,0.81,10
P4,0.12,0.90,52
P4,0.13,0.90,29
P4,0.13,0.89,4
P4,0.24,0.79,30
P4,0.23,0.79,23
P4,0.17,0.42,341
P4,-0.01,0.40,1139
P4,0.03,0.79,162
P4,0.04,0.79,84
P4,0.05,0.79,143
P4,-0.02,0.66,133
P4,-0.02,0.67,258
P4,-0.03,0.24,2526
P4,-0.24,0.67,638
P4,-0.12,1.01,176
P4,-0.13,1.01,119
P4,0.07,0.54,135
P4,0.07,0.55,238
P4,0.08,0.55,214
P4,0.09,0.55,279
P4,0.09,0.54,141
P4,-0.05,0.48,375
P4,-0.06,0.48,257
P4,-0.07,0.48,334
P4,-0.13,0.28,317
P4,-0.14,0.28,197
P4,0.04,0.60,220
P4,0.04,0.61,170
P4,0.05,0.61,191
P4,0.05,0.60,99
P4,0.14,0.53,9
P4,0.14,0.54,50
P4,0.13,0.54,23
P4,0.13,0.53,31
P4,0.09,0.22,1733
P4,0.01,0.40,1063
P4,-0.11,0.83,275
P4,-0.12,0.83,131
P4,-0.12,0.84,225
P4,-0.13,0.83,167
P4,-0.03,0.88,92
P4,-0.03,0.89,48
P4,-0.04,0.89,105
P4,-0.04,0.88,128
P4,-0.02,0.81,250
P4,-0.02,0.82,46
P4,-0.03,0.81,111
P4,0.18,0.62,49
P4,0.17,0.62,11
P4,0.04,0.51,688
P4,0.05,0.52,427
P4,0.05,0.51,674
P4,0.04,0.39,1448
P4,0.05,0.39,1762
P4,-0.05,0.62,248
P4,-0.05,0.63,176
P4,-0.06,0.63,121
P4,0.05,1.24,2
P4,0.05,1.25,45
P4,0.06,1.25,26
P4,0.08,0.54,148
P4,0.17,0.44,711
P4,0.17,0.43,609
P4,-0.01,0.33,1746
P4,-0.12,0.58,143
P4,0.09,0.25,1263
P4,0.10,0.25,1421
P4,0.02,0.50,991
P4,-0.21,0.27,102
P4,-0.20,0.27,57
P4,0.15,1.38,10
P4,0.16,1.38,16
P4,-0.11,0.49,390
P4,-0.12,0.49,380
P4,-0.13,0.49,359
P4,0.02,0.71,160
P4,0.02,0.72,115
P4,0.03,0.72,76
P4,0.03,0.71,116
P4,0.09,0.50,544
P4,0.10,0.50,282
P4,0.04,0.69,150
P4,0.04,0.70,238
P4,0.05,0.70,174
P4,0.05,0.69,156
P4,0.08,0.59,176
P4,0.13,0.32,408
P4,0.14,0.32,254
P4,-0.02,0.51,393
P4,-0.02,0.52,242
P4,-0.03,0.51,387
P4,-0.05,0.75,271
P4,-0.05,0.74,176
P4,-0.19,0.68,304
P4,-0.18,0.68,294
P4,-0.23,1.02,69
P4,-0.22,1.03,188
P4,-0.22,1.02,192
P4,-0.23,0.26,67
P4,-0.22,0.26,158
P4,-0.15,1.18,81
P4,-0.15,1.19,40
P4,-0.14,1.19,62
P4,-0.14,1.18,76
P4,0.01,0.39,1141
P4,0.10,0.81,59
P4,-0.10,0.52,495
P4,-0.11,0.52,544
P4,-0.11,0.51,319
P4,-0.12,0.51,325
P4,-0.07,0.64,316
P4,-0.07,0.65,321
P4,-0.08,0.65,217
P4,-0.08,0.64,363
P4,-0.09,0.64,246
P4,-0.18,0.45,51
P4,-0.19,0.45,72
P4,0.11,0.21,629
P4,0.13,0.40,386
P4,0.05,0.81,103
P4,0.06,0.81,89
P4,-0.07,0.60,159
P4,-0.09,0.23,1781
P4,-0.11,0.23,1173
P4,-0.18,1.21,95
P4,-0.17,1.21,64
P4,-0.05,0.41,671
P4,-0.09,0.29,821
P4,-0.09,0.30,853
P4,0.09,0.70,60
P4,0.10,0.70,47
P4,0.09,0.31,779
P4,0.20,1.36,48
P4,0.21,1.37,82
P4,0.21,1.36,58
P4,-0.12,0.40,555
P4,-0.13,0.40,442
P4,-0.14,0.40,171
P4,0.11,0.24,796
P4,0.12,0.24,628
P4,-0.04,0.20,1418
P4,-0.19,0.54,113
P4,-0.24,0.78,183
P4,-0.23,0.78,317
P4,-0.22,0.78,415
P4,0.24,0.53,131
P4,0.23,0.52,357
P4,0.08,0.73,70
P4,0.09,0.73,95
P4,0.10,0.73,88
P4,-0.12,0.26,580
P4,-0.13,0.26,430
P4,-0.14,0.26,176
P4,-0.17,0.84,252
P4,-0.16,0.84,245
P4,0.00,0.54,459
P4,0.00,0.53,328
P4,-0.21,0.67,357
P4,-0.20,0.67,191
P4,-0.22,0.94,200
P4,-0.21,0.94,109
P4,-0.20,0.94,167
P4,0.24,0.82,98
P4,0.23,0.82,81
P4,-0.06,0.84,109
P4,-0.06,0.85,96
P4,0.12,0.94,25
P4,0.13,0.94,22
P4,0.14,0.94,25
P4,-0.08,0.25,1786
P4,-0.09,0.25,1281
P4,0.05,0.54,281
P4,0.05,0.55,404
P4,-0.04,0.38,998
P4,-0.05,0.38,1046
P4,-0.06,0.38,1091
P4,-0.10,0.40,664
P4,-0.11,0.40,605
P4,-0.24,0.47,540
P4,0.01,1.12,37
P4,0.02,1.12,45
P4,0.02,1.13,32
P4,0.03,1.13,6
P4,0.03,1.12,40
P4,-0.13,0.88,105
P4,-0.14,0.88,131
P4,-0.22,0.98,253
P4,-0.01,0.67,261
P4,-0.01,0.68,182
P4,-0.20,0.33,261
P4,-0.19,0.33,240
P4,0.09,0.30,854
P4,0.07,0.83,69
P4,0.07,0.84,104
P4,0.08,0.84,86
P4,0.08,0.83,129
P4,0.24,1.19,29
P4,0.23,1.19,70
P4,0.23,1.18,39
P4,-0.22,0.56,468
P4,-0.21,0.56,456
P4,0.01,0.48,1297
P4,-0.05,0.39,726
P4,-0.05,0.40,830
P4,-0.06,0.39,1032
P4,0.06,0.32,1386
P4,0.01,0.55,409
P4,-0.24,0.77,185
P4,0.23,0.55,191
P4,0.22,0.55,320
P4,0.21,0.55,321
P4,-0.04,0.55,361
P4,-0.05,0.55,510
P4,-0.05,0.56,394
P4,-0.06,0.56,368
P4,-0.14,0.33,318
P4,0.09,0.23,1576
P4,-0.07,0.24,2070
P4,0.04,0.41,1292
P4,0.05,0.42,1226
P4,-0.03,1.13,113
P4,-0.03,1.14,158
P4,-0.04,1.14,107
P4,-0.04,1.13,7
P4,-0.12,0.45,422
P4,-0.13,0.46,380
P4,0.11,0.70,3
P4,-0.17,1.39,5
P4,0.08,0.35,1050
P4,-0.09,0.31,882
P4,0.01,0.56,455
P4,0.02,0.56,220
P4,-0.08,0.22,1840
P4,-0.08,0.23,2001
P4,0.04,0.78,140
P4,0.05,0.78,182
P4,-0.17,0.57,157
P4,-0.18,0.57,163
P4,-0.19,0.57,201
P4,-0.21,0.71,468
P4,-0.20,0.71,347
P4,-0.04,0.51,237
P4,-0.04,0.52,407
P4,-0.05,0.51,209
P4,-0.07,0.59,246
P4,-0.06,0.59,215
P4,-0.09,0.69,236
P4,0.24,0.33,130
P4,0.02,0.83,178
P4,0.02,0.84,286
P4,-0.01,0.39,1391
P4,-0.02,0.39,1037
P4,-0.16,1.31,94
P4,-0.14,1.31,131
P4,-0.19,1.23,105
P4,-0.18,1.23,113
P4,-0.18,1.24,103
P4,-0.17,1.23,153
P4,0.23,1.32,14
P4,0.23,1.33,17
P4,0.22,1.33,30
P4,0.21,1.33,33
P4,0.21,1.32,39
P4,-0.09,0.41,575
P4,0.16,0.37,117
P4,0.17,0.37,116
P4,0.10,0.31,690
P4,0.11,0.31,587
P4,-0.13,0.31,280
P4,-0.14,0.31,231
P4,-0.06,0.20,1504
P4,-0.23,1.06,213
P4,-0.23,1.07,88
P4,-0.24,1.07,97
P4,-0.24,1.06,161
P4,0.22,0.47,347
P4,0.21,0.47,188
P4,0.14,0.48,71
P4,0.15,0.48,137
P4,0.15,0.47,117
P4,0.16,0.48,79
P4,0.16,0.47,56
P4,0.06,0.45,1821
P4,-0.04,0.43,657
P4,-0.02,0.55,311
P4,-0.02,0.56,398
P4,-0.01,0.56,284
P4,-0.22,0.43,205
P4,-0.08,0.53,242
P4,-0.08,0.54,455
P4,-0.23,0.61,596
P4,-0.22,0.61,409
P4,-0.05,1.09,56
P4,-0.05,1.10,156
P4,-0.06,1.10,25
P4,-0.06,1.09,75
P4,0.06,0.36,1115
P4,-0.22,1.39,32
P4,-0.22,1.38,71
P4,-0.19,1.09,59
P4,-0.20,1.09,100
P4,-0.20,1.10,214
P4,-0.12,0.52,486
P4,-0.13,0.52,350
P4,-0.22,0.62,543
P4,-0.14,0.52,174
P4,-0.15,0.52,291
P4,0.13,0.39,360
P4,-0.21,0.70,400
P4,-0.07,0.36,1343
P4,-0.06,0.36,1089
P4,-0.17,0.85,264
P4,-0.18,0.85,311
P4,-0.18,0.86,158
P4,-0.19,0.85,207
P4,-0.12,0.61,373
P4,-0.13,0.61,334
P4,-0.14,0.61,458
P4,-0.23,1.39,9
P4,-0.23,1.38,133
P4,0.20,1.09,33
P4,-0.07,0.43,849
P4,0.22,0.54,333
P4,0.22,0.51,186
P4,-0.10,0.79,145
P4,-0.11,0.79,209
P4,-0.01,0.54,418
P4,-0.01,0.53,350
P4,-0.05,0.33,1243
P4,-0.06,0.33,965
P4,-0.03,0.31,1638
P4,0.24,0.84,23
P4,0.24,0.83,51
P4,0.22,0.29,623
P4,0.21,0.29,388
P4,-0.24,0.30,220
P4,-0.22,1.21,171
P4,-0.12,0.38,469
P4,-0.13,0.38,258
P4,-0.14,0.38,194
P4,0.12,0.26,631
P4,-0.06,0.82,221
P4,-0.07,0.82,32
P4,-0.07,0.83,172
P4,-0.08,0.82,78
P4,-0.06,0.50,298
P4,-0.13,1.03,152
P4,-0.14,1.03,148
P4,-0.14,1.04,138
P4,-0.15,1.04,74
P4,-0.15,1.03,176
P4,0.18,0.34,30
P4,-0.13,1.32,80
P4,-0.13,1.31,140
P4,-0.12,1.31,74
P4,-0.15,0.89,218
P4,-0.15,0.90,169
P4,-0.16,0.90,173
P4,-0.16,0.89,170
P4,-0.03,0.44,865
P4,-0.10,1.27,34
P4,-0.09,1.27,17
P4,-0.14,0.44,261
P4,-0.16,0.44,216
P4,-0.22,0.57,494
P4,-0.21,0.57,290
P4,-0.05,0.92,108
P4,-0.06,0.78,123
P4,-0.06,0.79,281
P4,-0.07,0.79,199
P4,-0.07,0.78,68
P4,-0.08,0.78,94
P4,-0.07,0.27,1156
P4,-0.23,0.93,154
P4,-0.23,0.94,267
P4,-0.24,0.94,192
P4,-0.24,0.93,261
P4,-0.03,1.30,14
P4,-0.02,1.30,151
P4,-0.02,1.29,10
P4,-0.16,0.51,129
P4,0.01,0.82,102
P4,0.01,0.83,171
P4,-0.03,0.77,90
P4,-0.03,0.78,226
P4,-0.04,0.78,220
P4,-0.04,0.77,153
P4,-0.08,0.62,363
P4,-0.09,0.62,430
P4,-0.10,0.62,148
P4,-0.08,0.20,1484
P4,0.20,0.62,267
P4,0.20,0.63,244
P4,0.19,0.63,163
P4,0.19,0.62,127
P4,-0.21,1.02,277
P4,0.18,0.40,176
P4,0.19,0.40,67
P4,0.04,0.32,1274
P4,-0.15,0.82,186
P4,-0.14,0.82,167
P4,0.22,0.35,6
P4,0.22,0.36,10
P4,0.21,0.36,92
P4,0.20,0.36,160
P4,0.20,0.35,157
P4,0.01,0.76,117
P4,0.01,0.77,168
P4,0.00,0.77,194
P4,0.00,0.76,97
P4,-0.07,0.56,489
P4,-0.08,0.55,411
P4,-0.01,0.69,165
P4,0.00,0.69,205
P4,0.00,0.68,132
P4,0.13,0.26,395
P4,0.14,0.26,225
P4,0.15,0.26,60
P4,-0.24,0.49,780
P4,0.06,0.51,615
P4,0.10,0.54,121
P4,-0.20,0.56,280
P4,-0.19,0.56,118
P4,-0.07,0.73,121
P4,-0.11,0.34,500
P4,-0.12,0.34,448
P4,-0.13,0.34,496
P4,-0.08,0.43,874
P4,-0.05,0.67,196
P4,-0.05,0.68,173
P4,-0.04,0.67,149
P4,-0.20,0.84,187
P4,-0.20,0.85,109
P4,-0.19,0.84,255
P4,-0.13,0.70,201
P4,-0.06,0.69,146
P4,-0.06,0.70,168
P4,-0.07,0.38,973
P4,-0.08,1.01,65
P4,-0.09,1.01,164
P4,-0.10,1.01,53
P4,-0.10,1.00,68
P4,-0.16,0.52,322
P4,-0.17,0.52,120
P4,-0.19,1.12,119
P4,-0.18,1.12,104
P4,-0.17,1.12,139
P4,-0.14,0.55,339
P4,-0.15,0.55,277
P4,-0.15,0.56,190
P4,-0.16,0.55,171
P4,0.09,1.01,14
P4,0.10,1.01,38
P4,0.11,1.01,21
P4,0.06,0.71,51
P4,0.07,0.71,109
P4,0.08,0.71,53
P4,0.03,0.51,682
P4,-0.19,0.67,99
P4,-0.22,0.29,514
P4,-0.21,0.29,524
P4,-0.20,0.29,161
P4,0.12,0.82,23
P4,0.13,0.82,19
P4,0.14,0.82,32
P4,-0.02,1.23,90
P4,-0.01,1.23,79
P4,0.07,0.59,292
P4,-0.08,0.60,236
P4,-0.24,0.72,385
P4,0.09,0.40,681
P4,0.10,0.40,465
P4,0.11,0.40,262
P4,0.13,0.74,9
P4,0.14,0.74,4
P4,-0.01,1.04,77
P4,-0.01,1.05,56
P4,-0.02,1.05,14
P4,-0.02,1.04,37
P4,0.08,0.43,339
P4,0.14,0.39,324
P4,0.08,0.63,144
P4,0.09,0.63,112
P4,0.09,0.62,57
P4,-0.10,0.69,229
P4,-0.10,0.70,230
P4,-0.23,0.55,714
P4,0.07,1.11,24
P4,0.07,1.12,63
P4,0.08,1.12,37
P4,0.08,1.11,57
P4,-0.22,1.20,159
P4,-0.10,0.71,130
P4,-0.21,0.90,217
P4,-0.22,0.90,298
P4,-0.01,0.32,1418
P4,-0.17,0.50,188
P4,-0.17,0.51,157
P4,-0.18,0.51,75
P4,-0.18,0.50,104
P4,-0.19,0.50,63
P4,0.07,0.35,1309
P4,-0.13,0.41,575
P4,-0.14,0.41,615
P4,-0.15,0.41,392
P4,0.01,0.31,1357
P4,0.00,0.47,1208
P4,0.00,0.46,1150
P4,0.04,0.84,105
P4,0.04,0.85,137
P4,0.05,0.84,219
P4,0.00,1.15,97
P4,0.00,1.16,106
P4,-0.01,1.16,23
P4,-0.01,1.15,6
P4,0.00,0.42,1176
P4,-0.22,0.55,610
P4,-0.21,0.55,359
P4,-0.08,0.51,195
P4,0.01,0.66,182
P4,-0.14,0.83,63
P4,-0.15,0.83,180
P4,-0.16,0.83,260
P4,-0.16,0.82,157
P4,-0.22,0.74,493
P4,-0.08,0.96,94
P4,-0.08,0.97,56
P4,-0.09,0.97,171
P4,-0.09,0.96,38
P4,-0.05,0.80,137
P4,-0.05,0.81,64
P4,-0.06,0.81,193
P4,-0.06,0.80,253
P4,0.04,0.59,318
P4,0.04,0.58,234
P4,0.10,0.74,53
P4,-0.08,0.61,237
P4,0.05,0.87,19
P4,0.06,0.87,25
P4,0.07,0.87,31
P4,-0.06,0.66,259
P4,0.03,0.57,251
P4,0.05,0.38,1326
P4,0.13,1.35,3
P4,0.14,1.35,21
P4,0.15,1.35,20
P4,-0.16,0.85,168
P4,-0.18,0.84,195
P4,-0.06,0.64,254
P4,0.24,1.01,43
P4,0.23,1.01,37
P4,0.03,0.70,273
P4,0.04,0.97,86
P4,0.04,0.98,133
P4,0.13,0.31,291
P4,-0.24,0.59,712
P4,-0.21,0.78,326
P4,-0.20,0.78,325
P4,-0.22,0.82,352
P4,0.00,0.70,136
P4,0.00,0.71,89
P4,0.01,0.71,116
P4,0.01,0.70,101
P4,-0.24,0.57,524
P4,-0.23,0.57,705
P4,0.11,0.98,21
P4,0.12,0.98,26
P4,0.13,0.98,4
P4,-0.03,0.85,233
P4,-0.04,0.85,98
P4,-0.04,0.84,127
P4,-0.09,0.26,1023
P4,-0.12,0.55,250
P4,-0.12,0.56,176
P4,-0.13,0.55,297
P4,-0.16,0.91,217
P4,-0.15,0.92,117
P4,-0.15,0.91,114
P4,-0.08,0.26,1208
P4,-0.10,0.26,1129
P4,-0.12,0.24,847
P4,-0.13,0.24,398
P4,0.07,0.63,258
P4,0.07,0.64,206
P4,0.08,0.64,92
P4,0.03,0.82,203
P4,0.04,0.82,94
P4,-0.04,0.46,1007
P4,0.05,0.35,1070
P4,0.05,0.34,1458
P4,-0.14,0.90,103
P4,-0.08,0.91,66
P4,0.00,0.61,221
P4,0.00,0.62,412
P4,0.01,0.62,311
P4,0.07,0.50,865
P4,0.08,0.50,754
P4,0.08,0.51,523
P4,0.04,0.54,496
P4,-0.16,1.05,117
P4,-0.17,1.06,106
P4,-0.18,1.06,67
P4,-0.18,1.05,143
P4,-0.13,1.33,76
P4,-0.13,1.34,62
P4,-0.18,1.15,147
P4,-0.17,1.15,144
P4,-0.16,1.15,69
P4,0.11,0.23,875
P4,-0.12,0.87,107
P4,-0.12,0.88,114
P4,-0.04,1.27,87
P4,-0.04,1.28,36
P4,0.05,1.02,44
P4,0.05,1.03,27
P4,0.06,1.03,101
P4,0.06,1.02,71
P4,-0.08,0.32,862
P4,-0.08,0.21,2416
P4,0.17,0.46,65
P4,0.16,0.46,133
P4,0.17,0.53,105
P4,0.17,0.54,78
P4,0.18,0.53,58
P4,-0.16,1.10,105
P4,-0.15,1.10,75
P4,-0.14,1.10,60
P4,-0.20,0.38,113
P4,-0.19,0.38,132
P4,-0.18,0.38,95
P4,-0.12,0.23,608
P4,-0.13,0.23,194
P4,0.11,0.86,94
P4,0.11,0.87,21
P4,0.12,0.87,31
P4,0.12,0.86,31
P4,0.13,0.86,7
P4,-0.19,0.60,134
P4,-0.18,0.60,70
P4,-0.17,0.75,54
P4,-0.16,0.75,57
P4,-0.15,0.87,192
P4,-0.15,0.88,140
P4,-0.16,0.88,156
P4,-0.16,0.87,228
P4,-0.12,0.97,100
P4,-0.12,0.96,127
P4,0.03,1.15,51
P4,0.04,1.15,12
P4,0.04,1.14,50
P4,-0.06,1.17,86
P4,-0.06,1.18,37
P4,-0.19,1.07,236
P4,-0.18,1.07,248
P4,0.04,0.86,68
P4,0.05,0.86,131
P4,0.00,0.39,1296
P4,0.14,1.00,21
P4,0.15,1.00,25
P4,0.16,1.00,16
P4,-0.12,1.04,141
P4,-0.13,1.04,189
P4,-0.13,1.05,54
P4,-0.08,0.33,794
P4,-0.23,0.84,305
P4,-0.23,0.85,246
P4,-0.22,0.85,279
P4,-0.21,0.85,196
P4,0.17,1.02,24
P4,0.18,1.02,67
P4,-0.17,1.28,142
P4,-0.16,1.28,106
P4,-0.16,1.27,187
P4,0.04,0.72,77
P4,0.04,0.71,169
P4,-0.11,0.26,827
P4,-0.21,0.73,349
P4,-0.20,0.73,381
P4,-0.19,0.73,296
P4,-0.19,1.05,129
P4,-0.20,0.68,376
P4,-0.19,0.75,185
P4,-0.20,0.75,243
P4,-0.20,0.74,365
P4,-0.21,0.63,379
P4,-0.22,0.63,539
P4,0.06,0.79,66
P4,-0.20,0.32,184
P4,-0.19,0.32,78
P4,0.09,0.90,29
P4,-0.15,0.67,342
P4,-0.15,0.68,194
P4,-0.16,0.68,136
P4,-0.16,0.67,294
P4,0.24,0.45,799
P4,0.23,0.45,645
P4,-0.19,1.04,274
P4,-0.18,1.04,216
P4,0.03,0.36,1350
P4,-0.11,0.27,534
P4,-0.05,0.52,255
P4,-0.24,1.26,141
P4,-0.23,1.26,215
P4,-0.22,1.26,152
P4,-0.20,0.76,386
P4,-0.19,0.76,330
P4,0.24,1.20,43
P4,0.24,1.21,18
P4,0.23,1.21,19
P4,0.23,1.20,47
P4,0.22,1.20,34
P4,-0.01,0.97,82
P4,-0.01,0.98,90
P4,-0.12,0.25,666
P4,-0.13,0.25,347
P4,-0.23,0.79,317
P4,-0.21,0.76,219
P4,-0.09,0.47,505
P4,-0.20,0.89,318
P4,-0.19,0.89,318
P4,-0.19,0.88,183
P4,0.22,0.96,47
P4,0.21,0.96,49
P4,0.03,1.05,59
P4,0.04,1.05,26
P4,0.04,1.06,113
P4,0.05,1.06,73
P4,0.05,1.05,27
P4,0.20,1.34,38
P4,0.19,1.34,77
P4,0.18,1.34,55
P4,-0.11,0.38,410
P4,-0.11,0.39,594
P4,-0.19,0.80,250
P4,0.02,0.73,145
P4,0.02,0.74,143
P4,0.03,0.74,154
P4,0.03,0.73,220
P4,-0.03,0.55,243
P4,-0.03,0.56,492
P4,0.22,0.28,329
P4,0.21,0.28,249
P4,-0.01,0.63,247
P4,-0.01,0.64,250
P4,0.00,0.64,219
P4,0.00,0.63,255
P4,-0.15,0.79,108
P4,-0.16,0.99,125
P4,-0.15,0.99,140
P4,-0.14,0.99,216
P4,-0.08,0.38,574
P4,-0.05,0.47,621
P4,-0.04,0.47,678
P4,0.22,0.42,233
P4,0.21,0.42,29
P4,-0.09,0.54,434
P4,-0.09,0.55,433
P4,-0.10,0.55,661
P4,-0.10,0.54,488
P4,-0.11,0.54,444
P4,0.01,0.80,92
P4,0.01,0.81,131
P4,-0.11,0.55,318
P4,-0.23,0.29,402
P4,-0.20,0.36,139
P4,-0.19,0.36,121
P4,-0.18,0.36,28
P4,0.13,0.24,336
P4,-0.18,1.14,136
P4,-0.01,1.02,59
P4,-0.01,1.03,142
P4,0.06,0.35,968
P4,-0.07,0.44,888
P4,0.08,1.10,42
P4,0.09,1.11,108
P4,0.09,1.10,57
P4,-0.15,1.00,82
P4,0.04,0.50,1037
P4,-0.11,0.71,118
P4,-0.12,0.71,170
P4,-0.12,0.72,161
P4,-0.13,0.72,213
P4,-0.13,0.71,107
P4,0.06,0.30,1174
P4,-0.16,0.61,86
P4,-0.17,0.61,41
P4,-0.18,0.61,82
P4,-0.10,1.08,156
P4,-0.11,1.08,52
P4,-0.12,1.08,115
P4,-0.12,1.07,159
P4,-0.01,0.48,746
P4,0.06,0.70,39
P4,0.06,0.69,46
P4,0.20,1.27,1
P4,-0.20,0.77,307
P4,-0.04,0.92,134
P4,-0.03,0.91,68
P4,-0.13,0.81,52
P4,-0.08,0.24,1487
P4,0.02,0.82,130
P4,0.03,0.83,154
P4,0.22,0.66,94
P4,0.21,0.66,94
P4,0.20,0.66,116
P4,-0.13,0.30,406
P4,0.15,0.41,692
P4,-0.10,0.76,113
P4,-0.10,0.77,96
P4,-0.01,0.83,160
P4,-0.01,0.84,158
P4,0.00,0.83,51
P4,0.00,0.73,273
P4,0.01,0.73,169
P4,0.01,0.74,221
P4,0.01,0.79,160
P4,0.02,0.79,221
P4,0.10,0.49,590
P4,0.24,0.37,307
P4,0.23,0.37,140
P4,-0.14,0.72,225
P4,-0.12,0.65,392
P4,-0.13,0.65,260
P4,-0.14,0.65,285
P4,-0.11,0.37,600
P4,-0.12,0.37,554
P4,-0.03,0.70,140
P4,-0.04,0.70,427
P4,-0.23,0.52,479
P4,0.00,0.72,158
P4,-0.12,0.42,427
P4,-0.13,0.42,356
P4,-0.19,0.74,298
P4,-0.18,0.73,236
P4,-0.10,0.63,215
P4,-0.09,0.60,266
P4,-0.09,0.61,200
P4,0.02,0.75,79
P4,0.03,0.75,102
P4,0.04,0.75,65
P4,0.04,0.74,84
P4,-0.10,0.72,152
P4,-0.11,0.72,131
P4,-0.16,0.79,87
P4,0.02,0.85,129
P4,0.03,0.85,94
P4,0.03,0.84,134
P4,-0.10,0.56,420
P4,-0.11,0.56,244
P4,-0.11,0.60,266
P4,-0.11,0.61,350
P4,-0.09,1.03,63
P4,-0.10,1.03,116
P4,0.01,1.05,24
P4,0.01,1.06,22
P4,0.02,1.06,45
P4,0.02,1.05,32
P4,-0.24,1.09,151
P4,-0.23,1.09,157
P4,0.23,0.85,69
P4,-0.23,0.49,784
P4,-0.22,0.49,609
P4,-0.02,0.48,866
P4,-0.08,1.02,7
P4,-0.09,1.02,156
P4,-0.10,1.02,74
P4,-0.21,0.86,201
P4,-0.20,0.86,121
P4,-0.09,0.40,576
P4,0.07,0.80,136
P4,-0.23,0.76,224
P4,0.05,0.53,289
P4,0.06,0.53,309
P4,0.06,0.52,427
P4,-0.17,0.43,161
P4,-0.18,0.43,118
P4,0.04,0.83,94
P4,0.05,0.83,103
P4,0.06,0.84,65
P4,-0.18,0.48,112
P4,-0.19,0.48,38
P4,0.24,0.47,321
P4,0.23,0.47,387
P4,-0.23,0.74,529
P4,0.03,0.66,196
P4,-0.23,1.24,250
P4,-0.01,0.49,1024
P4,-0.02,0.49,612
P4,-0.03,0.49,583
P4,-0.03,0.48,813
P4,-0.22,0.79,238
P4,0.01,0.72,95
P4,-0.23,1.27,133
P4,-0.22,1.27,35
P4,0.23,0.84,40
P4,0.22,0.84,26
P4,-0.07,0.80,251
P4,-0.01,0.51,278
P4,0.00,0.52,407
P4,0.12,1.20,64
P4,0.13,1.20,25
P4,-0.02,0.44,621
P4,-0.20,1.25,120
P4,0.00,0.78,219
P4,0.00,0.79,112
P4,-0.01,0.79,89
P4,-0.01,0.78,152
P4,-0.24,0.39,426
P4,-0.14,0.34,446
P4,-0.15,0.34,273
P4,-0.23,1.35,47
P4,-0.03,0.52,233
P4,-0.10,0.60,226
P4,-0.02,0.91,95
P4,-0.01,0.91,174
P4,-0.01,0.92,156
P4,-0.15,0.46,220
P4,-0.09,0.59,373
P4,-0.12,0.43,410
P4,-0.13,0.43,390
P4,0.09,0.83,6
P4,0.09,0.84,27
P4,0.10,0.84,17
P4,0.10,0.83,70
P4,0.11,0.83,123
P4,-0.24,0.85,130
P4,-0.06,0.87,146
P4,-0.05,0.87,139
P4,-0.05,0.88,32
P4,-0.24,0.36,364
P4,-0.01,0.80,169
P4,-0.02,0.80,198
P4,0.20,0.38,90
P4,0.19,0.38,185
P4,0.18,0.38,99
P4,0.02,1.11,27
P4,0.06,0.62,148
P4,0.06,0.63,159
P4,0.07,0.62,218
P4,0.06,0.60,162
P4,-0.06,1.13,172
P4,-0.07,1.13,128
P4,0.10,1.11,9
P4,0.10,1.10,11
P4,-0.19,0.94,320
P4,-0.11,1.39,21
P4,-0.11,1.38,57
P4,0.07,0.65,93
P4,0.08,0.65,48
P4,0.20,0.50,103
P4,0.20,0.49,26
P4,-0.17,1.17,129
P4,-0.18,1.17,148
P4,-0.19,1.17,156
P4,0.24,0.35,314
P4,-0.11,1.31,81
P4,0.05,0.64,297
P4,-0.02,1.02,116
P4,-0.02,1.03,113
P4,-0.03,0.86,223
P4,0.11,0.49,243
P4,-0.14,0.93,119
P4,-0.13,0.93,50
P4,-0.05,0.35,1068
P4,0.22,0.81,78
P4,-0.23,0.56,610
P4,-0.19,1.38,100
P4,-0.19,1.39,24
P4,-0.18,1.38,182
P4,-0.04,0.35,1227
P4,-0.12,0.95,35
P4,-0.13,0.96,99
P4,-0.13,0.95,53
P4,-0.19,0.55,154
P4,0.14,0.37,206
P4,0.15,0.37,204
P4,-0.09,0.87,102
P4,-0.09,0.88,87
P4,-0.10,0.88,92
P4,-0.10,0.87,103
P4,0.06,0.54,230
P4,0.07,0.53,249
P4,0.21,0.27,315
P4,-0.16,1.30,71
P4,-0.15,1.30,64
P4,-0.23,0.92,142
P4,-0.09,0.65,178
P4,-0.10,0.65,540
P4,-0.09,0.37,556
P4,-0.10,0.37,549
P4,-0.05,0.69,121
P4,-0.05,0.70,236
P4,-0.04,0.69,148
P4,-0.19,0.97,330
P4,-0.18,1.19,108
P4,-0.17,1.19,144
P4,0.06,0.67,89
P4,0.06,0.68,96
P4,0.07,0.67,99
P4,0.08,0.67,92
P4,-0.16,0.98,206
P4,0.10,0.23,1072
P4,0.07,0.56,176
P4,0.08,0.56,195
P4,-0.02,0.75,147
P4,-0.12,0.63,325
P4,-0.13,0.64,196
P4,-0.13,0.63,163
P4,-0.06,0.57,351
P4,0.20,0.29,107
P4,0.05,0.62,130
P4,-0.13,0.39,482
P4,-0.17,0.86,113
P4,0.12,0.23,526
P4,0.13,0.23,275
P4,-0.11,0.53,388
P4,-0.12,0.53,482
P4,-0.13,0.53,364
P4,-0.13,0.73,288
P4,-0.13,0.74,179
P4,-0.14,0.74,190
P4,-0.14,0.73,195
P4,-0.15,0.73,77
P4,-0.06,0.49,400
P4,0.17,1.27,2
P4,0.04,0.73,107
P4,0.22,0.45,332
P4,0.21,0.45,86
P4,0.09,0.76,30
P4,0.10,0.76,24
P4,0.11,0.76,33
P4,-0.16,1.16,51
P4,-0.17,1.16,67
P4,-0.18,1.16,53
P4,-0.20,0.70,451
P4,-0.12,1.36,30
P4,-0.13,1.37,75
P4,-0.14,1.37,58
P4,-0.08,1.04,64
P4,-0.07,1.07,177
P4,-0.07,1.06,34
P4,-0.17,1.31,166
P4,-0.15,1.31,121
P4,-0.22,0.95,210
P4,-0.21,0.95,166
P4,-0.12,0.77,134
P4,-0.13,0.77,213
P4,0.03,0.60,171
P4,0.02,0.59,343
P4,-0.13,0.60,188
P4,-0.21,0.26,127
P4,-0.21,0.79,277
P4,-0.20,0.79,243
P4,-0.08,0.48,366
P4,-0.08,0.47,320
P4,0.01,0.87,144
P4,0.01,0.88,120
P4,0.02,0.87,113
P4,-0.04,1.15,115
P4,-0.05,1.15,117
P4,-0.05,1.16,95
P4,0.03,0.76,96
P4,-0.01,0.61,189
P4,0.12,0.36,509
P4,0.12,0.37,300
P4,0.13,0.37,280
P4,-0.10,0.41,666
P4,-0.11,0.41,602
P4,-0.03,0.74,156
P4,-0.20,0.66,182
P4,-0.19,0.66,180
P4,0.10,0.30,846
P4,0.11,0.30,993
P4,0.11,0.29,679
P4,-0.09,0.82,137
P4,-0.10,0.83,126
P4,0.04,0.64,202
P4,0.07,1.08,38
P4,0.07,1.09,32
P4,0.08,1.09,22
P4,0.08,1.08,64
P4,-0.22,0.93,181
P4,-0.21,0.93,249
P4,-0.20,0.93,255
P4,-0.16,1.14,129
P4,-0.03,0.61,311
P4,-0.02,0.61,286
P4,-0.02,0.62,246
P4,-0.01,0.62,291
P4,0.05,0.99,73
P4,0.05,1.00,43
P4,0.06,0.99,31
P4,0.17,1.28,24
P4,0.16,1.28,33
P4,0.15,1.14,15
P4,0.16,1.14,20
P4,0.17,1.14,13
P4,-0.11,0.50,332
P4,-0.09,0.79,161
P4,-0.09,0.80,98
P4,0.06,0.75,78
P4,0.06,0.76,26
P4,0.07,0.76,49
P4,-0.11,0.48,556
P4,-0.12,0.48,582
P4,-0.13,0.48,379
P4,-0.02,0.50,434
P4,0.04,1.08,36
P4,0.04,1.09,16
P4,0.05,1.09,61
P4,0.05,1.08,25
P4,-0.18,0.75,70
P4,-0.18,0.76,168
P4,-0.17,0.76,154
P4,0.24,0.38,444
P4,-0.03,0.46,919
P4,0.18,0.44,278
P4,0.20,1.25,73
P4,0.19,1.25,94
P4,0.18,1.25,34
P4,-0.06,1.04,113
P4,-0.05,1.04,142
P4,-0.05,1.05,64
P4,-0.23,0.98,285
P4,-0.23,0.99,104
P4,-0.22,0.99,132
P4,-0.21,0.99,116
P4,-0.13,0.91,133
P4,-0.13,0.92,138
P4,-0.14,0.91,132
P4,-0.21,0.87,201
P4,-0.04,1.03,73
P4,-0.04,1.04,81
P4,-0.01,0.38,937
P4,-0.01,0.37,1151
P4,-0.09,0.98,193
P4,-0.09,0.99,117
P4,-0.10,0.99,235
P4,-0.10,0.98,178
P4,-0.18,1.18,178
P4,-0.17,1.18,179
P4,-0.07,0.57,408
P4,0.19,0.59,59
P4,0.23,0.78,40
P4,0.12,0.58,111
P4,-0.10,0.45,508
P4,-0.11,0.44,384
P4,-0.16,0.69,137
P4,-0.17,0.69,220
P4,0.09,1.05,35
P4,0.10,1.05,17
P4,0.10,1.06,45
P4,0.11,1.06,31
P4,0.11,1.05,73
P4,-0.16,1.35,67
P4,-0.15,1.35,23
P4,-0.14,1.35,32
P4,-0.18,0.89,273
P4,-0.22,0.34,55
P4,-0.22,0.35,6
P4,-0.21,0.35,109
P4,-0.21,0.34,245
P4,-0.20,0.34,285
P4,-0.06,0.83,150
P4,-0.24,0.90,107
P4,-0.23,0.90,258
P4,-0.21,0.64,326
P4,0.07,0.81,117
P4,0.08,0.82,106
P4,0.05,1.11,114
P4,0.06,1.11,64
P4,0.06,1.10,37
P4,-0.18,1.00,95
P4,-0.17,1.00,163
P4,0.20,0.53,127
P4,-0.01,1.11,40
P4,0.23,0.77,73
P4,-0.05,1.23,99
P4,-0.05,1.24,186
P4,0.22,1.19,38
P4,-0.10,0.80,261
P4,0.07,0.60,124
P4,0.08,0.60,205
P4,-0.09,0.42,625
P4,-0.08,0.29,915
P4,0.00,0.82,64
P4,-0.13,0.54,268
P4,-0.15,0.54,216
P4,0.12,0.83,51
P4,-0.16,0.64,179
P4,-0.16,0.65,273
P4,-0.17,0.65,194
P4,-0.17,0.64,132
P4,-0.09,0.73,247
P4,-0.10,0.73,385
P4,-0.11,0.73,323
P4,-0.17,0.62,129
P4,-0.04,0.68,120
P4,-0.03,0.69,180
P4,-0.03,0.68,343
P4,-0.04,0.39,956
P4,-0.06,0.51,259
P4,-0.07,0.51,262
P4,-0.04,0.61,89
P4,-0.10,0.53,357
P4,-0.22,1.14,85
P4,-0.22,1.15,218
P4,-0.23,1.15,141
P4,-0.23,1.14,183
P4,-0.20,1.13,192
P4,0.19,0.66,124
P4,0.18,0.67,83
P4,0.17,0.66,26
P4,0.16,0.90,45
P4,0.15,0.90,55
P4,0.14,0.90,13
P4,0.21,0.69,102
P4,0.20,0.70,192
P4,0.19,0.70,179
P4,0.19,0.69,119
P4,0.24,1.10,44
P4,0.23,1.10,33
P4,0.22,1.10,46
P4,0.00,0.57,327
P4,-0.01,0.57,221
P4,-0.14,0.46,316
P4,0.08,0.93,28
P4,0.08,0.94,37
P4,0.09,0.94,54
P4,0.09,0.93,33
P4,0.07,0.66,45
P4,0.06,0.59,177
P4,-0.12,0.41,638
P4,-0.08,0.80,199
P4,-0.08,0.81,68
P4,-0.08,0.79,177
P4,0.13,0.25,280
P4,0.14,0.25,151
P4,0.15,0.25,12
P4,0.24,0.48,274
P4,-0.17,0.38,123
P4,-0.18,0.95,259
P4,-0.17,0.95,189
P4,0.10,1.32,74
P4,0.10,1.33,9
P4,0.11,1.33,21
P4,0.11,1.32,61
P4,0.12,1.32,60
P4,-0.07,0.77,83
P4,-0.08,0.77,54
P4,0.06,0.96,55
P4,0.06,0.97,55
P4,0.07,0.97,71
P4,0.07,0.96,71
P4,-0.20,1.24,95
P4,-0.19,1.24,80
P4,0.12,0.31,499
P4,-0.02,0.63,297
P4,-0.03,0.62,225
P4,0.13,0.41,668
P4,0.13,0.42,1028
P4,0.14,0.41,728
P4,-0.08,0.73,85
P4,-0.09,0.74,170
P4,-0.17,1.04,158
P4,-0.16,1.04,108
P4,-0.14,0.66,146
P4,-0.15,0.66,143
P4,-0.15,0.65,279
P4,0.02,0.92,117
P4,0.03,0.93,56
P4,-0.12,1.37,57
P4,-0.12,0.27,552
P4,0.04,0.38,1333
P4,-0.15,0.78,126
P4,0.24,0.69,35
P4,0.12,0.30,763
P4,0.14,0.31,213
P4,-0.23,0.27,137
P4,-0.22,0.27,225
P4,-0.01,0.52,206
P4,-0.15,1.21,14
P4,-0.14,1.21,29
P4,-0.12,1.35,41
P4,-0.22,0.41,143
P4,-0.02,0.31,1363
P4,-0.19,0.72,285
P4,-0.16,1.18,133
P4,-0.16,0.56,118
P4,-0.17,0.56,203
P4,-0.18,0.56,194
P4,0.04,0.43,879
P4,0.12,1.03,9
P4,-0.23,0.91,231
P4,-0.22,0.91,245
P4,-0.21,0.91,265
P4,-0.04,0.56,357
P4,-0.14,0.67,156
P4,0.02,0.70,154
P4,0.08,0.96,35
P4,0.09,0.96,18
P4,0.09,0.95,58
P4,0.10,0.95,28
P4,-0.02,0.90,47
P4,-0.14,0.60,233
P4,-0.15,0.60,116
P4,0.18,0.83,18
P4,0.17,0.83,40
P4,0.16,0.83,43
P4,-0.10,0.42,672
P4,-0.10,0.43,423
P4,-0.06,1.22,4
P4,-0.06,1.23,6
P4,-0.05,1.22,6
P4,-0.24,0.28,14
P4,-0.23,0.28,236
P4,-0.03,0.59,299
P4,-0.03,0.60,202
P4,-0.04,0.60,173
P4,-0.04,0.59,252
P4,0.17,0.47,83
P4,0.18,0.47,76
P4,-0.24,1.21,164
P4,-0.23,1.21,166
P4,-0.15,0.61,217
P4,0.12,0.42,908
P4,0.12,0.43,1179
P4,-0.23,0.25,14
P4,-0.22,0.25,80
P4,-0.17,1.05,150
P4,0.03,0.38,1118
P4,0.03,0.39,1094
P4,0.02,0.36,930
P4,0.03,0.37,1324
P4,0.02,0.37,1118
P4,-0.14,0.32,175
P4,0.07,0.51,692
P4,-0.21,0.74,342
P4,0.12,0.25,500
P4,-0.22,0.32,375
P4,-0.22,0.33,116
P4,-0.21,0.33,257
P4,0.00,1.04,85
P4,0.00,1.05,47
P4,0.00,1.14,16
P4,0.01,1.15,66
P4,0.01,1.14,24
P4,0.11,0.43,528
P4,-0.11,1.29,14
P4,-0.11,1.30,153
P4,-0.15,0.48,231
P4,-0.17,0.48,181
P4,0.04,0.96,69
P4,0.05,0.97,49
P4,-0.19,1.15,117
P4,0.00,0.87,90
P4,0.00,0.88,112
P4,-0.12,0.22,429
P4,-0.13,0.22,96
P4,-0.15,1.37,51
P4,-0.14,0.54,352
P4,0.08,1.05,65
P4,-0.21,0.32,398
P4,-0.04,0.75,100
P4,-0.18,0.94,294
P4,-0.19,1.30,63
P4,-0.19,1.31,107
P4,-0.18,1.31,116
P4,-0.18,1.30,73
P4,-0.17,1.30,50
P4,0.14,0.33,230
P4,0.03,0.40,927
P4,0.04,0.40,1187
P4,-0.21,1.30,25
P4,-0.21,1.31,79
P4,-0.22,1.31,31
P4,-0.12,0.89,177
P4,-0.12,0.90,121
P4,-0.02,0.38,857
P4,0.14,0.42,1061
P4,-0.14,0.39,207
P4,-0.15,0.39,148
P4,-0.24,0.95,154
P4,-0.14,1.29,46
P4,-0.15,1.29,64
P4,-0.16,1.29,44
P4,0.02,0.39,1033
P4,-0.12,0.21,192
P4,0.22,1.06,33
P4,0.21,1.06,43
P4,0.20,1.06,18
P4,-0.09,0.76,192
P4,-0.11,0.76,76
P4,0.13,0.36,456
P4,0.18,0.42,199
P4,-0.20,0.54,188
P4,0.04,0.66,135
P4,0.04,0.67,120
P4,0.05,0.67,108
P4,0.05,0.66,77
P4,-0.15,0.28,123
P4,0.19,0.33,63
P4,0.19,0.32,90
P4,0.24,1.06,19
P4,0.24,1.07,6
P4,0.23,1.07,77
P4,0.23,1.06,22
P4,0.14,0.24,93
P4,-0.21,0.45,55
P4,-0.02,0.53,269
P4,-0.19,1.10,196
P4,-0.18,1.10,55
P4,-0.20,0.88,130
P4,0.07,0.46,1808
P4,-0.24,0.65,391
P4,-0.11,0.84,86
P4,-0.12,0.85,206
P4,-0.21,0.62,399
P4,0.17,0.77,129
P4,0.16,0.77,101
P4,0.10,0.51,146
P4,-0.16,1.03,219
P4,0.16,0.41,583
P4,-0.12,0.99,187
P4,-0.12,1.00,103
P4,-0.22,0.31,532
P4,-0.21,0.31,543
P4,-0.20,0.31,261
P4,0.23,0.48,353
P4,0.22,0.62,119
P4,0.21,0.62,248
P4,-0.19,0.71,158
P4,-0.16,0.59,133
P4,-0.17,0.59,121
P4,-0.18,0.59,106
P4,0.11,0.51,70
P4,-0.15,1.26,63
P4,-0.14,1.26,112
P4,-0.13,1.26,64
P4,-0.17,0.83,228
P4,-0.10,1.26,105
P4,-0.11,1.26,30
P4,-0.11,1.27,145
P4,-0.12,1.26,78
P4,-0.11,0.65,468
P4,-0.10,0.49,443
P4,-0.09,0.70,270
P4,0.12,0.21,182
P4,-0.17,0.93,214
P4,-0.16,0.93,141
P4,-0.12,0.39,538
P4,-0.21,0.49,387
P4,-0.20,0.49,120
P4,-0.18,0.64,89
P4,0.10,0.44,376
P4,-0.13,0.57,237
P4,-0.13,0.58,165
P4,-0.14,0.57,221
P4,-0.15,0.57,201
P4,-0.23,0.39,250
P4,-0.06,1.08,39
P4,-0.07,1.08,100
P4,-0.03,0.50,497
P4,0.07,0.79,99
P4,-0.14,1.12,100
P4,-0.15,1.12,234
P4,-0.15,1.13,216
P4,-0.16,1.13,172
P4,-0.16,1.12,180
P4,0.22,0.33,35
P4,0.22,0.34,98
P4,-0.03,1.26,17
P4,-0.03,1.27,111
P4,-0.02,1.27,98
P4,-0.02,1.26,58
P4,0.21,0.26,175
P4,-0.23,0.31,220
P4,-0.24,1.29,86
P4,-0.23,1.29,119
P4,-0.22,1.29,28
P4,0.20,0.64,134
P4,0.23,0.62,111
P4,0.23,0.63,62
P4,0.22,0.63,75
P4,-0.07,0.76,145
P4,-0.08,0.76,197
P4,-0.22,0.28,416
P4,-0.18,0.65,128
P4,0.12,0.29,412
P4,0.13,0.29,297
P4,0.02,0.90,122
P4,0.03,0.90,147
P4,0.04,0.90,53
P4,-0.02,0.78,99
P4,-0.02,0.77,143
P4,-0.15,0.63,130
P4,0.01,0.58,317
P4,0.01,0.59,342
P4,-0.17,0.58,175
P4,-0.19,0.58,167
P4,0.11,0.37,398
P4,-0.17,1.27,80
P4,-0.05,0.82,111
P4,-0.13,1.18,80
P4,-0.12,1.18,95
P4,0.23,0.92,54
P4,0.22,0.92,45
P4,-0.13,1.06,139
P4,-0.14,1.05,13
P4,-0.02,1.10,76
P4,-0.03,1.10,112
P4,0.02,0.86,94
P4,0.03,0.87,70
P4,0.03,0.86,74
P4,0.24,0.71,68
P4,-0.14,0.35,321
P4,-0.17,0.49,105
P4,-0.05,1.08,55
P4,-0.24,0.99,95
P4,-0.24,0.98,159
P4,0.16,0.40,180
P4,-0.16,0.34,135
P4,-0.17,0.34,53
P4,-0.18,0.34,46
P4,-0.12,0.54,361
P4,0.19,0.36,132
P4,-0.05,0.77,43
P4,-0.05,0.78,153
P4,-0.21,0.36,59
P4,-0.21,0.37,43
P4,-0.03,0.38,997
P4,-0.19,0.39,79
P4,-0.19,0.40,57
P4,-0.18,0.40,86
P4,0.13,0.57,50
P4,0.12,0.57,123
P4,-0.19,0.92,202
P4,-0.14,0.42,236
P4,-0.11,0.66,293
P4,-0.12,0.66,178
P4,0.20,0.28,90
P4,-0.09,0.43,467
P4,0.21,0.48,121
P4,-0.09,0.91,80
P4,-0.09,0.92,184
P4,-0.17,0.37,120
P4,-0.18,0.35,73
P4,-0.10,0.84,68
P4,-0.10,0.85,201
P4,-0.14,1.23,100
P4,-0.14,1.24,77
P4,-0.13,1.24,31
P4,-0.12,1.24,55
P4,-0.12,1.23,47
P4,-0.18,0.96,133
P4,-0.24,0.29,121
P4,0.11,0.28,700
P4,0.12,0.28,591
P4,-0.15,0.33,109
P4,-0.17,0.82,173
P4,-0.18,0.82,265
P4,-0.21,1.16,103
P4,-0.20,1.16,92
P4,-0.19,1.16,71
P4,-0.06,1.31,35
P4,-0.06,1.32,156
P4,-0.09,0.81,154
P4,-0.10,0.81,229
P4,-0.14,1.34,73
P4,-0.13,1.35,43
P4,-0.18,1.39,8
P4,-0.16,0.38,64
P4,-0.18,1.32,161
P4,-0.19,1.32,96
P4,-0.04,1.24,76
P4,-0.04,1.25,79
P4,0.00,0.59,496
P4,0.19,0.77,65
P4,0.18,0.77,107
P4,0.20,0.92,36
P4,0.21,0.92,38
P4,0.14,0.35,238
P4,0.20,0.96,72
P4,-0.01,0.76,125
P4,-0.01,0.77,226
P4,-0.12,0.28,528
P4,-0.13,0.29,433
P4,-0.21,0.75,203
P4,-0.13,0.68,55
P4,-0.13,0.69,216
P4,-0.14,0.69,178
P4,-0.14,0.68,123
P4,-0.17,0.42,131
P4,-0.15,0.40,184
P4,-0.16,0.41,186
P4,-0.16,0.40,217
P4,-0.17,0.40,167
P4,-0.11,1.12,76
P4,-0.11,1.13,108
P4,-0.12,1.12,43
P4,-0.12,1.11,38
P4,-0.14,0.86,160
P4,-0.15,0.86,234
P4,0.20,0.37,82
P4,0.18,0.37,63
P4,-0.12,0.69,145
P4,-0.12,0.70,370
P4,0.21,0.25,20
P4,0.11,0.25,875
P4,0.00,0.84,81
P4,0.01,0.84,202
P4,-0.05,0.73,328
P4,-0.04,0.73,262
P4,-0.04,0.74,176
P4,-0.04,0.65,210
P4,-0.04,0.66,328
P4,-0.03,0.66,312
P4,-0.03,0.65,298
P4,0.10,0.86,103
P4,0.06,0.46,3718
P4,0.24,0.34,269
P4,-0.15,0.31,126
P4,-0.22,1.35,35
P4,-0.21,1.35,80
P4,-0.21,1.36,16
P4,-0.20,1.35,72
P4,-0.21,1.20,173
P4,-0.21,1.21,163
P4,-0.04,1.12,105
P4,-0.03,0.63,223
P4,-0.17,0.89,213
P4,-0.17,0.90,228
P4,-0.18,0.90,264
P4,-0.19,0.90,289
P4,-0.15,0.98,136
P4,0.11,0.36,429
P4,0.06,0.89,58
P4,0.06,0.90,52
P4,0.07,0.90,91
P4,0.07,0.89,103
P4,-0.20,0.55,159
P4,-0.04,1.34,61
P4,-0.03,1.34,49
P4,-0.03,1.33,22
P4,0.01,0.78,167
P4,0.04,0.42,979
P4,0.13,0.35,338
P4,-0.23,0.36,139
P4,0.02,0.38,959
P4,-0.04,0.48,683
P4,-0.21,0.59,416
P4,-0.14,0.23,14
P4,-0.18,0.81,211
P4,0.24,0.78,41
P4,-0.15,0.93,95
P4,-0.24,0.76,242
P4,-0.21,1.28,66
P4,0.22,0.95,65
P4,0.21,0.95,25
P4,-0.14,0.24,117
P4,0.12,1.30,10
P4,0.12,1.31,48
P4,0.13,1.31,61
P4,-0.20,1.27,128
P4,-0.19,1.27,101
P4,-0.18,1.27,103
P4,-0.06,0.65,301
P4,-0.20,0.90,248
P4,-0.17,1.38,167
P4,0.07,1.03,99
P4,0.08,1.03,48
P4,-0.20,1.21,177
P4,-0.18,1.22,143
P4,-0.04,1.06,45
P4,-0.04,1.07,124
P4,-0.03,1.07,82
P4,-0.03,1.06,4
P4,0.22,0.44,287
P4,-0.04,0.71,146
P4,0.12,0.34,482
P4,-0.11,0.98,100
P4,-0.12,0.98,100
P4,-0.13,0.97,36
P4,-0.16,0.54,203
P4,0.15,0.46,1072
P4,-0.13,0.79,179
P4,-0.07,0.52,335
P4,0.23,0.25,11
P4,0.22,0.25,20
P4,0.12,0.54,56
P4,0.12,0.55,93
P4,0.11,0.54,81
P4,-0.08,0.70,206
P4,-0.13,1.30,169
P4,-0.20,1.08,57
P4,-0.06,0.68,226
P4,-0.17,0.87,218
P4,-0.17,0.54,146
P4,-0.17,0.55,121
P4,-0.18,0.54,124
P4,0.04,1.10,28
P4,0.05,1.10,118
P4,-0.09,1.08,144
P4,0.15,0.38,203
P4,0.16,0.38,118
P4,0.17,0.38,40
P4,0.22,0.32,564
P4,0.06,0.55,384
P4,-0.04,1.16,17
P4,0.19,0.61,73
P4,0.11,1.16,9
P4,0.24,1.17,28
P4,0.23,1.17,28
P4,0.23,1.16,28
P4,0.22,0.59,100
P4,0.21,0.59,67
P4,0.20,0.59,66
P4,-0.19,0.70,406
P4,-0.10,0.74,214
P4,-0.15,0.69,142
P4,-0.20,1.03,252
P4,-0.11,1.01,85
P4,-0.24,1.38,108
P4,-0.24,1.37,230
P4,0.18,0.68,114
P4,0.17,0.68,15
P4,0.21,0.63,143
P4,-0.22,1.06,137
P4,-0.21,1.06,63
P4,-0.19,0.29,34
P4,0.23,0.38,296
P4,0.22,0.38,38
P4,-0.11,0.81,201
P4,-0.14,0.36,416
P4,-0.16,1.02,217
P4,-0.15,1.02,166
P4,-0.14,1.02,97
P4,-0.15,0.71,78
P4,-0.16,0.71,46
P4,-0.17,0.71,71
P4,-0.01,0.81,117
P4,-0.03,0.80,201
P4,0.22,0.72,76
P4,-0.03,0.82,89
P4,-0.01,0.82,93
P4,0.12,0.63,94
P4,-0.23,0.37,176
P4,-0.20,0.50,62
P4,0.24,0.77,58
P4,0.13,0.62,62
P4,0.14,0.62,21
P4,0.15,0.62,28
P4,-0.21,1.19,122
P4,-0.20,1.19,100
P4,0.12,0.56,102
P4,0.13,0.56,26
P4,-0.18,0.99,95
P4,-0.17,0.99,108
P4,-0.07,0.95,180
P4,-0.07,0.96,187
P4,-0.17,1.07,127
P4,-0.17,1.08,148
P4,0.23,1.22,3
P4,0.23,1.23,79
P4,0.22,1.23,88
P4,0.22,1.22,3
P4,0.21,1.22,27
P4,0.22,0.43,231
P4,0.21,0.43,39
P4,-0.06,0.73,227
P4,-0.06,0.72,174
P4,-0.19,1.18,163
P4,-0.04,0.62,33
P4,-0.09,0.49,234
P4,0.20,0.99,49
P4,0.20,1.00,44
P4,0.19,1.00,37
P4,0.19,0.99,57
P4,-0.24,1.10,99
P4,-0.24,1.11,96
P4,-0.23,1.11,162
P4,-0.22,1.11,70
P4,-0.22,1.10,115
P4,-0.09,1.12,27
P4,-0.09,1.13,46
P4,-0.10,1.13,138
P4,-0.10,1.12,15
P4,0.13,1.27,1
P4,-0.04,0.98,32
P4,-0.04,0.99,143
P4,-0.05,0.98,43
P4,0.11,0.75,14
P4,0.01,1.01,104
P4,0.01,1.02,45
P4,0.03,0.41,1213
P4,-0.14,0.25,165
P4,-0.15,0.25,30
P4,0.10,0.88,25
P4,0.11,0.88,59
P4,-0.17,0.53,68
P4,-0.18,0.53,65
P4,-0.19,0.53,65
P4,0.00,1.00,39
P4,0.00,1.01,119
P4,0.01,1.00,63
P4,-0.14,0.87,152
P4,-0.16,0.86,193
P4,-0.24,0.86,186
P4,-0.08,1.16,23
P4,-0.09,1.16,32
P4,-0.10,1.16,102
P4,0.24,0.76,85
P4,-0.10,0.94,38
P4,-0.10,0.95,47
P4,-0.11,0.95,116
P4,-0.11,0.94,59
P4,-0.13,1.11,49
P4,-0.17,1.11,87
P4,-0.16,1.11,101
P4,-0.15,1.11,82
P4,0.07,1.20,7
P4,0.08,1.20,49
P4,0.09,1.20,117
P4,-0.17,1.10,107
P4,0.22,0.98,61
P4,0.21,0.98,58
P4,-0.13,1.15,89
P4,-0.13,1.16,174
P4,-0.14,1.16,94
P4,-0.14,1.15,74
P4,0.22,0.52,311
P4,0.21,0.52,237
P4,-0.11,0.85,86
P4,0.08,0.45,268
P4,0.20,1.33,17
P4,0.19,1.33,18
P4,0.18,1.33,3
P4,0.23,0.64,64
P4,0.23,0.65,65
P4,0.22,0.65,62
P4,0.22,0.64,105
P4,-0.08,1.15,61
P4,-0.08,1.14,69
P4,0.06,0.61,127
P4,-0.02,0.54,287
P4,-0.12,0.86,85
P4,-0.13,0.87,113
P4,-0.13,0.86,59
P4,-0.14,0.95,62
P4,-0.15,0.95,126
P4,-0.21,1.03,237
P4,-0.04,0.72,201
P4,-0.03,0.72,156
P4,-0.03,0.71,46
P4,-0.21,0.28,317
P4,-0.20,0.28,92
P4,0.11,0.50,143
P4,-0.10,1.30,106
P4,-0.10,1.31,72
P4,0.08,0.77,127
P4,0.09,0.77,83
P4,0.10,0.77,16
P4,0.10,0.66,15
P4,0.11,0.66,54
P4,0.12,0.66,38
P4,0.06,0.57,331
P4,0.07,0.57,380
P4,0.07,0.58,141
P4,-0.17,0.66,107
P4,-0.18,0.66,149
P4,-0.06,0.58,148
P4,0.24,0.50,209
P4,0.24,0.32,92
P4,0.07,1.32,69
P4,0.08,1.32,63
P4,0.08,1.33,65
P4,0.09,1.32,107
P4,0.17,0.41,245
P4,0.24,0.70,31
P4,0.00,0.75,130
P4,0.01,0.75,91
P4,-0.10,0.89,68
P4,-0.11,0.89,97
P4,-0.11,0.90,56
P4,0.00,0.74,163
P4,-0.11,0.77,87
P4,0.02,1.33,54
P4,0.03,1.33,43
P4,0.03,1.34,27
P4,0.04,1.33,50
P4,0.13,0.22,57
P4,0.00,0.85,155
P4,0.00,0.86,146
P4,0.01,0.86,139
P4,0.01,0.85,167
P4,0.24,0.93,72
P4,0.23,0.93,54
P4,-0.14,0.29,278
P4,-0.05,0.79,216
P4,0.20,1.01,19
P4,0.22,0.27,242
P4,-0.18,1.13,154
P4,0.07,1.04,19
P4,0.08,1.04,52
P4,-0.15,1.15,46
P4,0.13,0.63,78
P4,0.14,0.63,68
P4,0.21,0.65,75
P4,0.20,0.65,103
P4,0.19,0.65,75
P4,0.24,1.35,13
P4,0.23,1.35,20
P4,0.23,1.36,31
P4,0.22,1.35,31
P4,0.10,0.80,50
P4,0.11,0.80,10
P4,-0.05,0.57,402
P4,-0.04,0.57,260
P4,0.05,0.63,200
P4,0.21,0.51,217
P4,0.20,1.35,16
P4,-0.02,0.68,181
P4,-0.02,0.69,60
P4,-0.06,1.36,63
P4,-0.06,1.35,1
P4,0.00,0.92,96
P4,0.01,0.92,147
P4,0.02,0.91,44
P4,-0.24,0.32,128
P4,-0.08,1.13,152
P4,-0.23,1.10,125
P4,-0.24,1.33,98
P4,-0.23,1.33,129
P4,-0.15,0.32,231
P4,-0.16,0.32,200
P4,0.23,0.40,322
P4,0.24,0.57,56
P4,0.24,0.56,128
P4,0.23,0.56,217
P4,0.24,0.97,19
P4,0.23,0.97,29
P4,0.22,0.97,17
P4,-0.11,0.99,107
P4,-0.16,0.60,106
P4,0.05,0.68,130
P4,0.16,0.33,36
P4,0.11,1.37,43
P4,0.11,1.38,20
P4,0.12,1.38,22
P4,-0.05,1.13,67
P4,-0.05,1.14,84
P4,-0.08,0.52,311
P4,-0.09,0.52,224
P4,0.09,1.09,6
P4,0.20,0.52,70
P4,0.09,1.27,40
P4,0.10,1.27,51
P4,0.11,1.27,31
P4,-0.12,1.15,46
P4,-0.12,1.16,45
P4,-0.15,0.96,106
P4,-0.14,0.96,50
P4,-0.11,0.86,95
P4,-0.11,0.87,86
P4,0.10,0.53,226
P4,0.11,0.53,176
P4,0.12,0.53,165
P4,0.17,0.40,192
P4,0.22,0.58,146
P4,0.21,0.58,189
P4,0.20,0.58,124
P4,0.24,0.90,15
P4,0.24,0.89,39
P4,-0.21,1.34,139
P4,-0.18,0.70,299
P4,-0.17,0.70,182
P4,-0.22,0.52,228
P4,-0.21,0.52,108
P4,0.20,0.98,29
P4,-0.14,1.20,78
P4,-0.13,1.20,28
P4,0.20,0.69,84
P4,0.18,0.69,111
P4,0.22,0.48,380
P4,-0.17,0.88,274
P4,-0.18,0.88,186
P4,-0.24,0.34,164
P4,-0.22,1.37,94
P4,-0.21,1.37,72
P4,-0.19,1.00,130
P4,-0.19,1.01,224
P4,0.22,0.93,52
P4,-0.21,1.15,134
P4,-0.11,1.04,92
P4,-0.09,0.72,82
P4,-0.11,0.62,408
P4,-0.11,0.63,164
P4,-0.12,0.62,325
P4,-0.15,0.35,262
P4,0.06,1.16,8
P4,0.07,1.16,22
P4,0.08,1.16,36
P4,0.18,0.73,82
P4,0.17,0.73,100
P4,-0.04,0.53,314
P4,-0.03,0.53,165
P4,-0.03,0.54,199
P4,-0.22,1.12,114
P4,-0.22,1.13,111
P4,-0.21,1.12,175
P4,-0.20,1.12,160
P4,-0.18,0.71,144
P4,-0.22,0.40,95
P4,0.11,0.42,351
P4,-0.19,1.20,154
P4,-0.19,1.21,110
P4,-0.15,1.05,22
P4,0.15,0.30,239
P4,0.16,0.30,103
P4,0.08,0.53,360
P4,0.23,0.71,75
P4,0.22,0.71,90
P4,0.21,0.71,92
P4,0.24,0.63,26
P4,0.24,0.62,107
P4,0.09,0.53,252
P4,-0.20,0.58,169
P4,0.17,0.69,44
P4,0.17,0.36,94
P4,-0.06,0.86,37
P4,0.02,1.03,18
P4,0.03,1.03,88
P4,0.04,1.03,86
P4,-0.14,0.30,263
P4,-0.07,0.53,386
P4,-0.24,1.13,59
P4,-0.23,1.13,86
P4,-0.16,0.57,211
P4,-0.11,0.93,94
P4,-0.12,0.93,115
P4,-0.12,0.92,35
P4,-0.19,0.86,98
P4,0.05,0.91,21
P4,0.05,0.90,38
P4,-0.12,0.57,320
P4,-0.10,0.86,47
P4,-0.24,0.33,119
P4,0.24,0.51,157
P4,0.23,0.51,231
P4,-0.16,1.32,71
P4,-0.24,1.00,138
P4,0.19,0.44,53
P4,0.19,0.45,49
P4,0.18,0.45,134
P4,0.20,1.19,9
P4,0.19,1.19,15
P4,0.05,1.39,9
P4,0.05,1.38,28
P4,-0.10,1.39,8
P4,-0.10,1.38,40
P4,-0.11,0.69,131
P4,-0.11,0.70,323
P4,-0.17,0.91,224
P4,-0.20,1.15,102
P4,0.14,0.23,27
P4,-0.17,0.45,118
P4,-0.17,0.44,106
P4,-0.16,0.95,134
P4,0.23,0.26,44
P4,0.22,0.26,146
P4,-0.16,0.33,57
P4,-0.17,0.33,32
P4,0.02,0.40,1093
P4,-0.15,1.14,130
P4,-0.20,1.00,80
P4,-0.03,0.64,179
P4,-0.02,0.65,161
P4,-0.02,0.64,359
P4,0.23,0.68,37
P4,0.23,0.69,53
P4,0.22,0.69,83
P4,0.21,0.68,116
P4,-0.21,0.42,11
P4,-0.11,0.78,50
P4,-0.18,0.74,130
P4,0.22,0.83,29
P4,0.21,0.83,38
P4,0.21,0.84,59
P4,0.20,0.84,39
P4,0.20,0.83,79
P4,0.07,1.39,10
P4,0.07,1.38,42
P4,-0.17,1.34,67
P4,-0.17,1.35,144
P4,-0.18,1.35,108
P4,-0.18,1.34,129
P4,-0.19,1.34,148
P4,-0.06,0.71,193
P4,-0.17,1.02,207
P4,-0.05,0.97,33
P4,0.02,1.17,22
P4,0.02,1.18,59
P4,0.03,1.18,34
P4,0.03,1.17,21
P4,-0.22,0.96,149
P4,-0.23,0.96,74
P4,0.22,0.37,6
P4,-0.12,0.81,67
P4,0.15,0.32,164
P4,0.15,0.31,130
P4,-0.03,1.15,60
P4,-0.03,1.16,255
P4,0.20,0.26,14
P4,0.05,0.56,277
P4,-0.01,0.88,86
P4,0.00,0.89,199
P4,0.01,0.89,135
P4,0.24,0.75,39
P4,-0.24,0.97,105
P4,-0.20,0.51,87
P4,-0.19,1.11,90
P4,-0.20,1.11,130
P4,0.23,0.57,157
P4,0.22,0.57,215
P4,-0.22,1.05,125
P4,-0.20,1.06,93
P4,-0.19,1.06,112
P4,-0.15,0.47,180
P4,-0.16,0.47,149
P4,-0.17,0.47,149
P4,-0.20,0.35,119
P4,0.12,0.70,28
P4,0.13,0.70,58
P4,0.14,0.70,34
P4,-0.24,0.35,264
P4,-0.23,0.35,88
P4,-0.06,0.98,109
P4,-0.06,0.99,213
P4,-0.16,1.07,54
P4,0.21,0.86,14
P4,0.20,0.86,36
P4,-0.20,0.91,303
P4,-0.19,0.91,246
P4,-0.18,0.91,214
P4,0.22,0.56,200
P4,0.19,0.67,119
P4,0.17,0.67,6
P4,-0.19,1.19,117
P4,0.17,0.92,25
P4,0.18,0.92,45
P4,0.19,0.92,32
P4,-0.18,0.55,105
P4,0.20,0.39,70
P4,0.19,0.39,145
P4,0.18,0.39,210
P4,-0.18,0.47,125
P4,0.14,0.96,25
P4,0.13,0.96,23
P4,0.07,1.06,60
P4,0.07,1.07,13
P4,0.08,1.07,23
P4,0.08,1.06,27
P4,0.09,1.06,31
P4,-0.14,1.13,73
P4,-0.14,1.14,68
P4,0.20,0.72,44
P4,0.19,0.72,95
P4,0.18,0.72,95
P4,-0.20,0.30,188
P4,0.17,0.34,66
P4,-0.02,0.86,34
P4,-0.01,0.86,104
P4,0.19,0.80,8
P4,0.18,0.80,37
P4,0.17,0.80,46
P4,-0.19,0.28,12
P4,0.05,0.59,124
P4,-0.21,1.27,51
P4,0.09,0.51,281
P4,-0.01,1.30,111
P4,-0.01,1.31,28
P4,0.00,1.30,54
P4,-0.11,0.80,99
P4,-0.02,1.14,40
P4,-0.02,1.13,24
P4,-0.03,0.67,250
P4,-0.05,1.03,63
P4,-0.16,1.00,63
P4,-0.24,1.14,159
P4,-0.14,0.94,137
P4,0.05,0.89,49
P4,-0.13,0.98,34
P4,-0.14,0.98,41
P4,-0.02,0.57,237
P4,0.05,0.75,217
P4,-0.04,0.82,58
P4,-0.04,0.81,156
P4,-0.17,1.26,78
P4,-0.19,1.26,42
P4,-0.17,0.96,141
P4,-0.16,0.96,125
P4,0.12,0.27,614
P4,-0.18,0.67,178
P4,-0.17,0.67,150
P4,0.04,1.07,33
P4,0.05,1.07,30
P4,0.09,0.72,57
P4,0.10,0.72,71
P4,0.11,0.72,17
P4,-0.15,0.64,228
P4,-0.11,0.57,402
P4,0.19,0.43,40
P4,0.18,0.43,259
P4,-0.17,0.94,160
P4,0.24,0.87,66
P4,0.23,0.87,69
P4,0.22,0.91,18
P4,-0.01,0.85,30
P4,0.24,0.52,274
P4,0.04,0.88,88
P4,0.04,0.89,76
P4,0.05,0.88,64
P4,-0.23,1.23,97
P4,0.21,0.82,29
P4,0.20,0.82,17
P4,0.19,0.82,28
P4,0.07,0.98,34
P4,0.08,0.99,143
P4,0.08,0.98,17
P4,0.10,0.43,208
P4,0.09,1.25,27
P4,0.10,1.25,33
P4,-0.05,0.72,79
P4,0.16,1.01,44
P4,0.15,1.01,33
P4,0.14,1.01,4
P4,-0.24,1.28,31
P4,-0.24,1.27,43
P4,-0.17,0.68,150
P4,0.19,0.84,66
P4,0.18,0.84,93
P4,0.17,0.84,56
P4,0.22,1.07,80
P4,-0.21,1.25,150
P4,0.04,1.29,39
P4,0.04,1.30,16
P4,0.05,1.30,21
P4,0.05,1.29,27
P4,0.06,1.29,38
P4,-0.03,0.58,160
P4,0.02,0.80,130
P4,0.02,0.81,162
P4,-0.15,1.27,132
P4,-0.17,0.77,176
P4,-0.16,0.77,149
P4,-0.23,1.37,123
P4,0.23,0.66,139
P4,0.24,0.66,110
P4,0.24,0.65,45
P4,0.20,1.12,46
P4,0.19,1.12,20
P4,0.18,1.12,17
P4,-0.06,1.16,56
P4,0.18,0.63,98
P4,0.13,1.01,17
P4,0.12,1.01,5
P4,0.15,0.35,256
P4,0.16,0.34,171
P4,-0.20,0.48,25
P4,-0.21,0.46,145
P4,0.06,1.05,82
P4,0.06,1.06,52
P4,-0.15,1.16,77
P4,0.20,0.48,69
P4,-0.16,0.42,139
P4,-0.24,1.05,168
P4,-0.23,1.05,109
P4,0.00,0.81,44
P4,-0.22,1.25,143
P4,0.24,0.55,110
P4,-0.09,0.77,117
P4,-0.10,0.61,142
P4,-0.02,1.39,2
P4,-0.02,1.38,4
P4,-0.01,1.38,13
P4,-0.24,1.25,111
P4,-0.24,1.24,82
P4,-0.21,0.69,517
P4,-0.14,0.84,98
P4,-0.13,0.47,268
P4,-0.14,0.97,170
P4,-0.24,1.32,114
P4,-0.24,1.31,63
P4,-0.20,1.38,60
P4,-0.12,0.44,286
P4,-0.24,1.20,85
P4,-0.04,0.90,138
P4,-0.03,0.90,40
P4,-0.16,0.63,233
P4,-0.17,0.63,154
P4,-0.18,0.63,140
P4,-0.15,0.75,84
P4,-0.06,0.76,123
P4,-0.06,0.77,2
P4,-0.06,0.75,167
P4,0.13,1.07,24
P4,0.12,1.07,6
P4,0.15,1.19,45
P4,0.16,1.19,40
P4,0.17,1.19,26
P4,0.07,1.05,127
P4,0.21,1.10,10
P4,0.04,0.44,1470
P4,0.24,0.54,179
P4,0.23,0.54,284
P4,-0.01,1.01,47
P4,0.00,1.02,39
P4,0.09,0.56,252
P4,-0.02,1.16,34
P4,-0.02,1.17,32
P4,-0.01,1.17,119
P4,-0.16,0.94,98
P4,-0.15,0.94,86
P4,0.23,1.13,29
P4,0.22,1.13,27
P4,0.21,1.13,42
P4,0.05,1.32,66
P4,0.06,1.32,93
P4,-0.24,1.15,73
P4,-0.16,1.19,48
P4,-0.04,1.33,15
P4,-0.02,0.79,48
P4,-0.03,0.57,378
P4,0.23,0.59,119
P4,0.24,0.59,109
P4,0.24,0.58,77
P4,0.04,0.93,70
P4,0.04,0.94,44
P4,0.05,0.94,65
P4,0.18,0.60,42
P4,0.06,0.58,173
P4,0.21,0.35,94
P4,0.19,0.35,97
P4,0.22,0.70,101
P4,0.21,0.70,116
P4,-0.10,1.33,41
P4,0.18,0.90,85
P4,0.19,0.90,29
P4,-0.19,0.52,93
P4,-0.19,0.51,15
P4,-0.11,1.22,112
P4,-0.10,1.22,24
P4,0.19,0.49,18
P4,0.19,0.48,80
P4,0.14,1.14,29
P4,0.13,1.14,59
P4,-0.19,0.46,54
P4,-0.20,0.46,35
P4,-0.07,1.03,26
P4,-0.07,1.04,81
P4,-0.06,1.03,37
P4,-0.23,0.32,63
P4,-0.20,0.52,55
P4,0.20,0.97,43
P4,0.19,0.97,70
P4,0.18,0.97,37
P4,-0.20,1.20,101
P4,-0.05,0.59,199
P4,-0.05,0.60,154
P4,-0.14,0.75,162
P4,0.09,0.64,235
P4,0.09,0.65,89
P4,0.10,0.65,83
P4,0.10,0.64,176
P4,-0.22,0.76,139
P4,-0.23,0.95,211
P4,-0.01,0.94,130
P4,-0.01,0.95,74
P4,0.02,0.76,81
P4,0.07,0.72,151
P4,0.08,0.72,56
P4,-0.16,0.70,156
P4,-0.13,1.02,79
P4,0.11,0.57,124
P4,0.03,0.42,1099
P4,0.19,0.58,76
P4,-0.19,0.34,81
P4,0.06,1.38,20
P4,-0.18,0.49,111
P4,-0.19,0.49,76
P4,0.22,0.67,75
P4,0.21,0.67,116
P4,0.24,0.64,63
P4,0.21,0.64,89
P4,0.08,0.57,184
P4,0.09,0.57,163
P4,0.15,0.51,47
P4,0.16,0.51,40
P4,0.17,0.51,126
P4,-0.17,1.22,91
P4,0.18,0.59,32
P4,0.21,0.56,163
P4,-0.02,0.93,72
P4,-0.02,0.94,50
P4,0.00,0.94,106
P4,0.00,0.93,71
P4,0.12,1.23,3
P4,0.11,1.23,12
P4,0.09,1.33,8
P4,0.16,0.53,18
P4,-0.12,0.73,170
P4,0.16,0.28,2
P4,-0.05,1.32,159
P4,-0.05,1.33,90
P4,0.21,0.57,136
P4,0.19,0.42,95
P4,0.21,1.34,50
P4,-0.20,0.57,285
P4,0.12,0.71,4
P4,0.12,0.72,18
P4,0.13,0.72,18
P4,0.13,0.71,9
P4,0.14,0.71,45
P4,-0.14,0.47,272
P4,-0.18,1.20,138
P4,-0.12,1.33,29
P4,-0.11,1.33,21
P4,-0.13,0.94,74
P4,-0.20,0.95,171
P4,-0.19,0.95,189
P4,-0.03,1.09,162
P4,-0.02,1.09,128
P4,-0.01,1.10,30
P4,-0.01,1.09,28
P4,0.12,0.20,23
P4,-0.09,0.53,213
P4,0.07,1.19,9
P4,0.08,1.19,38
P4,-0.04,1.08,28
P4,-0.04,1.09,160
P4,-0.23,1.25,47
P4,0.15,1.03,21
P4,0.14,1.03,16
P4,0.09,0.44,81
P4,0.24,0.73,13
P4,0.24,0.74,33
P4,0.23,0.74,94
P4,0.22,0.74,78
P4,0.22,0.73,52
P4,0.12,0.60,124
P4,0.17,0.48,79
P4,0.18,0.48,79
P4,0.03,0.43,640
P4,0.23,0.27,91
P4,-0.14,1.09,106
P4,-0.13,1.09,98
P4,-0.12,1.09,39
P4,-0.18,0.52,133
P4,-0.08,1.17,79
P4,0.22,1.05,31
P4,0.21,1.05,81
P4,0.20,1.05,41
P4,-0.20,1.17,121
P4,-0.21,1.17,89
P4,0.14,0.38,299
P4,0.17,0.35,95
P4,-0.08,1.06,71
P4,-0.08,1.07,228
P4,0.23,0.67,38
P4,-0.07,0.81,115
P4,0.05,1.15,18
P4,0.05,1.16,3
P4,0.06,1.15,17
P4,0.07,1.15,4
P4,-0.12,1.05,66
P4,-0.12,1.06,90
P4,-0.11,0.88,36
P4,-0.06,0.95,63
P4,-0.05,0.95,125
P4,-0.05,0.94,10
P4,-0.11,1.36,31
P4,-0.11,1.37,148
P4,-0.13,0.76,196
P4,0.22,0.39,56
P4,-0.13,1.19,68
P4,0.23,0.83,54
P4,-0.09,1.22,73
P4,-0.09,1.23,51
P4,-0.21,1.11,68
P4,0.06,1.33,65
P4,0.06,1.34,3
P4,0.07,1.34,29
P4,0.07,1.33,30
P4,-0.20,1.07,154
P4,0.16,0.80,16
P4,-0.24,0.92,114
P4,0.23,0.60,48
P4,0.22,0.60,190
P4,-0.21,0.43,28
P4,-0.02,0.76,183
P4,0.14,1.13,44
P4,0.13,1.13,48
P4,0.12,1.13,34
P4,0.17,0.60,40
P4,0.17,0.61,8
P4,0.18,0.61,21
P4,0.14,1.19,40
P4,0.09,1.16,15
P4,0.17,0.39,92
P4,0.01,1.08,16
P4,0.02,1.08,36
P4,0.03,1.08,6
P4,-0.05,0.90,54
P4,0.15,0.52,26
P4,0.16,0.52,53
P4,0.17,0.52,65
P4,0.23,0.70,50
P4,0.15,0.89,27
P4,0.15,0.29,82
P4,-0.09,0.85,48
P4,-0.09,0.86,71
P4,0.18,0.87,43
P4,0.17,0.87,30
P4,0.16,0.87,16
P4,-0.17,0.35,62
P4,-0.17,0.36,30
P4,-0.02,0.85,41
P4,-0.23,0.34,28
P4,0.23,0.32,84
P4,-0.03,0.79,103
P4,-0.04,0.76,141
P4,-0.08,1.27,93
P4,-0.08,1.26,7
P4,-0.16,0.97,138
P4,0.18,0.36,51
P4,0.03,1.02,115
P4,0.03,1.01,13
P4,0.24,0.80,52
P4,0.19,0.93,41
P4,0.18,0.93,64
P4,0.17,0.93,56
P4,0.18,0.74,59
P4,0.17,0.74,94
P4,0.22,0.75,103
P4,0.21,0.72,57
P4,0.18,0.32,25
P4,0.21,0.81,53
P4,0.20,0.81,29
P4,0.16,0.31,28
P4,0.10,0.55,138
P4,-0.10,1.15,11
P4,-0.11,1.16,115
P4,-0.11,1.15,29
P4,0.23,0.35,96
P4,0.08,0.44,171
P4,0.24,1.27,148
P4,0.23,1.27,69
P4,0.23,1.26,101
P4,0.01,0.69,161
P4,-0.13,0.99,210
P4,-0.12,0.91,96
P4,-0.07,0.70,203
P4,0.19,0.83,24
P4,-0.08,1.10,58
P4,-0.08,1.11,120
P4,-0.09,1.11,33
P4,-0.09,1.10,79
P4,0.02,0.97,16
P4,0.03,0.97,55
P4,0.03,0.98,39
P4,0.21,0.44,45
P4,0.01,0.93,26
P4,-0.11,1.05,87
P4,-0.11,1.06,65
P4,0.18,0.65,68
P4,-0.21,1.00,33
P4,-0.22,1.00,36
P4,-0.23,1.00,117
P4,0.19,0.37,107
P4,-0.05,1.39,7
P4,-0.05,1.38,68
P4,0.20,0.27,60
P4,-0.14,0.63,69
P4,0.13,0.28,491
P4,-0.14,0.64,92
P4,0.08,1.38,6
P4,-0.22,1.18,30
P4,-0.23,1.18,54
P4,-0.24,1.18,81
P4,-0.24,1.17,85
P4,0.19,0.50,62
P4,0.19,0.78,37
P4,0.18,0.78,62
P4,0.17,0.78,56
P4,0.09,1.08,96
P4,0.10,1.08,63
P4,0.02,1.21,91
P4,0.03,1.21,50
P4,0.03,1.20,3
P4,0.04,1.34,33
P4,0.05,1.33,9
P4,0.24,0.99,44
P4,0.23,0.98,44
P4,-0.16,0.35,171
P4,0.13,1.00,65
P4,-0.18,0.33,73
P4,-0.18,0.32,3
P4,-0.21,1.18,43
P4,-0.05,0.71,71
P4,0.17,0.45,312
P4,0.21,0.61,69
P4,-0.09,0.93,64
P4,-0.09,0.94,138
P4,0.17,0.90,62
P4,0.22,0.68,17
P4,0.20,0.68,163
P4,0.18,0.49,136
P4,0.17,0.49,69
P4,-0.22,1.17,68
P4,-0.13,0.62,222
P4,-0.14,0.62,205
P4,-0.05,0.86,51
P4,-0.11,0.91,58
P4,-0.11,0.92,80
P4,0.08,1.21,35
P4,0.08,1.22,34
P4,0.09,1.22,62
P4,0.10,1.22,19
P4,0.10,1.21,33
P4,0.18,0.75,64
P4,0.17,0.75,39
P4,-0.08,0.89,129
P4,-0.08,0.90,158
P4,-0.13,0.66,181
P4,-0.21,1.10,44
P4,0.24,0.31,63
P4,0.19,0.95,42
P4,0.20,0.95,47
P4,-0.08,0.72,241
P4,-0.16,1.17,187
P4,-0.15,1.17,147
P4,-0.12,1.25,34
P4,-0.11,1.25,9
P4,-0.21,1.01,129
P4,0.18,0.94,26
P4,0.17,0.94,53
P4,0.16,0.94,34
P4,0.20,0.47,51
P4,0.14,1.23,41
P4,0.13,1.23,26
P4,0.18,0.35,13
P4,0.05,0.58,157
P4,0.23,0.34,46
P4,-0.09,1.29,15
P4,-0.09,1.30,138
P4,-0.10,1.29,20
P4,-0.23,0.33,27
P4,-0.15,0.29,87
P4,0.20,0.55,238
P4,0.19,0.55,101
P4,-0.24,1.22,171
P4,-0.24,1.23,87
P4,0.20,1.08,75
P4,0.19,1.08,57
P4,0.18,1.08,23
P4,-0.05,1.11,188
P4,-0.05,1.12,157
P4,-0.16,0.66,64
P4,0.15,0.66,7
P4,0.16,0.66,24
P4,0.16,0.65,37
P4,-0.19,1.33,86
P4,-0.18,1.33,88
P4,-0.12,0.76,156
P4,0.16,0.60,36
P4,0.23,0.75,48
P4,0.23,0.76,72
P4,0.22,0.76,54
P4,0.13,1.32,3
P4,0.11,1.31,16
P4,0.03,0.44,479
P4,-0.17,1.13,181
P4,0.22,0.89,26
P4,0.23,0.89,71
P4,0.18,1.18,48
P4,0.17,1.18,61
P4,0.16,1.18,23
P4,-0.12,1.30,96
P4,0.17,0.55,9
P4,0.18,0.55,22
P4,0.20,0.71,111
P4,0.18,0.70,111
P4,0.07,1.02,31
P4,-0.07,0.72,117
P4,-0.09,1.06,117
P4,0.01,0.99,64
P4,0.02,1.00,58
P4,0.03,1.00,20
P4,0.03,0.99,55
P4,0.13,1.26,7
P4,0.12,1.26,34
P4,0.11,1.26,7
P4,0.18,1.09,57
P4,0.17,1.09,58
P4,-0.16,1.34,55
P4,-0.15,1.34,91
P4,0.23,0.73,43
P4,0.05,0.57,276
P4,0.13,1.05,16
P4,0.14,0.77,17
P4,0.14,0.78,7
P4,0.15,0.78,15
P4,0.15,0.77,59
P4,-0.18,0.41,66
P4,-0.17,0.41,116
P4,0.24,1.11,31
P4,0.23,1.11,39
P4,0.23,1.12,60
P4,0.22,1.12,21
P4,0.22,1.11,7
P4,-0.02,0.99,21
P4,-0.02,1.00,67
P4,-0.01,1.00,38
P4,-0.01,0.99,55
P4,0.11,0.69,6
P4,0.13,0.69,35
P4,-0.20,1.18,91
P4,-0.22,0.38,24
P4,0.12,0.52,74
P4,0.13,0.52,30
P4,0.20,0.67,122
P4,0.16,0.39,100
P4,0.12,0.49,27
P4,0.13,0.49,33
P4,0.14,0.49,16
P4,0.13,0.33,280
P4,0.17,0.33,17
P4,-0.22,0.37,10
P4,0.24,0.68,52
P4,0.23,1.09,43
P4,0.22,1.09,13
P4,0.21,1.09,26
P4,-0.04,0.54,159
P4,0.18,0.95,24
P4,-0.20,0.43,1
P4,-0.19,0.43,55
P4,0.14,1.16,41
P4,0.14,1.17,8
P4,0.13,1.17,15
P4,0.17,0.97,22
P4,0.16,0.97,21
P4,0.15,0.97,35
P4,-0.24,0.96,73
P4,-0.14,1.11,64
P4,0.03,1.39,4
P4,0.03,1.38,85
P4,-0.14,0.71,91
P4,0.18,0.58,16
P4,-0.15,0.97,148
P4,0.19,0.30,27
P4,-0.24,0.31,17
P4,0.13,0.55,24
P4,0.14,0.55,17
P4,0.21,0.97,24
P4,0.19,0.98,11
P4,0.17,0.63,44
P4,0.19,0.89,30
P4,0.18,0.89,39
P4,0.17,0.89,14
P4,0.20,0.40,32
P4,0.16,0.49,75
P4,0.14,1.07,33
P4,-0.19,0.65,227
P4,-0.19,0.64,96
P4,-0.22,1.16,68
P4,0.04,1.02,31
P4,0.04,1.01,81
P4,-0.18,1.29,43
P4,-0.17,1.29,80
P4,0.07,0.45,881
P4,-0.20,1.30,20
P4,-0.17,0.32,48
P4,-0.22,1.01,93
P4,-0.09,0.75,178
P4,-0.12,0.94,48
P4,0.23,1.25,52
P4,0.22,1.25,23
P4,0.22,0.79,16
P4,0.19,1.18,2
P4,0.16,0.93,22
P4,0.15,0.93,24
P4,0.16,0.74,25
P4,0.12,0.88,14
P4,0.18,0.41,86
P4,-0.20,1.37,112
P4,-0.19,1.37,61
P4,-0.19,1.36,12
P4,0.14,0.89,9
P4,0.14,0.88,21
P4,0.00,1.39,23
P4,0.00,1.38,51
P4,0.10,0.62,87
P4,0.10,0.61,123
P4,0.16,0.84,67
P4,0.11,0.55,122
P4,0.17,0.82,79
P4,0.16,0.82,72
P4,0.15,1.06,14
P4,0.14,1.06,21
P4,0.13,1.06,11
P4,0.19,0.31,59
P4,0.15,0.49,25
P4,0.15,0.50,61
P4,0.16,0.50,85
P4,0.20,1.15,30
P4,0.21,1.15,50
P4,0.22,1.15,18
P4,0.18,0.52,14
P4,0.18,0.51,57
P4,0.06,0.56,199
P4,0.16,0.32,80
P4,0.17,0.32,29
P4,0.20,0.42,34
P4,-0.15,1.24,68
P4,-0.24,1.02,43
P4,0.11,0.74,24
P4,-0.09,1.15,7
P4,0.20,0.77,33
P4,0.14,0.64,49
P4,0.15,0.64,39
P4,-0.15,0.62,168
P4,-0.16,0.62,119
P4,0.05,0.96,9
P4,0.17,0.85,17
P4,0.16,0.85,17
P4,0.22,0.80,22
P4,0.21,0.80,54
P4,0.20,0.80,60
P4,-0.04,0.95,37
P4,-0.04,0.96,70
P4,-0.03,0.96,124
P4,-0.03,0.95,77
P4,0.12,0.61,53
P4,0.13,0.61,49
P4,-0.11,0.74,119
P4,-0.12,0.75,147
P4,-0.12,0.74,123
P4,0.10,0.63,74
P4,0.11,0.64,86
P4,0.11,0.63,103
P4,0.12,0.68,1
P4,0.12,0.69,34
P4,0.14,0.69,2
P4,0.14,0.68,3
P4,0.16,0.64,37
P4,0.17,0.65,23
P4,0.13,1.29,2
P4,0.12,1.29,22
P4,0.11,1.29,63
P4,0.10,0.57,150
P4,0.10,0.56,154
P4,0.11,0.56,60
P4,-0.14,0.92,110
P4,0.10,0.79,79
P4,0.10,0.78,26
P4,-0.02,1.19,4
P4,-0.02,1.20,41
P4,-0.01,1.20,72
P4,-0.01,1.19,5
P4,-0.12,1.34,60
P4,-0.11,1.34,21
P4,0.23,0.58,97
P4,0.20,1.26,6
P4,0.21,1.26,28
P4,0.22,1.26,49
P4,0.15,0.83,71
P4,0.17,0.70,63
P4,-0.16,1.08,85
P4,-0.08,0.83,74
P4,0.14,0.83,7
P4,-0.20,0.64,156
P4,0.23,1.31,19
P4,0.24,1.31,34
P4,0.24,1.32,21
P4,0.16,0.63,16
P4,-0.02,1.08,46
P4,0.15,0.86,66
P4,0.15,0.87,25
P4,0.16,0.86,42
P4,0.23,0.94,58
P4,0.22,0.94,64
P4,0.21,0.94,76
P4,0.21,0.93,38
P4,-0.07,1.24,36
P4,-0.07,1.25,95
P4,-0.24,0.91,78
P4,0.21,0.85,49
P4,0.19,0.86,10
P4,0.19,0.85,29
P4,0.19,0.68,124
P4,0.11,0.62,122
P4,0.12,0.62,107
P4,0.22,1.03,60
P4,0.21,1.03,68
P4,0.20,1.03,30
P4,0.19,1.35,36
P4,0.18,1.35,6
P4,-0.04,0.80,201
P4,0.23,1.14,34
P4,0.23,1.15,13
P4,0.24,1.15,17
P4,0.24,1.14,49
P4,0.20,0.85,23
P4,0.18,0.85,1
P4,0.14,0.93,17
P4,0.15,0.71,16
P4,0.15,0.70,15
P4,-0.13,0.75,99
P4,0.24,0.95,34
P4,0.24,1.38,54
P4,0.24,1.39,16
P4,0.23,1.38,60
P4,-0.13,1.07,97
P4,0.11,0.85,79
P4,-0.22,0.39,45
P4,0.17,0.50,87
P4,0.18,0.50,121
P4,-0.04,0.86,54
P4,0.09,1.34,61
P4,0.10,1.34,35
P4,0.14,1.08,28
P4,0.15,1.08,40
P4,0.16,1.08,50
P4,0.16,1.07,9
P4,0.00,1.03,78
P4,-0.03,0.87,75
P4,-0.04,0.87,129
P4,-0.03,1.00,26
P4,-0.03,1.01,67
P4,-0.04,1.01,101
P4,-0.04,1.00,33
P4,-0.05,0.96,169
P4,0.06,0.66,161
P4,0.08,0.66,49
P4,0.14,1.32,3
P4,0.15,1.32,17
P4,0.16,1.32,1
P4,0.18,1.38,19
P4,0.09,0.67,53
P4,0.10,0.67,34
P4,-0.19,0.30,79
P4,-0.15,0.30,134
P4,0.09,0.71,22
P4,0.10,0.41,208
P4,0.18,0.56,6
P4,0.18,0.57,20
P4,0.20,0.56,119
P4,-0.11,1.35,29
P4,0.24,0.98,15
P4,-0.15,1.39,6
P4,-0.15,1.38,107
P4,0.10,0.91,35
P4,0.11,0.91,25
P4,0.12,0.91,10
P4,-0.10,1.21,1
P4,-0.11,1.21,27
P4,-0.12,1.29,27
P4,-0.14,1.30,82
P4,0.08,0.85,133
P4,0.09,0.85,39
P4,0.08,1.02,38
P4,0.09,1.02,22
P4,0.05,0.71,66
P4,0.12,1.00,43
P4,0.16,1.17,4
P4,0.17,1.17,4
P4,0.18,1.17,11
P4,-0.05,0.89,11
P4,0.21,1.23,77
P4,0.20,1.23,57
P4,-0.18,1.36,14
P4,-0.18,1.37,62
P4,-0.16,1.36,22
P4,0.13,1.19,27
P4,0.19,0.47,44
P4,-0.13,1.12,31
P4,0.05,0.77,108
P4,0.06,0.77,69
P4,0.16,0.71,11
P4,0.16,0.72,8
P4,0.17,0.72,51
P4,0.17,0.71,17
P4,-0.19,0.35,111
P4,-0.03,1.08,53
P4,0.11,0.65,80
P4,0.05,1.01,39
P4,0.04,0.87,96
P4,-0.16,0.30,48
P4,-0.06,1.20,33
P4,-0.06,1.21,14
P4,0.24,1.24,7
P4,0.23,1.24,44
P4,0.22,1.24,42
P4,0.23,0.88,95
P4,0.22,0.88,46
P4,0.02,0.58,125
P4,0.19,1.17,3
P4,0.14,1.11,42
P4,0.14,1.12,92
P4,0.15,1.12,39
P4,0.15,1.11,34
P4,0.01,0.94,118
P4,-0.14,0.81,28
P4,0.18,1.19,11
P4,0.11,1.08,10
P4,0.11,1.07,20
P4,-0.18,1.11,77
P4,0.11,0.71,4
P4,-0.13,1.25,79
P4,-0.14,1.25,102
P4,-0.15,1.25,128
P4,-0.06,0.91,73
P4,0.04,0.76,81
P4,0.05,0.76,10
P4,-0.09,0.78,69
P4,-0.08,0.98,15
P4,0.08,0.87,24
P4,0.23,1.03,37
P4,0.10,0.98,35
P4,0.11,0.97,53
P4,0.22,1.21,21
P4,0.21,1.21,66
P4,0.20,1.21,48
P4,-0.22,1.07,64
P4,-0.21,1.07,100
P4,0.01,1.39,8
P4,0.01,1.38,61
P4,-0.07,0.91,74
P4,-0.15,1.08,88
P4,-0.15,1.09,117
P4,0.08,0.58,148
P4,-0.07,0.97,62
P4,-0.07,0.98,100
P4,-0.05,0.99,75
P4,-0.06,1.00,126
P4,0.20,1.07,35
P4,0.19,1.07,30
P4,0.11,0.77,46
P4,0.11,0.78,30
P4,0.12,0.78,3
P4,0.12,0.77,40
P4,0.13,0.77,1
P4,-0.14,1.17,125
P4,-0.13,1.17,126
P4,-0.08,1.12,38
P4,-0.15,0.38,95
P4,0.07,0.86,51
P4,0.19,0.56,54
P4,0.23,0.90,54
P4,0.22,0.90,52
P4,0.21,0.90,29
P4,-0.07,1.17,111
P4,-0.07,1.16,93
P4,-0.04,0.79,76
P4,0.19,1.05,9
P4,-0.06,1.14,116
P4,-0.04,1.05,53
P4,0.11,0.61,87
P4,-0.05,0.58,128
P4,0.13,1.22,59
P4,0.15,1.23,7
P4,0.15,1.22,5
P4,0.12,1.02,38
P4,0.13,1.02,47
P4,-0.08,0.85,14
P4,0.19,1.36,24
P4,0.18,1.36,29
P4,-0.10,0.75,86
P4,0.06,0.92,37
P4,0.07,0.92,25
P4,-0.11,1.18,61
P4,-0.11,1.17,186
P4,0.02,0.96,80
P4,0.02,0.95,1
P4,-0.04,1.18,42
P4,-0.04,1.19,58
P4,-0.05,1.25,96
P4,-0.08,1.08,44
P4,-0.08,1.09,28
P4,-0.11,1.00,66
P4,0.09,1.37,25
P4,0.09,1.38,39
P4,0.10,1.38,9
P4,0.10,1.37,40
P4,-0.02,0.92,60
P4,0.14,0.58,25
P4,0.14,0.59,10
P4,-0.08,0.84,74
P4,-0.09,0.84,110
P4,-0.09,0.83,67
P4,0.14,0.61,9
P4,0.07,1.25,48
P4,0.20,0.89,14
P4,0.01,1.16,68
P4,0.01,1.17,32
P4,0.21,1.08,16
P4,-0.16,0.31,101
P4,0.22,1.34,68
P4,0.13,1.11,3
P4,0.10,0.85,17
P4,0.19,0.41,90
P4,0.21,1.20,37
P4,-0.04,1.02,71
P4,-0.05,1.02,57
P4,-0.07,0.99,125
P4,0.20,0.61,56
P4,0.21,0.38,31
P4,0.00,1.17,96
P4,-0.07,1.26,4
P4,-0.07,1.27,51
P4,0.24,1.16,36
P4,0.07,0.73,36
P4,-0.13,1.08,107
P4,-0.14,1.08,83
P4,-0.03,0.99,55
P4,-0.06,0.96,65
P4,-0.08,0.95,25
P4,-0.10,1.36,8
P4,-0.09,1.36,19
P4,-0.20,1.26,66
P4,-0.21,1.26,90
P4,0.11,1.09,9
P4,0.11,1.10,36
P4,0.12,1.10,20
P4,0.12,1.09,21
P4,-0.15,1.20,63
P4,0.06,1.09,16
P4,-0.15,0.72,118
P4,-0.17,1.24,100
P4,-0.16,1.24,63
P4,0.22,1.17,20
P4,0.06,1.08,25
P4,0.21,1.24,3
P4,0.20,0.46,23
P4,0.14,1.09,41
P4,0.15,1.09,27
P4,0.02,0.98,12
P4,0.02,0.99,19
P4,-0.17,1.14,206
P4,-0.05,1.37,2
P4,-0.04,1.38,28
P4,-0.04,1.37,60
P4,0.16,1.12,3
P4,0.16,1.13,14
P4,0.17,1.13,28
P4,0.17,1.12,3
P4,-0.03,1.18,8
P4,-0.02,1.18,47
P4,-0.01,1.18,39
P4,0.04,0.57,141
P4,-0.12,1.20,14
P4,-0.12,1.21,25
P4,-0.13,1.21,57
P4,-0.15,0.42,148
P4,-0.12,1.17,77
P4,0.03,0.96,28
P4,0.02,1.19,13
P4,0.03,1.19,58
P4,0.04,1.19,24
P4,0.06,0.98,63
P4,0.02,1.37,39
P4,0.02,1.38,21
P4,0.03,1.37,73
P4,0.01,1.18,43
P4,0.09,1.26,47
P4,0.10,1.26,58
P4,-0.17,0.81,160
P4,-0.01,0.89,84
P4,0.17,1.26,11
P4,0.18,1.26,19
P4,0.19,1.26,3
P4,0.11,0.96,18
P4,-0.06,0.97,63
P4,0.04,1.21,46
P4,0.05,1.21,12
P4,0.05,1.20,1
P4,-0.03,1.39,1
P4,-0.03,1.38,65
P4,0.00,1.19,1
P4,0.01,1.19,61
P4,0.01,1.20,19
P4,0.07,0.70,28
P4,0.23,0.33,2
P4,0.21,1.14,39
P4,0.20,1.14,71
P4,0.19,1.14,29
P4,0.14,0.85,6
P4,0.15,0.85,17
P4,0.10,0.82,43
P4,0.11,0.82,36
P4,0.12,0.48,309
P4,0.13,0.83,6
P4,-0.10,0.78,19
P4,-0.01,1.29,23
P4,0.11,0.79,28
P4,0.12,0.79,18
P4,0.13,0.79,12
P4,-0.20,0.26,14
P4,-0.01,0.90,62
P4,0.00,0.90,129
P4,0.02,0.89,58
P4,0.03,0.89,66
P4,-0.17,1.09,64
P4,-0.18,1.09,37
P4,0.03,0.88,79
P4,0.06,0.91,26
P4,0.07,0.91,36
P4,0.00,0.99,60
P4,0.06,1.30,15
P4,0.07,1.30,51
P4,0.08,1.30,46
P4,0.13,1.24,18
P4,0.14,1.24,24
P4,0.15,1.24,6
P4,-0.03,1.04,4
P4,-0.05,1.00,71
P4,-0.17,0.31,14
P4,-0.17,1.36,63
P4,0.05,0.98,114
P4,-0.11,0.75,42
P4,0.08,1.24,24
P4,0.09,1.24,24
P4,0.24,0.85,42
P4,0.22,0.85,79
P4,-0.07,1.30,10
P4,-0.07,1.31,108
P4,-0.02,1.21,23
P4,-0.01,1.21,41
P4,0.01,0.95,25
P4,0.16,0.75,9
P4,0.16,0.76,22
P4,0.17,0.76,41
P4,-0.19,1.08,63
P4,0.01,0.90,127
P4,0.12,0.89,7
P4,0.01,0.96,20
P4,0.00,0.96,3
P4,0.18,1.14,23
P4,0.04,1.37,41
P4,0.08,1.35,25
P4,0.17,1.34,17
P4,0.17,1.33,1
P4,0.19,0.96,43
P4,0.18,0.96,37
P4,0.14,0.87,10
P4,-0.16,1.23,70
P4,0.10,1.28,7
P4,0.12,1.28,8
P4,0.14,1.25,6
P4,-0.04,0.83,100
P4,0.12,1.39,8
P4,0.13,1.38,21
P4,0.17,0.79,67
P4,0.16,0.79,46
P4,0.19,1.37,61
P4,0.18,1.37,34
P4,0.17,1.37,8
P4,-0.04,0.58,160
P4,-0.23,1.16,37
P4,0.00,1.18,23
P4,0.09,0.82,41
P4,-0.22,0.36,9
P4,-0.10,1.14,10
P4,0.02,1.28,29
P4,0.03,1.28,114
P4,0.11,1.21,28
P4,0.12,1.21,20
P4,0.19,1.06,22
P4,0.00,1.23,84
P4,0.15,1.05,14
P4,0.16,1.05,36
P4,0.20,0.51,129
P4,-0.01,1.08,47
P4,-0.18,0.44,42
P4,0.15,0.63,55
P4,0.21,1.16,44
P4,0.21,1.17,1
P4,0.20,1.17,5
P4,0.20,1.16,38
P4,-0.08,0.88,122
P4,-0.24,1.01,92
P4,-0.23,1.01,115
P4,-0.10,0.91,63
P4,-0.10,0.92,43
P4,0.15,1.15,5
P4,0.20,0.45,2
P4,0.22,1.39,6
P4,-0.16,1.22,48
P4,-0.15,1.22,17
P4,-0.04,1.20,129
P4,0.00,1.27,118
P4,0.00,1.28,60
P4,0.01,1.28,65
P4,0.01,1.27,26
P4,0.24,1.33,17
P4,-0.16,1.25,150
P4,-0.07,0.94,16
P4,-0.19,0.31,42
P4,-0.07,0.89,63
P4,-0.07,0.90,35
P4,0.19,0.76,41
P4,0.18,0.76,82
P4,0.12,1.14,45
P4,0.09,0.69,58
P4,-0.16,0.28,12
P4,0.19,1.13,16
P4,0.01,1.33,15
P4,0.01,1.34,18
P4,0.02,1.34,13
P4,-0.09,1.33,67
P4,-0.09,1.34,20
P4,-0.10,1.34,21
P4,-0.11,1.19,41
P4,-0.12,1.19,106
P4,-0.20,1.39,20
P4,0.23,0.80,22
P4,-0.03,1.02,74
P4,-0.21,1.38,20
P4,-0.18,0.42,44
P4,-0.19,0.42,29
P4,-0.19,0.41,52
P4,-0.04,1.26,55
P4,0.18,0.33,35
P4,-0.24,1.39,3
P4,0.09,1.30,12
P4,0.10,1.30,20
P4,0.11,1.30,9
P4,-0.14,1.27,84
P4,-0.10,1.06,26
P4,-0.10,1.07,84
P4,-0.11,1.07,56
P4,-0.12,1.13,61
P4,-0.01,0.93,108
P4,0.22,0.61,129
P4,0.00,1.06,2
P4,0.00,1.07,117
P4,0.01,1.07,59
P4,0.03,1.29,30
P4,0.04,1.28,66
P4,0.16,0.73,22
P4,0.24,0.61,25
P4,0.11,1.14,48
P4,-0.06,1.11,52
P4,0.02,1.07,19
P4,-0.15,1.23,45
P4,0.09,0.68,30
P4,-0.08,0.99,64
P4,0.18,1.11,21
P4,0.19,1.11,22
P4,0.20,1.11,13
P4,0.16,0.95,11
P4,0.17,0.95,43
P4,0.18,0.88,17
P4,0.19,0.87,12
P4,0.04,1.31,10
P4,0.03,1.31,25
P4,0.03,1.30,15
P4,0.04,0.77,108
P4,0.17,1.11,17
P4,0.03,0.94,17
P4,0.06,1.27,9
P4,0.07,1.27,43
P4,0.07,1.28,58
P4,0.08,1.28,14
P4,0.08,1.27,28
P4,-0.08,0.93,39
P4,-0.08,0.94,31
P4,0.01,0.98,14
P4,0.21,1.25,3
P4,-0.21,1.39,14
P4,0.10,0.94,39
P4,0.10,0.93,19
P4,-0.09,1.09,199
P4,0.19,0.28,8
P4,0.19,1.02,57
P4,0.20,1.02,31
P4,-0.24,1.16,48
P4,0.24,1.23,16
P4,0.24,0.94,25
P4,0.06,1.39,2
P4,0.20,1.37,45
P4,-0.02,0.96,79
P4,-0.02,0.95,39
P4,0.18,1.03,23
P4,0.19,1.03,42
P4,-0.06,0.88,60
P4,0.21,1.35,14
P4,-0.23,1.12,41
P4,-0.24,1.12,34
P4,0.10,0.96,8
P4,-0.07,1.01,42
P4,-0.07,1.02,91
P4,0.07,0.77,59
P4,-0.10,1.09,31
P4,0.24,1.09,34
P4,0.23,1.34,9
P4,-0.21,0.25,8
P4,0.13,1.39,8
P4,0.01,1.26,1
P4,0.23,0.61,75
P4,0.11,1.22,31
P4,-0.23,1.22,197
P4,-0.19,0.99,43
P4,0.21,0.76,29
P4,-0.20,1.29,35
P4,-0.21,1.29,27
P4,0.13,0.60,75
P4,0.10,1.02,26
P4,0.19,1.22,25
P4,0.20,1.22,55
P4,0.21,0.41,10
P4,-0.13,0.82,151
P4,0.15,0.82,52
P4,0.06,0.72,63
P4,0.19,1.23,39
P4,0.08,0.91,53
P4,0.08,0.90,43
P4,0.14,1.31,16
P4,0.17,1.15,22
P4,0.18,1.15,23
P4,0.19,1.15,1
P4,-0.05,0.83,109
P4,-0.05,0.84,136
P4,-0.20,1.33,65
P4,-0.21,1.33,32
P4,0.22,0.82,31
P4,-0.03,0.98,91
P4,0.02,0.88,66
P4,-0.10,0.90,65
P4,0.19,1.21,27
P4,0.03,0.67,175
P4,-0.02,1.07,21
P4,0.05,1.35,6
P4,0.06,1.35,10
P4,0.06,1.36,13
P4,0.07,1.36,1
P4,0.07,1.35,28
P4,0.15,0.79,38
P4,-0.08,1.00,29
P4,-0.09,1.00,59
P4,-0.21,0.38,30
P4,-0.20,0.99,71
P4,-0.13,1.10,25
P4,-0.12,1.10,103
P4,0.24,0.67,18
P4,-0.05,1.35,4
P4,-0.04,1.36,64
P4,-0.04,1.35,5
P4,0.03,0.95,12
P4,0.04,0.95,15
P4,0.05,0.95,13
P4,0.06,1.37,7
P4,0.07,1.37,22
P4,0.08,1.37,14
P4,0.08,1.36,1
P4,0.13,1.08,28
P4,0.18,0.81,39
P4,0.18,0.82,18
P4,0.17,0.81,28
P4,-0.16,1.09,118
P4,0.16,0.89,6
P4,0.14,0.97,36
P4,-0.01,1.06,1
P4,-0.01,1.07,15
P4,0.14,1.27,7
P4,0.14,0.22,1
P4,-0.23,1.17,69
P4,0.08,0.62,75
P4,-0.20,1.31,95
P4,0.12,0.64,72
P4,0.12,0.65,44
P4,0.13,0.65,16
P4,0.13,0.64,44
P4,0.08,0.76,47
P4,0.19,0.29,6
P4,0.19,0.81,51
P4,0.16,0.78,34
P4,-0.01,1.27,125
P4,0.00,1.26,1
P4,0.13,1.03,7
P4,-0.20,1.34,71
P4,0.22,1.18,22
P4,0.21,1.18,18
P4,0.17,1.04,12
P4,0.16,1.04,2
P4,0.15,1.04,8
P4,0.12,1.22,52
P4,-0.20,0.47,20
P4,-0.19,0.47,55
P4,-0.08,1.31,32
P4,-0.08,1.30,16
P4,-0.11,1.09,41
P4,0.18,0.98,31
P4,0.18,0.99,36
P4,0.17,0.99,47
P4,0.17,0.98,42
P4,0.12,0.50,22
P4,0.02,1.15,9
P4,0.02,1.14,7
P4,-0.14,1.22,28
P4,0.02,1.32,36
P4,-0.03,1.03,12
P4,0.15,1.02,5
P4,0.14,1.02,23
P4,-0.10,1.23,53
P4,-0.10,1.24,57
P4,-0.11,1.24,27
P4,-0.11,1.23,24
P4,0.03,1.06,57
P4,-0.13,1.23,28
P4,-0.16,1.38,83
P4,0.17,1.31,24
P4,0.17,1.32,4
P4,0.18,1.32,7
P4,0.18,1.31,25
P4,0.13,0.51,7
P4,0.14,0.52,74
P4,0.08,0.70,17
P4,0.19,0.51,6
P4,0.24,1.04,50
P4,0.24,1.05,24
P4,0.10,0.69,31
P4,0.10,0.68,11
P4,0.12,1.33,19
P4,0.13,1.33,42
P4,-0.08,1.19,14
P4,-0.08,1.20,97
P4,0.16,0.88,16
P4,0.15,0.88,9
P4,0.02,1.01,75
P4,0.02,1.02,6
P4,0.11,1.35,5
P4,0.15,1.13,19
P4,-0.14,1.28,67
P4,-0.13,1.28,27
P4,-0.12,1.28,4
P4,0.19,0.79,31
P4,0.18,0.79,70
P4,-0.13,1.14,25
P4,-0.13,1.13,61
P4,0.19,0.46,57
P4,0.23,1.05,39
P4,0.15,0.84,53
P4,0.17,1.08,29
P4,0.14,0.50,75
P4,0.15,0.61,55
P4,0.16,0.62,40
P4,0.24,0.60,18
P4,0.16,1.27,5
P4,0.15,1.28,22
P4,0.14,1.28,6
P4,0.08,1.31,9
P4,0.09,1.31,12
P4,-0.10,1.25,29
P4,-0.10,1.19,18
P4,-0.11,1.20,54
P4,0.18,1.01,31
P4,0.17,1.01,41
P4,0.18,0.46,39
P4,-0.05,1.19,62
P4,-0.05,1.18,2
P4,0.10,1.13,42
P4,0.10,1.14,62
P4,-0.08,1.36,9
P4,-0.08,1.37,149
P4,0.15,0.76,16
P4,0.20,0.90,47
P4,0.21,0.73,22
P4,0.20,0.73,18
P4,0.03,1.22,8
P4,0.02,1.22,49
P4,0.02,0.94,24
P4,0.02,0.93,8
P4,-0.19,0.44,18
P4,-0.20,0.44,13
P4,-0.09,0.95,47
P4,-0.09,1.24,80
P4,-0.09,1.25,114
P4,0.00,1.25,48
P4,-0.01,1.25,38
P4,0.00,1.29,13
P4,0.17,1.03,14
P4,0.16,1.03,19
P4,-0.10,1.35,98
P4,0.03,1.14,19
P4,0.05,1.14,33
P4,0.05,1.13,1
P4,0.19,1.09,37
P4,0.20,1.13,26
P4,0.18,1.13,27
P4,0.17,1.39,2
P4,0.17,1.38,61
P4,0.15,0.58,39
P4,0.16,0.58,18
P4,0.16,0.57,43
P4,0.03,1.23,14
P4,0.03,1.24,4
P4,0.04,1.24,22
P4,0.04,1.23,8
P4,0.05,1.23,25
P4,0.22,0.77,23
P4,0.22,0.78,15
P4,0.21,0.77,12
P4,0.21,0.91,37
P4,0.20,0.91,32
P4,0.15,0.53,12
P4,0.15,0.54,20
P4,0.16,0.54,54
P4,0.16,0.99,27
P4,0.16,0.98,25
P4,0.15,0.98,31
P4,-0.06,1.37,49
P4,-0.06,1.38,24
P4,0.09,0.66,11
P4,-0.05,0.76,135
P4,0.02,1.10,34
P4,0.03,1.10,50
P4,0.04,1.11,47
P4,0.04,1.12,67
P4,0.05,1.12,25
P4,0.06,1.21,57
P4,0.07,1.21,33
P4,0.05,0.72,83
P4,0.16,1.06,10
P4,0.17,1.06,18
P4,0.06,1.28,15
P4,0.11,0.93,4
P4,0.11,0.94,33
P4,0.12,0.93,28
P4,-0.20,0.41,1
P4,-0.18,1.08,89
P4,-0.16,1.39,3
P4,0.11,1.02,5
P4,0.11,1.03,32
P4,0.07,1.10,16
P4,0.23,1.39,2
P4,-0.03,1.23,8
P4,-0.03,1.24,27
P4,-0.02,1.24,47
P4,0.24,1.18,29
P4,-0.06,1.05,67
P4,0.14,0.51,5
P4,0.09,0.78,28
P4,0.12,0.97,24
P4,0.12,0.96,41
P4,-0.07,1.32,69
P4,-0.02,1.15,14
P4,0.08,1.26,40
P4,-0.09,1.31,55
P4,-0.09,1.32,45
P4,-0.10,1.32,71
P4,0.12,0.73,28
P4,-0.06,0.89,53
P4,-0.06,0.90,12
P4,-0.20,1.32,48
P4,0.02,1.20,18
P4,0.02,1.04,25
P4,0.03,1.04,6
P4,0.04,1.04,14
P4,-0.08,1.39,3
P4,-0.08,1.38,36
P4,-0.13,1.38,19
P4,-0.12,1.38,13
P4,-0.03,0.94,65
P4,-0.04,1.17,20
P4,-0.03,1.17,22
P4,0.04,1.22,37
P4,0.05,1.22,76
P4,-0.03,1.20,11
P4,-0.03,1.21,64
P4,-0.07,1.12,37
P4,0.23,0.91,7
P4,0.07,1.13,30
P4,0.08,1.14,46
P4,0.09,1.14,22
P4,0.09,1.13,5
P4,0.09,0.91,27
P4,0.24,1.13,17
P4,-0.06,1.12,17
P4,0.24,1.12,57
P4,0.06,1.12,1
P4,0.08,1.13,1
P4,-0.03,1.35,47
P4,-0.02,1.35,15
P4,-0.02,1.34,37
P4,-0.06,1.24,2
P4,0.07,0.99,37
P4,0.09,0.99,24
P4,0.09,0.98,9
P4,0.11,0.67,28
P4,-0.17,0.60,74
P4,0.10,1.24,7
P4,0.11,1.24,24
P4,0.12,1.24,18
P4,0.10,1.09,1
P4,0.01,1.04,14
P4,0.10,1.29,53
P4,-0.09,0.90,40
P4,0.20,1.10,4
P4,0.19,1.10,10
P4,0.20,0.93,22
P4,0.08,1.18,19
P4,0.00,1.13,32
P4,0.00,1.12,24
P4,0.08,0.79,41
P4,-0.07,1.18,93
P4,0.14,1.33,7
P4,0.09,0.79,19
P4,0.11,0.92,6
P4,0.12,0.92,3
P4,0.13,0.93,4
P4,0.13,0.92,12
P4,0.00,1.31,26
P4,-0.15,1.28,85
P4,-0.06,1.25,20
P4,-0.06,1.26,42
P4,0.24,0.92,8
P4,0.08,1.00,21
P4,-0.01,1.28,50
P4,0.01,1.30,62
P4,0.01,1.29,2
P4,0.15,0.75,2
P4,0.19,1.28,19
P4,-0.12,1.22,129
P4,-0.06,1.02,77
P4,0.07,1.14,16
P4,-0.16,1.26,68
P4,-0.13,1.22,32
P4,0.18,0.54,26
P4,0.20,1.28,1
P4,0.18,1.28,6
P4,0.12,1.05,5
P4,0.12,1.06,22
P4,0.13,0.97,27
P4,-0.05,1.26,39
P4,-0.12,1.32,20
P4,-0.11,1.32,12
P4,0.04,0.99,26
P4,0.16,0.70,6
P4,-0.07,1.28,27
P4,-0.07,1.29,84
P4,-0.08,1.29,62
P4,-0.08,1.28,32
P4,-0.20,0.45,19
P4,0.05,1.28,11
P4,0.21,1.07,23
P4,-0.04,1.21,126
P4,0.04,1.00,23
P4,0.15,1.07,19
P4,0.13,1.12,69
P4,-0.06,1.29,14
P4,-0.06,1.28,11
P4,-0.09,1.07,43
P4,0.21,1.00,27
P4,0.22,1.38,33
P4,-0.14,1.38,30
P4,-0.14,1.39,9
P4,-0.13,1.39,19
P4,0.16,1.21,13
P4,0.17,1.21,47
P4,0.18,1.21,47
P4,0.18,1.06,20
P4,0.19,1.01,46
P4,0.17,0.57,42
P4,0.05,1.19,58
P4,0.06,1.19,28
P4,-0.01,0.96,47
P4,0.00,0.80,35
P4,0.08,1.23,18
P4,0.09,1.23,22
P4,0.10,1.23,2
P4,-0.08,1.18,60
P4,0.12,0.51,29
P4,-0.12,1.39,15
P4,0.22,1.16,27
P4,0.22,1.32,25
P4,0.20,1.32,23
P4,0.20,1.31,1
P4,-0.16,0.29,24
P4,-0.01,1.26,12
P4,0.24,1.22,6
P4,0.19,0.88,15
P4,0.20,0.88,3
P4,-0.03,1.28,1
P4,-0.03,1.29,55
P4,-0.02,1.28,2
P4,0.16,1.09,37
P4,0.20,0.78,23
P4,0.14,0.92,6
P4,0.06,1.18,9
P4,0.16,0.96,12
P4,0.17,0.96,16
P4,-0.06,1.01,29
P4,-0.07,1.19,11
P4,-0.09,1.19,70
P4,-0.22,0.24,3
P4,0.22,1.31,4
P4,0.21,1.31,13
P4,0.09,0.92,14
P4,0.10,0.92,4
P4,0.03,1.09,9
P4,0.23,1.28,7
P4,0.22,1.28,3
P4,0.22,1.29,20
P4,0.21,1.28,5
P4,0.19,1.04,12
P4,0.20,1.04,19
P4,0.11,0.73,20
P4,0.00,1.09,55
P4,0.00,1.08,21
P4,0.09,1.17,9
P4,0.10,1.17,15
P4,0.16,0.81,1
P4,0.13,1.09,22
P4,-0.06,1.39,1
P4,0.17,1.25,34
P4,0.16,1.25,30
P4,0.14,1.29,36
P4,0.15,1.29,38
P4,0.16,1.29,20
P4,-0.20,0.42,9
P4,0.13,1.21,19
P4,-0.13,0.21,9
P4,-0.10,0.93,53
P4,-0.07,1.20,73
P4,-0.20,0.39,1
P4,0.00,1.24,66
P4,0.01,1.24,29
P4,0.01,1.23,31
P4,-0.01,1.24,27
P4,0.13,0.67,31
P4,0.14,0.67,29
P4,0.15,0.67,4
P4,-0.20,1.36,2
P4,-0.22,1.36,22
P4,0.06,1.22,55
P4,0.07,1.22,32
P4,0.21,0.40,12
P4,0.16,0.92,2
P4,0.14,0.60,30
P4,0.08,1.34,32
P4,0.15,0.68,7
P4,0.24,1.03,21
P4,0.01,1.21,35
P4,0.15,1.25,1
P4,0.18,1.04,47
P4,0.09,1.29,3
P4,-0.05,1.01,28
P4,0.18,0.86,17
P4,0.17,0.86,47
P4,-0.17,0.30,1
P4,-0.09,0.89,64
P4,0.06,1.14,2
P4,0.15,0.60,14
P4,0.16,0.61,28
P4,0.21,0.39,5
P4,-0.19,1.35,8
P4,0.15,0.99,11
P4,0.14,0.99,14
P4,0.15,0.96,18
P4,0.15,0.94,33
P4,0.17,0.56,2
P4,0.20,0.94,35
P4,0.14,1.20,32
P4,0.14,1.21,13
P4,0.16,1.02,6
P4,-0.15,0.24,1
P4,0.12,1.12,14
P4,-0.10,1.20,35
P4,0.10,1.39,2
P4,0.04,1.32,15
P4,0.17,0.59,4
P4,0.00,1.11,51
P4,0.01,1.11,8
P4,-0.07,0.88,22
P4,0.15,0.80,9
P4,-0.10,1.05,48
P4,0.16,0.29,9
P4,0.14,0.84,7
P4,0.02,1.24,21
P4,0.02,1.25,24
P4,0.09,1.21,15
P4,-0.06,0.94,36
P4,-0.11,1.10,60
P4,0.03,1.11,3
P4,0.18,1.16,6
P4,0.11,1.18,26
P4,0.12,1.18,15
P4,0.04,1.38,9
P4,-0.02,1.25,5
P4,-0.03,1.25,7
P4,0.03,1.27,14
P4,0.04,1.27,8
P4,-0.02,1.31,26
P4,0.01,1.31,1
P4,0.01,1.32,53
P4,0.02,1.31,2
P4,0.02,1.39,1
P4,0.15,1.20,34
P4,0.16,1.20,4
P4,0.12,0.85,16
P4,0.13,0.48,92
P4,0.18,1.29,1
P4,0.17,1.29,20
P4,0.21,1.12,35
P4,-0.05,1.27,58
P4,0.14,0.86,15
P4,0.14,0.98,10
P4,0.21,0.24,4
P4,0.13,0.50,15
P4,0.10,0.75,11
P4,-0.10,1.04,10
P4,-0.13,1.29,8
P4,0.22,0.87,11
P4,0.14,1.39,8
P4,0.14,1.38,7
P4,-0.07,1.11,29
P4,-0.07,1.22,24
P4,-0.07,1.23,41
P4,0.19,1.39,5
P4,-0.08,1.22,47
P4,-0.20,0.40,23
P4,0.10,0.99,13
P4,-0.08,1.03,77
P4,-0.09,1.35,28
P4,0.00,1.10,49
P4,0.09,1.07,7
P4,0.10,1.07,27
P4,0.13,1.10,13
P4,0.09,1.12,7
P4,0.18,1.20,5
P4,0.19,1.20,19
P4,0.20,1.20,24
P4,0.21,0.79,13
P4,0.20,0.79,3
P4,0.20,0.41,76
P4,0.10,1.00,5
P4,0.11,1.00,19
P4,-0.07,1.09,7
P4,0.07,1.29,8
P4,0.18,1.07,1
P4,-0.02,1.06,50
P4,-0.19,1.29,14
P4,0.18,1.23,18
P4,0.01,1.03,11
P4,0.21,1.11,11
P4,-0.07,1.00,8
P4,-0.03,1.37,7
P4,-0.20,0.25,2
P4,0.12,0.76,14
P4,0.12,0.75,8
P4,0.24,1.28,15
P4,0.01,1.09,9
P4,0.01,1.10,26
P4,0.02,1.09,10
P4,-0.21,0.40,1
P4,0.13,1.28,9
P4,-0.10,1.37,59
P4,0.12,1.34,36
P4,0.13,1.34,7
P4,0.13,0.21,2
P4,-0.07,1.36,2
P4,-0.07,1.37,14
P4,0.18,1.05,12
P4,0.13,0.66,6
P4,-0.02,1.33,5
P4,0.14,0.66,3
P4,0.12,1.11,5
P4,0.19,0.52,1
P4,0.18,1.39,1
P4,-0.05,0.85,23
P4,0.12,0.67,8
P4,-0.08,1.23,25
P4,0.14,1.10,1
P4,0.19,0.73,2
P4,0.24,1.08,14
P4,0.23,1.08,16
P4,0.15,1.18,21
P4,0.14,1.18,13
P4,0.19,0.91,8
P4,0.17,1.05,8
P4,0.23,1.30,2
P4,0.24,1.30,33
P4,0.06,1.26,9
P4,0.07,1.26,3
P4,0.16,0.91,11
P4,0.15,0.91,16
P4,-0.02,1.01,9
P4,0.11,1.13,16
