family,x,y,count
P1,0.27,0.47,280311
P1,0.27,0.48,212771
P1,0.27,0.33,820211
P1,0.27,0.32,77885
P1,0.27,0.30,782833
P1,0.27,0.31,262694
P1,0.27,0.43,1188816
P1,0.27,0.44,273905
P1,0.27,0.34,343179
P1,0.27,0.49,797993
P1,0.27,0.46,1057141
P1,0.27,0.45,226087
P1,0.27,0.42,219023
P1,0.27,0.41,305102
P1,0.27,0.40,1278406
P1,0.28,0.48,212298
P1,0.28,0.49,802940
P1,0.28,0.33,824275
P1,0.28,0.34,345785
P1,0.28,0.30,787571
P1,0.28,0.31,264431
P1,0.28,0.46,1025229
P1,0.28,0.47,273659
P1,0.28,0.32,79427
P1,0.28,0.44,275553
P1,0.28,0.45,225595
P1,0.28,0.43,1189250
P1,0.28,0.42,217451
P1,0.28,0.41,254987
P1,0.28,0.40,1137594
P1,0.27,0.35,175589
P1,0.27,0.36,775092
P1,0.28,0.35,180698
P1,0.28,0.36,770828
P1,0.27,0.38,234769
P1,0.27,0.39,215126
P1,0.27,0.37,521090
P1,0.28,0.37,518431
P1,0.28,0.38,241127
P1,0.28,0.39,206075
P1,0.27,0.58,84157
P1,0.27,0.59,87108
P1,0.27,0.52,144307
P1,0.27,0.53,145226
P1,0.27,0.55,88441
P1,0.27,0.56,85799
P1,0.27,0.54,129421
P1,0.27,0.60,88657
P1,0.27,0.61,80732
P1,0.27,0.57,86746
P1,0.27,0.62,23675
P1,0.27,0.51,124909
P1,0.28,0.61,80412
P1,0.28,0.62,23024
P1,0.28,0.60,85417
P1,0.28,0.55,89216
P1,0.28,0.56,88009
P1,0.28,0.53,142817
P1,0.28,0.54,125650
P1,0.28,0.57,85966
P1,0.28,0.58,84197
P1,0.28,0.59,86053
P1,0.28,0.51,123213
P1,0.28,0.52,144491
P1,0.27,0.50,216773
P1,0.28,0.50,217824
P1,0.27,0.68,70273
P1,0.27,0.69,69106
P1,0.27,0.71,68336
P1,0.27,0.72,68711
P1,0.27,0.65,76130
P1,0.27,0.66,75232
P1,0.27,0.70,67119
P1,0.27,0.74,65646
P1,0.27,0.75,69466
P1,0.27,0.76,83194
P1,0.27,0.73,68416
P1,0.27,0.67,73345
P1,0.27,0.64,73635
P1,0.27,0.63,37111
P1,0.28,0.66,70682
P1,0.28,0.67,73437
P1,0.28,0.64,72898
P1,0.28,0.65,70080
P1,0.28,0.73,69655
P1,0.28,0.74,69630
P1,0.28,0.71,71139
P1,0.28,0.72,67814
P1,0.28,0.70,68669
P1,0.28,0.68,71228
P1,0.28,0.69,69142
P1,0.28,0.75,70282
P1,0.28,0.63,35969
P1,0.28,0.76,63803
P1,0.27,0.78,58180
P1,0.27,0.79,146130
P1,0.26,0.79,73580
P1,0.27,0.77,86499
P1,0.26,0.80,32203
P1,0.25,0.80,19047
P1,0.25,0.79,47339
P1,0.24,0.79,7400
P1,0.24,0.78,233
P1,0.28,0.78,25207
P1,0.28,0.77,57891
P1,0.28,0.79,14761
P1,0.29,0.30,2634
P1,0.29,0.31,306
P1,0.29,0.37,179
P1,0.29,0.38,590
P1,0.29,0.39,631
P1,0.29,0.32,224
P1,0.29,0.33,1550
P1,0.29,0.41,870
P1,0.29,0.42,78
P1,0.29,0.40,1059
P1,0.29,0.34,100
P1,0.29,0.35,42
P1,0.29,0.36,1338
P1,0.29,0.43,709
P1,0.29,0.44,603
P1,0.29,0.45,18
P1,0.29,0.46,1219
P1,0.29,0.47,644
P1,0.29,0.48,119
P1,0.29,0.49,1287
P1,0.29,0.52,534
P1,0.29,0.51,277
P1,0.29,0.50,332
P1,0.29,0.54,455
P1,0.29,0.55,154
P1,0.29,0.53,20
P1,0.24,0.80,908
P1,0.27,0.80,1486
P1,0.26,0.81,133
P1,0.25,0.81,1020
P1,0.24,0.81,329
P2,-0.02,0.39,1015
P2,-0.01,0.39,1416
P2,-0.01,0.38,1386
P2,-0.20,0.89,262
P2,-0.03,0.28,2059
P2,-0.02,0.28,1726
P2,-0.02,0.29,1645
P2,-0.01,0.28,1966
P2,0.24,0.28,964
P2,0.23,0.28,565
P2,-0.20,0.55,289
P2,-0.19,0.55,142
P2,0.15,0.50,1605
P2,0.15,0.51,1570
P2,0.16,0.52,4183
P2,0.16,0.53,2854
P2,0.17,0.54,286118
P2,0.17,0.55,4489604
P2,0.13,0.66,27398
P2,0.14,0.48,1228
P2,0.14,0.49,1172
P2,0.13,0.44,10234
P2,0.14,0.44,38280
P2,-0.18,0.76,231
P2,-0.17,0.76,311
P2,0.04,0.46,1186
P2,0.04,0.47,809
P2,0.05,0.46,1039
P2,-0.04,0.31,1522
P2,-0.05,0.31,1203
P2,-0.05,0.32,1223
P2,-0.06,0.31,1254
P2,0.11,0.39,485
P2,0.11,0.40,1006
P2,0.12,0.40,1924
P2,0.12,0.41,5489
P2,0.12,0.42,705
P2,0.13,0.42,239
P2,0.13,0.43,309
P2,-0.24,0.62,833
P2,0.15,0.60,2645
P2,0.15,0.59,4286
P2,0.16,0.58,5154
P2,0.16,0.57,10953
P2,0.17,0.56,10828
P2,-0.24,0.70,579
P2,-0.23,0.70,634
P2,-0.23,0.69,756
P2,0.11,0.41,53938
P2,0.11,0.42,3520
P2,0.12,0.43,1370
P2,0.12,0.44,1383
P2,0.12,0.45,8385
P2,0.13,0.45,27538
P2,0.06,0.89,1793
P2,0.05,0.89,933
P2,0.17,0.57,2554
P2,-0.16,0.73,149
P2,-0.16,0.74,230
P2,-0.17,0.74,141
P2,-0.18,0.73,260
P2,0.03,0.45,862
P2,0.04,0.45,796
P2,-0.24,0.64,584
P2,-0.24,0.65,409
P2,-0.23,0.65,565
P2,-0.23,0.64,800
P2,-0.05,0.20,1449
P2,-0.06,0.20,1386
P2,-0.07,0.20,1456
P2,0.04,0.35,1059
P2,0.04,0.36,890
P2,0.03,0.36,938
P2,0.03,0.35,1214
P2,-0.24,0.52,533
P2,-0.09,0.29,1058
P2,-0.10,0.29,936
P2,-0.24,0.58,583
P2,-0.23,0.58,633
P2,0.11,0.70,232
P2,0.12,0.70,6161
P2,0.12,0.69,19665
P2,0.12,0.68,1703
P2,0.12,0.67,391
P2,0.13,0.67,201
P2,-0.03,0.68,1483
P2,-0.03,0.69,346
P2,0.16,0.60,986
P2,0.16,0.59,2256
P2,0.13,0.46,2346
P2,-0.17,1.33,210
P2,-0.18,1.33,103
P2,-0.19,1.33,101
P2,0.10,0.40,1534
P2,0.11,0.43,595
P2,-0.06,1.10,48
P2,-0.07,1.10,39
P2,-0.07,1.09,124
P2,0.22,0.65,2312
P2,-0.10,0.35,745
P2,-0.10,0.36,1091
P2,-0.09,0.35,867
P2,0.17,0.66,8009
P2,-0.20,0.85,324
P2,-0.20,0.86,156
P2,-0.19,0.86,251
P2,-0.19,0.85,268
P2,-0.18,0.85,217
P2,0.01,0.84,251
P2,0.01,0.85,251
P2,0.00,0.85,183
P2,0.00,0.84,348
P2,0.03,0.27,1804
P2,0.02,0.27,2004
P2,0.02,0.26,1954
P2,-0.12,0.36,618
P2,-0.13,0.36,412
P2,-0.13,0.37,505
P2,-0.14,0.37,309
P2,-0.14,0.36,328
P2,0.10,0.37,21040
P2,0.10,0.38,2874
P2,0.10,0.39,2146
P2,0.09,0.93,401
P2,0.08,0.93,369
P2,0.07,0.93,355
P2,0.03,0.75,217
P2,0.04,0.75,5042
P2,0.04,0.76,404
P2,0.04,0.72,137
P2,0.05,0.72,238
P2,0.05,0.71,281
P2,0.06,0.72,152
P2,0.06,0.71,18120
P2,0.07,0.71,18282
P2,0.08,0.71,3156
P2,0.09,0.71,666
P2,0.07,0.29,1095
P2,0.07,0.30,1046
P2,0.08,0.30,722
P2,0.08,0.29,846
P2,0.16,0.54,1113
P2,0.09,0.72,5946
P2,0.10,0.72,3229
P2,0.10,0.71,245
P2,0.11,0.71,171
P2,0.17,0.58,1005
P2,-0.02,0.22,2317
P2,-0.02,0.23,3149
P2,-0.01,0.23,2746
P2,-0.01,0.22,2163
P2,0.14,0.89,437
P2,0.14,0.90,1674
P2,0.15,0.90,1556
P2,0.15,0.89,433
P2,0.14,0.80,276
P2,0.14,0.81,336
P2,0.13,0.80,318
P2,0.13,0.78,2029
P2,0.12,0.78,4621
P2,0.11,0.78,2444
P2,0.10,0.78,764
P2,0.10,0.77,6451
P2,0.02,0.72,4668
P2,0.02,0.73,11149
P2,0.01,0.73,510
P2,0.00,0.72,485
P2,0.13,0.41,4488
P2,0.00,0.30,1531
P2,-0.01,0.30,1357
P2,-0.02,0.30,1328
P2,0.17,0.44,50633
P2,-0.24,0.60,581
P2,-0.23,0.60,724
P2,-0.23,0.59,816
P2,-0.18,0.78,219
P2,-0.17,0.78,256
P2,-0.16,0.78,204
P2,0.15,0.66,17181
P2,-0.22,0.51,459
P2,-0.04,0.32,1478
P2,-0.03,0.32,1407
P2,-0.11,0.26,870
P2,-0.11,0.27,747
P2,0.01,0.30,1903
P2,0.02,0.30,1504
P2,-0.15,0.93,129
P2,-0.16,0.93,141
P2,-0.16,0.94,225
P2,-0.17,0.93,219
P2,0.09,0.68,33817
P2,-0.21,0.57,332
P2,-0.20,0.57,253
P2,-0.19,0.57,95
P2,-0.24,0.45,760
P2,-0.05,0.23,2556
P2,-0.04,0.23,2554
P2,-0.03,0.23,2704
P2,-0.24,0.43,562
P2,-0.23,0.43,501
P2,0.15,0.49,1285
P2,0.04,0.37,614
P2,0.04,0.38,922
P2,0.03,0.38,1023
P2,0.03,0.37,955
P2,0.02,0.37,814
P2,0.00,0.34,1388
P2,0.01,0.34,1424
P2,0.02,0.34,1460
P2,0.14,0.66,22098
P2,0.15,0.61,1521
P2,0.21,0.25,28
P2,-0.06,0.24,2516
P2,-0.06,0.25,2562
P2,-0.05,0.25,2485
P2,-0.05,0.24,2396
P2,0.00,0.28,1976
P2,0.13,0.47,804
P2,-0.07,1.17,47
P2,-0.08,1.17,54
P2,-0.08,1.18,174
P2,0.04,1.02,187
P2,0.03,1.02,139
P2,0.02,1.02,94
P2,-0.09,0.42,499
P2,-0.09,0.43,706
P2,-0.10,0.43,780
P2,-0.10,0.42,437
P2,-0.04,0.82,250
P2,-0.05,0.82,373
P2,-0.05,0.83,847
P2,-0.06,0.82,916
P2,0.04,0.64,4416
P2,0.05,0.64,29954
P2,0.06,0.64,4579
P2,-0.11,0.46,563
P2,-0.11,0.47,485
P2,-0.12,0.47,415
P2,-0.12,0.46,353
P2,-0.13,0.46,331
P2,-0.24,0.46,760
P2,-0.23,0.46,629
P2,-0.22,0.46,374
P2,-0.05,0.44,664
P2,-0.06,0.44,793
P2,-0.07,0.44,800
P2,0.12,0.66,431
P2,0.12,0.65,36298
P2,-0.06,0.67,420
P2,-0.06,0.68,330
P2,-0.07,0.21,2736
P2,-0.06,0.21,2614
P2,0.04,0.32,1493
P2,0.16,0.61,487
P2,-0.03,0.33,1445
P2,-0.02,0.32,1447
P2,0.01,0.21,2602
P2,0.01,0.22,2478
P2,0.02,0.22,2884
P2,0.02,0.21,2601
P2,-0.09,0.84,117
P2,-0.09,0.85,192
P2,-0.10,0.85,111
P2,-0.10,0.84,98
P2,0.05,0.53,493
P2,0.06,0.53,482
P2,0.09,0.38,4227
P2,0.04,1.10,72
P2,0.05,1.10,123
P2,0.06,1.10,86
P2,0.09,0.83,356
P2,0.09,0.84,393
P2,0.08,0.84,350
P2,0.08,0.83,209
P2,0.07,0.83,343
P2,0.02,0.74,448
P2,0.01,0.74,266
P2,-0.01,0.48,855
P2,-0.02,0.48,742
P2,-0.02,0.49,844
P2,0.20,0.66,3506
P2,-0.08,0.37,687
P2,-0.08,0.38,865
P2,-0.07,0.38,1072
P2,-0.07,0.37,772
P2,-0.08,0.26,1198
P2,-0.07,0.26,1631
P2,-0.06,0.26,1704
P2,-0.08,0.20,1563
P2,0.03,0.20,1556
P2,0.02,0.20,1491
P2,0.06,0.32,1817
P2,0.06,0.33,1181
P2,0.05,0.33,930
P2,0.05,0.32,1492
P2,0.09,0.40,518
P2,0.10,0.41,535
P2,0.07,0.34,16208
P2,0.17,0.50,3655
P2,0.17,0.51,5046
P2,0.17,0.52,6855
P2,0.17,0.53,10350
P2,0.11,0.64,26540
P2,0.12,0.64,7908
P2,0.13,0.64,3263
P2,0.13,0.63,696
P2,0.02,0.24,2557
P2,0.01,0.24,2041
P2,0.00,0.24,2358
P2,-0.24,0.56,438
P2,-0.23,0.56,563
P2,-0.22,0.56,500
P2,0.00,0.31,1349
P2,0.01,0.31,1890
P2,0.02,0.31,1221
P2,0.08,0.21,2668
P2,0.08,0.22,2011
P2,0.09,0.22,1479
P2,0.09,0.21,1734
P2,0.10,0.21,1220
P2,0.21,0.66,1469
P2,0.00,0.42,1255
P2,0.00,0.43,1039
P2,0.01,0.43,1140
P2,0.01,0.42,958
P2,-0.04,0.28,1870
P2,-0.05,0.28,1562
P2,-0.06,0.28,1719
P2,-0.24,0.61,457
P2,-0.23,0.61,576
P2,0.13,0.98,348
P2,0.13,0.99,257
P2,0.11,0.81,326
P2,0.11,0.82,1677
P2,0.10,0.82,1527
P2,0.10,0.81,466
P2,0.05,0.73,516
P2,0.05,0.74,2590
P2,0.04,0.74,13706
P2,0.04,0.73,1316
P2,0.03,0.72,1112
P2,0.03,0.71,254
P2,-0.22,0.84,336
P2,-0.22,0.85,350
P2,-0.21,0.84,381
P2,0.13,0.65,23872
P2,-0.04,0.38,1115
P2,-0.04,0.39,1109
P2,-0.05,0.39,946
P2,-0.05,0.38,927
P2,0.01,0.29,1500
P2,0.00,0.29,1491
P2,0.02,0.86,432
P2,0.03,0.86,347
P2,0.03,0.87,478
P2,0.04,0.87,371
P2,0.04,0.86,293
P2,0.19,0.87,533
P2,0.19,0.88,330
P2,0.20,0.88,281
P2,0.21,0.88,128
P2,0.21,0.87,359
P2,0.16,0.51,2774
P2,-0.12,0.24,811
P2,-0.13,0.24,407
P2,-0.14,0.24,77
P2,0.36,0.73,27
P2,0.37,0.73,44
P2,0.16,0.50,2429
P2,-0.24,0.66,448
P2,-0.23,0.66,526
P2,0.43,1.24,2
P2,0.42,1.24,16
P2,-0.24,0.72,536
P2,-0.24,0.73,388
P2,-0.23,0.73,642
P2,-0.22,0.73,582
P2,-0.22,0.72,417
P2,-0.23,0.62,722
P2,-0.05,0.26,1878
P2,-0.04,0.26,1930
P2,-0.04,0.25,2327
P2,-0.03,0.25,2114
P2,-0.01,0.32,1338
P2,-0.19,0.89,259
P2,-0.18,0.89,257
P2,-0.01,0.21,2410
P2,-0.02,0.21,3035
P2,-0.03,0.21,2684
P2,0.09,0.77,8953
P2,0.11,0.77,2148
P2,0.08,0.77,7402
P2,0.03,0.73,5030
P2,0.01,0.72,25782
P2,-0.10,0.72,254
P2,-0.10,0.73,439
P2,-0.11,0.72,267
P2,0.07,0.22,2099
P2,-0.01,0.24,2754
P2,0.15,0.91,704
P2,0.16,0.91,1197
P2,0.16,0.92,634
P2,0.17,0.91,1292
P2,0.19,0.80,170
P2,0.19,0.81,180
P2,0.20,0.81,261
P2,0.20,0.80,166
P2,0.21,0.80,212
P2,0.22,0.78,922
P2,0.23,0.78,638
P2,-0.01,0.26,1861
P2,-0.02,0.26,1691
P2,-0.03,0.26,2037
P2,0.13,0.40,51257
P2,0.14,0.43,2003
P2,0.09,0.37,49429
P2,-0.04,0.55,637
P2,-0.05,0.55,627
P2,-0.09,1.00,107
P2,-0.09,1.01,145
P2,-0.10,1.01,103
P2,-0.10,1.00,92
P2,-0.14,0.43,390
P2,-0.15,0.43,303
P2,-0.16,0.43,207
P2,-0.01,0.56,680
P2,-0.01,0.57,590
P2,-0.02,0.57,602
P2,-0.02,0.56,809
P2,-0.04,0.84,854
P2,-0.04,0.85,318
P2,-0.05,0.85,247
P2,-0.06,0.85,197
P2,-0.06,0.84,145
P2,0.19,0.96,369
P2,0.20,0.96,311
P2,0.21,0.96,375
P2,0.02,0.50,785
P2,0.02,0.51,374
P2,0.01,0.51,838
P2,0.01,0.50,875
P2,0.00,0.50,730
P2,-0.17,0.97,136
P2,-0.16,0.97,118
P2,-0.04,0.47,549
P2,-0.04,0.48,593
P2,-0.05,0.47,587
P2,-0.12,0.42,351
P2,-0.12,0.43,382
P2,-0.13,0.43,367
P2,-0.14,0.42,252
P2,-0.24,0.41,436
P2,-0.23,0.41,252
P2,0.16,0.66,9820
P2,-0.13,0.82,200
P2,-0.14,0.82,226
P2,-0.14,0.83,111
P2,-0.15,0.83,81
P2,-0.15,0.82,115
P2,0.01,0.28,1699
P2,0.24,0.29,932
P2,0.23,0.29,152
P2,0.22,0.29,162
P2,0.12,0.85,400
P2,0.12,0.86,2064
P2,0.11,0.86,2221
P2,0.11,0.85,259
P2,-0.05,0.43,861
P2,-0.06,0.43,799
P2,-0.07,0.43,572
P2,-0.24,1.38,37
P2,-0.24,1.37,102
P2,0.08,0.34,53071
P2,0.08,0.33,9295
P2,-0.06,0.30,1069
P2,-0.07,0.31,1190
P2,-0.07,0.30,943
P2,-0.05,0.65,422
P2,-0.06,0.65,643
P2,-0.07,0.65,516
P2,0.28,0.78,2
P2,0.28,0.79,74
P2,0.29,0.79,126
P2,0.30,0.79,83
P2,0.30,0.78,56
P2,-0.04,0.93,195
P2,-0.05,0.93,86
P2,-0.05,0.92,163
P2,0.18,0.66,7496
P2,-0.12,0.44,524
P2,-0.12,0.45,431
P2,-0.13,0.45,469
P2,-0.13,0.44,409
P2,-0.14,0.44,327
P2,0.03,0.22,2282
P2,0.03,0.23,2625
P2,0.02,0.23,3260
P2,-0.10,0.50,549
P2,-0.10,0.51,611
P2,-0.11,0.34,555
P2,-0.11,0.35,646
P2,-0.12,0.35,405
P2,-0.12,0.34,458
P2,0.06,0.57,564
P2,0.06,0.58,342
P2,0.07,0.57,473
P2,-0.04,0.22,2637
P2,-0.05,0.22,2723
P2,-0.06,0.23,2612
P2,-0.06,0.22,2652
P2,-0.17,1.03,208
P2,-0.17,1.04,131
P2,-0.18,1.04,198
P2,-0.18,1.03,345
P2,0.16,0.87,688
P2,0.17,0.87,534
P2,0.17,0.88,500
P2,0.18,0.88,356
P2,0.18,0.87,727
P2,0.22,0.80,118
P2,0.12,0.71,26
P2,0.13,0.69,1947
P2,0.13,0.68,324
P2,-0.24,0.57,618
P2,-0.23,0.57,636
P2,0.16,0.56,18890
P2,0.08,0.20,1491
P2,-0.23,0.38,264
P2,-0.22,0.38,20
P2,0.30,0.80,176
P2,0.30,0.81,151
P2,0.29,0.81,286
P2,0.29,0.80,184
P2,-0.21,0.53,253
P2,-0.21,0.54,299
P2,-0.20,0.54,170
P2,-0.19,0.54,104
P2,-0.19,0.53,60
P2,0.01,0.32,1872
P2,-0.12,0.21,207
P2,-0.13,0.21,10
P2,-0.23,1.17,154
P2,-0.23,1.18,122
P2,-0.22,1.18,70
P2,-0.22,1.17,126
P2,-0.05,0.91,83
P2,-0.06,0.92,111
P2,-0.06,0.91,96
P2,-0.09,0.70,157
P2,-0.09,0.71,357
P2,-0.10,0.71,362
P2,-0.10,0.70,287
P2,-0.12,0.71,356
P2,-0.12,0.72,255
P2,-0.13,0.72,233
P2,-0.13,0.71,251
P2,-0.14,0.71,185
P2,-0.21,0.66,354
P2,-0.24,0.71,615
P2,-0.23,0.71,712
P2,-0.22,0.71,684
P2,-0.22,0.70,557
P2,-0.13,0.73,189
P2,-0.14,0.73,561
P2,-0.15,0.73,220
P2,-0.15,0.72,213
P2,-0.08,0.35,920
P2,-0.08,0.36,702
P2,-0.09,0.36,722
P2,0.02,0.32,1413
P2,0.02,0.35,1488
P2,0.01,0.35,1486
P2,0.00,0.35,1225
P2,-0.08,0.40,811
P2,-0.08,0.41,914
P2,-0.09,0.40,1022
P2,0.07,0.32,2409
P2,0.07,0.33,2719
P2,0.08,0.32,821
P2,-0.17,0.77,229
P2,-0.18,0.77,269
P2,-0.04,0.71,331
P2,-0.05,0.71,503
P2,-0.05,0.70,244
P2,0.08,0.38,659
P2,0.09,0.39,714
P2,-0.09,0.60,377
P2,-0.09,0.61,457
P2,0.01,0.25,2326
P2,0.01,0.26,1766
P2,-0.04,0.46,993
P2,-0.05,0.46,1266
P2,-0.06,0.46,1267
P2,-0.23,0.30,580
P2,-0.22,0.30,735
P2,-0.21,0.30,470
P2,0.14,0.61,1723
P2,0.03,0.55,868
P2,0.03,0.56,618
P2,0.08,0.44,638
P2,0.08,0.45,616
P2,0.09,0.45,389
P2,0.09,0.44,480
P2,-0.13,0.41,547
P2,-0.14,0.41,407
P2,-0.15,0.41,192
P2,-0.15,0.40,283
P2,-0.09,0.27,1064
P2,-0.10,0.27,965
P2,-0.10,0.28,826
P2,-0.16,1.13,90
P2,-0.16,1.14,131
P2,-0.17,1.14,197
P2,-0.18,1.14,144
P2,-0.18,1.13,180
P2,0.07,0.80,525
P2,0.07,0.81,1310
P2,0.06,0.80,952
P2,0.06,0.74,954
P2,0.06,0.75,4169
P2,0.07,0.72,6774
P2,0.08,0.72,13043
P2,0.08,0.73,50
P2,-0.24,0.54,645
P2,-0.24,0.53,452
P2,0.04,0.20,1684
P2,-0.20,1.05,236
P2,-0.21,1.05,193
P2,-0.22,1.05,226
P2,-0.03,0.41,1377
P2,-0.03,0.42,1123
P2,-0.02,0.42,827
P2,-0.02,0.41,1072
P2,0.06,1.00,297
P2,0.05,1.00,268
P2,0.04,1.00,139
P2,-0.07,0.23,2265
P2,-0.07,0.24,2361
P2,0.06,0.23,2463
P2,0.06,0.24,2377
P2,0.05,0.28,2280
P2,0.04,0.28,1603
P2,0.03,0.28,1832
P2,0.01,0.78,458
P2,0.01,0.79,432
P2,0.02,0.79,387
P2,0.02,0.78,1028
P2,0.03,0.78,445
P2,0.08,0.74,82
P2,0.09,0.74,208
P2,0.09,0.73,9720
P2,-0.21,1.00,215
P2,-0.20,1.00,127
P2,-0.20,1.01,100
P2,-0.19,1.00,121
P2,-0.21,0.76,352
P2,-0.20,0.76,270
P2,-0.20,0.77,263
P2,-0.19,0.76,211
P2,0.03,0.44,711
P2,0.02,0.45,727
P2,0.02,0.44,1052
P2,0.04,0.39,1021
P2,0.03,0.39,1388
P2,-0.06,0.63,449
P2,-0.07,0.63,638
P2,-0.08,0.63,531
P2,0.02,0.62,512
P2,0.02,0.63,896
P2,0.01,0.63,2296
P2,0.01,0.62,558
P2,0.01,0.94,161
P2,0.01,0.95,186
P2,0.02,0.94,115
P2,0.08,0.80,274
P2,0.10,0.79,226
P2,0.09,0.79,215
P2,0.09,0.78,261
P2,0.07,0.77,480
P2,0.03,0.74,5817
P2,0.03,0.26,2203
P2,-0.14,0.30,175
P2,-0.14,0.31,348
P2,-0.15,0.31,196
P2,-0.16,0.31,93
P2,-0.16,0.30,74
P2,-0.13,1.18,161
P2,-0.13,1.19,66
P2,-0.01,0.69,14335
P2,-0.01,0.70,14488
P2,-0.24,0.50,912
P2,-0.22,0.57,570
P2,-0.21,0.56,372
P2,-0.03,0.47,705
P2,-0.03,0.22,2313
P2,0.15,0.44,37406
P2,0.12,0.23,496
P2,0.13,0.23,228
P2,0.14,0.23,39
P2,-0.11,0.41,717
P2,-0.11,0.42,431
P2,-0.12,0.41,503
P2,-0.04,0.20,1380
P2,-0.04,0.21,2720
P2,-0.05,0.21,2734
P2,0.11,0.55,340
P2,0.12,0.55,319
P2,0.13,0.55,242
P2,-0.01,0.25,2835
P2,0.00,0.74,264
P2,0.00,0.75,280
P2,-0.01,0.75,397
P2,-0.02,0.75,598
P2,-0.02,0.74,526
P2,0.04,0.89,912
P2,-0.02,0.25,2430
P2,0.02,0.38,843
P2,0.02,0.39,1048
P2,0.01,0.39,1238
P2,0.01,0.38,854
P2,-0.23,1.10,148
P2,-0.22,1.10,163
P2,-0.21,1.10,110
P2,-0.16,1.31,57
P2,-0.15,1.31,30
P2,-0.15,1.32,89
P2,-0.14,1.31,104
P2,0.04,0.61,2136
P2,0.04,0.62,15133
P2,0.05,0.62,2338
P2,0.05,0.61,882
P2,-0.13,0.47,334
P2,-0.24,0.30,264
P2,0.01,0.61,405
P2,0.00,0.61,537
P2,0.00,0.62,847
P2,-0.01,0.62,693
P2,-0.01,0.61,496
P2,-0.03,0.50,720
P2,-0.03,0.51,650
P2,-0.04,0.51,707
P2,-0.04,0.50,871
P2,-0.22,0.66,552
P2,-0.11,0.25,981
P2,-0.12,0.25,723
P2,-0.13,0.25,451
P2,-0.24,0.42,444
P2,-0.23,0.42,449
P2,-0.15,0.37,240
P2,-0.15,0.36,166
P2,0.04,0.23,2486
P2,0.04,0.24,2282
P2,0.05,0.24,2285
P2,0.05,0.23,2316
P2,0.17,0.42,568
P2,0.17,0.43,772
P2,0.07,0.21,2902
P2,0.06,0.21,2805
P2,0.05,0.21,2579
P2,0.12,0.56,149
P2,0.12,0.57,769
P2,0.13,0.57,2604
P2,0.14,0.57,5584
P2,0.14,0.56,1058
P2,-0.24,0.59,558
P2,-0.22,0.59,674
P2,-0.22,0.58,530
P2,0.00,0.25,2167
P2,-0.23,0.49,777
P2,-0.22,0.49,478
P2,-0.21,0.49,236
P2,-0.02,0.38,1345
P2,-0.10,1.06,65
P2,-0.11,1.06,89
P2,-0.12,1.06,53
P2,-0.12,1.05,19
P2,-0.13,0.51,139
P2,-0.13,0.52,423
P2,-0.14,0.52,246
P2,-0.14,0.51,136
P2,-0.09,0.67,399
P2,-0.10,0.67,281
P2,-0.10,0.66,340
P2,-0.02,0.34,1307
P2,-0.03,0.34,1400
P2,-0.04,0.34,1212
P2,-0.04,0.33,1734
P2,0.02,0.36,1083
P2,0.00,0.32,1480
P2,-0.01,0.31,1579
P2,-0.02,0.31,1601
P2,-0.20,0.67,287
P2,-0.19,0.67,237
P2,-0.16,1.20,63
P2,-0.15,1.20,110
P2,-0.14,1.20,100
P2,-0.11,1.07,78
P2,-0.11,1.08,145
P2,-0.12,1.08,170
P2,-0.12,1.07,136
P2,0.03,1.08,96
P2,0.03,1.09,137
P2,0.09,0.85,1206
P2,0.10,0.85,270
P2,0.15,0.80,76
P2,0.15,0.79,287
P2,0.14,0.79,409
P2,0.14,0.78,2191
P2,0.13,0.79,287
P2,0.06,0.34,987
P2,0.05,0.95,245
P2,0.04,0.95,239
P2,0.04,0.96,341
P2,0.03,0.96,217
P2,0.03,0.95,221
P2,0.03,0.51,685
P2,0.02,0.52,790
P2,0.01,0.52,820
P2,0.05,0.91,453
P2,0.04,0.91,494
P2,0.03,0.91,301
P2,0.05,0.81,334
P2,0.04,0.81,575
P2,0.04,0.82,305
P2,0.03,0.81,399
P2,0.06,0.26,1531
P2,0.07,0.26,1342
P2,0.00,0.22,2294
P2,0.00,0.23,2595
P2,-0.24,0.51,700
P2,-0.20,0.56,209
P2,-0.12,0.29,426
P2,-0.13,0.29,349
P2,-0.14,0.29,298
P2,0.22,0.31,284
P2,0.21,0.31,277
P2,-0.01,0.42,1126
P2,-0.16,0.86,141
P2,-0.17,0.86,143
P2,-0.18,0.86,196
P2,-0.02,0.36,1358
P2,-0.02,0.37,1339
P2,-0.06,0.27,1853
P2,0.14,0.70,9431
P2,0.14,0.69,380
P2,0.14,0.68,51
P2,0.14,0.67,68
P2,0.15,0.67,43
P2,-0.16,0.47,71
P2,-0.16,0.48,142
P2,-0.17,0.48,130
P2,-0.17,0.47,80
P2,-0.18,0.47,92
P2,-0.02,0.98,212
P2,-0.03,0.98,129
P2,-0.03,0.99,63
P2,-0.04,0.98,71
P2,-0.02,0.40,916
P2,-0.03,0.40,1012
P2,-0.08,0.25,1602
P2,-0.09,0.26,1002
P2,-0.09,0.25,1232
P2,-0.23,0.45,671
P2,-0.22,0.45,340
P2,-0.21,0.45,96
P2,-0.21,0.44,54
P2,-0.04,0.24,2470
P2,-0.03,0.24,2594
P2,0.04,0.30,1474
P2,0.04,0.31,1700
P2,-0.08,0.90,191
P2,-0.09,0.90,190
P2,-0.10,0.90,43
P2,-0.05,0.80,328
P2,-0.06,0.80,155
P2,-0.06,0.79,365
P2,0.02,0.48,707
P2,0.02,0.49,729
P2,0.03,0.49,551
P2,0.03,0.48,755
P2,0.03,0.82,113
P2,0.02,0.82,159
P2,-0.05,0.66,700
P2,0.19,0.66,3926
P2,0.15,0.43,331
P2,0.07,0.52,466
P2,0.07,0.53,318
P2,0.08,0.52,272
P2,0.03,0.29,1444
P2,0.04,0.29,1697
P2,-0.14,0.75,148
P2,-0.15,0.75,114
P2,-0.05,0.49,721
P2,-0.05,0.50,673
P2,-0.04,0.49,848
P2,0.21,0.65,1203
P2,-0.22,1.13,138
P2,-0.22,1.14,226
P2,-0.23,1.14,259
P2,-0.24,1.14,210
P2,-0.24,1.13,136
P2,-0.04,0.53,810
P2,-0.04,0.54,646
P2,-0.05,0.54,1149
P2,-0.06,0.54,655
P2,-0.06,0.53,681
P2,0.02,0.75,202
P2,0.02,0.76,549
P2,0.01,0.75,241
P2,-0.04,0.35,981
P2,-0.03,0.35,1425
P2,-0.02,0.35,1221
P2,0.05,0.67,268
P2,0.05,0.68,637
P2,0.04,0.68,3289
P2,0.04,0.67,230
P2,0.17,0.67,19
P2,-0.09,0.52,575
P2,-0.08,0.52,559
P2,-0.08,0.51,485
P2,0.04,0.54,746
P2,0.05,0.54,677
P2,0.05,0.55,618
P2,0.06,0.54,457
P2,-0.02,1.16,2
P2,-0.02,1.17,34
P2,-0.01,1.17,22
P2,-0.01,1.16,3
P2,0.16,0.38,2178
P2,0.16,0.39,2584
P2,0.16,0.40,85931
P2,0.16,0.41,5235
P2,0.17,0.41,735
P2,0.01,0.46,878
P2,0.01,0.47,822
P2,-0.22,0.65,481
P2,0.02,0.29,1430
P2,-0.21,1.06,61
P2,-0.22,1.06,120
P2,-0.23,1.06,155
P2,-0.23,1.05,270
P2,0.00,0.78,458
P2,0.00,0.79,659
P2,-0.01,0.79,517
P2,-0.01,0.78,415
P2,-0.02,0.78,422
P2,-0.07,0.28,1383
P2,-0.07,0.27,1879
P2,-0.08,0.27,1179
P2,0.15,0.52,233
P2,-0.20,0.80,380
P2,-0.19,0.80,307
P2,-0.18,0.80,140
P2,-0.24,0.93,324
P2,-0.23,0.93,409
P2,0.43,0.97,1
P2,0.42,0.97,12
P2,0.01,0.83,562
P2,0.00,0.83,615
P2,-0.01,0.83,418
P2,-0.01,0.82,662
P2,-0.08,0.30,814
P2,-0.09,0.30,1007
P2,-0.07,0.22,2120
P2,-0.08,0.22,1857
P2,-0.10,0.38,558
P2,-0.11,0.38,536
P2,-0.12,0.38,422
P2,0.08,0.47,652
P2,0.08,0.48,707
P2,0.09,0.48,517
P2,0.09,0.47,647
P2,0.02,0.28,1552
P2,0.01,0.27,1608
P2,0.00,0.27,2027
P2,0.04,0.50,657
P2,0.05,0.50,717
P2,0.06,0.50,556
P2,-0.11,0.61,281
P2,-0.12,0.61,342
P2,-0.13,0.61,398
P2,-0.13,0.60,224
P2,0.01,1.15,95
P2,0.01,1.16,91
P2,0.00,1.16,24
P2,0.00,1.15,49
P2,-0.16,0.91,177
P2,-0.15,0.91,75
P2,-0.21,0.79,540
P2,-0.20,0.79,353
P2,-0.19,0.79,280
P2,-0.12,0.26,755
P2,-0.14,0.25,147
P2,0.14,0.42,1860
P2,-0.23,0.94,162
P2,-0.23,0.95,316
P2,-0.22,0.95,241
P2,-0.21,0.95,259
P2,-0.21,0.94,360
P2,-0.16,0.76,271
P2,0.25,0.85,370
P2,0.24,0.85,74
P2,0.22,0.82,922
P2,0.22,0.83,211
P2,0.23,0.83,174
P2,0.24,0.83,72
P2,0.24,0.82,450
P2,-0.07,0.94,114
P2,-0.07,0.95,125
P2,0.19,0.40,75807
P2,0.19,0.41,5515
P2,0.19,0.42,1096
P2,0.19,0.43,1050
P2,0.19,0.44,47754
P2,-0.11,0.32,588
P2,-0.12,0.32,718
P2,-0.13,0.32,409
P2,-0.13,0.31,545
P2,0.03,0.25,2478
P2,0.04,0.25,2416
P2,-0.22,0.69,521
P2,-0.21,0.70,491
P2,-0.21,0.69,443
P2,-0.01,0.29,1703
P2,0.13,0.39,2404
P2,0.14,0.40,40151
P2,0.14,0.41,5489
P2,-0.24,0.76,366
P2,-0.23,0.76,347
P2,0.07,0.24,1671
P2,-0.03,0.30,1352
P2,0.03,0.30,1409
P2,0.15,0.65,1565
P2,0.04,0.27,1784
P2,0.04,0.26,2232
P2,-0.02,0.20,1442
P2,-0.03,0.20,1311
P2,0.18,0.56,177
P2,-0.21,0.81,402
P2,-0.20,0.81,401
P2,-0.19,0.81,380
P2,0.03,0.65,509
P2,0.03,0.66,1962
P2,0.04,0.66,292
P2,0.04,0.65,760
P2,0.06,0.25,2341
P2,0.05,0.25,2074
P2,0.09,0.20,1414
P2,0.07,0.20,1391
P2,0.05,0.49,679
P2,0.06,0.49,860
P2,0.07,0.49,628
P2,-0.05,0.30,1162
P2,-0.03,0.31,1492
P2,0.02,0.41,1151
P2,0.03,0.41,1050
P2,-0.02,0.43,686
P2,-0.01,0.43,1101
P2,-0.05,0.34,1207
P2,-0.05,0.33,1047
P2,-0.21,0.72,488
P2,-0.20,0.72,417
P2,0.26,0.84,90
P2,0.26,0.85,364
P2,0.06,0.56,430
P2,0.05,0.56,561
P2,-0.02,0.64,535
P2,-0.02,0.65,806
P2,-0.10,0.46,614
P2,-0.06,0.69,409
P2,-0.06,0.70,325
P2,-0.07,0.70,344
P2,-0.07,0.69,413
P2,-0.08,0.69,459
P2,0.05,0.22,2397
P2,0.04,0.22,2271
P2,-0.13,1.15,98
P2,-0.12,1.15,93
P2,0.03,0.34,1630
P2,0.01,0.33,1647
P2,0.14,0.62,1370
P2,-0.01,0.74,269
P2,-0.03,0.74,874
P2,-0.05,0.52,587
P2,-0.05,0.53,769
P2,-0.06,0.52,605
P2,0.13,0.56,166
P2,0.15,0.56,5802
P2,-0.21,0.96,220
P2,-0.20,0.96,224
P2,-0.19,0.96,230
P2,-0.19,0.95,314
P2,0.05,1.31,44
P2,0.04,1.31,114
P2,0.02,0.33,1454
P2,0.00,0.33,1701
P2,0.08,0.59,1051
P2,0.09,0.59,1578
P2,0.10,0.59,1818
P2,0.06,0.22,2516
P2,0.11,0.27,722
P2,0.12,0.27,575
P2,0.13,0.27,312
P2,-0.08,0.56,389
P2,-0.09,0.56,376
P2,-0.13,0.69,218
P2,-0.14,0.69,152
P2,0.16,1.16,109
P2,0.16,1.17,29
P2,0.15,1.17,93
P2,0.15,1.16,40
P2,0.15,0.41,309
P2,0.15,0.42,291
P2,-0.08,0.21,2647
P2,-0.08,0.85,254
P2,-0.21,0.97,181
P2,-0.20,0.97,199
P2,-0.19,0.97,228
P2,-0.04,0.44,850
P2,-0.04,0.45,1057
P2,-0.03,0.45,1099
P2,-0.03,0.44,948
P2,0.00,0.41,1267
P2,0.01,0.41,1397
P2,-0.24,0.86,179
P2,-0.23,0.86,261
P2,-0.12,0.81,232
P2,-0.13,0.81,161
P2,-0.14,0.81,152
P2,-0.21,0.77,376
P2,-0.22,0.77,457
P2,-0.20,0.91,311
P2,-0.19,0.91,225
P2,-0.18,0.91,200
P2,0.10,0.33,2181
P2,0.10,0.32,615
P2,0.11,0.32,61715
P2,0.03,0.57,558
P2,0.02,0.57,415
P2,0.02,0.56,501
P2,0.12,0.39,491
P2,0.10,1.19,84
P2,0.11,1.19,104
P2,-0.08,1.19,111
P2,0.01,0.23,2756
P2,0.21,0.84,203
P2,0.20,0.84,336
P2,0.19,0.83,808
P2,0.15,0.82,1350
P2,0.14,0.82,1527
P2,0.13,0.82,1352
P2,0.01,0.20,1260
P2,0.00,0.20,1244
P2,0.03,0.31,1452
P2,0.07,0.25,1746
P2,0.08,0.26,1048
P2,0.09,0.26,1189
P2,0.09,0.25,1596
P2,-0.06,0.38,846
P2,-0.06,0.39,832
P2,0.18,0.39,168
P2,0.18,0.40,6597
P2,0.18,0.41,2385
P2,0.18,0.42,855
P2,0.18,0.43,1361
P2,0.18,0.44,46687
P2,0.41,0.78,58
P2,0.41,0.79,39
P2,0.40,0.79,31
P2,0.40,0.78,39
P2,0.28,0.85,179
P2,0.29,0.85,116
P2,0.30,0.85,146
P2,-0.03,0.53,935
P2,0.10,0.25,889
P2,0.11,0.25,613
P2,0.11,0.26,483
P2,0.12,0.25,480
P2,-0.24,0.67,468
P2,-0.24,0.68,625
P2,-0.23,0.68,630
P2,-0.23,0.67,574
P2,-0.22,0.67,440
P2,0.06,0.27,1333
P2,-0.12,0.22,486
P2,-0.13,0.22,118
P2,-0.17,0.61,46
P2,-0.18,0.61,108
P2,-0.19,0.61,187
P2,-0.19,0.60,235
P2,-0.02,0.81,598
P2,-0.03,0.81,286
P2,-0.04,0.81,201
P2,-0.21,0.60,399
P2,-0.20,0.60,229
P2,-0.22,0.86,237
P2,-0.21,0.86,242
P2,-0.06,0.72,561
P2,-0.06,0.73,344
P2,0.04,0.69,26995
P2,0.02,0.59,705
P2,0.03,0.59,515
P2,0.04,0.59,628
P2,0.07,0.27,1535
P2,-0.13,0.42,302
P2,0.09,0.66,620
P2,0.10,0.66,525
P2,0.24,0.30,90
P2,0.06,0.20,1400
P2,-0.07,0.36,712
P2,-0.09,0.28,782
P2,0.04,0.34,1254
P2,0.08,0.81,1466
P2,0.06,0.81,391
P2,0.14,0.65,4424
P2,0.02,0.46,976
P2,0.00,0.46,1220
P2,0.08,0.54,514
P2,0.08,0.55,517
P2,0.09,0.55,316
P2,0.09,0.54,418
P2,0.10,0.54,320
P2,-0.06,0.35,1221
P2,-0.06,0.36,1037
P2,-0.07,0.35,1132
P2,0.03,1.05,196
P2,0.03,1.06,192
P2,0.00,0.53,713
P2,0.00,0.54,862
P2,0.01,0.54,845
P2,0.01,0.53,801
P2,-0.20,0.74,295
P2,-0.19,0.74,222
P2,-0.18,0.74,143
P2,0.00,0.82,902
P2,-0.02,0.83,376
P2,-0.02,0.82,396
P2,0.01,0.40,1111
P2,0.00,0.40,1160
P2,-0.01,0.40,1320
P2,-0.10,0.37,463
P2,-0.12,0.37,374
P2,-0.22,0.44,366
P2,-0.16,0.77,172
P2,0.07,0.31,1179
P2,0.08,0.31,708
P2,-0.03,0.36,1515
P2,-0.01,0.36,1154
P2,-0.05,0.76,515
P2,-0.05,0.77,787
P2,-0.04,0.77,427
P2,-0.04,0.76,522
P2,0.03,0.40,954
P2,0.04,0.40,875
P2,-0.02,0.71,362
P2,-0.03,0.71,153
P2,-0.03,0.72,344
P2,0.10,0.48,397
P2,0.10,0.47,666
P2,-0.24,0.80,311
P2,-0.24,0.79,196
P2,-0.20,0.73,382
P2,-0.19,0.73,227
P2,0.07,0.97,363
P2,0.07,0.98,204
P2,0.08,0.98,342
P2,0.08,0.97,224
P2,0.16,0.82,597
P2,0.17,0.82,1273
P2,0.18,0.82,836
P2,0.18,0.81,89
P2,0.19,0.78,486
P2,0.19,0.79,199
P2,0.20,0.79,221
P2,0.21,0.79,279
P2,0.21,0.78,639
P2,0.24,0.78,135
P2,0.24,0.77,219
P2,-0.24,0.88,303
P2,-0.09,0.38,796
P2,0.04,0.71,128
P2,0.07,0.70,3269
P2,0.08,0.70,226
P2,0.06,0.70,2465
P2,0.05,0.70,16504
P2,0.03,0.24,2691
P2,-0.10,1.31,82
P2,-0.10,1.32,36
P2,-0.11,1.32,45
P2,-0.11,1.31,72
P2,0.02,0.40,1212
P2,0.14,0.47,680
P2,0.05,0.34,916
P2,0.04,0.48,646
P2,0.04,0.49,593
P2,-0.05,0.64,572
P2,-0.06,0.64,639
P2,0.07,0.78,339
P2,0.07,0.79,279
P2,0.06,0.79,240
P2,0.06,0.78,241
P2,0.02,0.71,1796
P2,-0.02,0.27,2004
P2,-0.01,0.27,1720
P2,-0.20,0.82,387
P2,-0.19,0.82,295
P2,0.08,0.78,251
P2,0.04,0.52,859
P2,0.04,0.51,692
P2,-0.04,1.34,41
P2,-0.03,1.34,138
P2,-0.03,1.33,57
P2,0.00,0.95,153
P2,0.00,0.94,126
P2,-0.23,0.89,440
P2,-0.22,0.89,308
P2,-0.21,0.89,261
P2,-0.03,0.78,514
P2,-0.02,0.77,384
P2,-0.03,0.97,66
P2,-0.04,0.97,179
P2,-0.05,0.97,187
P2,-0.06,0.32,1042
P2,-0.06,0.33,1000
P2,-0.07,0.33,1192
P2,-0.08,0.33,1066
P2,-0.08,0.32,969
P2,-0.04,0.36,1096
P2,-0.05,0.36,983
P2,0.17,0.89,456
P2,0.17,0.90,972
P2,0.18,0.90,717
P2,0.18,0.89,158
P2,-0.15,0.61,239
P2,-0.16,0.61,145
P2,0.09,0.50,724
P2,0.09,0.51,475
P2,0.10,0.51,432
P2,0.10,0.50,424
P2,-0.22,0.64,578
P2,-0.21,0.64,324
P2,0.11,1.39,4
P2,0.11,1.38,75
P2,0.16,0.88,464
P2,0.16,0.89,565
P2,0.15,0.88,360
P2,0.04,0.70,5087
P2,0.03,0.70,426
P2,0.02,0.70,434
P2,0.02,0.69,372
P2,-0.14,0.40,342
P2,-0.16,0.40,236
P2,0.01,0.67,800
P2,0.01,0.66,13598
P2,-0.22,0.81,353
P2,-0.05,1.02,170
P2,-0.05,1.03,187
P2,-0.04,0.73,628
P2,-0.05,0.73,501
P2,-0.05,0.72,776
P2,-0.23,0.25,8
P2,-0.22,0.25,34
P2,-0.03,0.27,2032
P2,0.10,0.83,360
P2,0.09,0.82,695
P2,0.05,0.27,1708
P2,-0.07,0.74,247
P2,-0.08,0.75,580
P2,-0.08,0.74,599
P2,0.06,0.67,469
P2,0.07,0.67,17049
P2,-0.24,0.63,561
P2,0.00,0.26,1743
P2,-0.02,0.47,1093
P2,-0.01,0.47,1035
P2,0.06,0.94,339
P2,0.05,0.94,294
P2,0.04,0.94,241
P2,-0.24,0.94,126
P2,-0.24,0.95,194
P2,-0.22,0.94,321
P2,-0.08,0.28,1149
P2,-0.15,0.74,274
P2,-0.17,0.73,212
P2,-0.11,0.43,559
P2,-0.23,0.83,493
P2,-0.23,0.84,369
P2,-0.22,0.83,468
P2,-0.21,0.52,118
P2,-0.20,0.53,107
P2,-0.20,0.52,27
P2,-0.11,0.59,367
P2,-0.12,0.59,477
P2,-0.12,0.60,172
P2,-0.13,0.59,459
P2,0.42,1.20,15
P2,0.07,0.75,1351
P2,0.07,0.74,208
P2,0.01,0.69,432
P2,-0.09,0.76,515
P2,-0.10,0.76,190
P2,-0.10,0.77,183
P2,-0.02,0.63,459
P2,-0.03,0.64,759
P2,-0.03,0.63,307
P2,-0.04,0.63,503
P2,0.05,1.05,166
P2,0.05,1.04,289
P2,0.00,0.39,1321
P2,-0.23,0.91,246
P2,-0.22,0.91,324
P2,-0.21,0.91,334
P2,-0.18,1.11,40
P2,-0.17,1.11,124
P2,-0.16,1.11,54
P2,-0.11,0.30,384
P2,-0.12,0.30,371
P2,-0.17,1.13,114
P2,-0.19,1.14,286
P2,-0.19,1.13,119
P2,-0.15,0.39,128
P2,-0.16,0.39,58
P2,-0.17,0.39,82
P2,-0.17,0.38,200
P2,0.06,0.66,17924
P2,0.07,0.66,22019
P2,-0.24,0.87,274
P2,0.10,1.25,73
P2,0.10,1.26,105
P2,0.11,1.26,47
P2,0.12,1.26,121
P2,0.12,1.25,155
P2,0.08,0.76,8747
P2,0.07,0.76,8515
P2,-0.12,0.90,62
P2,-0.12,0.91,51
P2,-0.13,0.91,149
P2,-0.14,0.91,191
P2,-0.14,0.90,109
P2,-0.20,0.36,149
P2,-0.19,0.36,158
P2,-0.21,1.03,359
P2,-0.20,1.03,427
P2,-0.19,1.03,351
P2,-0.05,1.08,64
P2,-0.05,1.09,83
P2,-0.06,1.09,59
P2,-0.06,1.08,112
P2,0.07,0.59,1049
P2,-0.23,1.20,222
P2,-0.22,1.20,200
P2,-0.21,1.20,152
P2,-0.21,1.19,162
P2,0.06,0.28,1519
P2,0.06,0.73,175
P2,0.07,0.73,71
P2,-0.10,0.33,606
P2,-0.10,0.34,767
P2,-0.11,0.33,607
P2,-0.11,0.68,236
P2,-0.12,0.68,347
P2,-0.13,0.68,222
P2,-0.23,0.77,459
P2,0.23,0.32,1092
P2,0.05,0.65,18697
P2,0.09,0.32,901
P2,-0.08,0.34,811
P2,-0.09,0.33,1007
P2,0.12,1.34,33
P2,0.13,1.34,61
P2,0.10,0.93,424
P2,-0.03,0.56,619
P2,0.11,0.22,589
P2,0.12,0.22,346
P2,0.13,0.22,72
P2,-0.07,0.40,1275
P2,0.06,1.06,63
P2,0.06,1.07,247
P2,0.07,1.07,106
P2,0.07,1.06,106
P2,-0.09,1.31,73
P2,-0.10,1.30,142
P2,-0.16,0.50,175
P2,-0.22,1.28,134
P2,-0.21,1.28,93
P2,-0.03,0.57,668
P2,-0.22,1.36,132
P2,-0.21,1.36,151
P2,-0.20,1.36,130
P2,0.11,0.29,1239
P2,0.12,0.29,420
P2,0.12,0.30,541
P2,0.13,0.30,376
P2,0.13,0.29,268
P2,-0.20,0.95,276
P2,-0.18,0.95,216
P2,-0.11,0.77,746
P2,-0.12,0.77,331
P2,0.04,0.21,2918
P2,0.04,0.60,687
P2,0.05,0.60,547
P2,0.05,0.59,572
P2,-0.22,0.60,404
P2,0.04,0.41,1025
P2,-0.23,0.87,341
P2,-0.22,0.87,402
P2,0.10,0.92,551
P2,0.17,0.40,18504
P2,-0.23,0.75,418
P2,-0.22,0.75,315
P2,-0.21,0.75,235
P2,-0.01,0.84,388
P2,-0.24,0.47,613
P2,-0.23,0.47,647
P2,-0.22,0.47,438
P2,0.07,0.38,999
P2,0.07,0.39,811
P2,0.08,0.39,767
P2,-0.20,0.28,70
P2,-0.19,0.28,5
P2,-0.22,0.50,593
P2,-0.21,0.51,246
P2,-0.21,0.50,219
P2,0.04,0.33,1233
P2,0.03,0.33,1330
P2,-0.23,1.33,174
P2,-0.23,1.34,57
P2,-0.22,1.34,81
P2,-0.21,1.34,46
P2,-0.21,1.33,128
P2,0.00,1.21,40
P2,-0.01,1.21,12
P2,-0.01,1.22,34
P2,-0.02,1.21,41
P2,-0.11,1.39,8
P2,-0.11,1.38,40
P2,-0.12,1.38,34
P2,0.22,0.30,186
P2,0.21,0.30,192
P2,0.20,0.30,616
P2,-0.01,0.65,738
P2,-0.02,0.66,916
P2,-0.03,0.65,5067
P2,-0.02,1.33,113
P2,-0.01,1.33,72
P2,-0.01,1.34,63
P2,0.16,0.90,1178
P2,0.19,0.82,918
P2,0.20,0.83,430
P2,0.21,0.83,273
P2,0.21,0.82,910
P2,0.02,0.53,768
P2,0.03,0.53,1006
P2,0.04,0.53,825
P2,0.07,0.48,734
P2,0.14,0.63,976
P2,0.05,0.26,1653
P2,-0.02,1.20,67
P2,-0.03,1.21,25
P2,-0.03,1.20,52
P2,0.13,0.96,269
P2,0.13,0.97,270
P2,0.24,1.00,37
P2,0.24,1.01,58
P2,0.25,1.01,39
P2,0.25,1.00,6
P2,0.13,0.62,1448
P2,-0.12,0.51,270
P2,-0.12,0.39,429
P2,-0.13,0.39,276
P2,-0.13,0.40,496
P2,-0.14,0.39,235
P2,0.17,0.60,277
P2,0.17,0.59,524
P2,0.21,1.14,42
P2,0.21,1.15,102
P2,0.22,1.15,38
P2,0.22,1.14,57
P2,0.23,1.14,99
P2,0.03,0.64,362
P2,-0.02,0.44,853
P2,0.09,0.36,1656
P2,-0.21,0.58,400
P2,0.32,0.77,109
P2,0.32,0.78,150
P2,0.33,0.78,123
P2,0.33,0.77,81
P2,0.09,0.42,430
P2,0.10,0.42,426
P2,0.23,0.82,790
P2,0.18,0.80,171
P2,0.17,0.79,493
P2,0.17,0.78,883
P2,0.16,0.79,589
P2,0.16,0.78,1499
P2,0.15,0.78,1684
P2,0.03,0.21,2790
P2,-0.10,0.23,1277
P2,-0.11,0.23,1016
P2,-0.12,0.23,551
P2,0.17,0.80,258
P2,0.16,0.80,202
P2,0.12,0.79,273
P2,0.07,0.55,448
P2,0.07,0.56,640
P2,0.08,0.56,459
P2,0.15,0.39,172
P2,0.15,0.40,2698
P2,0.16,0.44,48199
P2,-0.19,1.07,339
P2,-0.18,1.07,237
P2,0.00,0.89,201
P2,0.00,0.90,115
P2,-0.01,0.90,115
P2,-0.01,0.89,202
P2,-0.02,0.89,325
P2,-0.01,0.37,1269
P2,0.00,0.37,989
P2,-0.17,1.07,244
P2,-0.16,1.07,194
P2,-0.15,1.07,111
P2,-0.18,0.83,209
P2,-0.19,0.83,219
P2,-0.19,0.84,325
P2,-0.20,0.84,337
P2,-0.20,0.83,380
P2,-0.04,1.20,67
P2,-0.04,1.21,107
P2,-0.05,1.21,40
P2,-0.05,1.20,41
P2,-0.07,0.96,31
P2,-0.08,0.96,118
P2,0.18,0.54,1042
P2,-0.04,1.15,82
P2,-0.04,1.16,21
P2,-0.03,1.16,44
P2,-0.03,1.15,23
P2,0.27,0.85,230
P2,0.27,0.86,116
P2,0.28,0.86,245
P2,-0.17,0.40,144
P2,-0.18,0.40,85
P2,0.09,0.29,873
P2,0.10,0.29,1385
P2,0.10,0.30,990
P2,0.11,0.30,2294
P2,-0.21,1.14,248
P2,-0.21,1.15,89
P2,-0.22,1.15,205
P2,0.22,1.03,36
P2,0.22,1.04,156
P2,0.23,1.04,167
P2,0.23,1.03,79
P2,0.24,1.03,110
P2,-0.24,0.83,294
P2,0.10,0.20,829
P2,0.09,0.31,706
P2,0.10,0.31,475
P2,-0.12,0.65,347
P2,-0.13,0.65,253
P2,-0.02,0.24,2787
P2,0.24,1.06,91
P2,0.25,1.06,49
P2,0.26,1.06,48
P2,0.05,0.31,1385
P2,-0.10,0.55,744
P2,-0.10,0.56,360
P2,-0.11,0.55,492
P2,0.14,0.45,2293
P2,-0.24,0.34,230
P2,-0.23,0.34,70
P2,-0.12,0.53,528
P2,-0.12,0.54,543
P2,-0.13,0.54,381
P2,-0.13,0.53,426
P2,-0.08,0.29,888
P2,-0.16,1.10,49
P2,-0.18,1.10,67
P2,0.11,0.21,563
P2,0.11,0.20,314
P2,0.12,0.20,32
P2,-0.11,0.29,692
P2,-0.01,0.49,663
P2,-0.03,0.49,803
P2,-0.03,0.48,820
P2,0.00,0.71,10337
P2,-0.01,0.71,425
P2,-0.07,0.79,371
P2,-0.08,0.80,877
P2,-0.09,0.80,498
P2,-0.09,0.79,659
P2,0.18,0.78,864
P2,0.18,0.79,261
P2,0.20,0.78,936
P2,0.05,0.47,629
P2,0.01,0.68,445
P2,0.00,0.68,372
P2,-0.01,0.68,3293
P2,-0.01,0.67,387
P2,-0.01,0.20,1441
P2,0.43,0.90,35
P2,0.42,0.90,47
P2,0.42,0.89,6
P2,0.16,0.43,2133
P2,-0.21,1.18,50
P2,-0.22,1.19,184
P2,-0.23,1.19,114
P2,0.01,0.86,535
P2,0.01,0.87,1159
P2,0.00,0.86,1200
P2,-0.04,0.83,396
P2,0.43,1.15,2
P2,0.42,1.15,24
P2,0.43,0.73,5
P2,0.42,0.73,56
P2,0.09,0.27,990
P2,0.10,0.27,1236
P2,-0.03,0.43,960
P2,-0.04,0.42,1008
P2,-0.13,1.39,23
P2,-0.13,1.38,33
P2,-0.02,0.33,1554
P2,-0.01,0.33,1504
P2,-0.24,0.85,195
P2,-0.24,0.84,236
P2,-0.24,0.81,331
P2,-0.23,0.81,453
P2,-0.23,0.80,395
P2,-0.06,0.95,101
P2,-0.06,0.96,85
P2,-0.05,0.96,309
P2,-0.05,0.95,76
P2,-0.09,0.21,2121
P2,-0.10,0.21,1439
P2,-0.11,0.21,686
P2,0.12,0.81,170
P2,0.13,0.81,424
P2,0.12,0.80,219
P2,0.01,0.65,8498
P2,0.00,0.65,6982
P2,0.00,0.66,449
P2,0.02,0.92,269
P2,0.01,0.92,178
P2,0.14,0.30,265
P2,0.14,0.29,131
P2,-0.01,0.73,364
P2,-0.02,0.73,202
P2,-0.03,0.73,377
P2,0.21,0.85,169
P2,0.20,0.85,201
P2,0.19,0.85,359
P2,0.13,0.83,701
P2,0.12,0.83,478
P2,0.11,0.83,469
P2,-0.08,0.31,971
P2,0.01,0.55,837
P2,0.02,0.55,681
P2,0.29,0.82,140
P2,-0.05,0.27,1569
P2,-0.04,0.27,1914
P2,0.00,0.36,1157
P2,-0.19,0.75,194
P2,-0.20,0.75,165
P2,-0.24,0.89,273
P2,-0.17,0.89,217
P2,-0.16,0.89,171
P2,-0.24,0.99,334
P2,-0.24,0.98,157
P2,-0.23,0.98,281
P2,-0.07,0.73,199
P2,-0.08,0.73,390
P2,-0.09,0.73,804
P2,-0.14,1.02,162
P2,-0.15,1.02,220
P2,-0.16,1.02,181
P2,-0.02,0.59,621
P2,-0.02,0.58,518
P2,0.08,0.27,1192
P2,0.08,0.28,1005
P2,0.09,0.28,1058
P2,0.01,0.70,877
P2,0.00,0.69,1051
P2,-0.12,0.28,465
P2,0.03,1.03,239
P2,0.02,1.03,242
P2,0.01,1.02,47
P2,-0.07,1.18,111
P2,-0.07,1.19,19
P2,-0.09,1.19,63
P2,-0.09,1.18,3
P2,0.00,0.21,2489
P2,-0.03,0.58,592
P2,-0.03,0.59,683
P2,0.05,0.41,1110
P2,0.05,0.42,814
P2,0.06,0.42,700
P2,0.06,0.41,550
P2,-0.24,0.35,270
P2,-0.07,0.86,201
P2,-0.08,0.86,214
P2,-0.09,0.86,122
P2,0.01,0.36,1181
P2,-0.12,0.89,59
P2,-0.13,0.90,112
P2,-0.13,0.89,130
P2,0.15,0.45,4252
P2,0.17,0.65,270
P2,-0.03,0.52,685
P2,-0.04,0.52,519
P2,0.05,0.29,2219
P2,-0.10,0.30,564
P2,0.43,0.79,29
P2,0.42,0.79,80
P2,0.09,0.33,6481
P2,-0.14,1.28,45
P2,-0.15,1.28,65
P2,-0.16,1.28,53
P2,0.12,0.87,678
P2,0.13,0.87,879
P2,0.14,0.87,811
P2,0.14,0.86,1219
P2,0.22,0.84,227
P2,0.23,0.84,106
P2,0.09,0.43,457
P2,0.10,0.43,430
P2,0.14,0.27,226
P2,0.15,0.27,672
P2,0.33,1.28,3
P2,0.33,1.29,8
P2,0.34,1.29,19
P2,0.35,1.29,2
P2,0.35,1.28,27
P2,-0.06,0.74,368
P2,-0.20,0.61,257
P2,0.03,0.52,913
P2,-0.13,0.30,207
P2,-0.23,0.52,532
P2,-0.22,0.52,305
P2,0.24,0.47,82
P2,0.24,0.46,856
P2,0.15,0.48,1749
P2,0.17,0.48,2252
P2,0.17,0.49,2977
P2,-0.22,0.79,581
P2,-0.10,0.79,375
P2,-0.10,0.80,304
P2,-0.11,0.80,263
P2,-0.11,0.79,324
P2,0.00,0.67,378
P2,-0.14,1.32,52
P2,-0.13,1.32,95
P2,0.09,0.57,365
P2,0.09,0.58,547
P2,0.10,0.58,668
P2,0.10,0.57,246
P2,-0.13,0.35,238
P2,-0.14,0.35,200
P2,-0.15,0.35,105
P2,-0.04,0.56,398
P2,-0.05,0.56,482
P2,-0.06,0.56,668
P2,-0.06,0.55,482
P2,0.04,0.44,684
P2,-0.16,0.88,206
P2,-0.17,0.88,213
P2,-0.18,0.88,215
P2,0.06,0.52,632
P2,-0.09,0.31,820
P2,-0.10,0.31,748
P2,-0.11,0.31,711
P2,0.01,0.71,4078
P2,-0.22,0.98,225
P2,-0.21,0.98,248
P2,-0.20,0.98,272
P2,0.11,0.53,249
P2,0.12,0.53,307
P2,0.13,0.53,261
P2,-0.03,0.75,504
P2,-0.04,0.75,432
P2,-0.12,0.64,378
P2,-0.13,0.64,336
P2,-0.10,0.20,756
P2,0.18,0.59,151
P2,0.18,0.58,200
P2,-0.12,1.27,44
P2,0.08,0.46,708
P2,0.10,0.46,511
P2,-0.21,0.88,213
P2,-0.20,0.88,331
P2,-0.19,0.88,230
P2,0.09,0.46,577
P2,0.11,0.47,305
P2,0.11,0.46,482
P2,-0.18,0.58,81
P2,-0.19,0.58,88
P2,-0.20,0.58,200
P2,0.18,0.57,260
P2,0.16,1.12,133
P2,0.16,1.11,28
P2,0.17,1.00,257
P2,0.17,1.01,181
P2,0.19,0.92,430
P2,0.19,0.93,297
P2,0.20,0.93,194
P2,0.20,0.92,297
P2,0.05,0.36,839
P2,0.05,0.37,972
P2,0.06,0.37,737
P2,0.06,0.36,739
P2,-0.22,0.80,345
P2,0.15,0.58,6492
P2,0.31,0.78,141
P2,0.03,1.26,41
P2,0.03,1.27,46
P2,0.02,1.27,47
P2,0.02,1.26,109
P2,0.01,1.26,54
P2,-0.14,0.32,314
P2,-0.03,0.94,224
P2,-0.03,0.95,114
P2,-0.04,0.95,141
P2,-0.05,0.94,44
P2,0.17,0.61,160
P2,0.11,0.24,1046
P2,0.03,0.32,1584
P2,-0.03,0.60,548
P2,-0.03,0.61,584
P2,0.03,0.50,517
P2,-0.07,0.25,2081
P2,0.05,0.51,601
P2,-0.11,0.66,242
P2,-0.11,0.67,408
P2,-0.12,0.67,256
P2,-0.13,0.67,496
P2,-0.13,0.66,324
P2,-0.20,0.94,276
P2,-0.24,0.49,910
P2,-0.23,0.48,553
P2,-0.24,1.15,181
P2,-0.23,1.15,198
P2,-0.12,1.25,61
P2,-0.13,1.25,130
P2,-0.14,1.25,107
P2,-0.14,1.24,71
P2,-0.08,0.81,821
P2,-0.09,0.81,401
P2,-0.10,0.81,191
P2,0.12,0.24,590
P2,0.13,0.24,316
P2,-0.22,0.68,517
P2,-0.24,0.44,634
P2,-0.23,0.44,727
P2,-0.24,0.78,253
P2,-0.23,0.78,408
P2,0.04,0.56,511
P2,-0.10,0.63,380
P2,-0.11,0.63,215
P2,-0.11,0.62,123
P2,0.01,0.37,996
P2,-0.14,0.84,148
P2,-0.14,0.85,137
P2,-0.15,0.85,239
P2,-0.15,0.84,100
P2,-0.08,0.24,1752
P2,-0.08,0.23,1793
P2,0.22,1.01,158
P2,0.22,1.02,114
P2,0.23,1.02,61
P2,0.23,1.01,110
P2,-0.18,0.48,103
P2,0.07,0.85,1727
P2,0.08,0.85,1582
P2,-0.15,0.88,227
P2,-0.15,0.89,180
P2,-0.03,0.70,451
P2,-0.04,0.70,245
P2,-0.04,0.69,350
P2,-0.18,0.51,115
P2,-0.19,0.51,104
P2,0.05,0.38,688
P2,-0.12,0.66,274
P2,-0.14,0.67,305
P2,-0.14,0.66,185
P2,0.11,0.94,534
P2,0.11,0.95,444
P2,0.10,0.95,314
P2,0.10,0.94,268
P2,0.09,0.94,373
P2,0.25,0.63,1417
P2,-0.21,0.73,429
P2,-0.04,0.30,1604
P2,-0.10,0.60,286
P2,-0.11,0.60,128
P2,0.02,0.98,82
P2,0.02,0.99,176
P2,0.03,0.99,218
P2,0.04,0.99,172
P2,0.04,0.98,362
P2,-0.23,0.85,365
P2,0.23,0.30,95
P2,-0.11,0.37,386
P2,-0.23,1.23,153
P2,-0.24,1.23,118
P2,-0.24,1.22,166
P2,0.15,0.81,220
P2,0.16,0.81,73
P2,0.02,0.58,643
P2,0.03,0.58,447
P2,0.10,1.11,75
P2,0.11,1.11,90
P2,-0.23,0.50,884
P2,-0.23,0.51,763
P2,-0.06,0.97,244
P2,-0.07,0.60,499
P2,-0.07,0.59,488
P2,-0.03,0.37,1386
P2,-0.03,0.38,1193
P2,-0.17,0.68,219
P2,-0.03,0.46,850
P2,0.04,1.36,31
P2,0.04,1.37,59
P2,0.03,1.37,70
P2,0.03,1.36,24
P2,-0.02,0.92,176
P2,-0.02,0.93,177
P2,-0.03,0.93,275
P2,-0.03,0.92,297
P2,-0.09,0.75,459
P2,-0.09,0.74,203
P2,0.00,0.44,693
P2,-0.01,0.45,820
P2,-0.02,0.45,916
P2,-0.23,0.26,67
P2,-0.22,0.26,238
P2,-0.06,0.34,1529
P2,-0.07,0.34,974
P2,0.11,0.88,328
P2,0.11,0.89,418
P2,0.10,0.89,564
P2,0.09,0.89,979
P2,0.09,0.88,699
P2,-0.24,0.55,690
P2,-0.19,1.04,276
P2,-0.20,1.04,256
P2,0.01,0.48,694
P2,0.00,0.48,824
P2,0.07,0.69,208
P2,0.06,0.69,558
P2,0.05,0.69,2825
P2,-0.01,0.53,796
P2,0.23,1.36,8
P2,0.23,1.37,8
P2,0.24,1.37,26
P2,0.25,1.37,19
P2,0.25,1.36,18
P2,0.05,0.80,822
P2,0.04,0.80,408
P2,0.13,1.08,198
P2,0.14,1.08,152
P2,0.10,0.22,1135
P2,0.10,0.23,1214
P2,0.11,0.23,924
P2,0.00,0.55,1143
P2,-0.01,0.55,885
P2,-0.01,0.54,991
P2,-0.08,0.79,324
P2,-0.09,0.53,501
P2,-0.09,0.54,573
P2,-0.10,0.53,376
P2,-0.06,0.62,555
P2,-0.08,0.62,403
P2,0.07,0.28,988
P2,0.14,0.94,477
P2,0.14,0.95,401
P2,0.00,1.10,58
P2,0.01,1.10,63
P2,0.01,1.11,96
P2,-0.07,0.32,1053
P2,0.07,0.37,575
P2,0.06,0.47,708
P2,0.05,0.48,784
P2,-0.08,0.60,515
P2,-0.12,0.87,142
P2,-0.12,0.88,149
P2,-0.13,0.88,71
P2,-0.13,0.87,134
P2,-0.06,0.37,823
P2,-0.02,0.62,494
P2,-0.01,0.63,981
P2,0.00,0.63,8404
P2,-0.11,0.56,308
P2,-0.12,0.56,344
P2,-0.12,0.57,401
P2,-0.13,0.57,242
P2,-0.13,0.56,205
P2,-0.15,1.10,58
P2,-0.14,1.10,107
P2,-0.06,0.40,999
P2,-0.07,0.39,881
P2,-0.09,0.22,1297
P2,0.11,0.91,715
P2,0.11,0.92,563
P2,0.10,0.91,705
P2,0.14,0.58,5160
P2,0.08,0.25,1528
P2,0.08,0.24,1643
P2,-0.07,1.26,79
P2,-0.07,1.25,122
P2,0.23,0.65,688
P2,0.23,0.64,924
P2,-0.23,0.88,291
P2,-0.22,0.88,193
P2,0.00,0.38,1059
P2,-0.21,0.31,432
P2,-0.20,0.31,182
P2,-0.19,0.31,29
P2,-0.19,0.30,109
P2,-0.09,1.02,217
P2,-0.02,0.85,1407
P2,-0.02,0.86,510
P2,0.00,0.70,3967
P2,0.03,0.68,12125
P2,0.02,0.68,3210
P2,0.02,0.67,28108
P2,-0.23,0.63,490
P2,-0.14,1.07,91
P2,-0.16,1.06,96
P2,-0.04,0.88,281
P2,-0.04,0.89,246
P2,0.04,0.42,889
P2,0.05,0.43,582
P2,0.18,0.92,365
P2,0.18,0.93,224
P2,0.16,0.65,737
P2,-0.08,1.32,3
P2,-0.08,1.33,62
P2,0.22,0.98,109
P2,0.22,0.99,53
P2,0.23,0.99,113
P2,0.23,0.98,108
P2,-0.22,0.41,92
P2,0.25,0.84,37
P2,0.24,0.84,178
P2,0.25,0.78,58
P2,0.25,0.77,112
P2,-0.01,0.72,356
P2,0.00,0.51,804
P2,-0.01,0.51,651
P2,-0.01,0.50,801
P2,-0.02,0.50,898
P2,0.12,1.00,217
P2,0.11,1.00,279
P2,0.11,1.01,313
P2,-0.13,1.31,74
P2,-0.12,1.31,49
P2,0.21,0.29,114
P2,0.20,0.29,556
P2,0.10,1.21,92
P2,0.10,1.22,167
P2,0.09,1.21,50
P2,0.03,0.60,674
P2,0.02,0.60,496
P2,0.12,0.21,125
P2,-0.15,0.44,326
P2,0.05,0.88,984
P2,0.04,0.88,1406
P2,0.03,0.88,1378
P2,-0.01,0.41,1018
P2,0.26,0.81,194
P2,0.26,0.82,189
P2,0.25,0.82,226
P2,0.25,0.81,312
P2,0.26,0.78,39
P2,0.26,0.79,18
P2,0.27,0.79,13
P2,0.27,0.78,24
P2,0.15,0.62,662
P2,-0.22,0.93,378
P2,-0.21,0.93,522
P2,-0.20,0.93,453
P2,0.36,0.77,98
P2,0.37,0.77,58
P2,0.37,0.76,26
P2,0.09,0.30,949
P2,-0.21,0.40,5
P2,-0.20,0.40,32
P2,-0.20,0.41,19
P2,-0.19,0.41,32
P2,-0.19,0.40,103
P2,-0.11,0.45,505
P2,0.05,0.82,388
P2,0.00,1.08,87
P2,0.00,1.09,111
P2,-0.22,0.82,289
P2,-0.21,0.82,299
P2,0.08,0.37,764
P2,0.12,0.28,703
P2,0.13,0.28,451
P2,0.03,0.46,871
P2,0.01,0.45,832
P2,-0.08,0.93,99
P2,-0.09,0.93,226
P2,-0.09,0.94,162
P2,-0.12,0.58,334
P2,-0.13,0.58,289
P2,-0.14,0.58,233
P2,-0.24,0.69,659
P2,-0.04,1.10,44
P2,-0.04,1.11,168
P2,-0.03,1.11,145
P2,-0.03,1.10,51
P2,-0.15,1.23,56
P2,-0.14,1.23,94
P2,0.04,1.04,266
P2,0.06,1.04,166
P2,-0.19,1.18,195
P2,-0.18,1.18,237
P2,0.07,0.86,314
P2,0.06,0.86,234
P2,0.05,0.86,285
P2,0.35,0.72,31
P2,0.36,0.72,18
P2,0.37,0.72,1
P2,-0.11,1.37,42
P2,-0.10,1.37,17
P2,-0.03,0.29,1666
P2,-0.12,0.62,150
P2,-0.13,0.62,241
P2,-0.17,0.96,143
P2,-0.18,0.96,255
P2,-0.02,0.55,994
P2,-0.03,0.55,761
P2,-0.05,0.67,384
P2,-0.05,0.68,290
P2,-0.04,0.68,318
P2,-0.04,0.67,517
P2,-0.22,0.63,385
P2,-0.21,0.63,415
P2,-0.10,0.22,1256
P2,-0.11,0.22,976
P2,-0.05,0.51,647
P2,-0.06,0.51,554
P2,-0.07,0.51,509
P2,-0.15,0.69,90
P2,-0.16,0.69,151
P2,0.10,0.26,1177
P2,-0.05,0.45,981
P2,-0.06,0.45,860
P2,-0.07,0.45,778
P2,-0.05,0.29,1383
P2,-0.06,0.29,1513
P2,-0.05,0.75,513
P2,-0.05,0.84,283
P2,0.30,0.82,66
P2,0.31,0.82,143
P2,0.27,0.61,30
P2,0.27,0.60,812
P2,-0.01,0.34,1524
P2,-0.09,0.34,1136
P2,-0.13,1.02,87
P2,-0.13,1.03,294
P2,-0.18,1.35,77
P2,-0.17,1.35,174
P2,-0.16,1.35,138
P2,-0.11,1.09,61
P2,-0.12,1.09,176
P2,-0.14,0.56,185
P2,-0.15,0.57,249
P2,-0.16,0.57,170
P2,-0.16,0.56,133
P2,-0.07,0.46,996
P2,0.14,0.84,438
P2,0.15,0.84,284
P2,0.16,0.84,322
P2,0.21,0.81,149
P2,-0.09,0.48,817
P2,-0.09,0.49,653
P2,0.43,0.69,5
P2,0.42,0.69,33
P2,-0.08,0.49,480
P2,-0.09,0.50,441
P2,-0.10,0.49,396
P2,-0.04,1.06,73
P2,-0.04,1.07,27
P2,-0.05,1.07,69
P2,-0.05,1.06,45
P2,0.23,0.85,127
P2,0.22,0.85,276
P2,0.21,1.00,148
P2,0.23,1.00,120
P2,0.02,0.25,2595
P2,0.04,0.55,485
P2,0.07,0.23,1821
P2,-0.09,0.20,1190
P2,0.41,1.15,14
P2,0.30,0.83,106
P2,0.31,0.83,47
P2,0.32,0.83,119
P2,0.32,0.82,155
P2,-0.14,0.28,177
P2,-0.15,0.28,74
P2,-0.07,0.55,359
P2,-0.07,0.54,476
P2,0.27,0.82,145
P2,0.27,0.83,240
P2,0.26,0.83,73
P2,0.25,0.83,109
P2,0.27,0.81,188
P2,0.27,0.80,9
P2,0.30,0.84,133
P2,-0.23,0.28,265
P2,-0.22,0.28,509
P2,-0.01,0.77,436
P2,0.00,0.77,549
P2,-0.05,0.81,295
P2,0.20,0.82,868
P2,0.22,0.81,169
P2,0.23,0.81,121
P2,0.23,0.80,141
P2,-0.14,0.47,380
P2,-0.15,0.47,257
P2,0.05,0.44,586
P2,0.06,0.45,659
P2,0.06,0.44,819
P2,0.07,0.44,522
P2,0.08,0.23,1663
P2,0.09,0.23,1031
P2,0.05,0.30,1670
P2,-0.06,0.41,746
P2,-0.11,1.18,25
P2,-0.11,1.19,22
P2,-0.12,1.19,176
P2,-0.12,1.18,123
P2,0.17,1.04,120
P2,0.17,1.05,144
P2,0.18,1.04,42
P2,-0.19,1.37,104
P2,-0.19,1.38,160
P2,-0.18,1.38,187
P2,-0.18,1.37,115
P2,-0.17,1.37,51
P2,0.19,0.86,867
P2,0.18,0.86,748
P2,0.17,0.86,886
P2,0.43,0.72,5
P2,0.42,0.72,82
P2,0.01,0.93,44
P2,0.02,0.93,256
P2,0.03,0.92,215
P2,0.00,1.34,72
P2,0.00,1.33,93
P2,0.11,0.33,8043
P2,-0.10,0.86,71
P2,-0.11,0.85,83
P2,-0.24,0.75,424
P2,-0.14,0.64,268
P2,-0.14,0.63,402
P2,0.07,0.45,633
P2,0.05,0.75,12958
P2,-0.23,0.55,612
P2,-0.24,0.36,454
P2,-0.23,0.36,170
P2,-0.23,0.35,60
P2,-0.06,0.86,154
P2,-0.06,0.87,158
P2,-0.07,0.87,152
P2,-0.08,0.87,131
P2,-0.19,0.70,291
P2,-0.20,0.70,364
P2,0.14,1.37,35
P2,0.14,1.38,109
P2,0.14,0.39,481
P2,-0.07,0.64,477
P2,0.03,0.61,1342
P2,0.03,0.62,14267
P2,0.35,0.80,141
P2,0.35,0.81,59
P2,0.36,0.81,79
P2,0.37,0.81,9
P2,0.37,0.80,66
P2,0.41,1.20,3
P2,0.40,1.20,5
P2,0.27,0.87,82
P2,0.28,0.87,90
P2,0.29,0.87,50
P2,0.29,0.86,134
P2,-0.10,0.24,1245
P2,-0.10,0.25,1243
P2,-0.11,0.24,1032
P2,0.05,0.20,1386
P2,-0.19,0.56,122
P2,-0.14,0.78,185
P2,-0.15,0.78,148
P2,-0.15,0.77,165
P2,-0.06,0.60,337
P2,-0.06,0.59,536
P2,-0.09,0.32,752
P2,-0.11,0.28,628
P2,0.03,0.47,766
P2,0.02,0.47,966
P2,-0.13,1.10,80
P2,-0.01,0.35,914
P2,-0.14,1.39,5
P2,-0.14,1.38,46
P2,0.12,0.50,306
P2,0.13,0.50,283
P2,0.14,0.50,215
P2,-0.23,0.74,541
P2,-0.22,0.74,547
P2,0.42,0.78,51
P2,-0.23,0.72,435
P2,0.02,0.43,1192
P2,0.01,0.44,875
P2,-0.17,1.02,149
P2,0.38,0.82,130
P2,0.39,0.82,169
P2,0.13,1.29,88
P2,0.13,1.30,92
P2,-0.10,0.48,618
P2,-0.11,0.48,465
P2,-0.06,0.50,855
P2,0.20,1.07,95
P2,0.21,1.07,145
P2,0.22,1.07,157
P2,0.18,0.91,669
P2,0.19,0.91,781
P2,0.20,0.91,623
P2,0.05,0.45,710
P2,0.06,0.46,695
P2,0.31,0.76,72
P2,0.31,0.77,77
P2,0.32,0.76,89
P2,0.33,0.76,69
P2,0.01,0.56,652
P2,0.01,0.57,508
P2,0.00,0.57,585
P2,-0.02,0.99,156
P2,0.05,0.76,199
P2,0.06,0.76,5704
P2,0.10,0.24,1828
P2,-0.12,0.55,349
P2,-0.13,0.55,418
P2,-0.14,0.55,191
P2,-0.14,0.54,278
P2,0.00,0.47,922
P2,-0.01,0.46,1270
P2,0.32,0.75,43
P2,0.34,0.76,65
P2,0.34,0.75,83
P2,0.21,0.90,643
P2,0.22,0.90,797
P2,0.23,0.90,842
P2,0.06,0.77,386
P2,-0.01,0.52,663
P2,-0.02,0.52,754
P2,0.03,0.90,545
P2,0.03,0.89,603
P2,0.11,0.80,122
P2,-0.10,0.32,584
P2,-0.21,0.61,460
P2,0.13,0.32,2527
P2,-0.11,1.01,112
P2,-0.11,1.02,26
P2,-0.12,1.01,36
P2,-0.07,0.97,90
P2,-0.08,0.97,212
P2,0.02,0.54,1016
P2,-0.24,0.91,222
P2,-0.23,0.92,263
P2,-0.05,0.63,653
P2,-0.21,0.33,343
P2,-0.21,0.34,283
P2,-0.20,0.34,377
P2,-0.20,0.33,327
P2,-0.19,0.33,143
P2,-0.09,0.23,1294
P2,0.13,0.25,168
P2,0.20,0.31,721
P2,0.07,1.00,246
P2,0.07,1.01,283
P2,0.08,1.01,274
P2,0.08,1.00,167
P2,-0.21,0.90,245
P2,-0.22,0.90,232
P2,-0.23,0.90,314
P2,-0.08,1.14,43
P2,-0.09,1.14,53
P2,-0.10,1.14,33
P2,-0.04,0.29,1437
P2,-0.04,0.57,628
P2,-0.05,0.57,548
P2,-0.06,0.57,430
P2,-0.19,1.27,73
P2,-0.18,1.27,229
P2,-0.17,1.27,173
P2,-0.18,0.67,150
P2,-0.11,0.50,550
P2,-0.11,0.51,325
P2,-0.13,0.50,365
P2,-0.24,1.04,253
P2,-0.23,1.04,287
P2,-0.22,1.04,324
P2,-0.21,0.59,468
P2,-0.17,0.71,96
P2,-0.17,0.72,194
P2,-0.18,0.72,253
P2,-0.18,0.71,174
P2,-0.21,0.83,431
P2,-0.06,0.78,327
P2,-0.15,1.17,119
P2,-0.16,1.18,160
P2,-0.16,1.17,63
P2,-0.17,1.17,128
P2,-0.06,0.47,714
P2,0.07,0.36,712
P2,0.08,0.36,1215
P2,-0.12,0.52,504
P2,-0.21,1.07,261
P2,-0.20,1.07,301
P2,-0.20,1.08,127
P2,-0.15,0.67,218
P2,-0.16,0.67,235
P2,-0.06,0.61,573
P2,-0.20,0.87,167
P2,-0.19,0.87,163
P2,-0.05,0.69,261
P2,0.03,0.54,721
P2,-0.22,0.76,306
P2,0.08,0.35,3580
P2,-0.09,0.51,305
P2,-0.19,1.28,91
P2,-0.18,1.28,91
P2,-0.02,0.61,470
P2,-0.05,0.35,915
P2,-0.07,0.47,739
P2,-0.20,1.18,52
P2,-0.06,1.07,101
P2,0.07,0.84,219
P2,0.06,0.83,260
P2,-0.09,1.28,88
P2,-0.09,1.29,90
P2,-0.08,1.28,67
P2,0.14,0.88,593
P2,0.22,0.94,233
P2,0.23,0.94,113
P2,0.24,0.94,69
P2,-0.24,1.08,106
P2,-0.23,1.08,208
P2,-0.22,1.08,210
P2,-0.22,1.07,167
P2,-0.06,0.58,483
P2,-0.10,0.91,83
P2,-0.10,0.92,145
P2,0.43,0.83,3
P2,0.42,0.83,52
P2,0.41,0.83,35
P2,0.41,0.82,33
P2,0.36,0.75,87
P2,0.37,0.75,48
P2,0.38,0.75,23
P2,-0.05,0.79,408
P2,-0.05,0.78,757
P2,-0.07,0.50,705
P2,-0.07,0.68,661
P2,-0.08,0.68,679
P2,0.27,0.62,17
P2,-0.09,0.41,845
P2,0.34,0.78,143
P2,-0.07,0.84,254
P2,-0.08,0.84,140
P2,-0.10,0.45,588
P2,0.43,0.70,3
P2,0.06,0.87,229
P2,0.05,0.87,292
P2,0.18,1.05,174
P2,0.19,1.05,201
P2,0.19,1.06,114
P2,0.20,1.05,141
P2,0.06,0.30,2375
P2,-0.24,0.82,360
P2,-0.23,0.82,488
P2,-0.01,0.93,138
P2,-0.01,0.94,180
P2,-0.02,0.94,123
P2,0.00,1.39,4
P2,0.00,1.38,53
P2,0.13,1.37,7
P2,0.15,1.37,69
P2,0.08,0.50,548
P2,0.08,0.51,482
P2,0.19,0.84,280
P2,0.18,0.84,497
P2,0.11,0.79,270
P2,-0.07,1.35,60
P2,-0.07,1.36,4
P2,-0.07,1.34,27
P2,-0.16,0.49,219
P2,-0.17,0.49,163
P2,-0.18,0.49,86
P2,0.15,1.36,97
P2,0.16,1.36,17
P2,0.16,1.37,64
P2,0.17,1.37,49
P2,0.17,1.36,25
P2,-0.14,1.17,142
P2,-0.13,1.17,85
P2,-0.12,1.17,43
P2,-0.20,1.20,144
P2,0.27,0.59,14
P2,0.28,0.59,111
P2,0.13,1.35,29
P2,-0.24,0.90,219
P2,-0.21,1.30,66
P2,-0.20,1.30,173
P2,-0.19,1.30,142
P2,0.00,0.45,742
P2,-0.07,0.42,625
P2,-0.16,0.37,185
P2,-0.23,0.54,723
P2,-0.02,0.54,780
P2,-0.01,0.85,704
P2,0.03,1.23,57
P2,0.02,1.23,55
P2,0.01,1.23,43
P2,-0.19,0.77,270
P2,0.14,0.52,231
P2,-0.05,0.74,589
P2,-0.06,0.75,169
P2,-0.17,0.34,25
P2,-0.18,0.34,17
P2,-0.01,0.76,496
P2,-0.02,0.76,443
P2,0.03,0.93,245
P2,-0.04,0.41,797
P2,-0.04,0.40,837
P2,0.02,0.77,237
P2,0.01,0.77,489
P2,-0.20,0.59,279
P2,0.07,0.42,820
P2,0.07,0.43,590
P2,0.08,0.43,850
P2,0.08,0.42,473
P2,0.02,0.64,549
P2,0.02,0.65,1512
P2,0.17,0.92,380
P2,-0.10,1.08,133
P2,0.01,1.14,123
P2,0.01,1.13,84
P2,0.27,0.84,182
P2,0.28,0.84,257
P2,0.29,0.84,65
P2,0.22,0.32,458
P2,0.20,1.33,58
P2,0.21,1.33,24
P2,0.21,1.34,30
P2,0.22,1.33,30
P2,0.35,0.76,87
P2,0.36,0.76,20
P2,-0.04,0.91,126
P2,-0.04,0.92,315
P2,-0.05,0.41,1043
P2,-0.05,0.42,1018
P2,-0.04,0.94,75
P2,-0.23,1.22,66
P2,-0.24,1.21,113
P2,0.05,0.78,194
P2,-0.16,1.34,45
P2,-0.15,1.34,45
P2,0.01,1.27,89
P2,-0.24,1.03,113
P2,-0.23,1.03,155
P2,-0.08,0.53,329
P2,-0.10,0.52,675
P2,-0.03,0.39,1054
P2,-0.23,0.29,566
P2,-0.22,0.29,511
P2,-0.21,0.29,275
P2,0.10,0.55,311
P2,-0.01,1.36,12
P2,-0.01,1.37,28
P2,0.00,1.37,23
P2,0.00,1.36,13
P2,0.09,0.98,192
P2,0.10,0.98,218
P2,0.11,0.98,361
P2,0.17,0.85,305
P2,0.22,0.79,180
P2,0.23,0.79,138
P2,-0.07,1.13,99
P2,-0.07,1.14,110
P2,0.41,0.73,22
P2,0.40,0.73,17
P2,-0.09,0.39,658
P2,-0.10,0.40,634
P2,-0.10,0.39,626
P2,0.06,0.29,1462
P2,-0.15,0.33,123
P2,0.10,0.73,18785
P2,0.11,0.72,668
P2,-0.24,0.77,494
P2,0.11,0.97,138
P2,0.10,0.97,237
P2,0.09,0.97,226
P2,0.09,0.96,280
P2,-0.02,0.51,549
P2,-0.11,1.36,36
P2,-0.10,1.36,75
P2,0.12,1.39,1
P2,0.12,1.38,66
P2,0.09,0.24,1368
P2,0.14,1.39,17
P2,0.03,1.15,90
P2,0.02,1.15,99
P2,-0.02,0.53,861
P2,0.12,1.20,124
P2,0.12,1.21,80
P2,0.11,1.21,234
P2,0.11,1.20,169
P2,-0.02,0.72,212
P2,0.11,0.38,604
P2,-0.12,0.63,270
P2,-0.13,0.63,331
P2,0.05,0.40,1002
P2,0.06,0.40,634
P2,0.21,0.57,2
P2,0.20,0.57,3
P2,0.20,0.56,1
P2,0.19,0.56,5
P2,0.18,0.55,69
P2,0.14,1.05,165
P2,0.13,1.05,102
P2,-0.20,0.92,258
P2,-0.19,0.92,273
P2,-0.18,0.92,190
P2,-0.18,0.65,160
P2,-0.19,0.65,243
P2,-0.20,0.65,340
P2,-0.20,0.64,229
P2,0.40,0.80,28
P2,0.41,0.80,9
P2,0.41,0.81,64
P2,0.42,0.81,31
P2,0.42,0.80,16
P2,-0.02,0.88,193
P2,-0.01,0.88,247
P2,-0.11,1.13,86
P2,-0.11,1.14,56
P2,-0.12,1.14,97
P2,-0.13,1.14,134
P2,-0.13,1.13,74
P2,0.29,0.95,65
P2,0.30,0.95,142
P2,0.30,0.96,113
P2,0.31,0.95,120
P2,-0.14,0.98,120
P2,-0.14,0.99,175
P2,-0.15,0.98,126
P2,-0.03,0.85,751
P2,-0.03,0.86,386
P2,0.43,0.74,19
P2,0.42,0.74,86
P2,0.41,0.74,13
P2,-0.09,0.83,145
P2,-0.11,0.84,92
P2,-0.11,0.83,279
P2,-0.24,0.40,824
P2,0.33,0.80,123
P2,0.34,0.80,242
P2,-0.23,1.31,31
P2,-0.22,1.31,131
P2,-0.22,1.32,97
P2,-0.14,0.68,85
P2,0.18,1.02,186
P2,0.18,1.03,204
P2,0.19,1.03,144
P2,0.19,1.02,177
P2,0.07,1.16,115
P2,0.06,1.16,115
P2,0.05,1.16,85
P2,-0.14,0.45,558
P2,0.04,0.85,594
P2,0.05,0.85,519
P2,-0.24,0.38,541
P2,-0.06,0.42,668
P2,-0.07,0.41,724
P2,0.00,0.56,654
P2,0.41,0.72,18
P2,0.40,0.72,6
P2,0.39,0.72,11
P2,0.16,0.62,240
P2,0.20,0.94,200
P2,0.21,0.94,196
P2,0.21,0.95,165
P2,0.06,0.93,363
P2,0.05,0.93,328
P2,0.04,0.93,283
P2,-0.22,1.35,62
P2,-0.21,1.35,136
P2,-0.20,1.35,158
P2,0.09,0.80,196
P2,-0.05,0.40,999
P2,0.02,0.87,1182
P2,-0.01,0.86,1019
P2,-0.04,0.64,698
P2,-0.07,0.53,336
P2,0.19,1.07,155
P2,0.14,0.32,886
P2,0.15,0.32,50306
P2,0.16,0.32,43328
P2,-0.19,0.72,361
P2,-0.12,0.27,561
P2,-0.13,0.26,464
P2,0.16,0.83,702
P2,0.15,0.83,881
P2,0.14,0.83,758
P2,0.07,0.41,724
P2,0.07,0.40,531
P2,0.09,1.06,92
P2,0.09,1.07,26
P2,0.10,1.07,149
P2,0.11,1.07,97
P2,0.11,1.06,227
P2,0.10,0.28,2077
P2,0.11,0.28,1126
P2,0.06,0.38,750
P2,-0.16,0.96,132
P2,0.24,1.18,46
P2,0.25,1.18,10
P2,-0.09,0.24,1450
P2,-0.01,0.44,939
P2,-0.04,0.96,136
P2,-0.12,0.80,135
P2,0.12,0.91,755
P2,0.14,0.96,441
P2,0.14,0.97,295
P2,0.30,0.76,40
P2,0.30,0.77,40
P2,0.07,1.17,177
P2,-0.16,0.62,148
P2,-0.16,0.63,187
P2,-0.17,0.63,165
P2,-0.17,0.62,125
P2,-0.18,0.62,173
P2,-0.08,1.02,84
P2,-0.08,1.03,325
P2,-0.19,0.34,146
P2,-0.24,1.20,132
P2,-0.24,0.48,433
P2,-0.22,0.48,263
P2,0.31,0.75,15
P2,0.11,1.12,150
P2,-0.24,0.96,215
P2,-0.23,0.96,378
P2,-0.22,0.96,334
P2,-0.13,0.49,211
P2,-0.14,0.50,325
P2,-0.15,0.50,180
P2,-0.15,0.49,346
P2,-0.04,0.72,426
P2,-0.03,0.83,235
P2,-0.03,0.82,215
P2,-0.15,0.59,139
P2,-0.16,0.59,206
P2,-0.17,0.59,150
P2,0.09,0.65,370
P2,0.10,0.65,534
P2,0.10,0.64,38883
P2,0.43,0.67,1
P2,0.42,0.67,7
P2,-0.11,0.39,342
P2,-0.11,0.40,691
P2,-0.12,0.40,611
P2,-0.18,0.79,242
P2,-0.15,1.15,63
P2,-0.15,1.16,113
P2,-0.16,1.16,106
P2,-0.16,1.15,49
P2,-0.17,1.15,71
P2,-0.10,0.26,1048
P2,0.24,0.64,1233
P2,0.24,0.63,127
P2,0.17,0.83,924
P2,-0.22,0.27,383
P2,-0.21,0.27,346
P2,-0.13,0.80,71
P2,-0.20,0.69,356
P2,-0.19,0.69,267
P2,-0.02,0.46,987
P2,0.43,0.78,4
P2,-0.21,0.65,441
P2,-0.07,0.91,114
P2,0.18,0.85,303
P2,-0.16,1.04,105
P2,-0.11,0.49,435
P2,-0.15,1.14,57
P2,-0.07,0.66,398
P2,-0.08,0.66,724
P2,-0.08,0.67,588
P2,-0.09,0.66,396
P2,-0.08,0.39,581
P2,-0.22,1.33,185
P2,-0.22,0.78,345
P2,-0.21,0.78,364
P2,-0.20,0.78,264
P2,-0.10,0.57,432
P2,-0.10,0.58,279
P2,-0.11,0.58,423
P2,-0.11,0.57,291
P2,0.01,1.32,58
P2,0.00,1.32,81
P2,-0.01,1.32,38
P2,-0.24,1.05,282
P2,0.33,0.72,4
P2,0.34,0.72,26
P2,-0.22,0.55,523
P2,0.24,0.81,140
P2,-0.17,0.79,272
P2,-0.19,0.78,277
P2,-0.16,0.36,52
P2,-0.17,0.36,40
P2,0.36,0.70,6
P2,0.36,0.71,7
P2,0.37,0.71,115
P2,0.37,0.70,3
P2,0.38,0.70,5
P2,-0.19,1.15,118
P2,-0.20,1.15,85
P2,0.00,0.52,868
P2,-0.17,0.35,26
P2,-0.18,0.35,76
P2,-0.21,0.28,265
P2,0.06,1.13,104
P2,0.06,1.14,104
P2,0.07,1.14,48
P2,0.07,1.13,46
P2,0.00,1.28,22
P2,0.00,1.29,95
P2,-0.01,1.29,115
P2,-0.02,1.29,32
P2,-0.02,1.28,33
P2,0.18,1.13,154
P2,0.18,1.14,108
P2,0.19,1.14,121
P2,0.19,1.13,152
P2,0.24,0.80,67
P2,-0.15,0.52,141
P2,-0.16,0.52,132
P2,-0.23,0.40,525
P2,-0.22,0.40,67
P2,-0.08,0.55,579
P2,-0.09,0.55,392
P2,0.08,0.79,199
P2,-0.14,0.59,182
P2,-0.15,0.60,173
P2,-0.16,0.60,210
P2,0.09,1.30,42
P2,0.10,1.30,43
P2,0.11,1.30,61
P2,0.17,0.97,320
P2,0.17,0.98,267
P2,0.20,0.86,958
P2,0.21,0.86,978
P2,0.05,0.96,233
P2,0.05,0.97,301
P2,0.06,0.97,303
P2,0.06,0.96,220
P2,-0.24,1.16,49
P2,-0.24,1.17,111
P2,-0.23,1.16,73
P2,-0.09,0.47,512
P2,-0.10,0.47,505
P2,0.08,0.60,5583
P2,0.09,0.60,985
P2,-0.04,1.02,221
P2,-0.05,1.01,114
P2,-0.15,0.86,156
P2,-0.17,0.85,111
P2,0.28,0.80,163
P2,0.28,0.81,95
P2,-0.03,0.54,835
P2,-0.13,0.34,378
P2,-0.14,0.34,228
P2,-0.15,0.51,180
P2,0.00,0.58,643
P2,-0.01,0.58,470
P2,-0.08,1.00,171
P2,-0.08,1.01,67
P2,0.10,1.01,224
P2,0.09,1.01,169
P2,-0.08,0.45,750
P2,-0.09,0.45,824
P2,-0.15,0.92,78
P2,-0.16,0.92,205
P2,-0.17,0.92,155
P2,0.06,0.31,1915
P2,-0.16,1.03,157
P2,-0.15,1.03,193
P2,-0.14,1.03,188
P2,-0.03,0.84,929
P2,0.13,0.59,3207
P2,-0.04,0.74,477
P2,0.06,0.55,397
P2,0.05,0.66,120
P2,-0.03,0.76,322
P2,-0.07,0.72,353
P2,-0.08,0.72,382
P2,-0.21,1.22,84
P2,-0.20,1.22,159
P2,-0.09,0.95,230
P2,-0.17,0.65,145
P2,-0.21,0.55,367
P2,0.10,0.84,311
P2,-0.14,0.57,206
P2,0.04,0.43,923
P2,0.00,1.22,124
P2,0.00,1.23,65
P2,0.09,1.37,31
P2,0.10,1.37,28
P2,0.11,1.37,50
P2,0.11,1.36,26
P2,0.02,0.85,364
P2,-0.15,1.04,76
P2,0.13,0.92,549
P2,0.14,0.92,724
P2,-0.07,0.52,544
P2,-0.21,0.85,282
P2,-0.17,1.00,165
P2,-0.16,1.00,213
P2,-0.23,1.00,161
P2,-0.22,1.00,206
P2,-0.22,1.01,169
P2,-0.21,1.01,122
P2,0.13,0.31,265
P2,0.14,0.31,200
P2,0.15,0.31,1537
P2,-0.23,0.53,417
P2,0.42,1.12,7
P2,0.41,1.12,17
P2,-0.12,0.50,302
P2,0.16,0.67,16
P2,-0.04,1.13,117
P2,-0.04,1.14,109
P2,-0.04,1.09,26
P2,-0.04,1.08,52
P2,0.40,1.12,14
P2,-0.09,0.88,220
P2,-0.09,0.89,152
P2,0.02,0.42,939
P2,-0.08,0.54,495
P2,-0.10,0.54,346
P2,0.32,0.80,101
P2,0.33,0.81,110
P2,-0.21,0.48,142
P2,-0.14,0.89,91
P2,-0.14,0.88,83
P2,-0.15,0.96,153
P2,-0.14,0.96,146
P2,0.08,0.99,276
P2,0.09,0.99,220
P2,0.17,0.93,318
P2,0.22,0.87,195
P2,0.23,0.87,157
P2,0.24,0.87,223
P2,0.21,0.97,198
P2,0.05,0.35,1036
P2,-0.08,0.50,661
P2,0.06,0.91,625
P2,-0.24,0.39,379
P2,-0.09,1.15,45
P2,-0.09,1.16,26
P2,-0.24,1.33,82
P2,-0.13,1.36,35
P2,-0.12,1.36,43
P2,-0.06,0.66,531
P2,-0.24,1.07,48
P2,-0.23,1.07,90
P2,0.02,0.88,779
P2,0.33,0.79,2
P2,0.35,0.79,144
P2,0.11,0.31,2688
P2,-0.04,0.66,15489
P2,0.31,0.80,112
P2,0.07,1.02,144
P2,0.07,1.03,136
P2,0.06,1.03,132
P2,0.06,1.02,114
P2,-0.17,0.50,57
P2,-0.18,0.50,28
P2,-0.17,1.18,162
P2,0.03,0.42,943
P2,-0.14,1.11,92
P2,-0.14,1.12,84
P2,-0.15,1.12,175
P2,-0.16,1.12,113
P2,-0.12,1.03,77
P2,-0.12,1.04,109
P2,-0.13,1.04,146
P2,-0.22,1.16,69
P2,0.33,0.82,110
P2,0.33,0.83,53
P2,0.34,0.83,107
P2,0.35,0.83,106
P2,0.35,0.82,24
P2,-0.01,1.03,86
P2,-0.01,1.04,98
P2,-0.01,1.02,86
P2,0.12,0.31,555
P2,0.22,1.00,82
P2,0.24,0.99,90
P2,0.01,0.49,771
P2,-0.20,0.66,221
P2,-0.08,0.46,900
P2,-0.05,0.62,695
P2,-0.07,0.62,590
P2,0.13,0.37,5434
P2,0.13,0.38,2174
P2,0.17,0.45,2128
P2,0.12,0.36,58008
P2,0.12,0.37,4285
P2,0.11,0.65,29196
P2,-0.14,0.80,48
P2,0.16,0.96,151
P2,0.16,0.97,175
P2,0.17,0.96,154
P2,0.13,0.60,2508
P2,0.14,0.60,3041
P2,0.14,0.59,3990
P2,-0.22,0.62,406
P2,-0.22,0.61,597
P2,-0.17,1.38,149
P2,-0.17,1.39,18
P2,-0.16,1.38,134
P2,0.21,0.91,464
P2,0.10,0.63,12143
P2,-0.07,1.27,75
P2,-0.07,1.28,37
P2,-0.08,0.89,152
P2,-0.10,0.89,43
P2,-0.05,0.48,391
P2,-0.02,0.69,17708
P2,-0.02,0.70,577
P2,0.12,0.63,1452
P2,0.11,0.63,3323
P2,0.22,0.28,402
P2,0.04,0.57,488
P2,0.03,0.79,792
P2,-0.09,1.24,56
P2,-0.09,1.25,104
P2,-0.10,1.25,19
P2,-0.10,1.24,32
P2,0.08,0.69,333
P2,0.09,0.69,224
P2,0.10,0.68,10887
P2,0.10,0.67,1206
P2,0.11,0.66,283
P2,0.16,0.49,1622
P2,-0.05,1.05,135
P2,-0.06,1.05,94
P2,-0.06,1.06,217
P2,0.08,0.53,338
P2,-0.03,0.87,256
P2,-0.03,0.88,212
P2,-0.19,0.62,166
P2,-0.06,0.49,723
P2,-0.07,0.49,673
P2,0.06,1.39,3
P2,0.06,1.38,46
P2,0.05,1.38,13
P2,0.15,0.47,1761
P2,-0.08,0.59,279
P2,-0.09,0.59,388
P2,-0.10,0.59,296
P2,0.18,0.32,533
P2,0.18,0.31,49
P2,0.19,0.31,427
P2,-0.07,0.56,278
P2,-0.07,0.57,451
P2,0.05,0.90,340
P2,0.06,0.90,350
P2,0.07,0.90,503
P2,-0.15,0.90,122
P2,0.16,0.48,708
P2,0.06,0.39,1101
P2,0.09,0.81,1518
P2,0.08,0.82,493
P2,0.03,0.69,4267
P2,-0.11,0.52,565
P2,-0.19,1.22,125
P2,-0.19,1.23,55
P2,-0.20,1.23,138
P2,-0.21,1.23,162
P2,0.15,0.53,246
P2,-0.21,0.67,362
P2,0.09,0.34,867
P2,0.10,0.34,565
P2,0.10,0.35,543
P2,0.11,0.34,1146
P2,0.12,0.32,45225
P2,0.02,0.80,427
P2,-0.13,0.99,145
P2,-0.15,0.99,83
P2,-0.05,0.58,388
P2,-0.04,0.58,269
P2,0.15,0.46,1558
P2,0.13,0.61,1990
P2,0.01,0.59,538
P2,0.01,0.82,978
P2,0.02,0.83,728
P2,-0.02,0.68,9336
P2,-0.11,0.20,326
P2,0.13,0.21,17
P2,0.02,0.66,6478
P2,-0.19,0.38,117
P2,-0.18,0.38,173
P2,-0.18,0.87,251
P2,-0.17,0.87,257
P2,-0.19,1.05,262
P2,-0.18,1.05,166
P2,-0.17,1.05,146
P2,-0.07,0.88,274
P2,0.08,0.40,595
P2,0.06,0.59,635
P2,0.06,0.60,832
P2,0.15,0.57,8802
P2,0.05,0.77,289
P2,0.04,0.77,250
P2,0.03,0.77,356
P2,0.00,0.49,934
P2,-0.20,0.68,369
P2,-0.19,0.68,267
P2,-0.18,0.68,188
P2,0.12,0.38,597
P2,-0.16,1.33,186
P2,-0.08,0.94,101
P2,-0.10,0.94,159
P2,-0.07,0.61,717
P2,-0.11,0.36,707
P2,0.21,0.28,224
P2,-0.24,0.29,187
P2,-0.06,0.48,565
P2,-0.07,0.48,768
P2,-0.19,1.17,72
P2,-0.20,1.17,73
P2,-0.21,1.17,111
P2,-0.21,1.04,224
P2,-0.07,0.29,817
P2,0.13,0.36,45692
P2,-0.16,0.80,154
P2,-0.15,0.80,106
P2,0.07,0.35,675
P2,0.06,0.35,716
P2,0.05,1.01,108
P2,0.04,1.01,131
P2,0.03,1.01,137
P2,0.03,1.00,175
P2,-0.14,0.23,30
P2,0.03,0.43,973
P2,0.00,0.73,512
P2,-0.01,0.64,574
P2,0.01,0.76,471
P2,-0.11,0.75,148
P2,-0.12,0.75,222
P2,-0.13,0.75,340
P2,0.00,0.76,347
P2,0.14,0.25,78
P2,0.16,1.01,214
P2,0.16,1.02,228
P2,0.17,1.02,228
P2,0.08,0.62,37400
P2,0.08,0.63,653
P2,-0.22,0.43,154
P2,0.04,1.32,171
P2,0.03,1.31,21
P2,0.34,0.79,32
P2,0.36,0.80,69
P2,0.36,0.79,152
P2,-0.20,1.37,16
P2,-0.21,1.37,14
P2,0.26,0.80,9
P2,0.26,0.77,20
P2,0.12,0.46,205
P2,0.05,0.39,1032
P2,0.12,0.33,3955
P2,0.06,1.11,145
P2,0.07,1.10,81
P2,0.12,0.35,2483
P2,-0.08,0.95,145
P2,-0.10,0.95,285
P2,0.22,0.88,64
P2,0.21,0.32,1023
P2,0.20,0.32,28436
P2,-0.07,0.81,1218
P2,0.09,0.90,2541
P2,0.08,0.90,950
P2,-0.10,0.96,77
P2,-0.10,0.97,78
P2,-0.11,0.97,33
P2,-0.11,0.96,28
P2,-0.12,0.96,149
P2,0.24,0.79,71
P2,0.28,0.88,68
P2,0.29,0.88,148
P2,0.30,0.87,120
P2,0.10,0.70,103
P2,0.10,0.69,7427
P2,0.11,0.68,3237
P2,0.11,0.67,141
P2,0.06,0.62,528
P2,0.07,0.62,800
P2,0.07,0.61,14818
P2,0.03,0.97,254
P2,0.03,0.98,161
P2,0.06,0.82,480
P2,0.07,0.82,498
P2,-0.21,0.74,434
P2,0.04,0.58,467
P2,0.16,0.31,826
P2,-0.01,1.23,44
P2,-0.01,1.24,47
P2,0.00,1.24,48
P2,-0.05,0.88,120
P2,-0.05,0.89,142
P2,-0.06,0.89,67
P2,-0.06,0.88,46
P2,-0.15,1.13,160
P2,0.38,0.91,52
P2,0.39,0.91,44
P2,0.40,0.91,45
P2,0.02,0.89,520
P2,-0.22,0.32,479
P2,-0.21,0.32,654
P2,-0.20,0.32,400
P2,0.01,1.18,20
P2,0.01,1.19,36
P2,0.02,1.19,179
P2,0.02,1.18,80
P2,-0.13,0.76,265
P2,-0.13,0.77,209
P2,-0.14,0.77,224
P2,-0.14,0.76,133
P2,-0.15,0.76,137
P2,0.01,0.60,466
P2,-0.01,0.95,60
P2,-0.02,0.95,48
P2,0.19,0.89,200
P2,-0.15,0.62,164
P2,0.34,0.77,29
P2,0.35,0.77,62
P2,0.24,0.89,211
P2,0.24,0.90,779
P2,0.25,0.90,530
P2,0.25,0.89,268
P2,0.08,1.39,2
P2,0.08,1.38,30
P2,0.14,0.38,309
P2,-0.04,0.59,489
P2,0.18,0.95,287
P2,0.18,0.96,258
P2,0.20,0.95,130
P2,-0.03,1.05,5
P2,-0.03,1.06,30
P2,-0.02,1.06,59
P2,-0.02,1.05,32
P2,-0.06,0.93,38
P2,0.09,0.70,46
P2,-0.13,0.33,361
P2,-0.14,0.33,157
P2,-0.12,0.85,150
P2,-0.12,0.86,81
P2,-0.13,0.86,122
P2,-0.13,0.85,145
P2,-0.22,0.42,241
P2,0.17,0.39,429
P2,0.18,0.68,8
P2,0.18,0.67,11
P2,-0.12,0.33,375
P2,-0.23,0.39,240
P2,0.07,0.47,456
P2,-0.12,1.12,59
P2,-0.01,0.96,102
P2,-0.01,0.97,251
P2,0.12,0.93,284
P2,0.11,0.93,375
P2,0.14,0.37,597
P2,0.03,1.17,83
P2,0.03,1.18,30
P2,0.02,1.17,42
P2,-0.09,1.17,31
P2,-0.10,1.17,25
P2,-0.10,1.16,1
P2,-0.18,1.02,152
P2,-0.15,0.66,77
P2,-0.16,0.66,117
P2,-0.17,0.67,98
P2,-0.17,0.66,147
P2,0.16,0.42,1943
P2,0.25,0.99,162
P2,0.26,0.99,137
P2,0.03,0.63,646
P2,0.04,0.63,18593
P2,-0.15,0.94,95
P2,-0.03,1.26,45
P2,-0.03,1.27,59
P2,-0.11,0.53,485
P2,-0.11,0.54,560
P2,0.06,1.17,106
P2,0.05,1.17,78
P2,-0.14,0.74,292
P2,0.17,0.38,250
P2,-0.21,0.87,299
P2,0.07,0.88,388
P2,0.08,0.88,449
P2,0.13,0.84,318
P2,0.13,0.85,301
P2,0.12,0.84,331
P2,-0.07,0.90,98
P2,0.28,0.92,93
P2,0.29,0.92,95
P2,0.29,0.91,142
P2,0.16,0.45,4127
P2,0.30,1.09,54
P2,0.30,1.10,13
P2,0.31,1.10,21
P2,0.32,1.10,3
P2,0.32,1.09,10
P2,-0.18,0.81,361
P2,-0.17,0.81,309
P2,0.06,0.85,998
P2,0.00,1.01,171
P2,0.00,1.02,108
P2,-0.24,1.01,109
P2,-0.24,1.00,110
P2,0.12,0.98,185
P2,0.12,0.99,324
P2,0.11,0.99,306
P2,0.10,0.99,211
P2,0.14,0.53,309
P2,0.08,0.91,604
P2,0.08,0.92,492
P2,0.07,0.92,323
P2,0.07,0.91,385
P2,0.09,0.63,33754
P2,-0.09,0.99,70
P2,-0.08,0.99,192
P2,-0.09,0.68,575
P2,-0.09,0.69,258
P2,0.18,0.53,4374
P2,0.12,1.05,99
P2,0.11,1.05,245
P2,0.10,1.05,222
P2,-0.18,0.98,188
P2,-0.19,0.98,233
P2,-0.21,0.92,339
P2,-0.01,1.39,5
P2,-0.01,1.38,63
P2,-0.22,1.03,221
P2,0.10,0.62,3017
P2,0.11,0.62,1449
P2,0.11,0.61,1368
P2,-0.19,1.20,154
P2,-0.19,1.21,167
P2,-0.20,1.21,229
P2,-0.10,1.21,47
P2,-0.11,1.21,56
P2,-0.11,1.20,55
P2,-0.01,0.66,391
P2,0.11,0.37,3388
P2,-0.22,1.25,139
P2,-0.23,1.25,83
P2,-0.24,1.25,44
P2,-0.24,1.24,108
P2,-0.08,0.44,491
P2,-0.08,0.43,660
P2,0.15,1.01,225
P2,0.15,1.02,124
P2,0.18,0.83,849
P2,-0.14,0.70,104
P2,-0.15,0.70,207
P2,-0.15,0.30,160
P2,-0.13,0.23,244
P2,-0.18,0.82,236
P2,0.07,0.46,624
P2,0.10,0.80,258
P2,-0.10,0.44,836
P2,0.11,0.90,1792
P2,0.10,0.90,2454
P2,-0.19,0.94,234
P2,-0.18,0.94,239
P2,-0.17,0.94,250
P2,0.04,0.90,517
P2,0.12,0.62,1166
P2,0.06,0.48,605
P2,0.07,0.54,434
P2,-0.16,0.64,102
P2,-0.17,0.64,149
P2,-0.18,0.64,192
P2,-0.20,0.63,385
P2,-0.21,1.09,199
P2,-0.20,1.09,145
P2,-0.19,1.09,91
P2,-0.08,0.78,120
P2,-0.14,1.16,108
P2,-0.17,0.57,143
P2,-0.04,1.03,183
P2,0.03,0.76,308
P2,0.08,1.17,35
P2,0.09,1.17,88
P2,0.10,1.17,26
P2,-0.12,1.20,14
P2,-0.12,1.21,22
P2,-0.13,1.21,141
P2,-0.13,1.20,34
P2,0.14,0.55,307
P2,0.15,0.55,449
P2,0.33,0.74,8
P2,0.34,0.74,20
P2,0.35,0.74,21
P2,-0.15,0.64,122
P2,-0.08,0.42,647
P2,-0.23,1.28,171
P2,-0.24,1.28,213
P2,0.11,0.49,342
P2,0.12,0.49,241
P2,0.13,0.49,215
P2,0.00,0.64,22850
P2,0.01,0.80,326
P2,0.01,0.81,210
P2,0.02,0.81,344
P2,-0.01,1.01,74
P2,-0.12,1.00,129
P2,0.09,0.53,450
P2,0.01,0.64,3324
P2,0.05,0.79,314
P2,0.04,0.79,612
P2,-0.10,0.83,260
P2,-0.23,0.99,362
P2,0.33,0.75,51
P2,-0.15,0.87,157
P2,-0.16,0.87,156
P2,-0.22,0.39,78
P2,-0.05,0.37,1029
P2,-0.23,1.38,58
P2,-0.20,0.90,253
P2,0.10,0.49,472
P2,0.11,0.48,266
P2,-0.13,0.97,118
P2,-0.13,0.98,47
P2,-0.14,0.97,196
P2,-0.15,0.97,135
P2,-0.16,0.79,161
P2,-0.05,1.04,132
P2,-0.14,0.53,223
P2,-0.15,0.53,221
P2,-0.16,0.53,214
P2,-0.08,0.61,442
P2,-0.09,0.62,488
P2,-0.04,0.61,607
P2,-0.05,0.61,466
P2,0.10,1.28,6
P2,0.10,1.29,58
P2,-0.21,0.71,456
P2,0.23,0.27,450
P2,0.22,0.27,169
P2,0.21,0.27,175
P2,0.16,0.98,262
P2,-0.14,1.13,111
P2,0.20,0.87,397
P2,-0.23,0.79,360
P2,-0.09,0.46,701
P2,-0.22,0.54,496
P2,-0.21,1.31,160
P2,-0.21,1.32,104
P2,-0.20,1.32,46
P2,-0.20,1.31,73
P2,-0.19,1.31,54
P2,0.10,0.52,289
P2,0.10,0.53,404
P2,0.11,0.52,99
P2,-0.24,1.09,202
P2,-0.23,1.09,196
P2,-0.06,0.83,330
P2,-0.24,1.11,120
P2,-0.24,1.12,78
P2,-0.23,1.12,94
P2,-0.23,1.11,93
P2,-0.22,1.11,112
P2,-0.15,0.63,219
P2,-0.21,0.42,20
P2,0.20,0.44,41758
P2,0.00,0.59,610
P2,-0.01,0.59,431
P2,-0.14,0.86,159
P2,-0.24,0.33,126
P2,0.18,0.52,4591
P2,0.15,1.33,84
P2,0.16,1.33,70
P2,0.16,1.32,41
P2,0.20,0.98,117
P2,0.20,0.99,203
P2,0.21,0.98,139
P2,-0.19,0.90,214
P2,-0.04,0.43,998
P2,0.03,0.94,139
P2,0.11,0.96,405
P2,-0.08,0.64,490
P2,0.12,0.26,376
P2,-0.14,0.61,246
P2,-0.14,0.60,202
P2,-0.18,1.09,111
P2,-0.17,1.09,158
P2,-0.16,1.09,113
P2,0.29,0.83,115
P2,0.19,0.53,91
P2,0.40,1.22,9
P2,0.39,1.22,3
P2,0.30,0.88,235
P2,-0.11,0.44,607
P2,0.08,0.49,498
P2,0.09,0.49,502
P2,0.36,0.78,56
P2,0.37,0.78,33
P2,-0.12,1.34,58
P2,-0.13,1.35,77
P2,-0.13,1.34,23
P2,-0.14,1.34,13
P2,-0.02,0.84,354
P2,0.08,0.95,414
P2,0.08,0.96,237
P2,0.07,0.96,249
P2,0.07,0.95,377
P2,0.05,0.92,524
P2,-0.22,1.39,12
P2,-0.22,1.38,125
P2,0.21,1.04,79
P2,0.21,1.05,99
P2,0.22,1.05,43
P2,0.43,1.08,1
P2,0.42,1.08,6
P2,-0.05,0.90,190
P2,0.09,0.62,10023
P2,-0.11,0.93,149
P2,-0.12,0.93,138
P2,-0.13,0.93,73
P2,0.11,0.36,512
P2,-0.15,0.71,347
P2,-0.16,0.71,119
P2,0.08,0.89,2125
P2,0.07,0.89,2037
P2,0.02,1.04,54
P2,0.01,1.04,55
P2,-0.08,1.06,54
P2,-0.08,1.07,162
P2,-0.09,1.07,136
P2,-0.09,1.06,37
P2,-0.04,0.78,667
P2,-0.04,0.79,611
P2,-0.03,0.79,731
P2,-0.16,0.41,125
P2,0.13,0.90,2022
P2,0.13,0.91,753
P2,0.10,0.86,2682
P2,0.09,0.86,1030
P2,-0.14,0.93,113
P2,0.13,0.93,456
P2,0.13,0.94,467
P2,0.14,0.93,475
P2,0.10,0.88,688
P2,0.24,1.15,57
P2,0.25,1.15,41
P2,0.26,1.15,38
P2,-0.18,1.15,177
P2,0.04,1.22,21
P2,0.03,1.22,80
P2,0.02,1.22,81
P2,-0.08,0.48,554
P2,-0.14,0.46,287
P2,-0.12,0.73,364
P2,-0.18,1.21,115
P2,-0.18,1.20,102
P2,-0.21,0.80,309
P2,-0.10,0.82,288
P2,-0.22,0.99,214
P2,-0.21,0.99,206
P2,-0.23,1.32,122
P2,-0.24,1.32,88
P2,-0.24,1.31,61
P2,-0.15,1.24,136
P2,-0.04,0.37,1109
P2,-0.09,0.78,161
P2,-0.14,0.26,178
P2,-0.15,0.26,71
P2,-0.19,0.50,14
P2,-0.20,0.50,41
P2,-0.08,0.65,371
P2,-0.09,0.65,228
P2,0.03,1.04,77
P2,-0.24,0.97,234
P2,-0.06,1.03,175
P2,-0.05,0.59,352
P2,-0.05,0.60,451
P2,0.02,1.12,97
P2,0.02,1.13,112
P2,0.03,1.13,119
P2,0.03,1.12,111
P2,-0.14,1.14,90
P2,0.13,0.33,592
P2,-0.11,0.73,243
P2,0.03,1.39,24
P2,0.05,0.63,2109
P2,0.42,1.32,5
P2,0.41,1.32,17
P2,0.40,1.32,1
P2,-0.15,0.32,207
P2,-0.04,0.65,13676
P2,0.08,0.57,540
P2,0.08,0.58,421
P2,0.00,0.88,305
P2,0.01,0.88,325
P2,-0.15,1.26,104
P2,-0.15,1.27,85
P2,-0.16,1.27,162
P2,-0.16,1.26,90
P2,0.15,0.85,241
P2,0.16,0.85,333
P2,-0.23,1.01,138
P2,0.11,0.58,1787
P2,0.11,0.57,336
P2,-0.13,0.70,286
P2,-0.16,0.42,162
P2,0.24,0.97,108
P2,0.24,0.98,22
P2,0.25,0.97,98
P2,-0.09,0.64,422
P2,-0.10,0.65,412
P2,-0.10,0.64,233
P2,-0.18,1.00,209
P2,-0.19,1.01,201
P2,-0.09,0.63,502
P2,-0.10,0.62,258
P2,0.04,0.84,1500
P2,0.03,0.84,511
P2,-0.17,0.80,212
P2,0.15,1.12,208
P2,0.15,1.13,105
P2,0.09,0.91,641
P2,-0.13,0.27,424
P2,0.06,0.43,671
P2,0.12,1.17,110
P2,0.12,1.18,70
P2,-0.18,1.06,65
P2,-0.17,1.06,120
P2,0.43,0.95,1
P2,0.42,0.95,38
P2,-0.09,0.37,695
P2,-0.16,1.29,72
P2,-0.16,1.30,93
P2,-0.15,1.30,52
P2,-0.15,1.29,9
P2,-0.14,1.29,54
P2,-0.02,0.79,404
P2,-0.17,0.69,197
P2,0.04,1.03,257
P2,0.13,0.26,140
P2,-0.16,0.32,144
P2,-0.10,0.41,598
P2,0.01,0.97,112
P2,0.02,0.97,161
P2,-0.23,0.97,300
P2,-0.22,0.97,249
P2,0.21,0.92,155
P2,-0.18,1.26,176
P2,-0.17,1.26,111
P2,0.08,0.61,11939
P2,0.39,0.75,19
P2,0.05,0.52,610
P2,0.06,0.51,469
P2,-0.13,0.48,263
P2,-0.14,0.49,383
P2,-0.15,0.48,252
P2,0.22,0.91,288
P2,0.22,0.92,223
P2,0.23,0.91,194
P2,0.15,0.92,732
P2,-0.01,0.92,138
P2,0.00,0.92,91
P2,0.20,1.31,45
P2,0.21,1.31,17
P2,0.21,1.32,15
P2,0.22,1.31,24
P2,-0.17,0.32,14
P2,-0.23,1.36,72
P2,-0.23,1.35,29
P2,-0.20,1.34,102
P2,0.23,1.11,102
P2,0.23,1.12,61
P2,0.24,1.12,142
P2,0.24,1.11,69
P2,0.25,1.11,56
P2,0.43,0.71,1
P2,0.42,0.71,2
P2,0.02,0.61,497
P2,0.02,1.16,58
P2,0.10,0.44,494
P2,0.10,0.45,586
P2,0.11,0.45,388
P2,-0.13,0.38,259
P2,-0.14,0.38,162
P2,-0.15,1.18,165
P2,-0.14,1.18,173
P2,-0.16,0.44,157
P2,-0.17,0.44,76
P2,-0.17,0.43,103
P2,-0.16,0.58,231
P2,-0.15,0.58,242
P2,-0.17,0.95,276
P2,-0.07,0.83,349
P2,-0.08,0.83,237
P2,-0.08,0.82,262
P2,0.09,0.61,5977
P2,-0.16,0.81,222
P2,0.11,0.35,437
P2,0.12,0.34,3073
P2,0.13,0.34,310
P2,0.14,0.33,341
P2,0.15,0.38,157
P2,0.14,0.64,522
P2,-0.19,0.63,292
P2,0.09,0.35,769
P2,-0.05,1.10,22
P2,0.09,0.52,363
P2,0.40,1.36,5
P2,0.39,1.36,21
P2,0.38,1.36,16
P2,0.12,1.24,30
P2,0.11,1.24,71
P2,0.11,1.25,68
P2,0.10,1.24,52
P2,-0.09,1.20,144
P2,0.43,0.77,2
P2,0.42,0.77,70
P2,-0.23,0.32,65
P2,-0.22,0.33,211
P2,-0.21,1.11,104
P2,0.05,1.03,200
P2,-0.09,0.72,370
P2,0.18,0.70,2531
P2,0.18,0.69,253
P2,0.20,0.70,1476
P2,0.20,0.69,6
P2,0.19,0.68,7
P2,0.19,0.67,8
P2,0.08,1.09,144
P2,0.08,1.10,139
P2,0.07,1.09,101
P2,0.00,1.00,55
P2,0.34,0.82,86
P2,0.34,0.81,52
P2,-0.14,0.72,314
P2,-0.16,0.72,137
P2,0.21,1.16,82
P2,0.21,1.17,31
P2,0.22,1.17,68
P2,0.23,1.17,19
P2,0.23,1.16,9
P2,-0.04,1.12,100
P2,0.09,1.02,136
P2,0.08,1.02,75
P2,0.08,1.03,79
P2,-0.24,0.74,465
P2,0.05,0.84,1212
P2,0.06,0.84,846
P2,0.17,0.81,127
P2,-0.23,0.33,42
P2,0.35,0.75,49
P2,-0.10,0.61,345
P2,-0.24,1.19,97
P2,-0.24,1.18,78
P2,0.17,0.84,471
P2,-0.18,1.39,31
P2,-0.12,1.39,34
P2,-0.17,1.30,132
P2,-0.16,1.01,255
P2,-0.17,1.01,252
P2,-0.20,0.71,363
P2,-0.07,0.89,185
P2,0.23,0.92,116
P2,0.16,1.04,141
P2,0.12,0.82,1380
P2,0.12,0.47,257
P2,-0.10,0.75,178
P2,-0.11,0.76,203
P2,0.13,0.89,563
P2,0.01,1.01,210
P2,-0.20,0.62,228
P2,-0.17,0.53,139
P2,-0.17,0.52,129
P2,0.16,0.55,4400
P2,0.31,0.79,128
P2,0.12,0.88,526
P2,0.13,0.88,700
P2,0.09,1.34,10
P2,0.10,1.34,80
P2,0.11,1.34,139
P2,-0.12,1.11,93
P2,-0.13,1.12,90
P2,-0.13,1.11,87
P2,0.10,1.12,252
P2,0.09,1.12,108
P2,0.09,1.13,109
P2,0.08,1.13,43
P2,0.08,1.12,83
P2,-0.23,1.39,7
P2,0.09,0.92,503
P2,-0.14,1.04,68
P2,-0.03,0.91,102
P2,-0.23,0.27,211
P2,-0.23,0.31,208
P2,-0.22,0.31,520
P2,0.20,1.16,139
P2,0.22,1.16,15
P2,-0.05,1.12,69
P2,-0.05,1.11,90
P2,-0.16,0.90,199
P2,-0.17,0.91,202
P2,-0.17,0.90,276
P2,-0.08,0.98,117
P2,-0.09,0.98,186
P2,-0.10,0.98,94
P2,0.20,1.04,172
P2,0.20,1.03,161
P2,0.24,0.88,34
P2,0.25,0.88,82
P2,0.26,0.88,115
P2,0.28,0.82,89
P2,0.05,0.83,285
P2,-0.19,0.71,286
P2,-0.08,1.11,64
P2,-0.08,1.10,1
P2,0.20,1.27,44
P2,0.20,1.28,75
P2,0.21,1.28,102
P2,0.21,1.27,68
P2,-0.14,0.87,151
P2,-0.06,1.18,103
P2,-0.06,1.19,108
P2,0.06,0.63,1300
P2,0.07,0.63,787
P2,-0.17,1.21,73
P2,-0.18,0.63,154
P2,-0.16,0.83,136
P2,-0.17,0.83,161
P2,-0.13,0.83,153
P2,-0.16,0.95,112
P2,0.07,0.60,21328
P2,-0.24,1.35,126
P2,-0.24,1.36,68
P2,-0.04,0.99,165
P2,-0.05,0.99,24
P2,-0.05,0.98,80
P2,0.01,0.99,177
P2,0.18,0.61,66
P2,0.18,0.60,107
P2,-0.16,0.75,116
P2,0.11,0.59,1708
P2,0.14,0.54,194
P2,0.15,0.54,151
P2,-0.22,1.09,199
P2,0.03,0.80,302
P2,0.28,0.93,80
P2,0.28,0.94,92
P2,0.27,0.94,139
P2,0.26,0.94,164
P2,0.26,0.93,86
P2,0.23,0.31,133
P2,-0.21,1.38,187
P2,-0.21,1.39,22
P2,-0.20,1.39,16
P2,-0.20,1.38,95
P2,-0.19,0.59,225
P2,-0.21,1.08,235
P2,-0.19,1.08,168
P2,0.04,0.83,422
P2,0.00,0.96,99
P2,0.01,0.96,113
P2,0.02,0.96,148
P2,0.02,0.95,190
P2,-0.24,1.27,54
P2,-0.23,1.27,120
P2,-0.03,0.89,328
P2,-0.03,0.90,360
P2,-0.04,0.90,132
P2,-0.12,0.31,649
P2,0.23,0.69,500
P2,0.23,0.68,3
P2,0.22,0.67,3
P2,0.22,0.66,4
P2,-0.20,1.10,183
P2,-0.24,1.02,163
P2,-0.23,1.02,219
P2,0.42,0.88,24
P2,0.41,0.88,86
P2,0.40,0.88,22
P2,0.02,1.06,154
P2,-0.07,0.98,115
P2,-0.07,0.99,12
P2,-0.11,0.89,64
P2,-0.22,0.24,1
P2,-0.15,0.81,136
P2,-0.07,0.67,558
P2,-0.08,0.91,92
P2,-0.08,0.92,200
P2,-0.09,0.92,193
P2,-0.09,0.91,83
P2,-0.01,1.06,67
P2,0.00,1.06,136
P2,0.00,1.07,66
P2,-0.05,1.00,70
P2,-0.04,1.00,161
P2,-0.22,0.53,293
P2,0.02,1.05,119
P2,0.04,1.05,50
P2,-0.12,0.99,143
P2,0.06,0.68,268
P2,-0.19,0.35,161
P2,-0.10,0.93,62
P2,-0.13,0.28,287
P2,-0.11,0.71,318
P2,-0.18,0.84,237
P2,-0.17,0.84,173
P2,0.26,0.63,3
P2,0.01,0.58,509
P2,-0.11,0.65,341
P2,-0.04,0.62,595
P2,-0.18,0.97,267
P2,0.01,1.33,62
P2,-0.15,1.39,3
P2,0.04,1.11,115
P2,-0.15,0.38,221
P2,-0.16,0.38,164
P2,-0.18,1.25,101
P2,-0.19,1.25,142
P2,-0.20,1.25,142
P2,0.09,1.05,208
P2,0.08,1.05,189
P2,0.08,1.04,102
P2,-0.18,1.24,33
P2,-0.17,1.25,96
P2,-0.17,1.24,51
P2,-0.16,1.24,70
P2,-0.18,0.69,191
P2,-0.18,0.70,189
P2,0.14,0.46,253
P2,0.10,0.36,521
P2,0.13,1.32,106
P2,0.14,1.32,12
P2,0.14,1.31,25
P2,0.11,0.87,543
P2,0.09,0.87,446
P2,0.03,0.67,2696
P2,-0.21,0.68,377
P2,0.42,1.21,4
P2,0.41,1.21,10
P2,0.04,1.27,67
P2,0.04,1.26,31
P2,-0.02,0.80,816
P2,-0.01,0.80,456
P2,-0.24,0.37,443
P2,-0.23,0.37,282
P2,-0.23,1.13,79
P2,-0.19,0.32,115
P2,-0.08,1.35,86
P2,-0.08,1.36,39
P2,-0.23,1.26,55
P2,-0.22,1.27,176
P2,-0.21,1.27,57
P2,-0.21,1.26,78
P2,0.12,0.59,2808
P2,0.04,0.78,149
P2,-0.13,1.07,116
P2,-0.13,1.06,84
P2,0.35,0.78,51
P2,-0.08,1.13,58
P2,0.05,0.58,405
P2,-0.24,0.31,55
P2,0.00,1.30,21
P2,0.01,1.30,43
P2,0.01,1.29,82
P2,0.11,0.69,24751
P2,0.14,1.10,192
P2,0.14,1.11,223
P2,-0.15,1.38,154
P2,0.10,0.87,730
P2,0.12,0.58,2736
P2,-0.17,0.60,109
P2,-0.18,0.60,147
P2,0.19,1.01,130
P2,0.20,1.01,91
P2,0.21,1.01,22
P2,0.18,0.94,297
P2,0.19,0.94,217
P2,-0.12,0.84,94
P2,0.19,0.97,182
P2,0.19,0.98,152
P2,0.10,1.06,231
P2,-0.11,0.86,42
P2,-0.21,0.47,117
P2,-0.20,0.47,60
P2,0.13,0.86,1956
P2,-0.18,1.19,173
P2,-0.17,1.19,129
P2,-0.16,1.19,52
P2,0.19,1.30,56
P2,0.19,1.31,99
P2,0.20,1.30,50
P2,0.24,0.92,81
P2,0.25,0.92,124
P2,0.25,0.91,96
P2,-0.09,0.44,505
P2,-0.07,0.82,494
P2,-0.09,0.82,223
P2,0.41,0.77,19
P2,0.40,0.77,2
P2,-0.12,0.79,266
P2,-0.13,0.79,260
P2,-0.14,0.79,211
P2,0.24,0.31,126
P2,0.26,0.91,75
P2,0.26,0.90,115
P2,0.03,0.85,284
P2,-0.10,1.13,142
P2,-0.11,1.03,55
P2,-0.11,1.04,72
P2,0.42,0.98,24
P2,0.41,0.98,3
P2,-0.07,1.39,1
P2,-0.07,1.38,15
P2,0.43,0.65,1
P2,0.42,0.65,28
P2,-0.12,1.26,37
P2,-0.13,1.27,94
P2,-0.13,1.26,105
P2,-0.07,1.06,137
P2,0.36,0.82,85
P2,0.37,0.82,54
P2,-0.19,0.45,49
P2,-0.18,0.45,131
P2,-0.17,0.45,162
P2,-0.18,0.57,50
P2,-0.15,0.68,118
P2,0.16,0.37,6356
P2,0.06,0.65,11935
P2,-0.02,0.67,1732
P2,0.12,0.60,2007
P2,-0.14,0.62,197
P2,0.16,0.36,94067
P2,0.07,0.50,397
P2,0.09,0.64,806
P2,-0.06,0.71,297
P2,0.08,0.64,510
P2,-0.23,1.21,177
P2,-0.22,1.21,150
P2,-0.02,1.24,35
P2,-0.02,1.25,67
P2,-0.20,1.28,70
P2,0.10,0.61,1173
P2,-0.12,0.83,155
P2,-0.13,0.84,135
P2,0.08,0.66,3668
P2,0.08,0.65,486
P2,-0.03,0.67,11904
P2,-0.03,0.66,10090
P2,-0.11,0.94,135
P2,-0.12,0.94,134
P2,0.00,1.27,32
P2,-0.14,1.27,104
P2,0.18,0.36,2158
P2,0.18,0.37,122
P2,0.18,0.38,47
P2,0.18,0.45,5174
P2,-0.15,1.19,81
P2,-0.14,1.19,46
P2,0.18,0.49,2767
P2,0.18,0.50,3753
P2,0.18,0.51,4788
P2,0.15,0.36,3212
P2,0.13,1.12,118
P2,0.13,1.13,206
P2,0.17,0.47,1370
P2,0.19,0.33,3277
P2,0.19,0.32,26128
P2,-0.01,0.60,532
P2,0.00,0.60,442
P2,-0.21,0.43,31
P2,0.15,0.29,1150
P2,0.15,0.28,1163
P2,-0.08,1.39,3
P2,-0.08,1.38,52
P2,0.23,0.88,81
P2,0.23,0.89,130
P2,-0.19,1.19,108
P2,0.38,0.71,39
P2,0.39,0.71,19
P2,0.13,0.35,425
P2,0.07,1.21,31
P2,0.07,1.22,48
P2,0.06,1.22,40
P2,0.06,1.21,27
P2,0.11,0.84,340
P2,0.05,1.32,100
P2,0.05,1.33,96
P2,0.06,1.32,62
P2,0.08,0.87,381
P2,0.07,0.87,286
P2,-0.24,0.92,162
P2,-0.16,0.54,145
P2,-0.17,0.54,121
P2,-0.18,0.54,94
P2,0.15,0.33,3545
P2,0.13,0.48,187
P2,0.24,0.95,245
P2,0.25,0.95,117
P2,0.08,0.68,7683
P2,0.09,0.67,6746
P2,0.15,0.35,505
P2,0.16,0.86,944
P2,0.15,0.86,1013
P2,-0.03,1.14,3
P2,-0.18,1.31,130
P2,-0.17,1.31,191
P2,-0.17,1.32,135
P2,-0.16,1.32,98
P2,0.07,0.65,2526
P2,0.17,1.08,74
P2,0.18,1.08,200
P2,0.18,1.09,90
P2,0.19,1.08,78
P2,-0.19,1.16,80
P2,-0.18,1.16,66
P2,-0.21,1.12,129
P2,-0.20,1.12,128
P2,-0.20,1.13,174
P2,-0.19,1.12,87
P2,0.08,1.18,103
P2,0.07,1.18,126
P2,-0.04,0.80,373
P2,0.02,1.01,144
P2,-0.18,0.56,94
P2,0.10,0.60,1444
P2,0.42,0.70,2
P2,-0.21,0.62,329
P2,-0.18,1.30,121
P2,-0.11,1.30,117
P2,-0.06,0.94,32
P2,0.27,0.93,80
P2,0.26,0.86,125
P2,-0.12,0.70,169
P2,0.17,0.33,54
P2,0.17,0.32,1774
P2,0.17,0.31,82
P2,0.19,0.37,5684
P2,0.19,0.38,1514
P2,0.19,0.39,1868
P2,-0.11,0.82,177
P2,-0.11,0.81,165
P2,0.16,1.08,122
P2,0.15,1.08,137
P2,0.43,1.20,5
P2,0.42,1.19,2
P2,0.38,1.24,4
P2,0.37,1.24,15
P2,-0.04,0.60,512
P2,0.01,1.00,149
P2,-0.02,0.60,671
P2,0.11,0.50,336
P2,0.16,0.46,1510
P2,0.16,0.47,1256
P2,0.11,0.60,1966
P2,0.18,0.71,10
P2,-0.21,1.16,79
P2,0.15,0.30,1341
P2,0.02,1.29,130
P2,0.12,0.89,457
P2,0.15,0.37,182
P2,-0.12,0.74,392
P2,-0.13,0.74,326
P2,0.17,0.37,265
P2,-0.20,1.02,193
P2,-0.19,1.02,209
P2,0.08,1.30,47
P2,0.08,1.31,77
P2,0.09,1.31,22
P2,0.42,1.23,3
P2,0.31,0.81,130
P2,0.23,1.26,8
P2,0.23,1.27,16
P2,0.24,1.27,17
P2,0.24,1.26,10
P2,0.13,0.58,3790
P2,0.06,1.31,26
P2,0.26,1.14,38
P2,0.27,1.15,38
P2,0.28,1.15,5
P2,0.28,1.14,56
P2,0.12,0.61,1724
P2,0.24,0.68,88
P2,0.23,0.67,4
P2,0.23,0.66,6
P2,0.19,0.52,196
P2,0.11,0.56,354
P2,0.15,1.00,167
P2,0.14,1.00,306
P2,0.13,1.00,271
P2,-0.20,1.19,139
P2,-0.12,1.23,99
P2,-0.11,1.23,72
P2,-0.23,1.24,167
P2,0.21,0.93,156
P2,0.22,0.93,193
P2,0.23,0.93,109
P2,-0.22,1.02,236
P2,-0.11,0.69,389
P2,-0.12,0.69,164
P2,0.14,0.85,255
P2,-0.10,0.78,562
P2,0.16,0.35,2014
P2,0.08,1.15,106
P2,0.08,1.16,46
P2,0.07,1.15,45
P2,0.11,1.02,226
P2,0.10,1.02,208
P2,0.10,1.03,149
P2,-0.15,1.05,124
P2,-0.16,1.05,123
P2,0.22,0.24,735
P2,0.20,1.29,40
P2,0.21,1.29,55
P2,0.21,1.30,62
P2,0.22,1.30,30
P2,0.22,1.29,5
P2,0.39,1.33,15
P2,0.40,1.33,44
P2,0.41,1.33,7
P2,0.22,0.96,232
P2,0.04,1.39,4
P2,0.04,1.38,45
P2,0.21,0.67,2
P2,0.11,1.13,150
P2,-0.15,1.25,75
P2,0.06,1.35,6
P2,0.05,1.35,7
P2,0.05,1.36,83
P2,0.04,1.35,13
P2,0.21,0.44,31758
P2,-0.04,1.30,7
P2,-0.04,1.31,94
P2,-0.20,1.14,254
P2,0.00,0.81,492
P2,-0.01,0.81,978
P2,-0.18,0.55,86
P2,0.22,1.06,27
P2,0.23,1.06,39
P2,0.23,1.05,47
P2,0.22,1.22,45
P2,0.23,1.22,89
P2,0.24,1.22,71
P2,-0.16,0.70,214
P2,-0.17,0.70,194
P2,0.11,0.44,412
P2,-0.19,0.48,44
P2,0.14,0.28,242
P2,0.29,1.18,47
P2,0.29,1.19,19
P2,0.30,1.19,38
P2,0.30,1.18,10
P2,0.31,1.18,9
P2,-0.24,1.26,101
P2,-0.05,1.13,54
P2,0.15,0.87,1118
P2,0.42,1.14,7
P2,0.41,1.14,18
P2,0.40,1.14,1
P2,0.14,1.23,20
P2,0.14,1.24,50
P2,0.43,1.26,1
P2,0.42,1.26,11
P2,0.42,1.25,10
P2,0.16,0.28,179
P2,0.14,1.12,74
P2,0.14,1.13,97
P2,0.12,1.13,49
P2,0.12,1.12,166
P2,0.38,0.69,5
P2,0.39,0.69,16
P2,0.21,0.45,5762
P2,0.22,0.45,4138
P2,0.20,0.45,7596
P2,-0.01,0.98,87
P2,-0.01,0.99,178
P2,0.00,0.99,138
P2,0.00,0.98,143
P2,0.20,1.14,36
P2,0.20,1.13,80
P2,-0.18,1.32,186
P2,-0.19,1.32,109
P2,-0.07,0.76,773
P2,-0.07,0.77,662
P2,-0.08,0.77,160
P2,-0.08,0.76,521
P2,0.05,1.14,82
P2,0.05,1.13,144
P2,0.09,0.56,518
P2,0.14,0.91,1256
P2,0.19,1.10,229
P2,0.19,1.11,69
P2,0.20,1.11,87
P2,0.20,1.10,94
P2,0.32,0.81,41
P2,0.12,1.11,100
P2,-0.14,0.27,170
P2,-0.15,0.27,22
P2,-0.20,1.06,101
P2,0.11,1.08,107
P2,0.10,1.08,173
P2,0.02,1.20,105
P2,0.01,1.20,85
P2,0.00,1.20,73
P2,-0.06,1.04,65
P2,0.07,1.39,10
P2,0.20,0.89,248
P2,0.21,0.89,165
P2,0.22,0.89,76
P2,0.19,1.00,194
P2,0.20,1.00,251
P2,0.24,0.33,7701
P2,0.24,0.32,1010
P2,0.13,0.54,157
P2,0.12,0.48,274
P2,-0.08,0.88,179
P2,0.21,0.41,6688
P2,0.21,0.42,1844
P2,0.21,0.43,1168
P2,-0.17,1.08,132
P2,-0.16,1.08,97
P2,-0.15,1.08,100
P2,0.21,0.26,59
P2,0.07,0.64,362
P2,0.32,0.79,61
P2,0.08,0.86,456
P2,0.04,0.92,259
P2,0.23,0.46,666
P2,0.23,0.45,1151
P2,-0.06,1.02,75
P2,-0.06,1.01,4
P2,-0.15,1.00,99
P2,-0.22,1.12,41
P2,-0.21,1.13,166
P2,-0.20,0.99,174
P2,-0.18,0.99,147
P2,0.06,1.01,221
P2,-0.22,0.92,311
P2,-0.15,0.56,137
P2,-0.15,0.54,201
P2,-0.05,0.86,83
P2,0.17,0.36,7022
P2,0.17,0.46,740
P2,0.43,1.38,1
P2,0.42,1.38,26
P2,0.16,0.93,383
P2,-0.19,0.47,117
P2,0.08,0.94,562
P2,-0.03,0.62,454
P2,-0.13,1.24,61
P2,-0.13,1.23,81
P2,-0.07,1.05,67
P2,-0.08,1.05,89
P2,0.23,0.77,5
P2,-0.07,1.02,8
P2,-0.07,1.03,72
P2,0.07,1.12,29
P2,0.42,1.16,12
P2,0.41,1.16,10
P2,-0.07,0.71,228
P2,-0.04,1.23,45
P2,-0.04,1.24,46
P2,0.02,0.91,203
P2,0.02,0.90,151
P2,0.41,1.38,8
P2,0.41,1.39,11
P2,0.40,1.38,10
P2,-0.16,0.55,246
P2,0.23,0.33,12582
P2,0.03,0.83,876
P2,0.20,0.71,1
P2,0.20,0.68,3
P2,0.15,1.03,205
P2,0.15,0.94,398
P2,0.08,0.41,665
P2,0.09,0.41,380
P2,-0.22,0.37,13
P2,-0.11,0.64,302
P2,-0.15,0.29,163
P2,-0.16,0.29,43
P2,-0.14,1.35,15
P2,-0.12,1.35,32
P2,0.07,1.05,132
P2,0.06,1.05,100
P2,0.15,0.96,379
P2,0.15,0.97,263
P2,0.03,1.16,90
P2,0.04,1.16,33
P2,0.04,1.17,108
P2,0.14,1.06,118
P2,-0.16,0.98,133
P2,-0.16,0.99,59
P2,-0.16,0.45,209
P2,-0.16,0.84,142
P2,-0.14,0.65,192
P2,-0.15,0.65,126
P2,-0.12,0.95,80
P2,-0.13,0.95,97
P2,-0.10,0.69,168
P2,-0.18,1.17,106
P2,0.09,1.15,18
P2,0.10,1.15,58
P2,0.10,1.16,90
P2,0.11,1.16,56
P2,0.11,1.15,11
P2,-0.17,1.34,64
P2,-0.15,1.35,45
P2,-0.15,0.34,119
P2,-0.16,0.34,25
P2,0.25,0.98,127
P2,-0.15,0.45,443
P2,-0.19,1.26,99
P2,-0.20,1.11,112
P2,-0.19,1.11,49
P2,-0.19,1.10,145
P2,0.06,1.19,98
P2,0.06,1.20,91
P2,0.05,1.20,197
P2,0.05,1.19,77
P2,0.04,1.19,141
P2,0.13,0.52,199
P2,-0.11,1.15,30
P2,-0.12,1.16,95
P2,-0.15,0.46,215
P2,0.23,1.19,41
P2,0.24,1.19,55
P2,0.25,1.19,39
P2,0.22,0.86,876
P2,0.23,0.86,668
P2,-0.18,0.36,91
P2,0.16,1.20,94
P2,0.16,1.21,132
P2,0.17,1.20,61
P2,-0.21,0.26,98
P2,0.05,1.07,139
P2,0.04,1.07,96
P2,0.17,0.94,370
P2,0.17,0.95,202
P2,0.16,1.13,106
P2,0.23,0.95,107
P2,0.21,1.06,19
P2,0.05,1.29,14
P2,0.04,1.29,78
P2,0.04,1.30,68
P2,0.03,1.30,160
P2,0.03,1.29,173
P2,0.23,0.96,227
P2,-0.12,0.49,360
P2,-0.15,1.09,17
P2,-0.20,1.29,117
P2,-0.19,1.29,158
P2,-0.21,1.02,241
P2,0.12,0.97,367
P2,-0.17,0.41,213
P2,-0.18,1.08,233
P2,-0.19,0.93,263
P2,0.43,0.63,1
P2,0.42,0.63,2
P2,0.43,0.62,1
P2,0.42,0.62,1
P2,0.28,1.21,13
P2,0.29,1.21,37
P2,0.30,1.21,9
P2,-0.08,0.47,700
P2,-0.21,1.21,154
P2,0.17,0.70,3612
P2,0.17,0.69,7
P2,0.17,0.68,12
P2,-0.01,0.87,256
P2,-0.12,0.48,207
P2,0.00,0.87,443
P2,0.19,0.58,32
P2,0.04,1.25,43
P2,0.03,1.25,76
P2,0.02,1.25,110
P2,-0.10,1.11,136
P2,-0.10,1.12,107
P2,0.19,0.45,1503
P2,0.01,1.17,38
P2,0.00,1.17,34
P2,0.13,1.38,44
P2,0.13,1.39,6
P2,-0.01,1.28,7
P2,-0.14,1.08,89
P2,-0.24,0.32,111
P2,-0.09,0.57,267
P2,-0.17,1.16,82
P2,0.19,0.30,212
P2,0.19,0.29,110
P2,-0.11,1.11,48
P2,0.18,1.39,3
P2,0.18,1.38,18
P2,-0.07,1.24,54
P2,-0.17,0.51,111
P2,0.41,0.84,40
P2,0.40,0.83,39
P2,-0.12,0.78,217
P2,-0.13,0.78,256
P2,-0.12,1.32,84
P2,-0.12,1.33,65
P2,-0.13,1.33,73
P2,0.20,0.67,3
P2,-0.16,0.85,120
P2,0.10,1.13,67
P2,0.10,1.14,196
P2,0.09,1.14,61
P2,0.05,0.57,484
P2,0.11,0.54,337
P2,0.12,0.54,203
P2,-0.09,1.30,79
P2,-0.15,0.55,243
P2,-0.17,0.55,142
P2,0.00,0.97,86
P2,-0.17,0.82,154
P2,-0.16,0.82,96
P2,-0.02,1.14,10
P2,-0.02,1.15,35
P2,-0.01,1.15,91
P2,-0.01,1.14,94
P2,-0.19,0.66,157
P2,0.07,0.58,363
P2,-0.24,0.28,12
P2,-0.08,1.34,20
P2,-0.09,1.34,45
P2,-0.09,1.35,57
P2,-0.10,1.34,23
P2,-0.07,0.58,370
P2,0.03,1.10,73
P2,0.02,1.10,52
P2,0.01,1.09,88
P2,0.08,0.67,16899
P2,-0.17,0.98,167
P2,0.20,1.38,29
P2,0.20,1.39,21
P2,0.21,1.39,12
P2,0.21,1.38,41
P2,0.28,1.18,21
P2,0.14,1.09,54
P2,0.12,0.90,1736
P2,-0.20,0.30,211
P2,0.16,1.15,19
P2,0.17,1.16,209
P2,0.17,1.15,101
P2,0.27,0.92,53
P2,-0.01,0.91,140
P2,-0.02,0.91,238
P2,0.12,1.19,59
P2,0.14,0.24,160
P2,-0.14,0.92,82
P2,-0.13,0.92,89
P2,-0.15,0.42,182
P2,-0.06,1.20,6
P2,-0.06,1.21,10
P2,-0.07,1.21,40
P2,-0.07,1.20,63
P2,0.43,0.64,1
P2,0.25,1.02,122
P2,0.25,1.03,177
P2,0.26,1.03,95
P2,0.26,1.02,52
P2,0.27,1.02,54
P2,0.14,0.51,138
P2,0.17,1.33,17
P2,0.17,1.34,24
P2,0.18,1.34,31
P2,0.18,1.33,5
P2,0.42,1.09,18
P2,0.41,1.09,6
P2,0.22,0.97,228
P2,0.42,0.96,29
P2,0.06,0.88,331
P2,-0.10,1.39,9
P2,-0.10,1.38,68
P2,0.12,0.95,327
P2,0.12,0.94,320
P2,0.19,0.54,27
P2,0.13,1.01,243
P2,0.13,1.02,233
P2,0.28,1.01,6
P2,0.28,1.02,18
P2,0.29,1.02,22
P2,0.30,1.02,1
P2,0.30,1.01,31
P2,-0.18,0.32,3
P2,-0.21,0.35,103
P2,-0.20,0.35,210
P2,0.18,1.31,36
P2,0.18,1.32,16
P2,0.19,1.32,28
P2,0.22,0.33,27
P2,0.20,0.39,221
P2,0.20,0.40,9666
P2,0.20,0.41,434
P2,0.19,0.36,46276
P2,0.21,0.38,70
P2,0.21,0.39,252
P2,0.21,0.40,28707
P2,0.20,0.42,118
P2,0.20,0.43,603
P2,0.03,1.11,84
P2,0.04,1.12,133
P2,0.05,1.12,69
P2,0.05,1.11,138
P2,-0.17,0.30,2
P2,0.18,0.48,2392
P2,-0.02,1.03,125
P2,-0.02,1.04,119
P2,0.00,1.04,158
P2,0.00,1.03,90
P2,-0.18,0.41,122
P2,0.38,0.73,15
P2,0.22,0.25,19
P2,0.20,0.36,13528
P2,0.20,0.37,555
P2,0.20,0.38,187
P2,0.14,1.01,283
P2,0.15,1.09,71
P2,0.16,1.09,83
P2,0.18,0.47,2093
P2,0.28,0.83,92
P2,-0.22,1.23,116
P2,0.03,1.19,71
P2,-0.20,1.33,75
P2,-0.18,0.59,105
P2,0.19,0.49,2525
P2,0.19,0.50,2052
P2,0.22,0.44,57
P2,-0.19,0.64,173
P2,0.25,1.26,6
P2,0.26,1.26,68
P2,0.27,1.26,42
P2,-0.09,1.03,52
P2,-0.10,1.03,69
P2,-0.16,0.35,51
P2,0.21,0.33,41
P2,0.22,0.41,10117
P2,0.22,0.42,826
P2,0.22,0.43,94
P2,0.16,0.70,4401
P2,0.16,0.69,135
P2,0.43,0.75,5
P2,0.42,0.75,54
P2,-0.13,1.05,40
P2,-0.14,1.05,117
P2,-0.14,0.48,255
P2,0.06,0.61,876
P2,-0.06,0.77,708
P2,-0.06,0.76,343
P2,0.42,0.76,47
P2,0.41,0.76,26
P2,-0.14,1.36,62
P2,-0.14,1.37,62
P2,-0.15,1.37,67
P2,-0.15,1.36,96
P2,-0.16,1.36,122
P2,-0.22,1.30,29
P2,0.21,1.13,100
P2,0.22,1.13,33
P2,0.23,1.13,28
P2,0.31,1.03,44
P2,0.32,1.03,48
P2,-0.14,1.15,21
P2,0.24,0.38,28
P2,0.24,0.39,6
P2,0.23,0.39,108
P2,0.23,0.40,74
P2,0.23,0.41,1668
P2,0.17,1.28,61
P2,0.17,1.29,68
P2,0.18,1.28,56
P2,-0.02,1.31,50
P2,-0.03,1.31,39
P2,0.09,1.04,98
P2,0.07,0.51,369
P2,-0.16,0.27,5
P2,0.22,0.37,8335
P2,0.22,0.38,2131
P2,0.22,0.39,956
P2,0.42,1.33,1
P2,0.41,1.34,16
P2,0.40,1.34,20
P2,-0.24,1.30,11
P2,-0.18,0.52,100
P2,-0.13,1.08,45
P2,0.22,0.36,17479
P2,0.20,0.33,973
P2,-0.13,1.22,17
P2,-0.12,1.22,56
P2,-0.11,1.22,19
P2,0.29,0.89,42
P2,0.07,1.19,91
P2,0.07,1.20,99
P2,0.02,1.09,60
P2,-0.17,1.36,71
P2,0.08,1.11,281
P2,0.09,1.11,172
P2,0.10,1.10,129
P2,-0.20,0.38,59
P2,-0.20,0.39,31
P2,-0.19,0.39,77
P2,-0.15,1.11,103
P2,-0.18,0.66,137
P2,0.09,1.10,74
P2,0.21,0.36,1401
P2,0.21,0.37,61
P2,0.30,1.03,14
P2,-0.10,0.68,318
P2,0.18,0.46,1758
P2,-0.08,1.12,15
P2,-0.09,1.12,62
P2,-0.09,1.11,116
P2,-0.10,1.18,24
P2,-0.10,1.19,105
P2,0.40,0.84,50
P2,0.39,0.84,38
P2,0.39,0.83,63
P2,-0.21,0.25,38
P2,0.08,1.36,52
P2,0.08,1.37,64
P2,0.07,1.37,32
P2,0.07,1.36,47
P2,-0.10,0.87,105
P2,-0.10,0.88,75
P2,-0.11,0.87,68
P2,0.01,0.90,241
P2,0.26,1.17,29
P2,0.26,1.18,4
P2,0.27,1.18,10
P2,0.27,1.17,97
P2,0.28,1.17,16
P2,0.23,0.36,3012
P2,0.14,0.35,216
P2,-0.18,0.43,98
P2,-0.19,0.43,35
P2,0.43,0.98,1
P2,0.23,0.38,512
P2,-0.16,0.68,172
P2,-0.07,1.16,120
P2,-0.06,1.17,33
P2,-0.06,1.16,105
P2,0.10,1.20,65
P2,0.09,1.20,76
P2,0.25,0.80,10
P2,0.12,0.52,142
P2,-0.18,1.29,136
P2,-0.16,1.21,31
P2,-0.15,1.21,65
P2,-0.14,1.21,60
P2,-0.18,0.90,257
P2,0.05,0.98,183
P2,0.06,0.98,135
P2,0.06,0.99,152
P2,0.19,0.51,605
P2,0.19,0.95,177
P2,-0.14,1.33,77
P2,0.19,0.35,985
P2,0.25,0.79,48
P2,0.14,0.26,36
P2,0.15,0.25,193
P2,0.25,0.93,104
P2,0.25,0.94,77
P2,-0.18,0.75,145
P2,0.28,0.63,1
P2,0.16,0.30,395
P2,0.21,1.03,88
P2,-0.19,0.52,16
P2,0.15,1.04,94
P2,0.15,1.05,158
P2,-0.13,1.00,193
P2,0.16,0.33,2670
P2,0.25,1.10,86
P2,0.10,1.00,167
P2,-0.09,1.09,21
P2,-0.09,1.10,7
P2,-0.10,1.10,62
P2,-0.10,1.09,57
P2,-0.05,0.87,270
P2,-0.19,1.36,146
P2,-0.18,1.36,91
P2,-0.10,1.07,95
P2,0.24,0.36,26
P2,0.23,0.37,18953
P2,0.22,0.40,20939
P2,0.14,1.20,35
P2,0.14,1.21,138
P2,-0.13,0.94,82
P2,-0.14,0.94,105
P2,0.40,1.16,16
P2,0.39,1.16,11
P2,0.31,0.84,116
P2,0.32,0.84,97
P2,0.17,0.35,138
P2,0.17,0.34,114
P2,0.16,1.27,76
P2,0.16,1.28,94
P2,0.15,1.28,59
P2,0.15,1.27,16
P2,-0.18,0.37,40
P2,-0.17,0.37,60
P2,0.41,1.02,7
P2,0.40,1.02,5
P2,0.40,1.01,34
P2,-0.18,0.39,82
P2,0.04,1.18,54
P2,0.40,0.81,43
P2,-0.17,0.46,56
P2,-0.18,0.46,89
P2,-0.19,0.46,63
P2,-0.14,1.06,195
P2,0.24,1.04,115
P2,-0.07,0.75,456
P2,-0.08,0.70,395
P2,-0.12,0.97,50
P2,-0.12,0.98,106
P2,-0.18,1.01,204
P2,-0.18,1.12,43
P2,-0.17,1.12,53
P2,0.27,0.77,8
P2,-0.12,1.02,23
P2,-0.13,1.01,115
P2,-0.14,1.01,77
P2,-0.14,1.26,124
P2,0.02,1.37,46
P2,0.01,1.37,31
P2,0.38,0.76,22
P2,0.39,0.76,2
P2,0.14,1.02,191
P2,-0.09,0.58,131
P2,-0.19,0.99,154
P2,0.10,0.96,297
P2,0.10,0.56,346
P2,-0.10,0.99,156
P2,-0.11,0.99,167
P2,-0.21,0.37,21
P2,-0.20,0.37,96
P2,-0.19,0.37,100
P2,-0.12,0.76,581
P2,0.19,0.90,587
P2,0.43,1.16,1
P2,-0.09,1.04,20
P2,-0.10,1.04,34
P2,0.09,0.95,315
P2,0.25,1.04,31
P2,0.26,1.04,58
P2,-0.10,1.29,22
P2,0.02,1.14,72
P2,-0.12,0.20,28
P2,-0.09,0.97,102
P2,0.23,0.43,7
P2,0.23,0.44,7
P2,0.39,1.00,6
P2,0.39,1.01,12
P2,0.40,1.00,5
P2,0.41,1.00,2
P2,0.38,0.81,42
P2,0.39,0.81,44
P2,0.26,0.92,77
P2,-0.05,1.19,174
P2,-0.04,1.19,127
P2,-0.04,1.18,112
P2,0.02,1.00,169
P2,-0.15,1.33,216
P2,-0.02,1.09,18
P2,-0.02,1.10,67
P2,0.20,0.90,744
P2,-0.19,1.35,80
P2,0.06,0.92,298
P2,0.02,1.32,70
P2,0.02,1.33,61
P2,0.03,1.33,66
P2,0.04,1.33,30
P2,0.19,0.48,2023
P2,0.04,1.06,73
P2,0.20,0.65,125
P2,0.08,1.07,66
P2,0.43,0.76,3
P2,-0.11,0.98,77
P2,-0.19,0.49,54
P2,-0.20,0.49,39
P2,-0.12,0.82,204
P2,0.26,0.95,46
P2,0.27,0.95,48
P2,0.28,0.95,25
P2,-0.11,1.00,81
P2,-0.17,0.31,9
P2,-0.18,0.93,246
P2,0.16,0.29,207
P2,0.24,0.35,32
P2,0.24,0.34,166
P2,-0.17,1.20,38
P2,-0.03,1.19,47
P2,-0.02,1.19,48
P2,-0.01,1.19,94
P2,-0.17,0.75,142
P2,0.26,0.87,102
P2,0.08,1.21,42
P2,0.01,1.05,127
P2,0.43,1.25,1
P2,-0.24,1.06,147
P2,-0.11,0.92,105
P2,-0.11,0.91,96
P2,0.20,0.97,113
P2,0.05,1.06,20
P2,-0.01,1.20,36
P2,0.15,0.68,7
P2,0.28,0.91,80
P2,0.30,0.91,157
P2,0.05,1.02,156
P2,-0.11,1.33,36
P2,-0.09,0.77,101
P2,-0.06,1.15,3
P2,-0.17,0.99,123
P2,-0.21,0.46,128
P2,-0.20,0.29,77
P2,-0.19,0.29,17
P2,-0.03,1.03,150
P2,-0.03,1.04,89
P2,0.07,0.94,353
P2,-0.20,0.43,17
P2,-0.20,0.44,11
P2,-0.19,0.44,61
P2,-0.18,0.44,74
P2,0.31,0.85,76
P2,0.32,0.85,113
P2,0.33,0.85,143
P2,0.24,0.93,49
P2,-0.06,1.24,12
P2,-0.06,1.25,58
P2,0.06,1.26,152
P2,0.06,1.27,52
P2,0.05,1.27,98
P2,0.05,1.26,66
P2,-0.07,1.11,12
P2,-0.07,1.12,40
P2,-0.06,1.12,47
P2,-0.06,1.11,46
P2,-0.09,0.87,160
P2,-0.15,0.79,182
P2,0.43,0.91,2
P2,0.42,0.91,30
P2,0.24,1.16,60
P2,0.25,1.16,19
P2,0.14,0.36,2313
P2,0.23,0.42,259
P2,-0.18,0.53,61
P2,0.40,0.75,1
P2,-0.07,0.78,233
P2,0.19,0.46,245
P2,0.19,0.47,1179
P2,0.21,0.46,365
P2,0.14,0.34,219
P2,0.15,0.34,587
P2,0.07,1.35,2
P2,0.20,0.53,6
P2,0.18,1.12,78
P2,0.24,0.91,152
P2,0.24,0.37,1361
P2,0.24,0.65,1
P2,0.39,0.73,4
P2,0.06,1.15,73
P2,-0.20,0.27,28
P2,0.02,0.84,337
P2,-0.03,0.77,264
P2,-0.11,1.24,110
P2,-0.15,0.95,64
P2,0.43,0.94,12
P2,0.42,0.94,18
P2,-0.11,1.05,61
P2,0.21,1.19,43
P2,0.21,1.20,136
P2,0.22,1.20,43
P2,0.22,1.19,46
P2,0.00,0.80,434
P2,0.24,0.40,2
P2,-0.16,0.51,117
P2,0.23,1.32,28
P2,0.24,1.32,29
P2,0.25,1.32,13
P2,-0.22,0.34,30
P2,0.08,1.32,38
P2,0.08,1.33,44
P2,0.07,1.33,13
P2,0.07,1.32,36
P2,0.20,0.49,101
P2,0.20,0.50,59
P2,0.37,0.79,38
P2,0.20,0.46,1402
P2,0.24,1.28,9
P2,0.25,1.28,22
P2,0.26,1.28,30
P2,0.19,1.17,86
P2,0.20,1.17,102
P2,0.20,1.18,88
P2,0.27,0.42,3
P2,0.27,0.43,5
P2,0.27,0.44,5
P2,0.27,0.45,5
P2,0.27,0.46,6
P2,0.27,0.47,6
P2,0.27,0.48,6
P2,0.27,0.49,8
P2,0.27,0.50,96
P2,0.20,0.54,3
P2,0.41,1.29,16
P2,0.40,1.29,11
P2,0.29,0.77,7
P2,0.29,0.78,58
P2,0.03,1.38,59
P2,-0.02,0.96,187
P2,0.41,0.75,10
P2,0.20,0.28,700
P2,0.20,0.27,454
P2,0.22,1.09,122
P2,0.23,1.09,75
P2,0.24,1.09,43
P2,0.24,1.08,66
P2,0.27,1.14,20
P2,0.29,1.14,14
P2,0.19,1.24,76
P2,0.19,1.25,31
P2,0.20,1.25,47
P2,0.20,1.24,46
P2,0.17,1.18,113
P2,0.16,1.18,93
P2,0.16,1.19,160
P2,0.12,1.07,117
P2,0.13,1.07,341
P2,0.20,0.48,218
P2,0.19,0.55,8
P2,0.19,0.57,12
P2,0.18,0.33,23
P2,-0.06,0.90,201
P2,0.03,1.20,92
P2,-0.21,1.24,72
P2,-0.20,1.24,53
P2,-0.19,1.24,32
P2,0.05,1.15,80
P2,-0.24,1.34,36
P2,0.18,1.01,228
P2,0.09,1.16,45
P2,0.39,1.34,11
P2,-0.10,1.02,82
P2,-0.15,1.06,134
P2,0.14,1.07,33
P2,0.01,0.89,330
P2,0.23,1.07,129
P2,0.13,1.20,105
P2,0.13,1.21,69
P2,-0.06,0.98,85
P2,0.42,1.22,16
P2,0.41,1.22,13
P2,0.01,0.91,257
P2,0.02,1.39,3
P2,0.02,1.38,27
P2,0.17,1.03,134
P2,0.00,0.91,133
P2,-0.10,0.74,206
P2,-0.11,0.74,281
P2,0.25,0.87,134
P2,-0.13,1.30,74
P2,-0.14,1.30,116
P2,0.21,1.11,71
P2,0.21,1.10,44
P2,-0.01,1.25,71
P2,-0.03,1.25,32
P2,-0.12,1.13,84
P2,0.20,0.47,714
P2,0.20,0.51,38
P2,0.19,1.20,67
P2,0.19,1.21,57
P2,0.20,1.21,82
P2,0.21,1.21,53
P2,0.18,1.06,99
P2,0.18,1.07,101
P2,-0.24,1.29,29
P2,-0.09,1.36,21
P2,-0.10,1.35,7
P2,-0.03,1.32,66
P2,-0.02,1.32,41
P2,0.08,1.06,91
P2,0.43,1.10,1
P2,0.42,1.10,3
P2,-0.03,1.18,8
P2,-0.12,0.92,195
P2,-0.17,1.28,99
P2,0.14,1.14,56
P2,0.14,1.15,168
P2,0.15,1.14,53
P2,0.12,0.92,560
P2,-0.07,0.80,408
P2,0.43,0.68,1
P2,0.42,0.68,6
P2,-0.15,1.01,216
P2,-0.17,0.56,81
P2,-0.21,1.25,162
P2,-0.20,1.26,97
P2,0.33,1.24,28
P2,0.34,1.24,17
P2,-0.03,1.00,146
P2,-0.03,1.01,53
P2,-0.02,1.01,105
P2,-0.02,1.00,34
P2,0.11,0.51,192
P2,0.38,0.78,19
P2,0.39,0.78,16
P2,0.16,0.27,156
P2,0.18,1.19,105
P2,0.18,1.20,19
P2,0.14,1.04,50
P2,0.13,1.04,80
P2,-0.08,1.25,40
P2,-0.08,1.24,31
P2,-0.13,0.96,62
P2,0.43,0.66,1
P2,0.42,0.66,15
P2,0.24,0.69,413
P2,0.15,0.71,8
P2,0.15,0.70,6667
P2,0.16,0.68,13
P2,0.09,1.19,92
P2,0.08,1.19,121
P2,0.12,1.36,70
P2,0.12,1.37,100
P2,0.13,1.10,90
P2,0.13,1.11,125
P2,0.12,1.10,148
P2,0.30,0.74,7
P2,0.31,0.74,11
P2,-0.07,1.23,112
P2,0.15,0.93,350
P2,-0.16,0.46,134
P2,0.26,1.32,15
P2,0.27,1.32,34
P2,0.15,0.26,362
P2,-0.11,0.78,399
P2,-0.11,0.90,51
P2,0.02,1.30,117
P2,0.02,1.08,88
P2,0.01,1.08,84
P2,0.21,1.12,108
P2,0.19,0.28,58
P2,0.36,1.01,22
P2,0.35,1.01,39
P2,0.34,1.01,8
P2,0.37,0.95,20
P2,0.36,0.95,40
P2,0.26,1.38,39
P2,0.26,1.39,7
P2,0.27,1.38,6
P2,0.28,0.96,82
P2,0.29,0.96,34
P2,0.04,1.20,140
P2,0.06,1.18,94
P2,0.05,1.18,7
P2,0.01,1.06,63
P2,-0.07,0.85,85
P2,0.34,0.88,23
P2,0.35,0.88,87
P2,0.35,0.89,111
P2,0.36,0.88,108
P2,0.23,0.35,589
P2,0.09,1.08,89
P2,0.08,1.08,70
P2,0.07,1.08,125
P2,0.34,0.85,71
P2,-0.04,1.01,203
P2,0.15,0.64,189
P2,0.15,0.63,344
P2,0.15,0.72,6
P2,0.14,0.77,129
P2,0.14,0.76,7
P2,0.14,0.75,8
P2,0.14,0.74,3127
P2,0.14,0.73,3
P2,0.14,0.72,5
P2,-0.14,1.00,162
P2,0.13,0.70,11803
P2,0.09,0.76,2303
P2,0.09,0.75,357
P2,0.10,0.75,21
P2,0.10,0.74,95
P2,0.08,0.75,1351
P2,0.17,1.06,49
P2,0.15,0.69,224
P2,-0.10,1.23,17
P2,0.09,1.00,193
P2,-0.06,1.00,35
P2,-0.06,0.99,17
P2,0.04,0.97,189
P2,-0.18,0.33,30
P2,0.16,0.64,79
P2,0.16,0.63,134
P2,-0.04,1.04,100
P2,0.33,0.86,185
P2,0.34,0.86,142
P2,0.11,1.09,114
P2,0.10,1.09,41
P2,0.11,0.74,231
P2,0.11,0.73,10374
P2,0.18,1.18,74
P2,0.18,1.17,178
P2,0.01,1.25,78
P2,0.17,1.30,59
P2,0.18,1.30,49
P2,0.19,1.29,17
P2,0.22,1.18,16
P2,0.23,1.18,75
P2,0.24,1.17,54
P2,-0.03,1.23,83
P2,-0.03,1.24,61
P2,-0.22,1.24,112
P2,0.25,1.05,24
P2,0.26,1.05,61
P2,0.19,0.60,27
P2,-0.11,0.88,67
P2,0.25,1.08,53
P2,0.16,0.71,8
P2,-0.08,0.71,285
P2,0.04,1.08,113
P2,-0.08,0.57,267
P2,0.17,0.62,103
P2,0.20,0.62,7
P2,0.20,0.61,10
P2,0.20,0.60,9
P2,0.19,0.59,35
P2,-0.16,1.22,45
P2,-0.17,1.22,66
P2,-0.18,1.22,75
P2,0.22,0.95,99
P2,0.27,0.90,43
P2,0.28,0.90,36
P2,0.10,0.76,634
P2,0.11,0.75,15
P2,0.12,0.72,14
P2,0.12,0.74,5811
P2,0.12,0.73,1364
P2,0.13,0.73,380
P2,0.13,0.72,8
P2,0.13,0.71,16
P2,0.47,1.29,1
P2,0.46,1.29,3
P2,0.46,1.28,6
P2,0.30,0.93,61
P2,0.31,0.93,128
P2,0.32,0.93,85
P2,0.30,0.90,75
P2,0.31,0.91,97
P2,0.32,0.91,24
P2,0.32,0.90,41
P2,0.20,1.12,41
P2,0.22,1.12,63
P2,0.13,1.26,145
P2,0.13,1.25,109
P2,0.14,1.18,22
P2,0.14,1.19,7
P2,0.13,1.19,60
P2,0.13,1.18,122
P2,0.06,1.08,184
P2,0.19,1.04,47
P2,0.05,1.39,1
P2,-0.11,1.17,20
P2,0.00,1.05,149
P2,0.00,1.13,49
P2,0.00,1.14,30
P2,-0.02,1.13,13
P2,-0.04,0.87,164
P2,0.01,1.22,121
P2,0.15,0.98,197
P2,0.01,1.12,73
P2,0.02,1.11,63
P2,0.14,1.03,53
P2,0.06,1.36,3
P2,0.06,1.37,35
P2,0.30,0.86,145
P2,-0.08,1.16,40
P2,0.24,1.05,62
P2,-0.01,1.07,38
P2,-0.02,1.07,52
P2,-0.12,1.24,106
P2,0.32,0.86,132
P2,0.34,0.84,19
P2,0.35,0.84,11
P2,0.19,1.12,23
P2,-0.11,1.25,6
P2,0.36,0.83,48
P2,0.00,1.26,52
P2,-0.01,1.26,40
P2,0.19,0.70,2312
P2,-0.04,1.32,8
P2,-0.04,1.33,67
P2,-0.05,1.33,45
P2,-0.06,1.33,26
P2,-0.06,1.32,23
P2,-0.02,0.97,174
P2,-0.05,1.39,5
P2,-0.05,1.38,26
P2,-0.11,1.16,14
P2,-0.13,1.16,99
P2,-0.02,1.36,63
P2,-0.02,1.35,13
P2,0.32,1.22,50
P2,0.47,0.94,1
P2,0.46,0.94,4
P2,0.46,0.95,23
P2,0.45,0.95,6
P2,0.45,0.94,16
P2,0.36,0.87,60
P2,0.37,0.88,127
P2,0.37,0.87,92
P2,0.32,0.87,37
P2,0.32,0.88,114
P2,0.33,0.88,142
P2,0.33,0.87,79
P2,0.09,1.09,105
P2,0.30,0.92,96
P2,0.31,0.92,99
P2,0.32,0.92,126
P2,-0.07,1.31,42
P2,-0.08,1.31,20
P2,-0.09,1.26,9
P2,-0.10,1.26,17
P2,-0.11,1.26,2
P2,0.25,1.07,71
P2,0.13,1.06,178
P2,-0.08,1.27,22
P2,-0.09,1.27,31
P2,-0.10,1.27,6
P2,0.12,0.96,239
P2,0.28,1.37,4
P2,0.28,1.38,11
P2,0.29,1.38,13
P2,0.29,1.37,18
P2,-0.02,1.11,105
P2,0.22,0.70,477
P2,0.46,1.37,7
P2,0.45,1.37,5
P2,-0.08,0.58,85
P2,-0.05,1.18,36
P2,-0.03,1.02,95
P2,-0.02,1.02,50
P2,0.20,1.06,112
P2,-0.16,1.37,41
P2,0.27,1.04,53
P2,0.27,1.03,6
P2,0.47,0.81,4
P2,0.46,0.81,28
P2,0.16,1.22,100
P2,0.21,1.08,102
P2,0.25,0.72,1
P2,0.25,0.71,2
P2,0.25,0.70,3
P2,-0.17,0.42,163
P2,-0.18,0.42,107
P2,0.15,0.99,188
P2,0.16,0.99,343
P2,0.11,1.04,102
P2,0.10,1.04,152
P2,0.33,0.92,162
P2,0.34,0.92,58
P2,0.17,0.71,12
P2,0.26,0.98,55
P2,0.27,0.98,46
P2,0.34,1.02,4
P2,0.34,1.03,16
P2,0.33,1.03,31
P2,0.32,1.02,5
P2,0.38,0.83,69
P2,0.40,0.82,133
P2,0.09,1.18,52
P2,0.46,0.76,55
P2,0.45,0.76,13
P2,-0.07,0.92,61
P2,0.02,1.21,55
P2,0.01,1.21,51
P2,-0.01,1.10,23
P2,-0.01,1.09,8
P2,0.28,0.66,211
P2,0.28,0.65,24
P2,0.11,1.22,100
P2,0.12,1.22,15
P2,-0.17,0.58,127
P2,0.22,0.69,394
P2,0.06,0.95,266
P2,-0.03,0.96,182
P2,0.23,1.08,147
P2,-0.03,1.39,15
P2,-0.03,1.38,75
P2,0.30,0.89,129
P2,0.21,0.70,1247
P2,-0.09,1.05,64
P2,-0.10,1.05,85
P2,-0.16,1.25,73
P2,0.06,1.33,43
P2,0.31,0.88,170
P2,-0.11,1.34,35
P2,-0.11,1.35,19
P2,0.33,0.89,87
P2,0.46,0.92,39
P2,0.18,0.62,40
P2,0.12,1.35,65
P2,0.11,1.35,97
P2,-0.20,0.51,110
P2,0.47,0.74,5
P2,0.46,0.74,50
P2,0.45,0.74,28
P2,0.15,1.06,192
P2,0.18,0.97,250
P2,0.47,0.77,5
P2,0.46,0.77,55
P2,0.08,1.20,40
P2,0.24,1.21,72
P2,0.25,1.21,64
P2,0.26,1.21,37
P2,-0.03,1.22,51
P2,-0.22,0.36,8
P2,-0.02,1.22,28
P2,-0.02,1.23,12
P2,-0.07,1.22,14
P2,-0.08,1.22,17
P2,0.23,0.26,32
P2,-0.18,1.23,64
P2,-0.04,1.17,35
P2,0.10,1.18,31
P2,0.11,1.18,14
P2,0.30,0.99,132
P2,0.31,0.99,84
P2,0.32,0.99,116
P2,0.32,0.98,30
P2,0.47,0.75,3
P2,0.46,0.75,58
P2,-0.11,1.10,27
P2,-0.12,1.10,129
P2,-0.07,1.04,16
P2,-0.03,0.80,500
P2,-0.11,1.12,46
P2,-0.17,1.29,79
P2,0.22,1.08,26
P2,0.18,1.00,260
P2,0.19,0.99,134
P2,0.19,0.63,10
P2,0.24,0.86,694
P2,0.28,1.04,56
P2,0.29,1.04,66
P2,0.30,1.04,28
P2,-0.08,1.09,154
P2,0.24,1.13,55
P2,0.25,1.13,102
P2,0.26,1.13,65
P2,-0.24,1.10,59
P2,0.45,1.04,11
P2,0.44,1.04,26
P2,0.43,1.04,11
P2,0.43,1.03,2
P2,-0.01,1.08,28
P2,0.47,0.84,1
P2,0.46,0.84,37
P2,0.45,0.84,80
P2,0.03,1.14,34
P2,0.35,0.87,30
P2,0.35,0.86,40
P2,0.36,0.86,79
P2,0.37,0.86,90
P2,0.16,1.35,28
P2,0.17,1.35,32
P2,0.31,0.87,115
P2,0.24,1.02,63
P2,0.38,0.85,85
P2,0.39,0.85,54
P2,0.40,0.85,19
P2,0.01,1.07,30
P2,0.07,1.11,65
P2,-0.16,1.23,83
P2,-0.17,1.23,126
P2,0.03,1.24,28
P2,0.02,1.24,35
P2,0.01,1.03,72
P2,-0.13,1.37,43
P2,-0.15,1.22,5
P2,0.21,1.23,88
P2,0.22,1.23,105
P2,0.23,1.23,53
P2,-0.06,0.81,181
P2,-0.01,1.00,35
P2,0.33,0.84,49
P2,0.03,1.32,49
P2,0.04,1.09,137
P2,0.05,1.09,102
P2,0.05,1.08,139
P2,0.12,1.29,12
P2,0.14,1.29,7
P2,-0.02,0.90,293
P2,0.18,1.16,154
P2,0.18,1.15,140
P2,0.18,1.23,64
P2,0.18,1.24,16
P2,0.19,1.23,26
P2,-0.09,1.13,27
P2,-0.01,1.12,43
P2,-0.01,1.13,86
P2,0.11,1.23,35
P2,0.10,1.23,78
P2,0.09,1.24,52
P2,0.09,1.23,59
P2,0.09,1.32,44
P2,0.09,1.33,50
P2,0.13,1.17,65
P2,0.19,1.18,120
P2,0.20,1.19,68
P2,0.21,1.18,70
P2,0.45,0.78,15
P2,0.44,0.78,17
P2,0.25,1.12,70
P2,0.00,1.18,17
P2,0.00,1.19,59
P2,-0.01,1.18,27
P2,-0.19,0.42,23
P2,-0.20,0.42,2
P2,0.24,1.07,151
P2,0.22,0.26,71
P2,0.29,1.05,1
P2,0.30,1.06,25
P2,0.31,1.06,17
P2,0.31,1.05,21
P2,0.08,1.34,27
P2,0.23,0.74,1
P2,0.22,0.74,355
P2,0.22,0.73,124
P2,0.22,0.72,3
P2,0.22,0.71,4
P2,0.47,1.14,1
P2,0.46,1.14,8
P2,0.24,1.38,29
P2,0.25,1.38,40
P2,0.20,1.08,109
P2,0.02,1.28,47
P2,0.01,1.28,27
P2,0.47,1.35,1
P2,0.46,1.35,1
P2,0.27,1.05,43
P2,0.25,0.68,372
P2,-0.08,1.20,7
P2,-0.08,1.08,76
P2,-0.09,1.39,1
P2,0.19,1.15,68
P2,0.13,0.95,330
P2,0.36,0.85,65
P2,0.37,0.85,84
P2,0.38,0.86,22
P2,0.22,1.27,28
P2,0.22,1.26,21
P2,0.16,0.72,3
P2,0.17,0.73,3
P2,0.17,0.72,4
P2,0.26,1.34,9
P2,0.27,1.34,19
P2,0.28,1.34,7
P2,0.08,1.29,53
P2,0.07,1.29,100
P2,0.38,0.79,6
P2,0.39,0.79,23
P2,0.07,1.26,70
P2,0.08,1.26,43
P2,0.08,1.27,73
P2,0.09,1.27,21
P2,0.09,1.26,49
P2,-0.20,0.48,27
P2,0.10,1.36,14
P2,-0.06,1.30,7
P2,-0.06,1.31,58
P2,0.08,1.24,72
P2,0.08,1.25,52
P2,0.07,1.25,63
P2,0.07,1.24,36
P2,0.19,1.09,97
P2,0.20,1.09,187
P2,-0.11,0.70,397
P2,-0.16,0.65,97
P2,0.17,0.63,59
P2,0.47,0.79,2
P2,0.46,0.79,21
P2,0.32,0.89,69
P2,0.22,1.34,4
P2,0.22,1.35,16
P2,0.23,1.35,27
P2,0.23,1.34,39
P2,0.24,1.34,5
P2,0.10,1.32,19
P2,0.10,1.33,66
P2,0.13,1.28,107
P2,0.12,1.28,9
P2,0.15,1.19,147
P2,0.15,1.20,173
P2,0.24,1.23,31
P2,0.25,1.23,17
P2,0.25,1.22,45
P2,0.07,1.27,47
P2,0.20,0.58,6
P2,0.11,1.31,46
P2,0.11,1.32,38
P2,0.13,0.51,136
P2,0.16,1.05,91
P2,0.26,1.08,32
P2,0.27,1.08,48
P2,0.12,1.32,14
P2,0.12,1.33,10
P2,0.03,1.07,116
P2,0.22,1.21,82
P2,0.23,1.21,72
P2,0.23,1.20,20
P2,-0.21,0.36,76
P2,0.23,0.97,128
P2,0.17,0.99,305
P2,-0.21,1.29,90
P2,-0.02,1.27,51
P2,0.26,1.37,19
P2,0.27,1.37,10
P2,0.27,1.36,2
P2,0.17,1.17,45
P2,-0.20,0.46,14
P2,0.27,0.89,300
P2,0.26,0.89,366
P2,0.47,1.16,1
P2,0.46,1.16,16
P2,-0.11,0.95,142
P2,0.16,0.94,225
P2,0.16,0.95,183
P2,-0.07,0.93,95
P2,0.38,0.77,10
P2,-0.12,1.37,9
P2,0.12,0.77,2
P2,0.13,0.77,4
P2,0.13,0.76,5
P2,0.13,0.75,11
P2,0.13,0.74,3359
P2,0.14,0.71,9
P2,0.11,1.17,122
P2,0.28,0.89,336
P2,0.31,0.86,63
P2,0.47,0.80,14
P2,0.46,0.80,27
P2,0.07,1.31,16
P2,0.12,1.08,113
P2,-0.15,0.25,16
P2,-0.01,1.27,10
P2,-0.02,1.26,42
P2,-0.23,1.29,31
P2,-0.23,1.30,7
P2,-0.22,1.29,40
P2,0.15,1.11,153
P2,0.12,1.01,49
P2,0.24,0.96,164
P2,0.25,0.96,151
P2,0.47,0.78,3
P2,0.46,0.78,43
P2,0.46,1.11,15
P2,0.45,1.11,4
P2,0.07,0.68,134
P2,0.16,0.34,1400
P2,-0.07,1.32,104
P2,0.20,1.15,92
P2,0.23,1.15,53
P2,0.13,1.14,43
P2,0.13,1.03,186
P2,0.47,0.76,3
P2,0.18,0.28,13
P2,0.19,1.28,61
P2,-0.18,0.30,2
P2,0.18,0.75,1
P2,0.18,0.74,622
P2,0.18,0.73,4
P2,0.18,0.72,4
P2,0.14,0.98,215
P2,0.18,0.34,47
P2,0.18,0.35,24
P2,-0.18,1.34,16
P2,-0.19,1.34,100
P2,-0.20,1.16,42
P2,-0.11,1.27,28
P2,-0.11,1.28,37
P2,0.12,0.51,139
P2,0.13,1.31,30
P2,0.14,1.30,20
P2,-0.14,0.95,44
P2,0.22,1.28,51
P2,0.23,1.28,20
P2,0.17,0.27,56
P2,0.39,0.80,11
P2,0.19,1.19,45
P2,0.19,0.34,685
P2,0.20,0.52,21
P2,0.23,1.33,51
P2,-0.08,1.21,13
P2,-0.09,1.21,56
P2,0.25,0.86,236
P2,0.21,0.35,37
P2,0.39,0.87,123
P2,0.40,0.87,121
P2,0.41,0.87,72
P2,0.17,0.28,43
P2,0.18,0.27,16
P2,0.19,1.33,46
P2,-0.24,1.39,4
P2,-0.22,1.22,23
P2,-0.19,1.06,56
P2,0.21,1.09,101
P2,0.12,1.06,259
P2,0.47,1.21,1
P2,0.46,1.21,4
P2,0.04,1.15,55
P2,0.47,1.02,1
P2,0.46,1.02,3
P2,0.46,1.01,21
P2,-0.16,0.33,70
P2,0.45,0.98,16
P2,0.46,0.98,39
P2,0.46,0.99,11
P2,0.47,0.98,5
P2,0.39,0.86,52
P2,0.40,0.86,25
P2,0.07,1.04,50
P2,0.30,0.97,91
P2,0.31,0.97,56
P2,0.31,0.96,136
P2,0.32,0.96,59
P2,-0.04,1.25,1
P2,-0.04,1.26,53
P2,-0.05,1.23,33
P2,-0.05,1.24,48
P2,0.45,1.20,6
P2,0.45,1.21,17
P2,0.44,1.21,27
P2,0.44,1.20,16
P2,0.38,0.84,29
P2,0.46,0.72,32
P2,0.45,0.72,9
P2,0.27,0.66,14
P2,0.18,0.64,16
P2,0.18,0.63,21
P2,-0.22,1.26,59
P2,0.16,1.03,100
P2,0.46,0.73,8
P2,0.45,0.79,2
P2,0.29,1.28,2
P2,0.30,1.28,4
P2,0.16,1.00,178
P2,0.46,0.87,14
P2,-0.12,1.29,96
P2,-0.13,1.29,32
P2,-0.13,1.28,60
P2,0.12,1.04,150
P2,0.12,1.03,217
P2,-0.23,1.37,54
P2,-0.22,1.37,48
P2,0.31,0.90,56
P2,0.17,1.13,77
P2,0.17,1.14,80
P2,0.16,1.14,82
P2,-0.02,1.18,23
P2,0.12,1.02,138
P2,0.28,1.24,12
P2,0.29,1.24,13
P2,-0.01,1.05,65
P2,0.20,0.64,3
P2,0.19,0.62,24
P2,0.19,0.61,22
P2,0.44,0.90,33
P2,0.18,0.65,10
P2,0.18,1.10,149
P2,0.22,1.24,24
P2,0.23,1.24,33
P2,0.24,1.24,34
P2,0.18,1.26,87
P2,0.19,1.26,47
P2,0.20,1.26,7
P2,0.20,0.34,307
P2,0.20,0.35,300
P2,0.20,1.02,149
P2,0.19,1.38,18
P2,0.19,1.39,2
P2,0.15,1.34,128
P2,0.16,1.34,1
P2,-0.05,1.14,81
P2,0.17,1.07,114
P2,0.16,1.10,151
P2,0.21,0.34,47
P2,0.46,0.65,12
P2,0.13,1.33,41
P2,0.14,1.33,34
P2,0.04,1.14,63
P2,0.16,1.23,46
P2,0.24,0.27,1
P2,0.22,0.34,20
P2,0.22,0.35,76
P2,-0.05,1.26,1
P2,0.23,0.34,2032
P2,0.27,0.88,89
P2,0.07,0.99,288
P2,0.35,0.92,43
P2,0.36,0.92,36
P2,0.37,0.92,49
P2,0.37,0.91,25
P2,0.18,0.99,156
P2,0.28,0.97,44
P2,0.29,0.97,52
P2,0.29,0.98,46
P2,0.47,1.00,1
P2,0.46,1.00,30
P2,0.45,1.00,25
P2,0.20,0.55,2
P2,0.21,0.99,92
P2,-0.09,1.37,49
P2,-0.09,1.38,42
P2,0.04,1.13,85
P2,0.33,0.98,17
P2,0.29,1.17,6
P2,0.30,1.17,9
P2,0.18,0.98,139
P2,0.26,1.33,19
P2,0.27,1.33,19
P2,0.24,0.41,125
P2,0.41,1.25,3
P2,-0.17,0.33,11
P2,0.27,0.67,124
P2,0.21,0.50,8
P2,0.35,0.96,59
P2,0.36,0.96,16
P2,0.33,0.93,73
P2,-0.09,0.96,106
P2,0.00,1.35,11
P2,-0.01,1.35,20
P2,-0.02,1.34,27
P2,0.08,1.14,22
P2,0.22,0.46,8
P2,0.21,0.47,25
P2,0.21,0.48,19
P2,0.21,0.49,11
P2,0.06,1.29,2
P2,0.05,1.30,81
P2,0.09,1.03,117
P2,0.15,1.39,7
P2,0.15,1.38,69
P2,0.21,0.51,8
P2,0.35,0.95,47
P2,0.24,0.42,124
P2,0.47,0.68,1
P2,0.46,0.68,18
P2,0.22,0.47,8
P2,0.44,0.84,36
P2,0.06,1.30,20
P2,0.47,0.72,2
P2,0.22,0.51,1
P2,0.21,0.52,2
P2,0.45,0.77,30
P2,0.44,0.77,2
P2,-0.07,1.15,13
P2,0.19,1.36,4
P2,0.20,1.36,35
P2,0.21,1.36,45
P2,0.11,1.33,1
P2,-0.02,0.87,189
P2,0.22,1.10,58
P2,0.22,1.11,107
P2,0.45,1.01,2
P2,0.06,1.09,88
P2,0.15,1.29,76
P2,0.25,1.09,23
P2,0.14,1.17,95
P2,0.14,1.16,64
P2,0.17,1.21,48
P2,0.17,1.22,37
P2,0.18,1.22,141
P2,0.18,1.21,74
P2,0.20,0.26,185
P2,-0.09,1.08,133
P2,0.15,0.95,271
P2,-0.03,1.35,8
P2,-0.07,1.08,68
P2,0.33,0.99,37
P2,0.33,1.00,61
P2,0.20,1.23,44
P2,0.21,1.24,71
P2,0.47,1.22,1
P2,0.46,1.22,2
P2,0.38,0.87,124
P2,0.21,0.24,288
P2,0.15,1.35,10
P2,-0.05,1.31,24
P2,0.17,1.23,40
P2,0.25,1.14,17
P2,0.15,1.15,18
P2,-0.02,1.38,32
P2,-0.04,1.38,22
P2,-0.04,1.37,10
P2,0.34,1.04,16
P2,0.27,1.10,12
P2,0.28,1.10,44
P2,0.47,0.82,1
P2,0.46,0.82,18
P2,0.26,1.20,3
P2,0.27,1.20,18
P2,0.28,1.20,11
P2,0.28,1.36,3
P2,0.29,1.36,3
P2,0.30,1.36,1
P2,0.45,0.75,1
P2,0.21,1.02,66
P2,0.17,0.64,36
P2,0.13,1.09,11
P2,0.11,0.76,108
P2,0.15,0.75,13
P2,0.15,0.74,3607
P2,0.19,1.16,102
P2,0.15,0.76,6
P2,0.16,0.75,5
P2,0.16,0.74,1361
P2,-0.04,0.86,314
P2,0.17,0.74,1117
P2,0.12,0.76,3
P2,0.12,0.75,4
P2,0.50,1.23,7
P2,0.49,1.23,15
P2,0.07,1.38,38
P2,0.15,0.73,119
P2,0.35,0.85,29
P2,0.00,1.25,56
P2,0.01,0.98,92
P2,0.02,1.07,40
P2,-0.06,1.13,35
P2,-0.05,1.25,76
P2,-0.06,1.14,31
P2,0.27,1.13,37
P2,-0.10,1.22,69
P2,0.19,0.64,5
P2,0.00,1.12,87
P2,0.19,0.74,621
P2,0.27,0.71,4
P2,0.28,0.71,121
P2,0.51,0.85,2
P2,-0.11,1.29,9
P2,0.01,1.31,5
P2,0.02,1.31,7
P2,0.32,0.95,64
P2,0.10,1.39,1
P2,0.10,1.38,4
P2,0.24,1.14,74
P2,0.20,0.75,1
P2,0.20,0.74,744
P2,0.11,1.10,42
P2,0.34,0.89,33
P2,-0.09,1.32,18
P2,-0.09,1.33,31
P2,-0.10,1.33,59
P2,0.27,0.97,39
P2,0.28,0.98,43
P2,0.16,1.39,21
P2,0.16,1.38,62
P2,0.36,0.89,51
P2,-0.04,1.39,1
P2,0.24,1.39,4
P2,0.30,0.98,49
P2,0.04,1.24,50
P2,0.05,1.24,43
P2,-0.17,1.10,33
P2,0.28,1.09,6
P2,0.29,1.09,15
P2,0.29,1.10,21
P2,0.44,0.75,28
P2,0.44,0.74,29
P2,-0.19,1.39,3
P2,0.15,1.07,104
P2,0.23,0.73,124
P2,0.24,1.10,38
P2,0.26,1.10,35
P2,0.15,1.30,67
P2,0.16,1.30,34
P2,0.16,1.29,45
P2,-0.07,1.07,114
P2,-0.05,1.32,14
P2,0.07,1.23,10
P2,0.26,1.16,9
P2,0.27,1.16,7
P2,0.17,1.25,7
P2,0.17,1.26,131
P2,0.38,0.88,54
P2,0.31,1.28,24
P2,0.32,1.28,27
P2,0.17,1.32,12
P2,0.30,1.15,17
P2,0.21,0.74,20
P2,0.39,0.90,10
P2,0.40,0.90,34
P2,0.41,0.90,30
P2,0.16,1.07,28
P2,0.16,1.06,55
P2,-0.13,1.09,15
P2,0.05,1.28,38
P2,0.06,1.28,23
P2,0.07,1.28,19
P2,0.19,1.34,1
P2,0.20,1.34,32
P2,0.17,1.38,15
P2,0.03,1.28,84
P2,-0.04,1.05,53
P2,0.13,1.36,2
P2,0.03,1.21,62
P2,0.00,1.31,18
P2,0.09,1.22,61
P2,0.08,1.22,80
P2,0.13,1.23,76
P2,0.13,1.24,40
P2,-0.20,1.27,10
P2,0.21,1.22,43
P2,0.24,1.25,23
P2,0.25,1.24,17
P2,0.26,0.96,89
P2,0.31,0.89,18
P2,0.22,0.23,516
P2,0.22,0.22,11
P2,0.15,0.24,264
P2,0.15,0.23,167
P2,0.08,1.23,67
P2,0.14,0.99,156
P2,0.14,1.34,27
P2,0.14,1.35,32
P2,0.06,1.12,30
P2,0.35,1.22,4
P2,0.36,1.22,24
P2,0.37,1.22,19
P2,0.21,1.25,9
P2,0.29,1.25,26
P2,0.30,1.25,21
P2,0.30,1.24,7
P2,0.16,0.24,105
P2,0.17,0.24,52
P2,0.17,0.23,68
P2,0.51,0.77,3
P2,0.50,0.77,14
P2,0.31,1.04,30
P2,0.32,1.04,23
P2,0.35,0.90,60
P2,0.47,0.87,12
P2,0.48,0.87,15
P2,-0.03,1.12,88
P2,0.37,0.83,12
P2,0.37,0.84,39
P2,-0.22,0.35,3
P2,0.26,1.00,23
P2,0.27,1.00,43
P2,0.27,0.99,61
P2,0.21,0.63,1
P2,0.22,1.36,16
P2,0.15,1.18,1
P2,0.20,0.59,4
P2,0.06,1.24,57
P2,0.28,0.99,41
P2,0.34,0.95,6
P2,0.34,0.96,1
P2,0.00,0.93,122
P2,0.49,1.20,13
P2,0.48,1.20,9
P2,0.09,1.39,3
P2,0.09,1.38,24
P2,0.11,1.29,8
P2,0.23,1.10,49
P2,0.32,1.05,70
P2,0.33,1.05,24
P2,-0.02,1.12,49
P2,-0.01,1.30,47
P2,0.34,0.91,66
P2,0.35,0.91,89
P2,-0.08,1.37,35
P2,0.34,0.93,72
P2,0.32,0.94,15
P2,0.19,1.22,47
P2,0.20,1.22,62
P2,0.11,1.03,227
P2,0.07,1.30,19
P2,0.29,0.90,33
P2,0.23,0.24,92
P2,0.16,0.23,71
P2,-0.20,0.26,17
P2,0.11,1.14,35
P2,0.49,0.85,5
P2,0.51,1.17,2
P2,0.50,1.17,34
P2,0.51,0.79,2
P2,0.50,0.79,27
P2,0.16,0.25,3
P2,0.39,0.88,98
P2,0.40,0.89,30
P2,0.46,0.71,18
P2,0.47,0.71,18
P2,0.17,0.29,14
P2,0.17,0.30,21
P2,0.12,1.09,94
P2,0.17,0.25,5
P2,0.18,0.23,28
P2,0.21,0.23,163
P2,0.15,1.31,43
P2,0.16,1.31,110
P2,0.43,0.85,47
P2,0.44,0.85,95
P2,0.45,0.85,25
P2,0.30,1.00,87
P2,0.31,1.00,51
P2,0.51,0.68,1
P2,0.50,0.68,19
P2,0.49,0.80,10
P2,0.48,0.80,20
P2,0.43,0.81,12
P2,0.43,0.82,38
P2,0.44,0.82,33
P2,0.44,0.81,6
P2,0.19,0.25,1
P2,0.19,0.24,31
P2,0.19,0.23,68
P2,0.05,0.99,83
P2,0.18,0.29,5
P2,0.18,0.30,8
P2,0.20,0.24,277
P2,0.20,0.23,42
P2,0.25,1.17,27
P2,0.51,0.78,1
P2,0.50,0.78,19
P2,0.41,0.86,31
P2,0.42,0.86,61
P2,0.51,0.81,2
P2,0.50,0.81,12
P2,0.30,1.07,19
P2,0.31,1.07,25
P2,0.32,1.07,17
P2,0.32,1.06,24
P2,0.35,0.93,37
P2,0.36,0.93,50
P2,0.18,0.24,6
P2,0.51,0.73,1
P2,0.50,0.73,20
P2,0.49,0.73,13
P2,0.51,1.35,1
P2,0.50,1.35,7
P2,0.51,0.69,4
P2,0.50,0.69,20
P2,0.49,0.68,4
P2,0.50,0.85,7
P2,0.50,0.84,3
P2,0.29,0.94,4
P2,0.29,0.93,13
P2,0.51,0.82,3
P2,0.50,0.82,2
P2,0.37,0.93,8
P2,0.16,0.77,2
P2,0.16,0.76,3
P2,0.13,1.15,6
P2,0.12,1.15,23
P2,0.12,1.16,41
P2,0.36,0.91,33
P2,0.38,0.92,7
P2,0.24,1.33,23
P2,0.25,1.33,14
P2,0.16,1.25,17
P2,0.16,1.26,89
P2,0.18,1.25,32
P2,0.15,1.10,169
P2,0.34,0.90,18
P2,0.36,0.90,34
P2,0.15,0.77,2
P2,0.30,0.94,42
P2,0.26,1.24,55
P2,0.27,1.24,6
P2,0.27,1.23,62
P2,0.51,1.21,1
P2,0.50,1.21,3
P2,0.28,1.13,40
P2,0.29,1.13,25
P2,0.27,0.91,141
P2,0.17,1.10,21
P2,0.17,1.09,41
P2,0.17,1.19,21
P2,0.31,1.19,8
P2,0.47,0.85,5
P2,0.15,1.22,57
P2,0.15,1.23,32
P2,0.31,0.94,24
P2,0.23,0.25,5
P2,0.20,0.25,122
P2,0.37,0.89,19
P2,0.21,0.60,2
P2,0.44,0.79,12
P2,0.34,1.28,18
P2,0.36,1.28,6
P2,0.19,0.27,2
P2,0.27,0.96,37
P2,0.18,1.11,63
P2,0.31,0.98,33
P2,0.32,0.97,34
P2,0.27,1.28,3
P2,0.20,1.20,12
P2,0.21,0.73,3
P2,0.48,1.25,2
P2,0.48,1.26,9
P2,0.47,1.26,3
P2,0.47,1.25,4
P2,0.33,0.90,35
P2,0.15,1.25,50
P2,0.16,1.24,2
P2,0.42,0.84,60
P2,0.42,0.85,28
P2,0.05,1.23,22
P2,0.04,1.23,40
P2,0.49,1.17,3
P2,0.13,1.22,15
P2,0.14,1.22,80
P2,0.39,0.89,25
P2,-0.08,1.04,56
P2,0.17,0.75,3
P2,0.51,0.80,1
P2,0.50,0.80,6
P2,0.26,1.07,20
P2,0.28,1.08,1
P2,0.28,1.07,8
P2,0.17,1.11,91
P2,0.22,0.48,3
P2,0.20,0.63,3
P2,0.26,1.23,37
P2,0.28,1.23,53
P2,0.51,1.02,1
P2,0.50,1.02,27
P2,0.49,1.02,19
P2,0.45,0.82,6
P2,0.26,1.22,12
P2,0.27,1.22,10
P2,0.49,0.79,14
P2,-0.20,0.45,7
P2,0.45,0.97,15
P2,0.46,0.97,10
P2,0.47,0.97,7
P2,0.26,0.97,31
P2,0.22,0.49,2
P2,0.21,1.26,25
P2,0.22,1.25,1
P2,-0.03,1.13,7
P2,0.34,1.15,12
P2,0.35,1.15,19
P2,0.32,1.00,5
P2,0.51,0.91,2
P2,0.50,0.91,29
P2,0.49,0.91,23
P2,0.49,0.90,2
P2,0.28,1.22,27
P2,0.18,1.27,21
P2,0.33,0.94,16
P2,0.34,0.94,49
P2,0.35,0.94,19
P2,0.51,0.83,1
P2,0.50,0.83,9
P2,-0.21,0.38,7
P2,0.33,1.04,10
P2,0.09,1.25,27
P2,0.27,1.09,7
P2,0.46,0.89,11
P2,0.45,0.89,1
P2,0.26,1.01,1
P2,0.27,1.01,4
P2,0.19,1.27,7
P2,-0.05,1.15,17
P2,-0.05,1.28,1
P2,-0.06,1.28,13
P2,0.26,1.27,38
P2,-0.07,1.29,11
P2,-0.07,1.30,53
P2,0.55,0.80,2
P2,0.54,0.80,16
P2,0.45,0.90,29
P2,0.43,0.93,2
P2,0.44,0.94,21
P2,0.45,0.93,4
P2,0.46,0.88,9
P2,0.47,0.88,17
P2,0.48,0.88,2
P2,0.17,1.27,9
P2,0.55,0.82,1
P2,0.54,0.82,19
P2,0.53,0.82,3
P2,-0.02,1.08,52
P2,-0.03,1.08,8
P2,-0.03,1.07,2
P2,0.21,0.59,1
P2,0.25,1.27,9
P2,0.17,1.12,7
P2,0.26,1.19,4
P2,-0.01,1.11,27
P2,0.00,1.11,38
P2,-0.09,1.22,41
P2,-0.12,1.28,15
P2,0.22,1.39,2
P2,0.22,1.38,2
P2,0.33,0.91,55
P2,-0.12,1.30,44
P2,0.35,1.04,3
P2,0.35,1.05,17
P2,0.36,1.04,10
P2,0.52,1.06,7
P2,0.52,1.07,13
P2,0.51,1.07,12
P2,0.51,1.06,8
P2,-0.09,1.23,22
P2,0.08,1.28,44
P2,-0.06,1.38,1
P2,0.14,1.36,114
P2,0.26,1.12,3
P2,-0.07,1.00,27
P2,0.37,0.98,34
P2,0.38,0.98,52
P2,0.39,0.98,21
P2,0.39,0.97,38
P2,0.06,1.23,1
P2,0.34,0.99,52
P2,0.35,0.99,41
P2,0.35,0.98,53
P2,0.04,1.28,64
P2,0.04,1.21,46
P2,0.23,1.31,15
P2,0.24,1.31,47
P2,-0.21,0.39,3
P2,-0.08,1.23,19
P2,0.32,1.24,4
P2,0.42,0.92,26
P2,0.43,0.92,28
P2,0.44,0.91,2
P2,-0.03,1.36,8
P2,-0.03,1.37,2
P2,-0.04,1.36,13
P2,0.14,0.20,44
P2,0.33,0.97,19
P2,0.29,1.08,39
P2,0.30,1.08,55
P2,0.31,1.08,56
P2,0.24,1.36,21
P2,0.25,1.35,1
P2,0.34,1.09,7
P2,0.35,1.09,18
P2,0.36,1.09,5
P2,0.36,0.94,70
P2,0.37,0.94,49
P2,0.40,0.95,6
P2,0.40,0.96,23
P2,0.41,0.96,18
P2,0.41,0.95,20
P2,0.35,1.03,46
P2,0.36,1.03,43
P2,0.27,1.21,6
P2,0.19,0.65,1
P2,0.13,1.16,3
P2,0.15,1.32,24
P2,0.41,0.91,19
P2,0.41,0.92,30
P2,0.40,0.92,40
P2,0.10,1.35,35
P2,0.39,0.92,57
P2,-0.04,1.35,13
P2,-0.05,1.35,7
P2,0.25,1.31,18
P2,0.28,1.32,2
P2,0.38,0.96,9
P2,0.38,0.97,71
P2,0.39,0.96,10
P2,0.31,1.09,49
P2,0.16,0.20,8
P2,0.41,0.85,12
P2,0.15,0.21,4
P2,0.15,0.20,13
P2,0.21,0.20,23
P2,0.34,0.87,18
P2,0.04,1.34,12
P2,0.03,1.34,41
P2,0.02,1.34,7
P2,0.33,1.06,25
P2,0.34,1.06,7
P2,0.17,0.20,5
P2,0.12,1.27,15
P2,0.13,1.27,112
P2,0.42,0.87,7
P2,0.17,0.26,6
P2,0.32,1.08,3
P2,0.35,1.00,5
P2,0.36,1.00,32
P2,0.37,1.00,17
P2,0.55,0.79,1
P2,0.54,0.79,5
P2,0.53,0.79,2
P2,0.06,1.25,41
P2,0.05,1.25,10
P2,0.48,0.91,9
P2,-0.16,1.39,1
P2,0.14,0.21,3
P2,0.31,1.21,6
P2,0.31,1.22,7
P2,0.32,1.21,7
P2,0.44,0.89,3
P2,0.46,0.90,12
P2,0.01,1.34,16
P2,-0.02,1.39,3
P2,0.16,0.26,5
P2,-0.01,1.31,24
P2,-0.02,1.30,28
P2,0.15,1.21,25
P2,0.36,1.38,12
P2,0.36,1.39,8
P2,0.37,1.38,21
P2,0.55,0.78,1
P2,0.54,0.78,10
P2,0.36,1.02,18
P2,0.37,1.02,18
P2,0.43,0.84,2
P2,0.54,1.11,4
P2,0.53,1.11,24
P2,0.52,1.11,19
P2,0.52,1.10,1
P2,0.28,1.03,19
P2,0.29,1.03,20
P2,0.01,1.24,18
P2,0.36,0.99,12
P2,0.36,0.98,31
P2,0.20,0.20,17
P2,0.20,0.21,3
P2,0.17,1.39,2
P2,0.38,0.94,10
P2,0.38,0.95,29
P2,0.29,1.16,25
P2,0.30,1.16,32
P2,0.31,1.16,17
P2,0.37,1.03,5
P2,0.23,1.25,7
P2,0.25,1.25,14
P2,0.29,1.22,24
P2,0.30,1.22,29
P2,0.38,0.89,20
P2,0.22,0.20,3
P2,0.23,1.29,5
P2,0.23,1.30,8
P2,0.24,1.30,21
P2,0.25,1.30,4
P2,0.25,1.29,7
P2,0.29,1.01,25
P2,0.26,1.35,10
P2,0.27,1.35,12
P2,0.50,0.89,2
P2,0.51,0.89,17
P2,0.52,0.89,1
P2,0.12,1.23,17
P2,0.37,0.97,23
P2,0.22,0.21,2
P2,0.14,1.28,1
P2,0.26,1.09,3
P2,0.36,0.97,12
P2,0.55,0.94,1
P2,0.54,0.94,13
P2,0.54,0.93,2
P2,0.35,1.06,10
P2,0.36,1.06,17
P2,0.21,0.21,1
P2,0.40,0.97,1
P2,0.42,0.99,10
P2,0.43,0.99,1
P2,0.43,1.00,27
P2,0.44,1.00,3
P2,0.44,0.99,13
P2,0.18,1.29,21
P2,0.37,1.39,5
P2,0.26,1.25,2
P2,0.27,1.25,4
P2,0.28,1.16,4
P2,0.24,0.44,1
P2,0.47,0.90,16
P2,0.22,0.50,1
P2,0.33,0.96,15
P2,0.09,1.36,11
P2,0.35,0.97,16
P2,0.24,1.20,14
P2,0.25,1.20,19
P2,0.27,0.37,2
P2,0.27,0.38,1
P2,0.27,0.39,2
P2,0.27,0.40,1
P2,0.27,0.41,2
P2,0.27,0.51,4
P2,0.27,0.52,4
P2,0.27,0.53,7
P2,0.27,0.54,13
P2,0.27,0.55,69
P2,0.18,1.35,14
P2,-0.07,1.33,5
P2,-0.06,1.34,19
P2,-0.04,1.27,10
P2,0.31,1.12,1
P2,0.32,1.12,21
P2,0.33,1.12,21
P2,0.45,0.91,5
P2,0.45,0.92,16
P2,0.46,0.91,4
P2,0.47,0.91,2
P2,0.05,1.21,3
P2,0.14,1.26,6
P2,0.15,1.26,34
P3,0.19,0.39,5754
P3,0.18,0.39,7934
P3,0.18,0.40,5449
P3,0.17,0.39,4605
P3,0.00,0.50,309
P3,-0.01,0.51,492
P3,-0.01,0.50,421
P3,0.11,0.63,97
P3,0.12,0.63,123
P3,0.13,0.63,98
P3,-0.24,0.43,50083
P3,-0.23,0.43,15459
P3,-0.23,0.44,10995
P3,-0.22,0.43,9694
P3,0.24,0.46,4220
P3,0.24,0.45,6544
P3,0.23,0.43,15824
P3,0.23,0.44,11300
P3,0.22,0.44,9364
P3,0.22,0.43,10687
P3,-0.02,1.09,196
P3,-0.03,1.09,141
P3,-0.04,1.09,170
P3,-0.09,0.30,4268
P3,-0.09,0.31,2444
P3,-0.16,0.74,118
P3,-0.17,0.74,109
P3,-0.17,0.75,103
P3,-0.18,0.74,85
P3,-0.24,0.44,10448
P3,0.01,0.23,2261
P3,0.00,0.23,2227
P3,-0.01,0.23,2269
P3,-0.01,0.22,2578
P3,0.21,0.41,1955
P3,0.20,0.41,6735
P3,0.20,0.40,3727
P3,0.19,0.41,6541
P3,0.18,0.41,2821
P3,0.18,0.42,1673
P3,0.17,0.42,792
P3,0.17,0.41,1605
P3,-0.22,0.94,182
P3,-0.21,0.94,142
P3,-0.20,0.94,94
P3,0.18,0.32,64
P3,0.17,0.32,534
P3,0.17,0.31,341
P3,0.07,0.45,365
P3,0.07,0.46,324
P3,0.08,0.45,259
P3,0.22,0.72,436
P3,0.21,0.72,479
P3,0.20,0.72,325
P3,-0.06,0.36,456
P3,-0.07,0.36,679
P3,-0.07,0.37,391
P3,-0.08,0.36,358
P3,0.14,0.21,196
P3,0.13,0.21,1203
P3,0.12,0.21,2242
P3,-0.09,0.22,8095
P3,-0.09,0.23,7872
P3,-0.10,0.23,7397
P3,-0.10,0.22,4460
P3,-0.13,0.41,338
P3,-0.12,0.41,457
P3,-0.12,0.40,314
P3,0.20,0.85,148
P3,0.17,0.30,129
P3,0.16,0.30,818
P3,0.15,0.30,2133
P3,-0.14,0.29,3254
P3,-0.13,0.29,5587
P3,-0.12,0.29,3995
P3,0.19,0.48,836
P3,0.19,0.49,664
P3,-0.07,0.25,7040
P3,-0.06,0.25,11224
P3,-0.06,0.26,8429
P3,-0.20,0.87,116
P3,-0.19,0.87,153
P3,-0.18,0.87,153
P3,-0.18,0.86,127
P3,0.18,0.38,6919
P3,0.19,0.38,3385
P3,-0.15,0.25,356
P3,-0.14,0.25,1181
P3,-0.13,0.25,1363
P3,0.12,0.72,73
P3,0.12,0.73,70
P3,0.13,0.73,37
P3,0.13,0.72,38
P3,0.23,0.59,815
P3,0.23,0.60,931
P3,0.22,0.60,656
P3,0.21,0.60,429
P3,0.21,0.59,296
P3,0.21,0.53,945
P3,0.22,0.53,938
P3,0.22,0.52,1229
P3,0.23,0.45,5413
P3,0.22,0.45,3829
P3,0.00,0.46,519
P3,0.00,0.47,305
P3,-0.01,0.47,389
P3,-0.02,0.47,476
P3,-0.02,0.46,533
P3,-0.15,0.24,139
P3,-0.14,0.24,759
P3,-0.13,0.24,1230
P3,-0.17,0.31,435
P3,-0.17,0.30,199
P3,0.15,0.87,163
P3,0.16,0.87,104
P3,0.17,0.87,132
P3,0.17,0.34,3355
P3,0.16,0.34,5662
P3,0.07,0.23,2903
P3,0.07,0.24,2535
P3,-0.15,0.32,4533
P3,-0.15,0.33,4832
P3,-0.14,0.32,4684
P3,-0.13,0.32,4686
P3,-0.12,0.32,5999
P3,0.03,1.18,15
P3,0.03,1.19,91
P3,0.02,1.19,78
P3,0.02,1.18,72
P3,-0.14,0.26,1169
P3,-0.13,0.26,1039
P3,-0.13,0.27,2920
P3,-0.12,0.26,4920
P3,-0.12,1.32,28
P3,-0.13,1.32,43
P3,-0.13,1.33,36
P3,-0.14,1.33,30
P3,-0.14,1.32,30
P3,-0.24,0.45,7024
P3,-0.24,0.46,4666
P3,-0.23,0.46,5027
P3,-0.23,0.45,5663
P3,-0.22,0.44,9004
P3,-0.21,0.43,8327
P3,0.06,0.43,273
P3,0.06,0.44,299
P3,0.07,0.44,320
P3,0.08,0.44,280
P3,0.08,0.43,209
P3,0.21,0.69,497
P3,0.20,0.69,288
P3,-0.19,0.75,207
P3,-0.18,0.75,79
P3,0.17,0.45,420
P3,0.17,0.46,544
P3,0.15,0.29,1302
P3,0.24,0.56,842
P3,0.24,0.57,782
P3,0.23,0.57,982
P3,0.22,0.57,726
P3,0.22,0.56,894
P3,-0.01,1.14,150
P3,-0.01,1.15,206
P3,-0.14,0.21,152
P3,-0.22,0.57,415
P3,-0.22,0.58,627
P3,-0.21,0.58,372
P3,-0.20,0.58,515
P3,-0.20,0.57,494
P3,0.03,0.23,9386
P3,0.04,0.23,13769
P3,0.05,0.23,9533
P3,0.05,0.22,4338
P3,0.04,0.22,13258
P3,0.03,0.22,14135
P3,0.17,0.75,112
P3,0.17,0.76,94
P3,0.18,0.76,105
P3,0.19,0.76,293
P3,0.19,0.75,194
P3,0.21,0.46,2223
P3,0.21,0.47,1600
P3,0.22,0.47,2749
P3,0.22,0.46,2513
P3,0.21,0.43,8091
P3,-0.20,0.79,220
P3,-0.19,0.80,194
P3,-0.18,0.80,61
P3,-0.18,0.79,118
P3,0.06,0.24,8324
P3,0.05,0.24,12453
P3,0.04,0.24,7284
P3,-0.14,0.22,805
P3,0.19,0.82,127
P3,0.20,0.82,194
P3,0.20,0.83,69
P3,0.21,0.82,251
P3,0.13,0.24,1001
P3,0.14,0.24,482
P3,0.15,0.23,56
P3,0.14,0.23,634
P3,0.14,0.22,746
P3,0.21,0.44,5326
P3,0.19,0.52,433
P3,0.19,0.53,620
P3,0.16,0.32,2448
P3,0.15,0.32,5324
P3,-0.04,0.85,121
P3,-0.04,0.86,45
P3,-0.05,0.86,102
P3,-0.05,0.85,87
P3,-0.06,0.85,81
P3,-0.22,0.62,678
P3,-0.21,0.62,551
P3,-0.18,0.36,2385
P3,-0.18,0.37,4750
P3,-0.09,0.64,252
P3,-0.10,0.64,114
P3,-0.10,0.65,161
P3,-0.11,0.64,172
P3,-0.01,0.64,492
P3,-0.01,0.65,327
P3,0.06,0.40,278
P3,0.06,0.41,319
P3,0.07,0.41,279
P3,0.07,0.40,470
P3,0.08,0.40,390
P3,0.13,0.27,3200
P3,0.12,0.27,5582
P3,0.12,0.26,4662
P3,0.14,0.38,949
P3,0.13,0.38,575
P3,0.12,0.38,390
P3,-0.21,0.41,2847
P3,-0.20,0.41,5842
P3,0.10,0.33,1213
P3,0.10,0.34,249
P3,-0.13,0.37,532
P3,-0.14,0.37,766
P3,-0.15,0.37,2269
P3,0.16,0.36,6604
P3,0.16,0.37,5468
P3,0.15,0.37,2633
P3,0.14,0.37,1135
P3,0.14,0.36,2338
P3,-0.24,0.49,1875
P3,-0.24,0.50,2143
P3,-0.23,0.49,2294
P3,0.13,0.22,1422
P3,0.13,0.23,959
P3,0.12,0.23,1022
P3,0.12,0.22,1186
P3,0.24,0.43,47781
P3,0.24,0.44,10503
P3,0.17,0.28,6
P3,0.16,0.28,197
P3,0.16,0.29,564
P3,0.15,0.28,689
P3,0.11,0.32,5473
P3,0.12,0.32,6793
P3,0.03,0.24,4815
P3,0.02,0.24,2365
P3,0.01,0.24,2192
P3,0.09,0.29,7961
P3,0.10,0.29,6841
P3,0.10,0.30,7749
P3,0.11,0.30,6273
P3,0.11,0.29,2636
P3,-0.24,0.76,186
P3,-0.23,0.76,274
P3,-0.23,0.77,210
P3,-0.22,0.76,317
P3,0.04,0.62,221
P3,0.04,0.63,189
P3,0.03,0.63,137
P3,0.03,0.62,185
P3,0.20,0.48,736
P3,0.20,0.49,922
P3,0.18,0.48,618
P3,-0.20,0.45,1906
P3,-0.20,0.46,1680
P3,-0.21,0.46,1842
P3,-0.21,0.45,2496
P3,-0.03,0.70,249
P3,-0.03,0.71,64
P3,-0.15,0.46,316
P3,-0.15,0.47,306
P3,-0.14,0.47,239
P3,-0.14,0.46,183
P3,-0.23,0.61,786
P3,-0.23,0.62,831
P3,-0.22,0.61,535
P3,0.01,0.74,237
P3,0.01,0.75,181
P3,0.07,0.32,706
P3,0.08,0.32,527
P3,0.08,0.33,402
P3,0.09,0.33,524
P3,0.09,0.32,858
P3,-0.02,0.27,1302
P3,-0.03,0.27,959
P3,-0.21,0.61,482
P3,0.23,0.77,271
P3,0.22,0.77,335
P3,0.21,0.77,257
P3,0.05,1.39,3
P3,0.05,1.38,33
P3,0.16,0.33,4937
P3,0.15,0.33,5166
P3,0.14,0.33,5177
P3,0.14,0.32,4711
P3,0.13,0.26,1309
P3,-0.20,0.37,263
P3,-0.19,0.37,1070
P3,-0.21,0.44,5433
P3,-0.20,0.44,2724
P3,-0.20,0.43,4326
P3,0.22,0.74,222
P3,0.21,0.74,307
P3,0.20,0.74,194
P3,0.20,0.73,387
P3,0.02,0.53,361
P3,0.03,0.53,329
P3,0.03,0.54,538
P3,0.04,0.53,294
P3,-0.16,0.83,96
P3,-0.16,0.84,138
P3,-0.17,0.84,122
P3,-0.18,0.83,171
P3,-0.24,0.51,1478
P3,-0.14,0.58,48
P3,-0.15,0.58,225
P3,-0.15,0.59,114
P3,-0.16,0.58,264
P3,-0.11,0.23,1687
P3,0.12,0.78,60
P3,0.13,0.78,94
P3,0.14,0.78,96
P3,-0.21,0.47,1394
P3,-0.21,0.48,1570
P3,-0.22,0.48,2251
P3,-0.22,0.47,2563
P3,-0.03,0.58,257
P3,-0.03,0.57,332
P3,0.03,1.32,53
P3,0.04,1.32,94
P3,0.04,1.33,180
P3,0.05,1.32,173
P3,-0.24,0.53,1548
P3,-0.24,0.52,1749
P3,0.22,1.26,31
P3,0.21,1.26,63
P3,0.20,1.26,97
P3,-0.23,0.50,2205
P3,-0.10,0.89,82
P3,-0.11,0.89,104
P3,-0.12,0.89,123
P3,0.17,0.33,1104
P3,0.16,0.31,1337
P3,0.11,0.54,139
P3,0.11,0.55,240
P3,0.12,0.55,255
P3,0.12,0.54,144
P3,-0.09,0.48,143
P3,-0.09,0.49,183
P3,0.21,0.94,153
P3,0.21,0.95,189
P3,0.20,0.95,184
P3,0.19,0.95,242
P3,0.19,0.94,165
P3,-0.17,0.35,4358
P3,-0.17,0.36,4621
P3,-0.16,0.36,5995
P3,-0.15,0.36,4694
P3,-0.15,0.35,5775
P3,0.22,0.49,2475
P3,0.23,0.49,2539
P3,-0.21,0.49,1754
P3,-0.21,0.50,1574
P3,-0.20,0.50,887
P3,-0.20,0.49,913
P3,-0.21,0.56,543
P3,-0.21,0.57,416
P3,-0.19,0.57,399
P3,-0.19,0.56,415
P3,-0.15,0.38,1116
P3,-0.14,0.38,679
P3,-0.24,0.62,805
P3,-0.24,0.63,403
P3,-0.24,0.60,748
P3,-0.06,0.35,674
P3,-0.07,0.35,484
P3,-0.08,0.35,351
P3,0.00,0.33,678
P3,-0.01,0.33,871
P3,-0.02,0.33,704
P3,-0.15,0.26,419
P3,-0.15,0.30,2430
P3,-0.15,0.31,3689
P3,-0.14,0.31,5775
P3,-0.14,0.30,5388
P3,0.17,0.40,2073
P3,0.16,0.40,1201
P3,0.16,0.39,1540
P3,0.15,0.39,1161
P3,0.21,0.93,38
P3,0.20,0.94,179
P3,0.20,0.93,74
P3,0.19,0.93,133
P3,-0.24,0.54,1293
P3,-0.24,0.55,1082
P3,-0.23,0.54,1269
P3,0.22,0.88,206
P3,0.21,0.88,175
P3,0.00,0.65,203
P3,0.01,0.65,281
P3,0.01,0.64,81
P3,0.16,0.41,952
P3,0.11,0.49,209
P3,0.11,0.50,205
P3,0.12,0.50,245
P3,0.12,0.49,150
P3,0.04,0.39,615
P3,0.03,0.39,924
P3,0.03,0.40,486
P3,0.02,0.40,374
P3,0.02,0.39,635
P3,0.11,0.23,2013
P3,0.04,0.40,488
P3,0.04,0.41,638
P3,0.05,0.41,561
P3,0.05,0.40,323
P3,-0.02,1.10,120
P3,-0.03,1.10,124
P3,-0.04,1.10,56
P3,-0.19,0.34,117
P3,-0.18,0.34,446
P3,-0.02,0.22,5918
P3,-0.02,0.23,3755
P3,0.00,0.24,2064
P3,-0.01,0.24,1958
P3,-0.05,0.43,495
P3,-0.06,0.43,399
P3,-0.07,0.43,379
P3,0.00,0.21,3197
P3,0.01,0.21,3980
P3,0.02,0.21,12563
P3,0.02,0.36,550
P3,0.03,0.36,615
P3,0.04,0.36,724
P3,0.15,0.43,397
P3,0.14,0.43,233
P3,0.13,0.43,249
P3,-0.01,0.76,214
P3,-0.01,0.77,161
P3,0.00,0.77,361
P3,0.00,0.76,88
P3,-0.05,0.53,312
P3,-0.06,0.53,311
P3,-0.06,0.54,189
P3,-0.07,0.53,79
P3,0.20,0.44,2779
P3,0.20,0.45,2034
P3,0.19,0.45,1237
P3,0.19,0.44,1618
P3,0.09,0.31,2707
P3,0.10,0.31,6169
P3,0.11,0.31,6600
P3,-0.04,0.75,291
P3,-0.04,0.76,322
P3,0.24,0.55,1291
P3,0.24,0.54,1413
P3,-0.08,0.49,157
P3,-0.10,0.49,121
P3,0.18,0.35,1141
P3,0.18,0.36,3504
P3,0.17,0.36,6203
P3,0.17,0.35,5252
P3,-0.03,0.20,3627
P3,-0.02,0.20,4753
P3,-0.08,0.39,429
P3,-0.08,0.40,409
P3,0.09,0.86,118
P3,0.09,0.87,104
P3,-0.24,0.71,344
P3,-0.21,0.40,185
P3,-0.19,0.41,6042
P3,-0.19,0.40,6465
P3,0.02,0.25,1763
P3,0.03,0.25,2339
P3,0.04,0.25,4095
P3,0.22,0.50,2194
P3,-0.04,0.31,819
P3,-0.04,0.32,906
P3,-0.03,0.32,745
P3,-0.03,0.31,657
P3,-0.08,0.28,7142
P3,-0.08,0.29,3956
P3,-0.09,0.29,6394
P3,-0.10,0.29,7189
P3,-0.10,0.28,2957
P3,-0.22,0.65,484
P3,-0.21,0.65,458
P3,-0.21,0.64,300
P3,-0.01,0.80,113
P3,-0.02,0.80,82
P3,-0.02,0.81,150
P3,-0.03,0.81,273
P3,-0.03,0.80,232
P3,-0.15,0.42,378
P3,-0.16,0.42,347
P3,0.20,0.42,6574
P3,0.19,0.42,3613
P3,-0.24,0.66,630
P3,-0.23,0.66,645
P3,0.04,0.35,610
P3,0.03,0.35,554
P3,0.14,0.97,48
P3,0.13,0.97,26
P3,0.13,0.98,118
P3,0.12,0.97,24
P3,-0.19,0.44,1625
P3,-0.19,0.45,1173
P3,-0.18,0.45,927
P3,-0.18,0.44,1036
P3,-0.14,0.77,75
P3,-0.15,0.77,66
P3,-0.16,0.77,45
P3,-0.16,0.76,83
P3,0.06,0.97,56
P3,0.06,0.98,81
P3,-0.02,0.24,2912
P3,-0.02,0.25,2108
P3,-0.03,0.24,4674
P3,0.23,0.53,1315
P3,0.23,0.52,1340
P3,-0.20,1.16,45
P3,-0.19,1.16,82
P3,-0.18,1.16,65
P3,0.10,0.42,166
P3,0.11,0.42,289
P3,0.12,0.42,314
P3,0.12,0.41,360
P3,0.04,1.18,19
P3,0.04,1.19,66
P3,0.05,1.19,99
P3,0.05,1.18,54
P3,0.11,0.37,486
P3,0.12,0.37,367
P3,0.13,0.37,645
P3,0.01,0.36,638
P3,0.03,0.20,3886
P3,0.03,0.21,13736
P3,0.04,0.21,5428
P3,0.04,0.20,1466
P3,0.05,1.07,91
P3,0.05,1.08,66
P3,0.04,1.08,79
P3,0.04,1.07,184
P3,0.15,0.34,5215
P3,0.14,0.34,6307
P3,0.19,0.50,539
P3,0.18,0.50,373
P3,0.17,0.50,413
P3,0.20,0.50,1126
P3,-0.02,0.41,741
P3,-0.03,0.41,557
P3,-0.04,0.41,427
P3,0.06,0.32,785
P3,0.06,0.33,854
P3,0.07,0.33,539
P3,-0.15,1.24,41
P3,-0.14,1.24,107
P3,-0.18,0.67,196
P3,-0.17,0.67,32
P3,0.19,0.43,2101
P3,0.08,0.90,235
P3,0.09,0.90,153
P3,0.10,0.90,60
P3,0.19,0.73,215
P3,0.18,0.73,137
P3,0.08,0.29,3577
P3,-0.24,0.69,434
P3,-0.24,0.70,434
P3,-0.23,0.70,436
P3,-0.23,0.69,707
P3,-0.16,0.27,147
P3,-0.16,0.26,44
P3,0.08,0.61,200
P3,0.08,0.62,308
P3,0.24,0.72,236
P3,-0.08,0.45,371
P3,-0.09,0.45,304
P3,-0.10,0.45,166
P3,-0.21,0.51,1287
P3,-0.21,0.52,1216
P3,-0.20,0.52,979
P3,-0.19,0.52,557
P3,-0.19,0.51,319
P3,0.00,0.41,499
P3,0.00,0.42,570
P3,-0.01,0.42,441
P3,-0.01,0.41,580
P3,-0.10,1.19,73
P3,-0.10,1.20,39
P3,-0.11,1.19,147
P3,-0.12,0.52,243
P3,-0.11,0.52,119
P3,-0.10,0.52,164
P3,-0.13,0.28,4247
P3,-0.12,0.28,6003
P3,-0.12,0.34,1450
P3,-0.13,0.34,5782
P3,-0.14,0.34,6030
P3,0.15,0.31,4235
P3,-0.01,0.26,1709
P3,-0.02,0.26,1601
P3,-0.03,0.30,737
P3,-0.04,0.30,1030
P3,-0.05,0.26,3520
P3,-0.04,0.26,1830
P3,-0.03,0.26,1406
P3,0.06,0.36,520
P3,0.06,0.37,521
P3,0.07,0.37,642
P3,0.08,0.37,322
P3,0.08,0.36,381
P3,0.08,0.41,250
P3,0.08,0.42,206
P3,0.09,0.42,378
P3,0.10,0.41,237
P3,-0.21,1.14,81
P3,-0.20,1.14,73
P3,-0.19,1.14,55
P3,0.20,0.43,4626
P3,0.21,0.42,4761
P3,0.17,0.44,506
P3,0.16,0.45,385
P3,0.15,0.45,324
P3,0.15,0.44,294
P3,0.24,0.59,802
P3,0.23,0.58,851
P3,-0.16,1.32,88
P3,-0.16,1.33,93
P3,-0.17,1.33,116
P3,-0.17,1.32,59
P3,-0.18,1.32,79
P3,0.16,0.26,30
P3,0.15,0.26,444
P3,0.15,0.25,235
P3,-0.18,0.35,913
P3,-0.07,0.23,2495
P3,-0.07,0.24,2356
P3,-0.08,0.23,3527
P3,0.18,0.49,478
P3,0.17,0.48,372
P3,0.20,0.63,309
P3,0.21,0.63,427
P3,0.22,0.63,426
P3,0.24,0.91,199
P3,0.23,0.91,198
P3,0.22,0.91,102
P3,-0.24,0.56,824
P3,-0.23,0.56,932
P3,-0.23,0.55,1036
P3,-0.19,1.26,33
P3,-0.18,1.26,100
P3,-0.17,1.26,44
P3,0.02,0.35,648
P3,0.01,0.35,415
P3,0.17,0.49,282
P3,-0.18,0.50,268
P3,-0.18,0.51,388
P3,0.06,0.45,321
P3,-0.18,0.33,277
P3,-0.17,0.33,1165
P3,-0.16,0.33,3424
P3,-0.14,0.36,1877
P3,0.05,0.21,2087
P3,0.06,0.22,2751
P3,0.06,0.21,3479
P3,0.24,0.78,117
P3,0.24,0.77,222
P3,0.24,0.60,659
P3,-0.20,0.39,1356
P3,-0.20,0.40,4324
P3,-0.19,0.39,5460
P3,-0.18,0.52,451
P3,-0.21,0.92,219
P3,-0.22,0.92,143
P3,0.11,0.39,452
P3,0.12,0.39,498
P3,0.13,0.39,316
P3,-0.24,0.47,3079
P3,-0.16,0.28,352
P3,-0.15,0.28,978
P3,-0.15,0.27,758
P3,-0.22,0.53,1092
P3,-0.22,0.54,962
P3,-0.21,0.54,720
P3,-0.21,0.53,1048
P3,-0.20,0.53,785
P3,-0.02,0.31,390
P3,-0.02,0.32,923
P3,-0.01,0.32,1540
P3,-0.01,0.31,915
P3,0.00,0.31,4550
P3,0.04,0.51,196
P3,0.05,0.51,222
P3,0.05,0.52,269
P3,0.06,0.52,212
P3,0.06,0.51,221
P3,-0.16,0.30,948
P3,0.17,0.93,82
P3,0.16,0.93,90
P3,0.15,0.93,118
P3,0.02,0.50,194
P3,0.03,0.50,255
P3,-0.09,0.76,274
P3,-0.10,0.76,71
P3,0.15,0.69,124
P3,0.15,0.70,126
P3,-0.05,0.45,497
P3,-0.05,0.46,443
P3,-0.04,0.45,365
P3,0.17,0.29,39
P3,0.23,0.50,2051
P3,0.23,0.51,1328
P3,0.24,0.51,1104
P3,0.24,0.50,1512
P3,0.07,0.34,527
P3,0.08,0.34,555
P3,0.08,0.35,422
P3,0.09,0.34,425
P3,0.24,0.52,1575
P3,0.23,1.39,9
P3,0.22,1.38,40
P3,-0.17,0.80,57
P3,-0.16,0.80,81
P3,-0.22,0.52,1242
P3,-0.22,0.51,1604
P3,0.03,0.41,438
P3,0.02,0.41,337
P3,-0.03,1.06,52
P3,-0.03,1.07,176
P3,-0.04,1.07,212
P3,-0.04,1.06,123
P3,-0.05,1.06,104
P3,0.21,0.45,2609
P3,-0.20,1.39,17
P3,-0.20,1.38,109
P3,0.02,0.59,328
P3,0.03,0.59,246
P3,0.03,0.60,242
P3,0.23,0.87,249
P3,0.22,0.87,135
P3,0.21,0.87,99
P3,-0.24,0.90,147
P3,-0.23,0.90,239
P3,-0.22,0.90,258
P3,0.16,0.44,530
P3,-0.03,0.51,361
P3,-0.02,0.51,388
P3,-0.02,0.52,303
P3,-0.21,0.42,5562
P3,-0.22,0.42,656
P3,0.07,0.20,6240
P3,0.06,0.20,7036
P3,0.17,0.38,6189
P3,0.14,0.25,755
P3,-0.01,0.54,276
P3,-0.01,0.55,418
P3,-0.02,0.55,332
P3,-0.03,0.55,323
P3,-0.03,0.54,285
P3,-0.09,1.10,131
P3,-0.09,1.11,268
P3,0.14,0.39,551
P3,0.14,0.40,641
P3,0.18,0.46,410
P3,0.18,0.45,728
P3,0.11,0.21,1648
P3,-0.05,0.29,1025
P3,-0.04,0.29,1536
P3,-0.04,0.28,1119
P3,-0.06,0.44,375
P3,-0.07,0.44,235
P3,-0.08,0.43,450
P3,0.03,0.45,346
P3,0.04,0.45,353
P3,0.04,0.44,383
P3,-0.24,0.57,828
P3,-0.08,1.28,21
P3,-0.09,1.28,57
P3,-0.09,1.27,113
P3,-0.07,0.30,969
P3,-0.07,0.31,884
P3,-0.08,0.31,975
P3,-0.08,0.30,1755
P3,0.11,0.27,5366
P3,0.11,0.28,3121
P3,0.10,0.28,3642
P3,0.09,0.28,7659
P3,0.09,0.27,4443
P3,-0.05,1.07,304
P3,-0.17,0.50,291
P3,-0.17,0.51,297
P3,-0.16,0.51,198
P3,-0.16,0.50,213
P3,0.01,0.79,59
P3,0.01,0.80,129
P3,0.02,0.80,169
P3,0.03,0.80,168
P3,0.03,0.79,118
P3,-0.16,0.31,1230
P3,-0.16,0.32,2574
P3,-0.15,0.54,162
P3,-0.16,0.54,118
P3,-0.17,0.54,208
P3,0.24,0.49,1946
P3,-0.17,0.29,109
P3,-0.16,0.29,751
P3,0.15,0.46,308
P3,-0.22,0.74,373
P3,-0.22,0.75,316
P3,-0.23,0.75,258
P3,-0.23,0.74,243
P3,0.00,0.64,203
P3,-0.07,0.20,6121
P3,-0.07,0.21,5827
P3,-0.18,0.38,6043
P3,0.06,1.15,33
P3,0.06,1.16,55
P3,0.07,1.15,26
P3,-0.22,0.56,805
P3,0.17,0.58,248
P3,0.17,0.59,214
P3,0.16,0.59,173
P3,0.16,0.58,139
P3,-0.22,0.60,412
P3,-0.21,0.60,351
P3,-0.20,0.60,368
P3,-0.05,0.22,3636
P3,-0.05,0.23,8886
P3,-0.04,0.23,13541
P3,-0.04,0.22,12197
P3,-0.03,0.22,13861
P3,0.22,0.64,555
P3,0.21,0.64,411
P3,0.20,0.64,263
P3,-0.24,0.48,2028
P3,0.07,0.67,235
P3,0.07,0.68,257
P3,0.08,0.67,179
P3,-0.11,0.35,346
P3,-0.11,0.36,309
P3,-0.12,0.36,362
P3,-0.12,0.35,716
P3,-0.17,0.43,822
P3,-0.17,0.44,726
P3,-0.16,0.44,474
P3,-0.16,0.43,615
P3,-0.23,0.68,510
P3,-0.22,0.68,482
P3,-0.21,0.68,462
P3,0.09,0.24,5285
P3,0.08,0.24,2931
P3,0.08,0.25,2519
P3,0.07,0.25,7954
P3,-0.12,0.24,1056
P3,0.04,0.27,883
P3,0.04,0.28,1221
P3,0.03,0.28,1194
P3,0.03,0.27,860
P3,0.02,0.27,1029
P3,0.24,0.67,239
P3,0.23,0.67,506
P3,0.23,0.66,320
P3,0.18,0.55,337
P3,0.17,0.55,187
P3,-0.17,0.78,57
P3,-0.18,0.78,96
P3,-0.19,0.78,149
P3,-0.19,0.77,125
P3,0.03,0.26,1210
P3,0.02,0.26,1937
P3,0.21,0.40,95
P3,0.19,0.60,412
P3,0.19,0.61,324
P3,0.20,0.61,475
P3,0.20,0.60,400
P3,0.15,1.14,58
P3,0.16,1.14,135
P3,0.16,1.15,135
P3,0.17,1.15,106
P3,0.17,1.14,114
P3,-0.14,0.41,317
P3,-0.14,0.42,273
P3,-0.15,0.41,487
P3,0.16,0.35,6462
P3,0.13,0.33,6969
P3,0.13,0.32,5245
P3,-0.12,0.27,6594
P3,-0.11,0.27,5465
P3,-0.10,0.27,1981
P3,-0.06,0.24,8360
P3,0.22,1.00,108
P3,0.22,1.01,202
P3,0.21,1.01,161
P3,0.21,1.00,170
P3,-0.23,0.58,939
P3,-0.23,0.59,841
P3,-0.22,0.59,693
P3,-0.21,0.59,500
P3,-0.20,0.51,700
P3,-0.02,0.50,252
P3,0.00,0.51,135
P3,0.17,0.37,7002
P3,-0.03,0.23,8298
P3,0.10,0.56,183
P3,0.10,0.57,139
P3,0.11,0.57,210
P3,0.11,0.56,114
P3,0.01,0.44,558
P3,0.01,0.45,439
P3,0.00,0.45,298
P3,-0.01,0.45,319
P3,-0.01,0.44,342
P3,-0.18,0.77,70
P3,-0.17,0.77,41
P3,0.02,0.20,4735
P3,-0.22,0.96,220
P3,-0.21,0.96,293
P3,-0.14,0.27,1459
P3,-0.24,0.85,157
P3,-0.23,0.85,190
P3,-0.14,0.28,1576
P3,0.13,0.25,1162
P3,0.12,0.25,2468
P3,0.11,0.24,5400
P3,0.05,0.64,343
P3,0.05,0.65,191
P3,0.06,0.65,200
P3,0.06,0.64,146
P3,-0.15,0.23,56
P3,-0.14,0.23,646
P3,0.02,0.74,206
P3,0.03,0.74,166
P3,-0.22,0.45,3286
P3,0.04,0.37,577
P3,0.05,0.37,432
P3,-0.22,0.89,197
P3,-0.21,0.89,163
P3,0.14,0.20,21
P3,0.13,0.20,281
P3,0.02,1.10,45
P3,0.02,1.11,18
P3,0.01,1.11,212
P3,0.01,1.10,100
P3,-0.04,0.73,242
P3,-0.05,0.73,224
P3,-0.06,0.73,130
P3,0.01,0.22,2719
P3,0.02,0.23,4160
P3,0.02,0.22,5914
P3,-0.06,0.37,466
P3,0.18,1.34,17
P3,0.17,1.34,32
P3,-0.20,0.42,7428
P3,-0.19,0.42,3779
P3,-0.02,0.83,205
P3,-0.02,0.84,256
P3,-0.03,0.84,131
P3,-0.03,0.83,294
P3,-0.04,0.83,125
P3,-0.13,0.31,3421
P3,0.05,0.27,1588
P3,0.06,0.27,3226
P3,-0.04,0.24,7572
P3,-0.05,0.27,1774
P3,-0.05,0.28,1100
P3,-0.06,0.28,1368
P3,-0.06,0.27,3799
P3,-0.07,0.27,8310
P3,0.21,0.76,415
P3,0.20,0.76,328
P3,0.12,0.57,153
P3,0.12,0.56,138
P3,0.19,0.35,300
P3,0.19,0.96,131
P3,0.18,0.96,114
P3,0.17,0.96,53
P3,0.17,0.95,117
P3,-0.03,0.43,542
P3,-0.03,0.44,376
P3,0.14,0.28,1211
P3,0.14,0.27,1347
P3,-0.24,0.58,752
P3,-0.24,0.59,579
P3,-0.19,0.46,1108
P3,0.12,0.28,5739
P3,0.13,0.28,5346
P3,-0.18,0.46,1030
P3,0.00,0.49,334
P3,-0.01,0.49,215
P3,-0.02,0.49,261
P3,-0.13,0.23,1117
P3,-0.13,0.22,1592
P3,-0.12,0.22,1213
P3,-0.02,1.02,244
P3,-0.02,1.03,171
P3,0.03,0.48,379
P3,0.03,0.49,333
P3,0.02,0.49,262
P3,0.02,0.48,400
P3,-0.08,0.57,218
P3,-0.08,0.58,160
P3,-0.09,0.57,224
P3,0.00,0.54,222
P3,0.00,0.55,194
P3,0.01,0.55,248
P3,0.01,0.54,169
P3,-0.01,0.48,381
P3,-0.02,0.48,447
P3,0.05,0.43,241
P3,0.05,0.44,415
P3,-0.16,1.16,106
P3,-0.17,1.16,100
P3,-0.20,0.93,134
P3,-0.21,0.93,136
P3,-0.22,0.93,116
P3,0.21,0.78,240
P3,0.22,0.78,213
P3,0.15,1.11,21
P3,0.16,1.11,50
P3,0.17,1.11,75
P3,0.00,0.26,9490
P3,0.19,0.37,1137
P3,0.09,0.26,2062
P3,0.10,0.27,2392
P3,0.11,0.26,5971
P3,-0.02,0.28,1094
P3,-0.01,0.28,1017
P3,-0.01,0.29,861
P3,0.00,0.29,996
P3,0.00,0.28,920
P3,0.05,0.53,239
P3,0.05,0.54,194
P3,0.06,0.54,167
P3,0.06,0.53,158
P3,0.11,0.77,148
P3,0.12,0.77,162
P3,0.13,0.77,127
P3,-0.23,0.79,289
P3,-0.23,0.80,359
P3,-0.13,0.36,851
P3,0.18,0.37,4722
P3,-0.05,0.21,2530
P3,-0.06,0.21,3380
P3,-0.12,0.25,2406
P3,-0.03,0.21,13494
P3,-0.02,0.21,13152
P3,-0.19,0.38,2912
P3,-0.17,0.38,4999
P3,-0.05,0.44,367
P3,0.15,0.48,276
P3,0.15,0.49,214
P3,0.14,0.49,128
P3,0.14,0.48,172
P3,-0.22,0.46,2724
P3,0.24,1.04,92
P3,0.24,1.05,47
P3,0.23,1.05,96
P3,0.22,1.05,118
P3,0.22,1.04,224
P3,0.19,0.46,976
P3,0.20,0.46,1346
P3,0.08,0.30,1757
P3,0.09,0.30,4836
P3,-0.08,0.85,90
P3,-0.08,0.86,55
P3,-0.09,0.86,143
P3,-0.09,0.85,178
P3,-0.03,0.50,491
P3,-0.04,0.50,497
P3,-0.10,0.25,6366
P3,-0.11,0.25,5405
P3,-0.11,0.26,6553
P3,0.14,0.44,215
P3,0.01,0.28,781
P3,0.02,0.28,980
P3,0.06,0.35,623
P3,0.05,0.36,450
P3,0.05,0.35,563
P3,-0.15,0.43,581
P3,-0.14,0.43,464
P3,-0.13,0.43,281
P3,0.06,0.25,10526
P3,0.05,0.25,8021
P3,0.05,0.26,3659
P3,0.04,0.26,1753
P3,-0.02,0.59,327
P3,-0.02,0.60,377
P3,0.06,0.68,179
P3,-0.14,0.33,4503
P3,-0.13,0.33,6186
P3,0.23,0.54,1230
P3,0.24,0.53,1085
P3,0.00,0.68,193
P3,0.00,0.69,233
P3,-0.01,0.69,197
P3,-0.01,0.68,258
P3,-0.03,0.52,191
P3,-0.03,0.53,243
P3,-0.02,0.53,305
P3,0.03,0.68,266
P3,0.03,0.69,268
P3,0.04,0.69,262
P3,0.05,0.69,64
P3,0.05,0.68,288
P3,-0.11,0.46,212
P3,-0.12,0.46,161
P3,-0.12,0.45,157
P3,-0.11,0.24,4405
P3,0.22,0.48,2748
P3,-0.12,0.43,312
P3,-0.13,0.44,236
P3,-0.14,0.44,313
P3,0.18,0.60,357
P3,0.20,0.37,255
P3,0.19,0.36,547
P3,0.10,0.32,2222
P3,0.24,0.95,153
P3,-0.24,0.64,420
P3,-0.23,0.47,3776
P3,-0.09,1.07,58
P3,-0.09,1.08,93
P3,-0.10,1.07,59
P3,-0.19,0.48,754
P3,-0.19,0.49,713
P3,-0.20,0.48,639
P3,0.13,0.29,5326
P3,0.13,0.30,5436
P3,0.12,0.29,4294
P3,0.24,0.58,695
P3,-0.19,0.97,108
P3,-0.19,0.98,137
P3,-0.18,0.98,118
P3,-0.17,0.98,62
P3,-0.17,0.97,105
P3,-0.05,0.54,459
P3,-0.07,0.54,146
P3,-0.16,0.37,5820
P3,-0.16,0.38,3122
P3,-0.09,0.20,2822
P3,-0.09,0.21,9461
P3,-0.08,0.21,11636
P3,-0.08,0.20,5298
P3,-0.20,0.47,864
P3,-0.05,0.61,239
P3,-0.05,0.62,276
P3,-0.06,0.62,208
P3,-0.06,0.61,206
P3,-0.18,0.42,1795
P3,-0.17,0.42,867
P3,-0.19,0.43,1996
P3,-0.06,0.72,111
P3,-0.01,0.38,493
P3,-0.01,0.39,548
P3,0.00,0.39,708
P3,0.00,0.38,710
P3,0.23,0.68,417
P3,0.22,0.68,515
P3,0.22,0.67,458
P3,0.21,0.67,287
P3,0.07,0.73,260
P3,0.07,0.72,107
P3,0.16,0.46,301
P3,0.07,0.84,110
P3,0.07,0.85,96
P3,0.05,0.34,391
P3,0.01,0.27,1909
P3,0.15,0.24,118
P3,-0.15,1.16,51
P3,-0.16,1.17,92
P3,0.07,0.69,122
P3,0.08,0.69,221
P3,0.09,0.69,218
P3,0.18,1.22,124
P3,0.18,1.23,79
P3,0.17,1.23,75
P3,0.17,1.22,90
P3,0.16,1.22,85
P3,-0.10,0.63,48
P3,-0.11,0.63,96
P3,-0.12,0.63,108
P3,0.21,0.70,384
P3,-0.17,0.34,2644
P3,-0.01,0.53,150
P3,0.00,0.53,182
P3,0.01,0.53,320
P3,0.01,0.71,67
P3,0.01,0.72,176
P3,0.00,0.72,239
P3,0.00,0.71,70
P3,-0.13,1.20,72
P3,-0.13,1.21,6
P3,-0.14,1.21,42
P3,-0.15,1.21,33
P3,-0.15,1.20,76
P3,-0.19,0.53,548
P3,-0.10,0.36,270
P3,-0.10,0.37,379
P3,0.14,0.31,5160
P3,0.14,0.30,5315
P3,-0.20,0.67,326
P3,-0.19,0.67,163
P3,-0.03,0.67,165
P3,-0.03,0.68,137
P3,-0.04,0.68,170
P3,-0.04,0.67,245
P3,-0.05,0.67,116
P3,-0.14,0.57,118
P3,-0.15,0.57,213
P3,-0.16,0.57,219
P3,0.01,0.40,419
P3,0.00,0.40,574
P3,-0.01,0.40,547
P3,0.15,0.40,854
P3,0.09,0.25,2698
P3,0.10,0.26,3942
P3,0.10,0.25,6880
P3,-0.23,0.67,317
P3,-0.04,0.39,704
P3,-0.05,0.39,427
P3,-0.02,0.34,674
P3,-0.02,0.35,453
P3,-0.03,0.35,582
P3,-0.03,0.34,731
P3,-0.04,0.34,707
P3,-0.22,0.77,221
P3,-0.22,0.78,162
P3,-0.21,0.78,219
P3,-0.21,0.77,289
P3,-0.01,0.30,740
P3,-0.02,0.30,641
P3,0.09,0.61,216
P3,0.10,0.61,152
P3,0.11,0.61,44
P3,-0.20,1.29,46
P3,-0.19,1.29,133
P3,-0.18,1.29,131
P3,-0.06,1.15,79
P3,-0.07,1.15,46
P3,-0.08,1.15,95
P3,-0.08,1.14,109
P3,0.08,0.46,343
P3,0.08,0.47,228
P3,0.09,0.46,204
P3,-0.17,0.49,162
P3,-0.16,0.49,355
P3,-0.15,0.49,391
P3,-0.15,0.48,138
P3,0.05,0.32,559
P3,0.04,0.32,804
P3,0.04,0.33,551
P3,0.03,0.33,1102
P3,0.03,0.32,714
P3,-0.04,0.49,251
P3,0.06,0.38,395
P3,0.05,0.38,594
P3,0.03,0.34,774
P3,0.04,0.34,581
P3,-0.08,0.65,175
P3,-0.08,0.66,38
P3,-0.09,0.66,185
P3,-0.09,0.65,126
P3,-0.23,0.51,1849
P3,-0.09,0.70,49
P3,-0.10,0.70,161
P3,-0.10,0.69,129
P3,-0.01,0.21,3549
P3,-0.01,0.20,3341
P3,-0.09,0.61,171
P3,-0.09,0.62,146
P3,-0.10,0.62,186
P3,-0.10,0.61,187
P3,-0.16,0.35,5576
P3,0.24,0.88,159
P3,0.24,0.87,172
P3,0.13,1.02,28
P3,0.12,1.02,51
P3,0.23,0.64,753
P3,0.23,0.63,632
P3,0.05,0.28,976
P3,0.05,0.29,907
P3,-0.24,0.65,693
P3,-0.23,0.65,714
P3,-0.15,0.55,116
P3,-0.14,0.55,214
P3,-0.14,0.54,143
P3,-0.23,0.71,353
P3,0.22,0.66,439
P3,0.17,0.88,70
P3,0.17,0.89,67
P3,0.16,0.89,76
P3,0.16,0.88,130
P3,0.21,0.68,317
P3,0.20,0.68,255
P3,0.20,0.67,185
P3,0.14,0.26,1405
P3,0.22,0.54,875
P3,-0.07,0.22,2530
P3,-0.06,0.22,2045
P3,0.22,0.84,220
P3,0.21,0.84,160
P3,0.20,0.84,189
P3,0.22,0.42,514
P3,-0.21,0.66,374
P3,-0.20,0.66,296
P3,-0.18,0.40,5679
P3,-0.18,0.41,2893
P3,-0.17,0.40,2649
P3,-0.18,0.31,27
P3,0.00,0.56,359
P3,-0.02,0.29,657
P3,0.00,0.30,700
P3,-0.24,0.84,162
P3,-0.23,0.84,229
P3,-0.23,0.83,288
P3,0.24,0.92,166
P3,0.15,0.35,6226
P3,-0.20,0.88,137
P3,0.13,0.36,924
P3,0.12,0.36,525
P3,-0.15,0.34,5276
P3,-0.14,0.35,5316
P3,-0.13,1.07,147
P3,-0.14,1.07,158
P3,-0.15,1.07,97
P3,0.04,0.83,42
P3,0.05,0.83,107
P3,0.06,0.83,91
P3,0.06,0.82,58
P3,0.21,0.54,865
P3,-0.17,0.58,205
P3,-0.17,0.59,239
P3,-0.05,0.20,5190
P3,-0.04,0.21,5991
P3,-0.04,0.20,1582
P3,0.21,0.61,561
P3,0.21,0.62,513
P3,0.22,0.62,611
P3,0.22,0.61,846
P3,-0.07,0.26,9144
P3,0.10,0.20,1551
P3,-0.05,1.10,35
P3,-0.05,1.11,46
P3,0.21,0.66,309
P3,-0.24,0.67,172
P3,-0.05,0.35,652
P3,-0.05,0.36,386
P3,-0.04,0.36,516
P3,-0.04,0.35,625
P3,0.22,1.10,108
P3,0.22,1.11,98
P3,0.21,1.11,95
P3,0.20,1.11,43
P3,0.20,1.10,154
P3,0.23,1.06,141
P3,0.23,1.07,212
P3,0.22,1.07,158
P3,0.22,1.06,125
P3,-0.16,0.87,125
P3,0.06,0.42,439
P3,0.05,0.42,246
P3,0.13,0.34,5586
P3,-0.10,0.77,95
P3,-0.11,0.77,107
P3,-0.11,0.78,64
P3,-0.12,0.77,84
P3,0.21,0.48,1710
P3,0.21,0.49,1945
P3,0.21,1.05,79
P3,0.20,1.05,129
P3,0.19,1.05,97
P3,-0.02,1.01,179
P3,-0.01,1.01,93
P3,-0.01,1.02,94
P3,0.00,1.01,60
P3,0.01,0.43,586
P3,0.02,0.43,526
P3,0.06,0.72,137
P3,0.06,0.73,248
P3,0.08,0.72,105
P3,0.21,0.50,1673
P3,0.10,0.24,7791
P3,-0.13,0.39,422
P3,-0.14,0.39,511
P3,-0.15,0.39,962
P3,0.15,0.59,163
P3,0.16,0.60,348
P3,-0.16,0.34,4813
P3,0.06,0.30,1192
P3,0.06,0.31,1207
P3,0.07,0.31,983
P3,0.07,0.30,864
P3,-0.02,0.65,301
P3,-0.02,0.64,296
P3,-0.09,1.37,62
P3,-0.10,1.37,33
P3,-0.11,1.37,82
P3,0.12,0.71,23
P3,0.13,0.71,94
P3,0.12,0.24,1180
P3,-0.11,0.43,376
P3,0.06,0.55,248
P3,0.06,0.56,192
P3,0.07,0.56,97
P3,0.07,0.55,202
P3,0.08,0.55,296
P3,0.09,0.50,206
P3,0.10,0.50,200
P3,0.10,0.51,185
P3,0.11,0.51,163
P3,0.03,0.47,262
P3,0.04,0.47,471
P3,0.16,0.38,4148
P3,0.10,1.11,60
P3,0.11,1.11,49
P3,0.11,1.12,6
P3,0.12,1.11,39
P3,0.14,0.29,3295
P3,-0.23,0.81,197
P3,-0.22,0.81,247
P3,-0.21,0.81,184
P3,0.11,0.25,6405
P3,0.09,0.35,502
P3,0.10,0.35,543
P3,0.22,0.71,383
P3,0.21,0.71,378
P3,-0.09,0.67,169
P3,-0.10,0.67,103
P3,-0.10,0.66,104
P3,-0.05,0.24,11408
P3,-0.19,0.95,177
P3,-0.18,0.95,87
P3,-0.17,0.95,107
P3,-0.22,0.95,148
P3,-0.20,0.96,243
P3,-0.20,0.95,204
P3,-0.20,0.65,223
P3,-0.21,0.70,180
P3,-0.20,0.70,223
P3,-0.19,0.70,248
P3,-0.24,0.94,116
P3,-0.24,0.95,117
P3,-0.23,0.95,78
P3,-0.23,0.94,151
P3,-0.21,0.90,148
P3,0.24,0.48,2188
P3,0.23,0.48,3223
P3,-0.01,0.72,243
P3,-0.01,0.71,77
P3,0.01,0.95,56
P3,0.01,0.96,208
P3,-0.23,0.57,900
P3,-0.04,0.40,470
P3,-0.03,0.40,320
P3,-0.03,0.39,391
P3,-0.02,0.39,286
P3,0.19,1.02,48
P3,0.18,1.02,116
P3,0.17,1.02,88
P3,0.15,0.61,98
P3,0.14,0.61,24
P3,0.23,0.76,320
P3,-0.02,0.82,178
P3,0.09,1.02,88
P3,0.09,1.03,121
P3,0.10,1.03,165
P3,0.10,1.02,241
P3,-0.02,0.62,290
P3,-0.02,0.63,284
P3,-0.03,0.63,332
P3,-0.03,0.62,281
P3,0.24,1.25,35
P3,0.23,1.25,15
P3,0.23,1.24,107
P3,0.24,0.47,2694
P3,0.23,0.47,3757
P3,0.00,0.22,2377
P3,0.19,1.12,124
P3,0.18,1.12,153
P3,0.17,1.12,98
P3,-0.04,0.27,1279
P3,-0.12,0.23,1014
P3,-0.05,0.50,302
P3,-0.03,0.33,709
P3,0.08,1.30,77
P3,0.08,1.31,37
P3,-0.15,0.29,1661
P3,0.04,0.43,470
P3,-0.19,0.92,294
P3,-0.18,0.92,158
P3,-0.17,0.92,142
P3,0.24,0.64,344
P3,0.24,0.63,480
P3,0.15,0.38,1533
P3,0.10,0.52,77
P3,0.11,0.52,64
P3,0.12,0.52,151
P3,0.00,0.80,173
P3,0.00,0.81,175
P3,0.01,0.81,183
P3,-0.22,0.71,409
P3,-0.22,0.72,426
P3,-0.17,0.37,5717
P3,-0.16,1.02,91
P3,-0.15,1.02,148
P3,-0.06,0.23,2618
P3,-0.20,0.61,541
P3,-0.19,0.61,428
P3,-0.18,0.61,294
P3,-0.05,1.12,55
P3,-0.05,1.13,40
P3,-0.04,1.13,128
P3,-0.04,1.12,79
P3,0.23,0.65,715
P3,0.22,0.65,403
P3,0.21,0.65,294
P3,-0.12,1.03,24
P3,-0.12,1.04,73
P3,-0.13,1.04,40
P3,-0.13,1.03,41
P3,0.24,0.94,92
P3,0.23,0.94,105
P3,0.02,0.42,397
P3,-0.12,0.30,2912
P3,-0.11,0.30,6354
P3,-0.10,0.30,7754
P3,-0.04,0.33,666
P3,0.16,0.94,95
P3,0.17,0.94,77
P3,-0.24,0.73,227
P3,-0.21,0.72,328
P3,-0.20,0.72,250
P3,-0.20,0.71,244
P3,0.01,0.58,320
P3,0.02,0.58,158
P3,0.03,0.58,254
P3,-0.08,0.44,336
P3,-0.09,0.44,415
P3,-0.10,0.44,334
P3,0.04,0.42,233
P3,0.05,0.73,306
P3,0.05,0.72,79
P3,-0.09,0.63,188
P3,-0.22,1.21,72
P3,-0.21,1.21,87
P3,-0.20,1.21,69
P3,0.06,0.61,170
P3,0.06,0.62,238
P3,0.05,0.62,140
P3,0.05,0.61,76
P3,-0.12,1.20,75
P3,-0.11,1.20,45
P3,-0.23,0.73,358
P3,-0.22,0.73,351
P3,-0.24,1.25,65
P3,0.12,0.43,229
P3,0.13,0.42,256
P3,-0.11,0.75,81
P3,-0.12,0.75,120
P3,-0.08,0.37,318
P3,-0.08,0.38,325
P3,-0.09,0.38,293
P3,-0.09,0.37,298
P3,0.24,0.68,218
P3,0.15,0.85,106
P3,0.14,0.85,66
P3,-0.13,0.30,5656
P3,-0.15,0.40,535
P3,-0.23,0.64,584
P3,0.07,0.53,150
P3,0.07,0.54,310
P3,0.08,0.54,273
P3,0.08,0.53,312
P3,-0.23,0.48,2492
P3,-0.20,1.20,99
P3,-0.19,1.21,28
P3,-0.19,1.20,120
P3,-0.18,1.20,181
P3,0.18,0.52,403
P3,0.17,0.52,260
P3,0.16,0.52,49
P3,0.16,0.51,80
P3,-0.24,0.74,181
P3,-0.18,1.28,146
P3,-0.17,1.28,128
P3,-0.16,1.28,24
P3,-0.11,0.39,314
P3,-0.11,0.40,248
P3,-0.13,0.40,540
P3,-0.08,0.32,753
P3,-0.09,0.32,1210
P3,-0.10,0.32,2580
P3,0.23,0.56,846
P3,0.07,0.75,178
P3,0.08,0.75,198
P3,0.08,0.74,94
P3,0.18,0.43,1149
P3,0.18,0.44,990
P3,-0.13,0.21,1085
P3,-0.12,0.21,2034
P3,-0.08,0.22,6554
P3,0.23,0.61,696
P3,0.12,0.53,170
P3,0.13,0.53,173
P3,0.24,0.70,274
P3,-0.18,0.70,255
P3,-0.24,1.14,87
P3,-0.23,1.14,74
P3,-0.23,0.53,1323
P3,-0.19,0.66,153
P3,-0.18,0.66,145
P3,-0.10,0.48,230
P3,-0.11,0.49,136
P3,-0.11,0.48,381
P3,-0.04,0.37,567
P3,-0.05,0.37,454
P3,-0.04,0.62,280
P3,-0.03,0.61,294
P3,0.19,0.34,261
P3,0.18,0.34,576
P3,-0.19,0.35,292
P3,-0.19,0.36,499
P3,0.17,0.43,822
P3,0.16,0.43,369
P3,-0.05,0.49,134
P3,-0.06,0.49,101
P3,0.21,0.55,761
P3,0.21,0.56,909
P3,0.20,0.56,488
P3,0.20,0.55,611
P3,-0.23,0.91,80
P3,-0.08,1.10,106
P3,-0.08,0.53,272
P3,-0.08,0.54,222
P3,-0.09,0.53,116
P3,-0.02,0.44,303
P3,0.00,0.44,501
P3,0.08,0.68,185
P3,0.09,0.68,129
P3,0.10,0.68,129
P3,0.02,0.84,164
P3,0.03,0.84,192
P3,0.03,0.85,101
P3,0.04,0.49,284
P3,0.04,0.48,317
P3,-0.24,0.83,218
P3,-0.24,0.82,267
P3,0.22,1.20,136
P3,0.22,1.21,108
P3,0.21,1.21,109
P3,0.21,1.20,129
P3,0.20,1.20,114
P3,-0.15,0.51,135
P3,-0.15,0.50,181
P3,-0.06,0.32,555
P3,-0.06,0.33,438
P3,0.16,0.68,58
P3,0.15,0.68,80
P3,0.15,0.67,33
P3,0.14,0.67,53
P3,-0.05,0.30,997
P3,-0.05,0.31,1055
P3,-0.06,0.31,941
P3,-0.06,0.30,1038
P3,-0.02,0.56,283
P3,-0.03,0.56,237
P3,-0.04,0.57,313
P3,-0.04,0.56,173
P3,0.19,1.15,77
P3,0.18,1.15,129
P3,0.14,0.35,5136
P3,0.13,0.35,2088
P3,0.19,1.21,77
P3,0.19,1.22,51
P3,0.18,1.21,90
P3,0.04,0.54,308
P3,0.24,0.86,196
P3,0.23,0.86,230
P3,0.03,0.61,191
P3,0.02,0.61,232
P3,0.02,0.62,236
P3,-0.18,1.03,167
P3,-0.17,1.03,57
P3,0.14,0.79,82
P3,0.15,0.78,90
P3,0.02,0.44,445
P3,-0.24,0.61,574
P3,-0.18,0.91,141
P3,-0.17,0.91,101
P3,-0.16,0.92,92
P3,-0.16,0.91,101
P3,-0.06,0.42,373
P3,-0.03,0.29,1106
P3,0.11,1.33,31
P3,0.12,1.33,80
P3,0.13,1.33,44
P3,0.13,1.32,53
P3,0.00,0.32,1662
P3,0.15,0.47,170
P3,0.14,0.47,155
P3,0.13,0.47,261
P3,0.01,0.89,214
P3,0.01,0.90,119
P3,0.00,0.90,115
P3,0.00,0.89,104
P3,-0.19,1.23,78
P3,-0.18,1.23,74
P3,-0.02,1.11,61
P3,-0.02,1.12,48
P3,-0.03,1.12,83
P3,-0.04,1.11,78
P3,-0.14,1.28,96
P3,-0.13,1.28,31
P3,-0.12,1.28,12
P3,0.17,0.56,189
P3,-0.17,0.41,1689
P3,-0.16,0.41,882
P3,-0.16,0.81,119
P3,-0.15,0.81,109
P3,-0.12,0.86,49
P3,-0.13,0.86,121
P3,-0.07,0.40,579
P3,-0.09,0.40,311
P3,-0.05,0.57,223
P3,-0.22,0.84,276
P3,-0.20,0.38,201
P3,0.24,1.07,89
P3,0.24,1.08,140
P3,0.23,1.08,153
P3,-0.05,0.40,411
P3,-0.06,0.40,486
P3,-0.06,0.39,504
P3,-0.04,0.58,223
P3,-0.05,0.59,144
P3,-0.06,0.60,277
P3,-0.06,0.59,250
P3,-0.07,0.59,125
P3,-0.10,0.33,1065
P3,0.09,1.13,7
P3,0.09,1.14,21
P3,0.08,1.13,26
P3,0.24,0.66,422
P3,0.07,0.28,3224
P3,0.08,0.28,7938
P3,-0.20,0.80,145
P3,-0.21,0.80,223
P3,-0.02,1.34,58
P3,-0.02,1.35,66
P3,-0.03,1.34,6
P3,0.21,0.75,317
P3,0.20,0.75,271
P3,-0.12,0.61,106
P3,-0.13,0.61,112
P3,-0.14,0.61,126
P3,0.11,0.38,354
P3,0.15,0.27,452
P3,0.03,0.38,498
P3,0.04,0.38,423
P3,-0.20,0.56,536
P3,0.16,0.79,82
P3,0.17,0.79,81
P3,0.06,0.23,3299
P3,-0.19,0.88,176
P3,-0.21,0.88,159
P3,0.01,0.56,349
P3,0.02,0.56,368
P3,0.02,0.55,316
P3,0.10,0.21,1557
P3,0.14,0.45,262
P3,0.02,0.81,250
P3,-0.19,0.50,496
P3,0.07,0.36,403
P3,-0.10,0.34,354
P3,-0.11,0.34,681
P3,-0.11,0.33,1789
P3,-0.12,0.33,4671
P3,-0.21,0.76,198
P3,-0.20,0.76,161
P3,0.00,1.13,126
P3,0.01,1.13,47
P3,0.01,1.14,115
P3,0.02,1.13,107
P3,0.02,0.64,115
P3,0.02,0.65,252
P3,0.03,0.65,304
P3,0.03,0.64,69
P3,0.04,0.64,116
P3,-0.12,1.17,136
P3,-0.12,1.18,119
P3,-0.13,1.18,96
P3,-0.13,1.17,138
P3,0.23,0.95,145
P3,0.22,0.95,147
P3,0.01,1.04,79
P3,0.02,1.04,144
P3,0.02,1.05,156
P3,-0.10,0.46,221
P3,-0.11,0.45,291
P3,-0.05,0.34,742
P3,-0.06,0.34,464
P3,-0.07,0.34,275
P3,0.04,0.29,1231
P3,0.04,0.30,786
P3,0.05,0.30,1054
P3,0.06,0.29,973
P3,0.19,0.74,195
P3,0.18,0.74,173
P3,0.17,0.74,77
P3,0.12,0.30,2896
P3,0.14,0.56,147
P3,0.14,0.57,155
P3,0.15,0.57,138
P3,0.15,0.56,94
P3,0.16,0.56,236
P3,0.24,1.03,64
P3,0.23,1.03,100
P3,0.22,1.03,115
P3,0.18,0.33,260
P3,-0.05,0.41,496
P3,-0.06,0.41,183
P3,-0.22,1.31,38
P3,-0.22,1.32,33
P3,-0.21,1.32,96
P3,-0.20,1.32,67
P3,-0.20,1.31,74
P3,0.20,0.39,1487
P3,0.22,0.75,278
P3,0.20,0.97,157
P3,0.19,0.97,177
P3,0.16,0.42,444
P3,0.15,0.42,254
P3,0.00,0.25,2321
P3,0.01,0.26,1887
P3,0.01,0.25,1736
P3,0.09,0.93,80
P3,0.09,0.94,106
P3,0.10,0.94,104
P3,0.10,0.93,58
P3,0.11,0.93,69
P3,-0.23,0.63,588
P3,-0.04,0.43,295
P3,-0.05,0.42,525
P3,0.12,0.70,58
P3,0.13,0.70,53
P3,0.01,0.29,669
P3,0.01,0.30,930
P3,0.02,0.30,700
P3,0.02,0.29,900
P3,0.03,0.29,919
P3,-0.21,0.83,156
P3,-0.20,0.83,264
P3,0.18,1.17,65
P3,0.17,1.17,94
P3,0.16,1.17,45
P3,0.24,0.85,251
P3,0.23,0.85,326
P3,0.08,0.48,220
P3,0.23,0.78,178
P3,-0.19,1.32,71
P3,-0.19,1.33,54
P3,-0.18,1.33,56
P3,-0.18,0.39,6248
P3,-0.17,0.39,3856
P3,-0.13,0.45,161
P3,-0.14,0.45,190
P3,-0.15,0.45,272
P3,-0.06,0.46,491
P3,-0.07,0.46,372
P3,-0.07,0.45,345
P3,0.10,0.46,252
P3,0.11,0.46,197
P3,0.11,0.47,139
P3,0.12,0.46,175
P3,0.04,0.85,131
P3,0.04,0.86,128
P3,0.05,0.86,73
P3,0.05,0.85,51
P3,-0.06,1.23,23
P3,-0.05,1.23,32
P3,-0.05,1.24,111
P3,0.02,1.12,59
P3,0.00,0.73,173
P3,0.01,0.73,208
P3,0.02,0.72,97
P3,-0.23,1.19,61
P3,-0.24,1.19,85
P3,-0.24,1.18,42
P3,-0.08,0.24,2359
P3,0.11,0.74,59
P3,0.12,0.74,71
P3,-0.21,0.74,274
P3,-0.21,0.73,359
P3,0.20,0.81,136
P3,0.19,0.81,150
P3,-0.02,0.43,350
P3,-0.01,0.43,499
P3,0.17,0.66,72
P3,0.17,0.67,202
P3,-0.09,0.58,183
P3,-0.10,0.58,99
P3,0.24,0.76,208
P3,-0.08,0.97,110
P3,-0.09,0.97,151
P3,-0.10,0.97,110
P3,0.09,0.73,96
P3,0.10,0.73,160
P3,0.11,0.73,82
P3,-0.02,1.07,73
P3,-0.16,0.47,199
P3,-0.09,0.36,255
P3,0.20,0.58,408
P3,0.19,0.58,361
P3,0.11,0.33,1957
P3,0.11,0.34,907
P3,0.12,0.33,5601
P3,-0.12,0.31,5350
P3,-0.09,0.35,469
P3,-0.08,0.33,361
P3,0.15,0.41,520
P3,-0.02,0.66,161
P3,-0.03,0.66,80
P3,0.20,0.38,219
P3,0.02,0.31,668
P3,0.03,0.31,778
P3,0.12,0.64,77
P3,0.13,0.64,124
P3,0.00,0.60,205
P3,0.00,0.61,216
P3,0.01,0.61,359
P3,0.01,0.60,411
P3,0.23,0.62,635
P3,0.21,0.51,1347
P3,0.21,0.52,1280
P3,0.22,0.51,1130
P3,0.19,1.06,64
P3,0.20,1.07,134
P3,0.21,1.07,68
P3,0.21,1.06,111
P3,0.19,0.40,7092
P3,-0.11,0.22,790
P3,-0.12,0.56,117
P3,-0.12,0.57,126
P3,-0.13,0.57,65
P3,-0.13,0.56,70
P3,-0.14,0.40,297
P3,0.22,0.58,680
P3,0.11,0.48,272
P3,0.12,0.48,212
P3,0.13,0.48,231
P3,0.05,0.63,265
P3,0.15,0.36,5504
P3,-0.03,0.65,196
P3,0.18,0.56,248
P3,0.19,0.56,331
P3,-0.19,0.47,954
P3,-0.02,0.94,103
P3,-0.02,0.95,78
P3,-0.21,0.39,42
P3,-0.23,0.72,508
P3,0.19,0.63,126
P3,0.18,0.63,114
P3,0.17,1.30,191
P3,0.18,1.30,136
P3,0.19,1.30,51
P3,0.19,0.55,571
P3,0.19,0.54,751
P3,0.09,0.55,175
P3,0.09,0.56,271
P3,0.10,0.55,221
P3,0.17,1.08,153
P3,0.16,1.08,68
P3,-0.08,0.51,150
P3,-0.09,0.51,142
P3,-0.09,0.52,232
P3,-0.10,0.51,214
P3,0.18,0.31,6
P3,-0.06,0.20,7398
P3,-0.19,1.02,152
P3,-0.19,1.03,162
P3,-0.18,1.02,40
P3,-0.17,1.02,83
P3,0.08,1.06,68
P3,0.08,1.07,20
P3,0.09,1.07,55
P3,0.09,1.06,56
P3,-0.06,0.38,451
P3,-0.24,0.80,236
P3,-0.03,0.42,467
P3,-0.02,0.42,472
P3,-0.22,0.79,210
P3,-0.21,0.79,182
P3,-0.20,0.78,187
P3,-0.16,1.03,38
P3,0.20,0.62,390
P3,0.01,0.97,73
P3,0.02,0.97,84
P3,0.02,0.98,191
P3,0.03,0.98,63
P3,0.03,0.97,62
P3,-0.23,0.52,1631
P3,-0.23,1.13,51
P3,-0.22,1.14,54
P3,-0.22,1.13,52
P3,0.00,0.20,1401
P3,0.01,0.20,3062
P3,-0.01,1.32,15
P3,-0.01,1.33,42
P3,0.00,1.33,43
P3,0.00,1.32,53
P3,-0.09,0.83,145
P3,-0.09,0.84,102
P3,-0.10,0.84,87
P3,-0.10,0.83,111
P3,-0.20,0.74,194
P3,-0.19,0.74,117
P3,-0.01,0.35,647
P3,-0.01,0.34,761
P3,0.22,0.92,217
P3,0.21,0.91,90
P3,-0.04,1.08,135
P3,0.01,0.88,181
P3,0.24,0.79,356
P3,0.23,0.79,326
P3,0.22,0.79,305
P3,0.23,0.55,1141
P3,0.22,1.16,28
P3,0.21,1.16,108
P3,0.20,1.16,112
P3,0.20,1.15,7
P3,-0.14,0.49,321
P3,-0.14,0.48,112
P3,0.20,0.52,757
P3,0.19,0.51,544
P3,0.23,1.36,48
P3,0.24,1.36,38
P3,0.24,1.35,70
P3,0.23,0.88,269
P3,0.17,0.51,265
P3,0.18,0.51,319
P3,-0.01,0.73,363
P3,-0.02,0.73,168
P3,-0.03,0.73,239
P3,-0.03,0.72,228
P3,-0.24,1.33,74
P3,-0.23,1.34,105
P3,-0.22,1.34,26
P3,-0.22,1.33,49
P3,0.11,0.20,2733
P3,0.12,0.20,891
P3,0.08,0.99,40
P3,0.09,0.99,154
P3,0.10,0.99,36
P3,-0.03,0.28,1033
P3,-0.06,1.11,8
P3,-0.06,1.12,48
P3,-0.07,1.12,97
P3,-0.07,1.11,39
P3,-0.22,0.50,2247
P3,-0.18,0.90,162
P3,-0.17,0.90,185
P3,-0.16,0.90,121
P3,-0.16,0.89,149
P3,0.05,0.31,705
P3,0.20,0.80,216
P3,0.21,0.80,190
P3,-0.20,0.86,190
P3,-0.19,0.86,149
P3,-0.19,0.85,56
P3,-0.09,0.24,4897
P3,-0.10,0.24,5884
P3,-0.19,0.79,204
P3,0.01,0.46,536
P3,0.02,0.46,344
P3,0.02,0.45,393
P3,0.08,0.60,324
P3,0.09,0.60,350
P3,0.10,0.60,143
P3,-0.06,1.03,85
P3,-0.07,1.03,97
P3,-0.09,0.78,59
P3,-0.09,0.79,61
P3,-0.10,0.79,191
P3,-0.10,0.78,59
P3,0.15,0.96,35
P3,0.14,0.96,45
P3,-0.11,0.41,288
P3,-0.12,0.42,210
P3,-0.13,0.42,292
P3,-0.12,1.24,68
P3,-0.12,1.25,71
P3,-0.12,0.59,193
P3,-0.12,0.60,67
P3,-0.13,0.60,87
P3,-0.13,0.59,234
P3,-0.09,0.25,2287
P3,-0.08,0.25,2105
P3,-0.08,0.26,5242
P3,0.24,1.00,180
P3,0.12,0.31,6446
P3,0.12,0.40,298
P3,-0.09,1.19,104
P3,-0.05,0.60,175
P3,-0.07,0.60,252
P3,0.19,0.79,126
P3,0.20,0.79,174
P3,0.20,1.01,111
P3,0.19,1.01,105
P3,0.18,1.01,105
P3,0.21,1.09,108
P3,0.21,1.10,145
P3,0.20,1.09,153
P3,-0.02,0.93,71
P3,-0.01,0.93,119
P3,-0.21,0.71,317
P3,0.09,0.36,249
P3,-0.02,0.54,324
P3,0.01,0.83,100
P3,0.01,0.84,73
P3,0.02,0.83,267
P3,0.03,0.83,182
P3,-0.05,0.55,343
P3,-0.06,0.55,314
P3,-0.07,0.39,548
P3,0.07,0.49,377
P3,0.07,0.50,167
P3,0.08,0.50,163
P3,0.08,0.49,187
P3,0.09,0.49,148
P3,0.13,0.31,3246
P3,0.00,0.35,631
P3,0.01,0.34,801
P3,-0.15,0.44,426
P3,-0.02,1.28,46
P3,-0.02,1.29,61
P3,-0.03,1.29,17
P3,-0.03,1.28,5
P3,-0.04,0.78,26
P3,-0.04,0.79,196
P3,-0.18,0.48,474
P3,-0.17,0.48,296
P3,0.06,0.69,102
P3,0.06,0.70,64
P3,0.05,0.70,97
P3,0.24,1.02,125
P3,0.23,1.02,149
P3,-0.09,0.39,195
P3,-0.10,0.40,227
P3,0.02,0.38,502
P3,0.08,1.29,2
P3,0.07,1.30,60
P3,0.07,1.29,14
P3,0.09,1.00,59
P3,-0.20,1.13,104
P3,-0.19,1.13,99
P3,-0.18,1.13,73
P3,0.22,0.73,252
P3,0.21,0.73,289
P3,-0.13,0.89,93
P3,0.18,0.67,89
P3,0.19,0.67,54
P3,0.09,0.44,343
P3,0.09,0.45,272
P3,0.10,0.45,269
P3,0.11,0.44,142
P3,0.10,0.89,116
P3,0.11,0.90,105
P3,0.11,0.89,129
P3,0.12,0.89,190
P3,0.03,0.37,539
P3,0.02,0.54,407
P3,-0.09,0.77,202
P3,-0.08,0.75,174
P3,-0.08,0.76,196
P3,-0.17,0.45,512
P3,-0.16,0.45,372
P3,0.02,0.82,280
P3,0.03,0.82,200
P3,0.04,0.82,42
P3,0.11,0.41,216
P3,0.14,0.46,227
P3,0.13,0.46,270
P3,0.13,0.45,295
P3,0.18,0.59,380
P3,-0.04,0.25,4090
P3,-0.05,0.25,8990
P3,0.22,0.93,79
P3,0.21,0.92,227
P3,0.23,0.98,199
P3,0.24,0.98,58
P3,0.24,0.97,83
P3,0.17,0.81,85
P3,0.16,0.81,66
P3,0.16,1.18,18
P3,0.17,1.19,108
P3,0.18,1.19,81
P3,0.18,1.18,9
P3,0.03,0.99,64
P3,0.04,0.99,84
P3,0.04,1.00,162
P3,0.05,1.00,36
P3,0.05,0.99,23
P3,-0.19,0.59,376
P3,-0.18,0.59,377
P3,-0.15,0.73,90
P3,-0.16,0.73,158
P3,-0.17,0.73,125
P3,0.00,0.34,926
P3,0.24,1.09,88
P3,0.23,1.09,158
P3,0.22,1.09,85
P3,0.22,1.08,104
P3,0.23,0.92,119
P3,-0.05,0.69,108
P3,-0.05,0.70,217
P3,0.01,0.33,1229
P3,-0.05,0.78,74
P3,-0.05,0.79,244
P3,-0.06,0.79,307
P3,-0.06,0.78,133
P3,-0.12,0.64,77
P3,-0.13,0.64,130
P3,-0.13,0.63,102
P3,-0.20,0.62,321
P3,-0.07,1.06,78
P3,-0.07,1.07,73
P3,0.23,0.46,3562
P3,0.00,1.11,196
P3,-0.01,1.11,101
P3,-0.11,0.32,5991
P3,-0.11,0.31,6681
P3,0.24,0.61,673
P3,0.09,0.54,324
P3,0.12,0.35,695
P3,0.12,0.34,1464
P3,0.22,0.94,129
P3,0.19,1.20,120
P3,0.18,1.20,113
P3,0.14,1.11,38
P3,0.13,1.11,64
P3,0.06,1.23,8
P3,0.07,1.23,19
P3,0.07,1.24,60
P3,0.08,1.23,98
P3,-0.20,0.68,267
P3,-0.20,0.69,152
P3,-0.19,0.69,182
P3,-0.19,0.68,268
P3,0.18,0.75,144
P3,-0.07,0.41,168
P3,0.10,0.69,146
P3,0.11,0.69,99
P3,0.09,0.38,296
P3,0.09,0.37,304
P3,0.14,0.50,48
P3,0.13,0.50,103
P3,0.13,0.49,91
P3,0.22,0.59,535
P3,-0.10,0.50,243
P3,-0.11,0.50,233
P3,0.02,0.51,197
P3,0.01,0.51,293
P3,0.01,0.52,338
P3,-0.16,0.40,1380
P3,0.05,0.49,273
P3,0.05,0.50,306
P3,0.04,0.50,274
P3,-0.07,0.33,401
P3,-0.07,0.32,804
P3,0.03,0.52,206
P3,-0.23,0.60,881
P3,0.02,0.34,635
P3,0.10,0.67,100
P3,0.11,0.67,168
P3,-0.22,0.85,120
P3,-0.22,0.86,169
P3,-0.21,0.86,186
P3,-0.21,0.85,137
P3,0.11,1.09,36
P3,0.11,1.10,25
P3,0.12,1.10,68
P3,0.12,1.09,55
P3,-0.20,0.54,849
P3,-0.24,1.37,78
P3,-0.23,1.37,35
P3,-0.23,1.36,37
P3,-0.20,0.77,245
P3,0.14,0.68,58
P3,-0.18,0.49,466
P3,-0.22,0.82,375
P3,-0.21,0.82,234
P3,-0.20,0.82,212
P3,0.13,0.96,180
P3,0.00,0.85,166
P3,0.00,0.86,110
P3,-0.01,0.86,187
P3,-0.01,0.85,109
P3,0.10,0.58,121
P3,0.14,0.64,127
P3,0.14,0.63,103
P3,0.15,0.63,66
P3,0.17,0.77,165
P3,-0.05,0.33,614
P3,0.23,1.20,108
P3,0.00,0.27,1970
P3,-0.11,0.44,136
P3,-0.09,0.43,341
P3,0.13,0.65,174
P3,0.13,0.66,68
P3,0.14,0.65,187
P3,0.21,0.81,250
P3,0.22,0.81,227
P3,0.22,0.80,240
P3,0.23,0.80,282
P3,0.05,0.39,511
P3,0.15,0.90,34
P3,0.15,0.91,67
P3,0.14,0.91,81
P3,0.14,0.90,27
P3,0.13,0.90,45
P3,-0.17,0.93,81
P3,-0.17,0.94,161
P3,-0.18,0.94,125
P3,-0.18,0.93,122
P3,-0.19,0.93,76
P3,0.02,0.73,228
P3,0.03,0.73,234
P3,-0.09,0.28,6673
P3,-0.07,0.61,160
P3,-0.08,0.61,183
P3,-0.09,0.60,124
P3,-0.14,0.64,96
P3,-0.14,0.65,113
P3,-0.15,0.65,116
P3,-0.15,0.64,40
P3,0.11,0.64,77
P3,0.12,0.65,115
P3,0.00,0.91,54
P3,0.01,0.91,103
P3,-0.04,0.44,361
P3,-0.06,0.45,393
P3,0.02,0.47,377
P3,0.01,0.47,416
P3,-0.24,1.11,120
P3,-0.24,1.12,112
P3,-0.23,1.12,102
P3,-0.22,1.12,18
P3,-0.22,1.11,52
P3,-0.14,1.25,67
P3,-0.13,1.25,44
P3,-0.13,1.24,114
P3,0.04,1.39,20
P3,0.04,1.38,121
P3,-0.13,0.91,85
P3,-0.13,0.92,121
P3,-0.14,0.92,145
P3,-0.14,0.91,103
P3,-0.15,0.91,80
P3,0.04,1.03,72
P3,0.04,1.04,193
P3,0.05,1.03,92
P3,0.20,0.71,352
P3,0.20,0.70,328
P3,0.10,0.23,7389
P3,0.09,0.23,8970
P3,0.07,0.26,9654
P3,0.07,0.27,9064
P3,0.08,0.27,8158
P3,0.08,0.26,5326
P3,0.06,0.50,328
P3,-0.14,0.51,210
P3,-0.14,0.52,189
P3,-0.15,0.52,210
P3,-0.16,0.52,186
P3,-0.19,0.83,189
P3,0.03,0.67,285
P3,0.02,0.67,180
P3,0.21,0.57,559
P3,-0.22,0.63,631
P3,-0.09,0.42,466
P3,-0.10,0.42,264
P3,0.13,0.69,123
P3,0.14,0.69,132
P3,-0.15,0.84,99
P3,-0.14,0.84,99
P3,-0.14,1.26,70
P3,-0.13,1.26,23
P3,0.05,0.33,616
P3,-0.19,0.96,191
P3,-0.18,0.96,93
P3,0.19,0.59,288
P3,0.04,0.31,550
P3,0.00,0.43,593
P3,0.16,1.30,93
P3,0.07,0.47,301
P3,0.09,0.47,139
P3,0.11,0.53,97
P3,0.10,1.39,5
P3,0.10,1.38,27
P3,-0.10,0.59,219
P3,-0.11,0.59,198
P3,-0.03,0.25,2616
P3,-0.20,1.11,31
P3,-0.20,1.12,56
P3,-0.19,1.12,28
P3,-0.18,1.12,49
P3,-0.18,1.11,35
P3,-0.19,0.71,247
P3,-0.18,0.71,133
P3,-0.12,0.37,439
P3,-0.11,0.37,417
P3,0.08,0.20,4697
P3,-0.08,0.55,273
P3,-0.08,0.56,243
P3,0.06,0.67,179
P3,-0.10,0.35,310
P3,0.21,0.58,540
P3,0.22,0.55,801
P3,-0.14,1.02,96
P3,-0.13,1.02,35
P3,0.01,0.32,1313
P3,0.01,0.48,275
P3,-0.22,0.55,821
P3,-0.21,0.55,616
P3,0.20,0.77,179
P3,0.19,0.77,77
P3,0.13,0.55,303
P3,0.13,0.54,210
P3,0.09,0.67,122
P3,0.09,0.66,91
P3,-0.16,1.13,115
P3,-0.15,1.13,152
P3,-0.14,1.13,37
P3,-0.13,0.62,47
P3,-0.14,0.62,113
P3,-0.22,0.64,492
P3,-0.01,1.13,73
P3,-0.02,1.13,120
P3,-0.02,1.14,156
P3,-0.11,0.42,199
P3,-0.06,1.16,119
P3,-0.05,1.15,29
P3,-0.01,0.46,659
P3,-0.02,0.45,468
P3,-0.12,1.07,141
P3,-0.12,1.08,113
P3,-0.13,1.08,70
P3,0.07,0.21,5546
P3,0.09,0.97,169
P3,0.09,0.98,189
P3,0.10,0.98,12
P3,0.10,0.97,13
P3,-0.22,0.66,498
P3,-0.18,0.32,82
P3,-0.17,0.32,575
P3,-0.07,0.80,216
P3,-0.08,0.80,77
P3,-0.09,0.80,59
P3,-0.16,0.70,79
P3,-0.16,0.71,83
P3,-0.17,0.71,67
P3,-0.17,0.70,132
P3,0.05,0.20,4748
P3,0.12,1.13,9
P3,0.12,1.14,70
P3,0.13,1.14,69
P3,0.13,1.13,40
P3,-0.20,1.02,129
P3,-0.21,1.02,116
P3,0.17,1.28,33
P3,0.18,1.28,98
P3,0.18,1.29,102
P3,0.19,1.29,88
P3,0.19,1.28,52
P3,0.18,0.57,231
P3,0.19,0.57,352
P3,0.20,0.57,337
P3,0.07,0.43,157
P3,-0.20,0.92,284
P3,-0.10,0.55,216
P3,-0.11,0.55,168
P3,-0.12,0.55,200
P3,0.24,0.71,336
P3,0.23,0.72,312
P3,-0.05,0.71,159
P3,-0.06,0.71,231
P3,-0.07,0.71,120
P3,-0.07,0.70,179
P3,-0.18,0.43,1092
P3,0.20,0.59,320
P3,-0.19,0.64,223
P3,-0.18,0.64,207
P3,-0.17,0.64,166
P3,-0.13,0.35,2457
P3,-0.18,0.60,484
P3,-0.17,0.60,362
P3,-0.16,0.60,151
P3,0.07,0.22,2793
P3,0.05,0.88,240
P3,0.05,0.89,156
P3,0.11,0.40,156
P3,0.18,0.54,312
P3,-0.05,0.38,285
P3,-0.07,0.38,344
P3,0.07,0.29,1491
P3,0.21,0.39,56
P3,-0.05,1.19,54
P3,-0.05,1.20,76
P3,-0.11,1.02,52
P3,-0.11,1.03,72
P3,-0.12,1.02,40
P3,-0.05,0.74,118
P3,-0.05,0.75,318
P3,-0.06,0.75,139
P3,-0.06,0.74,119
P3,-0.23,0.82,332
P3,0.14,1.10,27
P3,0.13,1.10,38
P3,-0.02,0.58,218
P3,-0.01,0.59,312
P3,-0.01,0.58,220
P3,-0.22,0.49,2363
P3,-0.09,0.41,413
P3,-0.10,0.41,195
P3,0.23,1.26,128
P3,0.23,1.27,45
P3,0.22,1.27,91
P3,0.21,1.27,102
P3,0.05,0.46,248
P3,0.05,0.47,385
P3,0.06,0.47,268
P3,0.06,0.46,283
P3,-0.16,0.56,160
P3,-0.15,0.56,42
P3,0.19,1.32,49
P3,0.18,1.32,74
P3,0.17,1.32,52
P3,0.18,0.81,149
P3,0.18,0.82,184
P3,0.17,0.82,243
P3,0.16,0.82,95
P3,0.24,1.27,58
P3,0.11,1.04,90
P3,0.12,1.04,142
P3,0.12,1.05,157
P3,0.13,1.05,108
P3,0.13,1.04,141
P3,0.10,1.22,21
P3,0.10,1.23,110
P3,-0.17,0.99,124
P3,-0.18,0.99,106
P3,0.02,0.66,148
P3,0.03,0.66,193
P3,-0.08,0.63,202
P3,-0.24,0.79,260
P3,-0.09,0.33,570
P3,0.05,1.09,153
P3,0.05,1.10,186
P3,-0.20,0.89,95
P3,-0.19,0.89,111
P3,0.03,0.30,802
P3,-0.20,0.90,121
P3,-0.20,0.91,203
P3,-0.19,0.91,151
P3,0.17,0.72,70
P3,0.17,0.73,108
P3,0.18,0.72,109
P3,-0.01,0.37,365
P3,-0.02,0.37,578
P3,0.20,1.06,96
P3,0.16,0.47,302
P3,0.19,1.13,105
P3,0.18,1.13,56
P3,0.06,0.34,477
P3,0.07,0.35,465
P3,-0.07,0.89,61
P3,-0.07,0.90,192
P3,0.01,0.39,674
P3,-0.06,0.70,269
P3,0.14,0.94,60
P3,0.15,0.94,117
P3,0.01,0.57,350
P3,0.00,0.58,326
P3,0.00,0.57,304
P3,-0.18,0.56,276
P3,-0.17,0.56,135
P3,-0.22,0.70,324
P3,-0.22,0.69,555
P3,-0.03,0.82,154
P3,0.00,0.63,200
P3,0.01,0.63,88
P3,-0.13,1.05,36
P3,-0.13,1.06,149
P3,-0.14,1.06,128
P3,-0.15,1.06,114
P3,-0.15,1.05,97
P3,-0.20,0.84,161
P3,-0.19,0.84,129
P3,-0.20,0.98,206
P3,-0.21,0.98,180
P3,0.08,0.22,6735
P3,0.08,0.23,3338
P3,0.20,0.91,40
P3,-0.17,0.87,137
P3,-0.05,0.32,703
P3,0.23,1.00,99
P3,-0.10,0.56,135
P3,-0.16,0.48,223
P3,-0.04,0.46,258
P3,-0.04,0.47,322
P3,-0.05,0.47,367
P3,0.01,0.38,640
P3,-0.20,0.81,118
P3,-0.19,0.81,151
P3,-0.11,0.56,205
P3,-0.11,0.57,99
P3,-0.07,0.57,288
P3,0.13,0.51,119
P3,0.14,0.51,204
P3,0.14,0.52,218
P3,0.15,0.52,147
P3,0.15,0.51,99
P3,0.05,1.33,65
P3,0.06,1.33,25
P3,0.06,1.32,33
P3,0.07,1.32,4
P3,-0.06,0.86,141
P3,-0.07,0.86,45
P3,-0.20,0.73,244
P3,-0.18,0.73,133
P3,0.02,0.85,30
P3,-0.16,0.46,293
P3,-0.10,0.82,141
P3,-0.11,0.82,175
P3,-0.11,0.83,118
P3,-0.12,0.82,82
P3,0.01,0.31,780
P3,-0.01,0.88,197
P3,0.00,0.88,140
P3,-0.10,0.31,5110
P3,0.07,0.81,50
P3,0.08,0.81,131
P3,0.09,0.81,179
P3,0.22,0.83,311
P3,0.23,0.84,171
P3,0.23,0.83,145
P3,0.20,0.66,196
P3,0.19,0.66,212
P3,0.17,0.85,51
P3,0.16,0.85,110
P3,0.02,0.69,156
P3,0.07,0.57,139
P3,0.08,0.57,185
P3,0.09,0.57,221
P3,-0.21,1.36,60
P3,-0.21,1.37,7
P3,-0.20,1.37,66
P3,-0.19,1.37,82
P3,-0.19,1.36,112
P3,-0.17,0.28,5
P3,0.20,0.86,143
P3,0.19,0.86,143
P3,0.18,0.86,119
P3,0.18,0.85,57
P3,-0.24,1.17,55
P3,-0.23,1.17,95
P3,-0.22,1.17,97
P3,0.24,0.81,106
P3,0.16,0.86,148
P3,0.17,0.86,119
P3,0.09,0.43,282
P3,-0.10,0.60,174
P3,-0.11,0.60,42
P3,-0.11,0.61,164
P3,0.12,0.51,98
P3,0.13,0.52,209
P3,-0.20,0.63,370
P3,-0.19,0.63,309
P3,-0.19,0.62,263
P3,-0.08,0.42,394
P3,-0.02,0.40,404
P3,-0.08,0.60,164
P3,-0.08,0.59,190
P3,-0.03,0.45,505
P3,-0.03,0.46,472
P3,0.19,0.68,241
P3,-0.06,1.13,86
P3,-0.07,1.13,90
P3,-0.08,1.13,39
P3,-0.01,0.36,538
P3,0.00,0.36,661
P3,-0.15,1.25,58
P3,-0.04,0.74,84
P3,-0.06,0.29,903
P3,-0.07,0.29,1443
P3,-0.11,0.21,1305
P3,0.15,1.35,36
P3,0.16,1.35,33
P3,0.17,1.35,16
P3,-0.19,0.94,121
P3,-0.01,0.27,1789
P3,0.17,0.91,54
P3,0.16,0.91,73
P3,0.16,0.92,138
P3,-0.14,1.35,107
P3,-0.15,1.35,119
P3,-0.16,1.35,34
P3,0.16,0.27,50
P3,0.00,0.96,166
P3,0.02,0.96,89
P3,0.07,0.42,367
P3,0.02,0.57,169
P3,0.03,0.57,328
P3,0.03,0.56,393
P3,0.19,0.69,217
P3,0.24,0.83,158
P3,0.24,1.01,101
P3,0.01,0.69,258
P3,0.01,0.68,282
P3,-0.13,1.15,59
P3,-0.14,1.15,72
P3,0.05,0.71,145
P3,0.06,0.71,121
P3,0.07,0.71,49
P3,-0.18,0.47,645
P3,-0.01,0.96,143
P3,-0.01,0.97,108
P3,-0.03,0.47,450
P3,-0.03,0.48,409
P3,-0.09,0.98,63
P3,-0.09,0.99,174
P3,-0.04,0.42,593
P3,0.20,0.88,155
P3,0.19,0.88,273
P3,0.19,0.87,122
P3,-0.24,0.93,221
P3,-0.24,0.92,130
P3,-0.23,0.92,120
P3,-0.09,0.91,52
P3,-0.09,0.92,157
P3,-0.15,0.53,185
P3,-0.16,0.53,100
P3,-0.09,0.26,2054
P3,-0.09,0.47,277
P3,-0.10,0.47,319
P3,-0.13,0.54,281
P3,-0.07,0.48,378
P3,-0.07,0.49,204
P3,0.24,1.14,66
P3,0.23,1.14,152
P3,0.21,1.12,21
P3,0.21,1.13,111
P3,0.20,1.13,107
P3,0.20,1.12,94
P3,0.17,0.92,37
P3,0.15,0.92,139
P3,0.17,1.13,64
P3,0.16,1.13,54
P3,0.15,1.13,14
P3,0.15,1.12,43
P3,-0.14,0.50,96
P3,-0.01,0.52,345
P3,0.07,0.48,249
P3,0.24,0.90,192
P3,0.23,0.90,257
P3,0.22,0.90,169
P3,0.19,0.47,539
P3,0.20,1.31,120
P3,0.20,1.32,32
P3,0.21,1.32,56
P3,0.21,1.31,103
P3,0.22,1.31,30
P3,-0.08,0.52,308
P3,0.24,0.62,641
P3,-0.12,0.44,177
P3,-0.14,0.88,23
P3,0.16,0.75,44
P3,0.23,0.81,179
P3,0.06,0.39,371
P3,0.07,0.39,558
P3,0.07,0.38,360
P3,0.23,1.15,35
P3,0.23,1.16,6
P3,0.24,1.16,30
P3,0.24,1.15,49
P3,0.17,1.10,160
P3,0.16,1.10,66
P3,0.20,1.35,14
P3,0.20,1.36,51
P3,0.19,1.36,69
P3,0.19,1.35,9
P3,-0.16,0.61,131
P3,-0.17,0.61,228
P3,0.24,0.65,455
P3,-0.24,0.72,232
P3,-0.17,0.55,266
P3,-0.18,0.55,324
P3,-0.18,0.54,253
P3,0.16,0.25,1
P3,0.14,0.77,54
P3,0.15,0.77,96
P3,0.16,0.77,136
P3,0.16,0.76,110
P3,0.19,0.62,274
P3,-0.24,0.75,175
P3,-0.13,0.38,308
P3,-0.12,0.38,188
P3,-0.09,0.96,62
P3,-0.10,0.96,108
P3,-0.10,0.95,77
P3,-0.16,0.65,67
P3,-0.17,0.65,91
P3,-0.16,0.39,1762
P3,-0.10,1.13,23
P3,-0.10,1.14,33
P3,-0.09,1.14,87
P3,-0.09,1.13,14
P3,-0.21,0.63,429
P3,0.03,0.42,404
P3,-0.05,0.84,172
P3,-0.04,0.84,124
P3,-0.15,1.10,90
P3,-0.14,1.10,62
P3,-0.17,0.46,579
P3,0.08,0.31,1098
P3,-0.18,0.84,108
P3,-0.24,0.81,411
P3,-0.11,0.51,184
P3,-0.12,0.51,117
P3,-0.12,0.50,198
P3,-0.07,0.62,90
P3,0.10,0.37,329
P3,0.10,0.36,257
P3,0.24,0.82,268
P3,0.23,0.82,189
P3,0.17,0.47,438
P3,0.16,0.48,444
P3,-0.17,0.83,163
P3,-0.14,1.14,34
P3,-0.13,1.14,55
P3,-0.12,1.14,39
P3,-0.16,0.82,156
P3,-0.17,0.82,108
P3,-0.18,0.82,163
P3,-0.18,0.81,84
P3,-0.17,0.85,84
P3,-0.16,0.85,87
P3,-0.15,0.85,86
P3,0.03,0.43,435
P3,0.24,1.06,81
P3,0.08,0.39,322
P3,0.09,0.40,202
P3,0.09,0.39,288
P3,0.10,0.39,253
P3,0.17,1.37,141
P3,0.18,1.37,151
P3,0.20,0.53,663
P3,0.19,0.83,65
P3,0.19,0.84,104
P3,0.21,0.83,179
P3,-0.17,1.05,72
P3,-0.16,1.05,119
P3,-0.10,0.38,187
P3,-0.11,0.38,300
P3,-0.24,1.02,68
P3,-0.24,1.03,64
P3,-0.23,1.03,110
P3,-0.22,1.03,130
P3,-0.22,1.02,84
P3,0.17,1.03,124
P3,0.17,1.04,81
P3,0.18,1.04,77
P3,0.18,1.03,125
P3,0.20,0.47,875
P3,-0.18,1.00,81
P3,-0.19,1.00,83
P3,-0.19,0.99,113
P3,-0.20,0.99,86
P3,-0.03,0.49,311
P3,0.02,0.33,933
P3,0.02,0.32,812
P3,-0.09,0.88,121
P3,-0.10,0.88,73
P3,-0.11,0.88,76
P3,-0.15,0.60,175
P3,-0.14,0.60,68
P3,-0.15,0.83,81
P3,-0.14,0.83,52
P3,-0.19,0.72,168
P3,0.13,1.03,39
P3,0.14,1.04,65
P3,0.14,1.03,52
P3,0.11,1.03,197
P3,0.11,1.02,83
P3,0.22,0.85,342
P3,0.16,1.12,67
P3,-0.07,0.79,104
P3,-0.08,0.79,91
P3,-0.14,1.37,88
P3,-0.15,1.37,66
P3,-0.16,1.37,48
P3,-0.16,1.36,55
P3,-0.15,0.92,74
P3,-0.15,0.93,118
P3,-0.14,0.93,104
P3,-0.04,0.59,251
P3,-0.04,0.60,361
P3,-0.03,0.59,255
P3,-0.06,0.47,273
P3,-0.06,0.48,210
P3,-0.05,0.48,321
P3,0.06,0.28,1203
P3,-0.18,0.63,223
P3,-0.03,0.60,200
P3,0.12,1.38,59
P3,0.11,1.38,21
P3,-0.10,0.21,1219
P3,0.06,0.26,8954
P3,-0.04,0.63,286
P3,-0.04,0.64,346
P3,-0.13,0.87,96
P3,-0.15,0.90,60
P3,-0.14,0.90,54
P3,-0.04,1.05,20
P3,0.13,0.56,113
P3,0.03,0.51,218
P3,0.04,0.67,251
P3,-0.12,1.27,43
P3,-0.11,1.27,41
P3,0.21,0.99,121
P3,0.20,0.99,79
P3,0.19,0.99,49
P3,-0.18,1.09,62
P3,-0.17,1.09,37
P3,-0.17,1.10,113
P3,-0.16,1.09,49
P3,0.18,0.68,83
P3,-0.07,0.51,169
P3,-0.07,0.52,239
P3,-0.06,0.52,255
P3,-0.06,0.51,195
P3,0.19,1.00,145
P3,0.18,1.00,88
P3,0.18,0.99,79
P3,0.08,1.11,42
P3,0.08,1.12,44
P3,-0.03,1.39,4
P3,-0.03,1.38,19
P3,0.11,0.68,76
P3,0.12,0.68,46
P3,0.12,0.82,52
P3,0.12,0.83,80
P3,0.13,0.83,30
P3,0.13,0.82,39
P3,-0.24,1.27,30
P3,-0.23,1.27,33
P3,-0.23,1.26,33
P3,-0.13,0.48,110
P3,-0.07,0.28,3334
P3,0.12,0.47,277
P3,-0.14,1.34,30
P3,-0.15,1.34,45
P3,-0.21,0.84,242
P3,-0.19,1.28,45
P3,-0.20,1.28,82
P3,-0.09,1.18,68
P3,-0.10,1.18,171
P3,-0.08,1.06,159
P3,-0.08,1.07,101
P3,0.21,1.08,70
P3,0.08,0.86,33
P3,0.10,0.86,47
P3,-0.14,1.05,47
P3,-0.23,0.96,205
P3,-0.22,0.67,369
P3,-0.03,0.92,133
P3,-0.04,0.92,154
P3,-0.07,1.39,5
P3,-0.07,1.38,15
P3,0.10,0.84,83
P3,0.10,0.85,67
P3,-0.04,0.72,188
P3,0.14,0.59,138
P3,0.14,0.60,67
P3,0.15,0.60,184
P3,-0.16,1.00,71
P3,-0.20,1.36,20
P3,-0.18,1.36,120
P3,-0.23,1.09,124
P3,-0.22,1.09,138
P3,-0.21,1.09,117
P3,-0.10,0.57,264
P3,0.20,1.21,81
P3,0.22,0.76,325
P3,-0.17,0.81,111
P3,-0.24,1.05,128
P3,-0.23,1.05,185
P3,0.01,1.23,135
P3,0.01,1.24,94
P3,0.10,0.81,105
P3,0.10,0.82,71
P3,0.11,0.82,118
P3,0.11,0.81,114
P3,0.10,0.43,274
P3,0.11,0.43,217
P3,-0.18,0.69,183
P3,-0.13,0.51,201
P3,-0.13,0.52,283
P3,-0.16,1.06,99
P3,0.23,1.13,45
P3,0.22,1.13,66
P3,-0.10,0.43,249
P3,-0.11,0.28,2789
P3,-0.08,0.34,247
P3,-0.09,0.34,314
P3,-0.05,1.35,55
P3,-0.05,1.36,60
P3,-0.04,1.35,14
P3,-0.04,1.34,1
P3,-0.13,0.49,211
P3,0.00,0.37,494
P3,-0.14,0.70,121
P3,-0.14,0.71,54
P3,-0.15,0.71,38
P3,-0.15,0.70,77
P3,0.05,0.48,416
P3,0.06,0.48,374
P3,0.07,0.93,57
P3,0.07,0.94,131
P3,0.08,0.94,96
P3,0.08,0.93,82
P3,0.10,0.54,179
P3,-0.11,0.29,2683
P3,-0.07,0.91,183
P3,-0.04,0.48,258
P3,-0.04,0.54,213
P3,-0.04,0.55,315
P3,-0.19,1.38,68
P3,-0.17,0.86,102
P3,0.00,0.48,325
P3,0.15,1.25,6
P3,0.16,1.25,32
P3,0.16,1.26,69
P3,0.17,1.26,52
P3,0.17,1.25,27
P3,0.14,0.41,373
P3,-0.02,0.96,86
P3,-0.03,0.96,40
P3,-0.03,0.95,26
P3,-0.18,0.58,230
P3,-0.24,1.21,83
P3,-0.23,1.21,56
P3,0.17,0.54,149
P3,0.16,0.55,149
P3,0.16,0.54,236
P3,-0.18,1.21,57
P3,-0.17,1.21,89
P3,0.14,0.66,86
P3,0.15,0.66,48
P3,0.15,0.65,131
P3,0.16,0.65,72
P3,0.16,1.28,21
P3,0.15,1.28,55
P3,0.14,1.28,74
P3,0.05,0.96,49
P3,0.05,0.97,33
P3,0.07,0.97,83
P3,0.07,0.96,118
P3,-0.24,0.96,168
P3,-0.23,0.97,116
P3,-0.22,0.97,123
P3,-0.21,0.95,218
P3,0.23,1.01,99
P3,-0.09,0.68,102
P3,-0.09,0.69,187
P3,0.18,0.69,125
P3,-0.05,1.01,106
P3,-0.05,1.02,70
P3,-0.06,1.01,79
P3,-0.17,1.30,34
P3,-0.16,1.30,74
P3,-0.15,1.30,55
P3,-0.03,0.85,59
P3,-0.19,1.10,74
P3,-0.18,1.10,136
P3,0.14,0.87,46
P3,-0.15,1.23,77
P3,-0.14,1.23,120
P3,-0.12,1.16,41
P3,-0.11,1.16,30
P3,-0.10,1.16,21
P3,0.12,0.44,169
P3,0.12,0.45,245
P3,0.13,0.44,170
P3,-0.19,0.73,95
P3,0.03,0.93,167
P3,0.03,0.94,276
P3,0.02,0.93,150
P3,0.10,0.48,246
P3,-0.21,0.69,352
P3,-0.01,0.56,257
P3,-0.18,0.76,87
P3,0.01,1.05,148
P3,0.08,0.65,216
P3,0.08,0.66,263
P3,-0.06,0.65,146
P3,-0.06,0.66,105
P3,-0.05,0.66,121
P3,-0.05,0.65,218
P3,-0.18,0.88,139
P3,0.18,0.58,201
P3,0.14,1.31,5
P3,0.14,1.32,90
P3,0.15,1.32,95
P3,0.15,1.31,4
P3,0.16,1.31,24
P3,-0.13,1.10,5
P3,-0.12,0.58,39
P3,-0.13,0.58,16
P3,-0.14,0.59,128
P3,0.21,0.85,246
P3,0.15,1.02,17
P3,0.15,1.03,99
P3,0.16,1.03,56
P3,0.16,1.02,40
P3,0.22,0.82,259
P3,0.20,0.51,841
P3,0.02,0.70,244
P3,0.01,0.70,63
P3,-0.13,0.55,246
P3,-0.16,0.55,250
P3,-0.23,1.10,169
P3,-0.22,1.10,93
P3,-0.21,1.10,72
P3,-0.03,0.69,162
P3,-0.01,0.25,1686
P3,-0.20,0.85,86
P3,-0.05,0.58,209
P3,-0.15,1.01,74
P3,-0.16,1.01,87
P3,-0.17,1.01,91
P3,0.11,0.59,178
P3,0.12,0.59,68
P3,0.13,0.59,83
P3,-0.02,0.36,552
P3,-0.01,0.83,187
P3,-0.01,0.82,78
P3,0.09,1.32,22
P3,0.09,1.33,43
P3,0.10,1.33,22
P3,0.10,1.32,6
P3,0.15,0.86,51
P3,-0.15,0.99,92
P3,-0.16,0.99,89
P3,-0.24,0.68,400
P3,0.24,0.69,279
P3,0.23,0.69,351
P3,-0.13,0.70,110
P3,0.01,0.66,306
P3,0.00,0.66,178
P3,0.00,0.67,273
P3,-0.01,0.67,287
P3,-0.01,0.66,136
P3,0.04,1.31,46
P3,0.05,1.31,111
P3,0.06,1.31,100
P3,0.08,0.21,11709
P3,0.06,0.60,168
P3,0.07,0.61,190
P3,0.07,0.60,187
P3,0.02,0.76,183
P3,0.02,0.77,152
P3,0.03,0.77,159
P3,0.03,0.76,139
P3,-0.18,0.97,85
P3,-0.22,1.05,162
P3,-0.21,1.05,147
P3,-0.20,1.05,140
P3,-0.01,0.61,143
P3,-0.02,0.61,229
P3,-0.16,0.78,34
P3,-0.15,0.78,89
P3,-0.14,0.78,110
P3,0.01,0.59,379
P3,-0.16,0.79,81
P3,-0.15,0.79,80
P3,0.19,0.71,251
P3,0.19,0.70,185
P3,-0.16,0.59,178
P3,0.20,0.96,105
P3,-0.05,1.29,121
P3,-0.05,1.30,110
P3,0.10,0.38,368
P3,0.24,1.37,11
P3,-0.17,0.57,134
P3,-0.18,0.57,217
P3,-0.19,0.60,488
P3,-0.01,0.81,104
P3,0.20,1.08,118
P3,0.19,1.08,161
P3,-0.01,1.09,151
P3,-0.01,1.10,77
P3,0.16,0.64,83
P3,0.17,0.64,190
P3,0.18,0.64,218
P3,0.23,0.71,342
P3,0.10,0.40,145
P3,0.09,0.41,175
P3,-0.08,1.25,92
P3,-0.09,1.25,112
P3,-0.10,1.25,161
P3,-0.10,1.24,98
P3,-0.17,0.89,67
P3,-0.18,0.89,99
P3,-0.19,0.90,132
P3,-0.12,0.78,42
P3,-0.13,0.78,86
P3,0.18,1.36,70
P3,0.18,1.35,2
P3,0.15,1.15,60
P3,0.14,1.15,37
P3,-0.02,0.72,191
P3,-0.10,0.68,98
P3,-0.11,0.68,143
P3,-0.11,0.69,82
P3,-0.12,0.68,189
P3,0.12,0.99,102
P3,0.13,0.99,95
P3,0.14,0.99,79
P3,0.24,0.84,290
P3,-0.06,1.02,87
P3,-0.08,1.03,60
P3,-0.08,1.02,105
P3,-0.17,0.88,49
P3,0.16,1.38,64
P3,0.15,1.38,35
P3,-0.01,0.57,180
P3,-0.02,0.57,379
P3,0.15,0.71,117
P3,0.16,0.71,96
P3,0.23,1.04,131
P3,-0.03,0.74,120
P3,0.06,0.76,142
P3,0.05,0.76,73
P3,0.05,0.77,131
P3,0.04,0.65,340
P3,-0.10,1.26,113
P3,-0.11,1.26,75
P3,-0.11,1.25,87
P3,0.02,0.90,148
P3,0.02,0.91,117
P3,0.03,0.91,141
P3,0.04,0.91,151
P3,0.04,0.90,113
P3,0.10,0.22,4864
P3,-0.16,1.20,78
P3,-0.17,1.20,165
P3,-0.15,1.17,70
P3,-0.17,1.17,7
P3,0.18,0.77,59
P3,0.18,0.78,299
P3,0.15,0.50,138
P3,0.16,0.50,112
P3,-0.02,1.06,21
P3,0.11,0.36,353
P3,0.02,0.78,248
P3,0.03,0.78,150
P3,0.08,1.15,28
P3,0.08,1.16,19
P3,0.09,1.16,43
P3,0.09,1.15,101
P3,0.10,1.15,80
P3,-0.07,1.27,83
P3,-0.07,1.26,12
P3,0.16,0.61,168
P3,-0.02,0.74,147
P3,-0.02,0.75,267
P3,0.23,0.70,335
P3,0.22,0.70,405
P3,-0.01,0.84,168
P3,-0.13,0.82,62
P3,-0.14,0.82,52
P3,0.18,0.94,160
P3,-0.11,1.12,77
P3,-0.10,1.12,75
P3,0.04,0.68,368
P3,0.05,0.67,160
P3,-0.03,0.64,278
P3,-0.12,1.06,122
P3,0.17,1.21,112
P3,0.17,1.20,48
P3,0.19,1.09,162
P3,0.18,1.08,130
P3,0.21,1.36,83
P3,0.22,1.36,61
P3,0.03,0.55,268
P3,-0.16,0.95,49
P3,0.04,1.29,19
P3,0.05,1.29,55
P3,0.06,1.29,92
P3,0.14,1.14,47
P3,-0.08,0.64,227
P3,0.14,0.86,13
P3,-0.21,1.03,122
P3,-0.20,1.03,122
P3,0.07,0.64,207
P3,0.08,0.64,294
P3,0.09,0.64,115
P3,0.00,0.92,139
P3,0.00,0.93,53
P3,-0.01,0.92,157
P3,0.14,0.42,87
P3,-0.23,0.98,60
P3,-0.22,0.98,94
P3,-0.23,1.20,71
P3,0.15,0.88,82
P3,-0.24,1.16,52
P3,-0.24,1.15,95
P3,0.11,0.35,297
P3,-0.21,0.67,298
P3,0.13,0.40,296
P3,0.13,0.41,499
P3,0.17,0.53,205
P3,0.18,0.53,418
P3,0.21,1.18,67
P3,0.21,1.19,134
P3,0.20,1.19,126
P3,0.19,1.18,47
P3,0.18,0.70,98
P3,0.17,0.69,47
P3,0.08,0.63,88
P3,0.04,0.46,477
P3,-0.08,0.73,148
P3,-0.09,0.73,236
P3,-0.09,0.72,192
P3,0.24,0.93,150
P3,0.23,0.93,174
P3,-0.21,1.38,69
P3,-0.17,1.08,152
P3,-0.05,0.80,189
P3,-0.05,0.81,110
P3,-0.17,1.18,117
P3,-0.17,1.19,71
P3,-0.18,1.19,85
P3,-0.18,1.18,73
P3,-0.19,1.18,34
P3,-0.07,0.42,357
P3,-0.11,0.47,272
P3,-0.03,0.37,561
P3,-0.06,1.31,6
P3,-0.06,1.32,41
P3,-0.05,1.32,28
P3,-0.05,1.31,8
P3,0.20,1.03,104
P3,-0.06,0.84,148
P3,0.19,1.16,122
P3,0.23,1.22,67
P3,0.22,1.22,69
P3,0.21,1.22,81
P3,0.00,0.59,228
P3,-0.19,0.54,660
P3,-0.18,0.53,284
P3,-0.12,0.39,452
P3,-0.09,0.50,119
P3,-0.07,0.56,231
P3,-0.06,0.56,221
P3,0.14,0.95,30
P3,0.13,0.95,75
P3,0.12,0.95,84
P3,0.12,0.94,71
P3,0.06,1.09,52
P3,0.07,1.09,31
P3,-0.10,0.73,163
P3,-0.11,0.73,103
P3,-0.11,0.72,121
P3,-0.11,0.65,118
P3,-0.12,0.65,51
P3,-0.03,0.89,129
P3,-0.03,0.90,40
P3,-0.04,0.90,201
P3,-0.04,0.89,118
P3,-0.13,1.23,64
P3,-0.02,0.67,224
P3,-0.02,0.68,277
P3,0.14,0.98,32
P3,0.12,0.98,64
P3,-0.07,0.65,151
P3,0.16,0.62,79
P3,0.16,0.63,120
P3,0.15,0.62,80
P3,-0.12,0.49,199
P3,-0.12,0.48,311
P3,-0.13,0.96,34
P3,-0.14,0.96,35
P3,-0.14,0.97,81
P3,-0.15,0.97,52
P3,-0.15,0.96,96
P3,0.18,0.62,148
P3,0.17,0.62,55
P3,-0.07,0.47,257
P3,-0.08,0.47,162
P3,0.15,0.83,116
P3,0.15,0.84,28
P3,0.16,0.84,120
P3,0.17,0.84,91
P3,0.17,0.83,80
P3,-0.24,1.36,19
P3,0.03,1.16,102
P3,0.03,1.17,102
P3,0.04,1.17,49
P3,0.04,1.16,61
P3,0.06,0.77,198
P3,0.06,0.78,58
P3,0.07,0.78,151
P3,0.08,0.78,84
P3,0.08,0.77,105
P3,0.04,0.56,377
P3,0.04,0.57,410
P3,0.05,0.57,323
P3,0.05,0.56,195
P3,0.19,0.65,210
P3,0.20,0.65,252
P3,-0.14,0.76,111
P3,-0.15,0.76,121
P3,-0.08,0.90,97
P3,-0.09,0.90,27
P3,0.17,1.24,64
P3,0.16,1.24,41
P3,0.11,1.27,37
P3,0.10,1.27,62
P3,0.09,1.27,82
P3,-0.04,0.38,407
P3,0.19,0.91,34
P3,0.18,0.91,36
P3,0.16,0.95,57
P3,0.18,1.10,167
P3,0.18,1.11,64
P3,0.19,1.10,185
P3,0.18,0.97,141
P3,0.17,0.97,102
P3,0.14,0.54,137
P3,0.14,0.53,218
P3,0.12,0.79,40
P3,0.13,0.79,54
P3,-0.15,1.08,101
P3,-0.16,1.08,75
P3,-0.16,1.07,102
P3,-0.11,0.85,177
P3,-0.12,0.85,117
P3,-0.13,0.85,84
P3,0.16,0.70,87
P3,0.17,0.70,74
P3,0.16,1.37,80
P3,0.09,0.22,8872
P3,0.11,0.22,925
P3,0.17,0.68,40
P3,0.24,0.99,132
P3,0.23,0.99,168
P3,0.22,0.99,81
P3,0.17,0.60,239
P3,-0.16,1.18,95
P3,-0.21,0.87,170
P3,-0.22,0.87,249
P3,-0.23,0.86,140
P3,0.18,1.06,43
P3,0.17,1.06,91
P3,0.16,1.06,43
P3,-0.04,0.61,218
P3,-0.17,0.52,220
P3,0.18,1.07,116
P3,0.19,1.07,89
P3,-0.20,1.19,33
P3,-0.19,1.19,88
P3,0.08,1.27,83
P3,0.09,1.28,55
P3,-0.21,1.04,60
P3,-0.20,1.04,117
P3,0.22,0.98,107
P3,0.21,0.98,116
P3,0.20,0.98,23
P3,0.03,0.70,284
P3,0.03,0.71,235
P3,0.04,0.71,122
P3,0.04,0.70,157
P3,-0.05,0.56,176
P3,-0.02,0.38,551
P3,-0.02,1.08,90
P3,-0.01,1.08,117
P3,-0.15,0.86,56
P3,-0.16,0.86,91
P3,-0.15,0.87,33
P3,-0.16,0.88,23
P3,0.09,0.21,8011
P3,0.08,0.52,151
P3,-0.12,0.94,117
P3,-0.13,0.94,180
P3,-0.14,0.94,143
P3,-0.05,1.16,74
P3,-0.04,1.16,170
P3,-0.04,1.15,71
P3,0.08,1.20,18
P3,0.09,1.20,38
P3,0.09,1.21,96
P3,0.10,1.21,43
P3,0.10,1.20,35
P3,0.17,0.57,203
P3,0.24,0.96,199
P3,0.09,0.53,193
P3,0.09,0.52,95
P3,-0.10,1.17,29
P3,0.04,0.55,296
P3,0.07,1.05,34
P3,0.08,1.05,41
P3,0.09,1.05,67
P3,0.03,0.44,304
P3,0.01,0.49,395
P3,0.11,0.83,78
P3,0.03,0.92,87
P3,0.01,0.37,512
P3,0.00,0.52,406
P3,-0.11,1.17,132
P3,-0.20,0.55,646
P3,-0.08,1.05,62
P3,-0.09,1.06,234
P3,-0.10,1.06,123
P3,-0.10,1.05,101
P3,-0.15,0.94,89
P3,-0.15,0.95,46
P3,-0.16,0.94,50
P3,-0.01,0.94,166
P3,0.00,0.94,91
P3,0.13,1.09,40
P3,-0.06,0.80,159
P3,-0.10,0.80,49
P3,-0.11,0.80,63
P3,0.01,1.34,32
P3,0.01,1.35,49
P3,0.00,1.35,54
P3,0.00,1.34,23
P3,-0.01,1.34,2
P3,0.20,1.00,179
P3,-0.19,0.82,152
P3,-0.09,0.54,136
P3,-0.09,0.56,129
P3,0.03,1.25,5
P3,0.03,1.26,6
P3,0.04,1.26,31
P3,0.05,1.26,24
P3,0.05,1.25,62
P3,0.12,1.03,136
P3,0.05,0.58,296
P3,0.06,0.58,259
P3,0.06,0.57,277
P3,0.23,0.96,247
P3,-0.05,0.89,107
P3,-0.06,0.89,157
P3,0.02,1.01,46
P3,0.02,1.02,86
P3,-0.24,0.91,48
P3,0.02,0.60,362
P3,-0.19,1.07,70
P3,-0.18,1.07,138
P3,-0.18,1.08,137
P3,-0.17,1.07,110
P3,-0.06,0.57,233
P3,0.19,0.85,110
P3,0.12,0.81,50
P3,0.13,0.81,128
P3,0.16,0.98,110
P3,0.16,0.99,63
P3,0.15,0.99,124
P3,0.03,0.46,532
P3,-0.01,0.70,177
P3,-0.02,0.70,257
P3,-0.02,0.69,110
P3,-0.10,0.20,1521
P3,-0.08,1.04,51
P3,-0.07,1.04,106
P3,-0.20,1.07,86
P3,0.02,0.52,369
P3,0.04,0.52,284
P3,0.08,0.79,93
P3,0.08,0.80,142
P3,0.09,0.80,147
P3,0.09,0.79,184
P3,0.10,0.79,137
P3,0.06,0.49,382
P3,-0.21,0.97,138
P3,-0.20,0.97,147
P3,-0.13,0.83,131
P3,-0.15,0.82,118
P3,0.23,1.18,80
P3,0.23,1.19,44
P3,0.22,1.19,124
P3,0.22,1.18,43
P3,-0.13,1.11,49
P3,-0.13,1.12,133
P3,-0.17,1.06,66
P3,-0.18,1.06,104
P3,-0.18,1.05,60
P3,-0.19,1.05,77
P3,-0.17,0.47,160
P3,0.19,0.80,163
P3,-0.08,0.77,72
P3,-0.09,0.27,3899
P3,0.18,0.47,541
P3,0.08,1.21,35
P3,0.08,0.56,216
P3,0.03,0.72,175
P3,0.04,0.72,231
P3,-0.20,0.75,240
P3,-0.19,0.65,174
P3,-0.18,0.65,83
P3,0.10,0.47,213
P3,-0.11,1.14,68
P3,0.09,0.77,121
P3,0.09,0.78,73
P3,0.10,0.77,95
P3,0.17,0.71,36
P3,0.11,0.95,91
P3,-0.04,0.52,315
P3,-0.04,0.53,132
P3,-0.22,1.25,72
P3,-0.21,1.25,74
P3,-0.20,1.25,48
P3,-0.11,1.23,48
P3,-0.11,1.24,73
P3,-0.12,1.23,30
P3,0.18,0.93,157
P3,0.16,1.34,30
P3,-0.03,0.36,656
P3,-0.03,1.23,87
P3,-0.02,1.23,81
P3,0.10,0.80,68
P3,0.15,0.98,51
P3,0.16,0.97,55
P3,-0.15,1.18,42
P3,-0.14,1.18,52
P3,-0.14,1.19,70
P3,-0.12,1.05,63
P3,-0.13,0.65,95
P3,-0.13,0.66,82
P3,-0.14,0.66,123
P3,-0.24,1.08,91
P3,-0.24,1.09,97
P3,-0.23,1.08,113
P3,-0.22,1.08,119
P3,-0.15,1.03,136
P3,-0.14,1.03,167
P3,0.04,1.11,32
P3,0.04,1.12,57
P3,0.05,1.12,121
P3,0.06,1.12,59
P3,0.06,1.11,93
P3,-0.24,1.23,69
P3,-0.23,1.23,67
P3,-0.22,1.23,58
P3,0.21,0.79,205
P3,-0.05,0.52,171
P3,-0.08,0.70,150
P3,-0.18,1.31,17
P3,-0.17,1.31,56
P3,-0.16,1.31,56
P3,0.08,0.96,73
P3,0.08,0.97,81
P3,0.09,0.96,67
P3,0.09,1.22,18
P3,0.08,1.22,42
P3,0.07,0.80,52
P3,0.07,0.79,63
P3,-0.11,0.97,46
P3,-0.11,0.98,93
P3,0.16,1.21,86
P3,0.24,0.42,146007
P3,-0.24,0.99,172
P3,-0.23,0.99,84
P3,-0.23,0.89,162
P3,-0.23,1.15,112
P3,-0.22,1.15,122
P3,0.05,0.66,158
P3,0.06,0.66,113
P3,0.07,0.66,214
P3,0.20,1.22,50
P3,0.20,1.23,66
P3,0.19,1.23,72
P3,0.19,0.89,109
P3,0.20,0.89,202
P3,-0.05,0.51,423
P3,0.16,0.49,340
P3,0.08,0.73,134
P3,0.09,0.72,26
P3,0.10,1.36,10
P3,0.11,1.36,53
P3,0.12,1.36,41
P3,-0.17,0.68,59
P3,-0.18,0.68,152
P3,-0.24,0.42,135945
P3,-0.10,0.39,244
P3,0.09,1.12,117
P3,0.10,1.12,9
P3,0.15,0.80,111
P3,0.15,0.81,21
P3,0.16,0.80,127
P3,0.17,0.80,61
P3,0.15,0.79,75
P3,-0.07,1.16,165
P3,-0.08,1.16,106
P3,-0.09,1.16,60
P3,-0.09,1.15,125
P3,0.02,0.37,637
P3,0.01,0.67,230
P3,-0.22,0.83,223
P3,0.18,1.16,129
P3,0.17,1.16,140
P3,0.16,1.16,76
P3,-0.02,0.85,112
P3,-0.02,0.86,121
P3,-0.03,0.86,62
P3,-0.01,1.19,46
P3,-0.01,1.20,133
P3,0.19,0.78,201
P3,0.17,0.78,132
P3,0.09,0.82,37
P3,0.09,0.83,71
P3,0.10,0.83,60
P3,-0.07,0.63,190
P3,-0.08,0.62,121
P3,-0.07,0.68,152
P3,-0.07,0.69,155
P3,-0.06,0.69,62
P3,-0.06,0.68,74
P3,0.09,1.11,96
P3,0.13,1.08,33
P3,0.14,1.08,48
P3,0.15,1.08,36
P3,0.07,0.74,108
P3,0.19,1.26,56
P3,0.19,1.27,26
P3,0.20,1.27,86
P3,0.23,0.89,154
P3,0.22,0.89,186
P3,0.21,0.89,291
P3,-0.21,0.99,136
P3,0.08,0.84,80
P3,0.08,0.85,92
P3,0.03,1.00,10
P3,-0.07,0.95,27
P3,-0.07,0.96,39
P3,-0.08,0.96,71
P3,-0.09,0.95,37
P3,-0.13,0.20,231
P3,0.14,1.35,52
P3,0.13,1.35,37
P3,-0.07,0.76,186
P3,0.08,1.32,82
P3,0.09,1.31,15
P3,-0.03,0.38,408
P3,-0.07,0.82,73
P3,-0.07,0.83,202
P3,-0.08,0.83,148
P3,-0.08,0.82,114
P3,0.14,0.58,154
P3,0.15,0.58,108
P3,-0.14,0.53,69
P3,-0.12,0.20,997
P3,-0.05,1.18,49
P3,-0.06,1.19,57
P3,-0.06,1.18,97
P3,-0.19,0.58,420
P3,0.23,0.75,343
P3,0.15,1.10,30
P3,-0.17,0.53,208
P3,-0.12,0.73,80
P3,-0.12,0.74,58
P3,0.23,1.23,77
P3,0.22,1.23,52
P3,0.21,1.23,78
P3,-0.11,0.76,152
P3,-0.12,0.76,140
P3,-0.13,0.76,56
P3,-0.13,0.75,14
P3,-0.14,0.80,88
P3,-0.15,0.80,163
P3,-0.01,1.29,17
P3,-0.01,1.30,34
P3,0.00,1.30,48
P3,0.00,1.29,23
P3,0.20,1.18,25
P3,-0.01,0.63,444
P3,0.02,0.99,41
P3,-0.06,1.06,58
P3,0.12,0.85,22
P3,0.13,0.85,36
P3,0.14,0.55,131
P3,0.11,1.08,29
P3,0.10,1.08,73
P3,0.09,1.08,45
P3,-0.08,1.11,65
P3,-0.10,1.10,53
P3,0.07,0.62,162
P3,-0.10,0.81,112
P3,-0.11,0.81,68
P3,-0.12,0.81,137
P3,-0.21,0.91,171
P3,-0.08,0.27,8555
P3,0.24,0.80,243
P3,-0.24,1.06,107
P3,-0.23,1.06,124
P3,-0.08,0.46,194
P3,0.05,0.74,116
P3,0.06,0.74,161
P3,0.24,1.13,29
P3,0.24,1.12,31
P3,0.24,1.11,33
P3,0.23,1.11,106
P3,-0.05,0.97,101
P3,-0.06,0.97,75
P3,-0.07,0.97,95
P3,-0.13,0.95,20
P3,-0.12,0.96,18
P3,-0.12,0.95,52
P3,-0.13,0.97,88
P3,-0.12,0.97,63
P3,0.00,0.74,88
P3,-0.20,0.64,317
P3,-0.06,1.21,19
P3,-0.07,1.22,39
P3,-0.08,1.22,19
P3,-0.08,1.21,24
P3,-0.17,1.36,46
P3,-0.19,1.04,96
P3,-0.03,1.03,56
P3,-0.04,1.03,242
P3,-0.05,1.03,42
P3,-0.07,0.81,32
P3,-0.08,0.81,95
P3,-0.09,0.82,153
P3,-0.09,0.81,136
P3,-0.24,1.10,103
P3,0.19,0.64,186
P3,-0.06,1.00,90
P3,-0.07,1.00,86
P3,-0.07,1.01,218
P3,-0.22,1.39,25
P3,-0.22,1.38,138
P3,0.14,1.30,38
P3,0.13,1.30,84
P3,0.18,0.87,142
P3,0.10,0.49,122
P3,-0.11,1.07,146
P3,-0.05,0.72,107
P3,-0.12,0.72,96
P3,-0.04,1.30,29
P3,-0.04,1.31,20
P3,-0.16,1.39,4
P3,-0.24,1.04,61
P3,-0.23,1.04,100
P3,-0.06,0.81,33
P3,-0.04,1.27,57
P3,-0.03,1.27,65
P3,-0.03,1.26,48
P3,-0.06,0.58,194
P3,-0.07,0.58,251
P3,-0.24,1.22,83
P3,-0.11,0.66,78
P3,-0.11,0.86,34
P3,-0.10,0.75,28
P3,-0.10,1.31,68
P3,-0.11,1.31,129
P3,-0.12,1.31,62
P3,-0.12,1.30,89
P3,0.06,1.03,64
P3,0.06,1.04,118
P3,-0.23,0.87,170
P3,0.15,0.97,68
P3,0.16,0.57,116
P3,0.00,0.75,122
P3,-0.17,1.12,92
P3,-0.16,1.12,107
P3,-0.15,1.12,86
P3,0.06,0.59,142
P3,0.07,0.59,181
P3,0.08,0.59,222
P3,0.03,0.86,115
P3,-0.07,0.72,97
P3,-0.08,0.71,156
P3,-0.18,0.62,193
P3,-0.17,0.62,182
P3,-0.10,0.85,185
P3,0.09,0.71,152
P3,0.10,0.71,57
P3,0.10,0.72,50
P3,0.11,0.72,62
P3,0.11,0.71,32
P3,-0.10,1.27,70
P3,-0.08,1.27,26
P3,-0.05,0.94,188
P3,-0.06,0.94,109
P3,-0.06,0.93,152
P3,-0.23,1.16,43
P3,-0.22,1.16,112
P3,0.18,0.95,134
P3,0.14,0.74,56
P3,0.15,0.74,141
P3,0.16,0.74,112
P3,-0.07,0.64,178
P3,0.06,0.75,116
P3,0.22,0.86,194
P3,-0.14,0.86,108
P3,-0.14,0.87,27
P3,0.11,0.58,147
P3,0.12,0.58,102
P3,0.13,0.58,124
P3,0.05,0.78,74
P3,0.01,0.42,468
P3,0.15,0.53,63
P3,0.15,0.54,145
P3,0.07,0.86,135
P3,0.07,0.87,111
P3,-0.07,1.37,20
P3,-0.08,1.37,21
P3,-0.09,1.36,43
P3,-0.12,0.98,63
P3,-0.13,0.98,64
P3,-0.14,0.98,64
P3,0.12,0.93,44
P3,0.17,0.63,135
P3,0.11,0.65,120
P3,0.11,0.66,103
P3,0.12,0.66,102
P3,-0.09,0.89,102
P3,-0.09,0.87,82
P3,0.09,0.48,138
P3,0.11,0.45,265
P3,-0.06,0.90,99
P3,-0.06,0.91,48
P3,0.12,0.90,40
P3,0.12,0.91,54
P3,0.13,0.91,79
P3,-0.23,1.00,105
P3,-0.23,1.01,125
P3,-0.22,1.01,86
P3,-0.21,1.01,123
P3,-0.21,1.00,52
P3,-0.11,0.53,142
P3,0.12,1.01,82
P3,0.11,1.01,75
P3,0.10,1.01,90
P3,-0.14,1.30,6
P3,-0.13,1.30,21
P3,-0.12,1.29,1
P3,-0.04,0.69,86
P3,-0.21,1.16,44
P3,0.23,1.35,51
P3,0.22,1.35,129
P3,-0.04,0.51,369
P3,-0.17,1.23,67
P3,-0.23,0.93,171
P3,0.21,1.39,5
P3,0.21,1.38,41
P3,0.18,1.09,150
P3,0.17,1.09,195
P3,-0.17,1.34,65
P3,-0.16,1.34,68
P3,0.06,0.95,54
P3,0.05,0.95,157
P3,0.05,0.94,130
P3,0.08,0.71,86
P3,0.18,0.83,171
P3,0.14,0.80,117
P3,-0.06,0.64,198
P3,-0.03,0.76,143
P3,-0.03,0.77,107
P3,-0.04,0.77,101
P3,0.08,0.58,184
P3,0.09,0.58,271
P3,0.04,0.92,151
P3,0.14,1.16,36
P3,0.14,1.17,38
P3,0.13,1.17,19
P3,0.13,1.16,79
P3,0.12,1.16,16
P3,0.14,1.01,96
P3,0.15,1.01,86
P3,0.16,1.01,27
P3,-0.08,0.87,118
P3,-0.10,0.87,51
P3,0.23,1.12,55
P3,0.01,0.82,166
P3,0.00,0.83,178
P3,0.00,0.82,90
P3,0.06,1.39,20
P3,0.06,1.38,99
P3,-0.24,0.86,131
P3,0.05,0.87,154
P3,0.04,0.87,147
P3,0.22,0.96,111
P3,0.22,0.97,91
P3,0.21,0.97,108
P3,0.21,0.96,112
P3,-0.09,1.20,36
P3,0.09,0.85,57
P3,0.11,0.85,34
P3,-0.08,0.41,392
P3,0.00,0.70,165
P3,-0.01,0.75,186
P3,-0.01,0.74,172
P3,0.18,0.88,159
P3,0.17,0.98,106
P3,-0.07,0.98,23
P3,-0.08,0.98,64
P3,0.18,0.84,90
P3,-0.05,0.87,113
P3,-0.06,0.87,81
P3,0.12,0.86,35
P3,0.12,0.87,108
P3,0.09,0.59,240
P3,0.04,0.66,205
P3,-0.07,0.87,109
P3,-0.15,0.88,47
P3,-0.03,0.87,20
P3,-0.04,0.87,65
P3,0.02,1.07,3
P3,0.02,1.08,55
P3,0.03,1.08,123
P3,0.03,1.07,60
P3,-0.01,0.89,197
P3,0.04,0.93,56
P3,0.05,0.92,236
P3,0.04,0.75,138
P3,0.04,0.76,61
P3,0.03,0.75,112
P3,0.11,1.23,19
P3,0.12,1.23,45
P3,0.13,1.23,63
P3,-0.23,0.78,223
P3,-0.13,0.93,100
P3,-0.12,0.93,80
P3,0.23,0.73,261
P3,-0.17,1.11,23
P3,-0.16,1.11,40
P3,-0.01,0.87,173
P3,-0.13,0.81,90
P3,-0.13,0.80,44
P3,-0.08,0.69,140
P3,0.09,1.23,51
P3,0.04,1.06,80
P3,0.20,0.78,178
P3,-0.14,1.01,33
P3,-0.24,1.13,152
P3,-0.20,1.17,100
P3,-0.19,1.17,103
P3,-0.18,1.17,24
P3,0.03,0.81,42
P3,0.16,1.04,85
P3,0.15,1.04,57
P3,0.18,0.61,171
P3,0.00,1.22,92
P3,0.00,1.23,173
P3,-0.01,1.22,64
P3,-0.11,0.84,94
P3,-0.12,0.84,113
P3,-0.06,0.63,231
P3,0.05,0.79,175
P3,0.05,0.80,168
P3,0.08,0.89,71
P3,0.10,1.05,61
P3,0.11,1.05,93
P3,0.01,0.41,390
P3,-0.18,1.04,89
P3,0.16,0.83,68
P3,0.23,0.74,364
P3,0.15,1.39,9
P3,0.05,0.60,199
P3,-0.17,1.14,64
P3,-0.16,1.14,99
P3,-0.15,1.14,56
P3,0.06,0.63,219
P3,-0.09,0.55,226
P3,-0.10,0.54,221
P3,-0.02,1.24,47
P3,-0.11,0.79,120
P3,0.17,1.01,33
P3,-0.07,0.50,229
P3,-0.08,0.50,97
P3,0.12,1.32,34
P3,-0.07,0.88,83
P3,-0.06,1.07,87
P3,-0.11,1.00,78
P3,-0.11,1.01,162
P3,-0.12,1.01,105
P3,-0.12,1.00,69
P3,-0.04,0.96,28
P3,-0.05,0.96,93
P3,-0.06,0.96,45
P3,0.09,0.20,2171
P3,0.18,0.90,82
P3,0.17,0.90,90
P3,-0.01,0.90,195
P3,-0.03,0.75,207
P3,0.05,0.55,243
P3,-0.15,1.26,82
P3,0.13,0.94,34
P3,0.16,0.90,62
P3,0.15,0.89,115
P3,0.11,1.29,78
P3,0.10,1.29,96
P3,0.20,0.54,675
P3,-0.12,0.47,200
P3,-0.13,0.47,74
P3,0.21,1.35,132
P3,0.21,1.34,72
P3,0.03,1.24,11
P3,0.04,1.24,54
P3,0.05,1.24,63
P3,-0.05,0.95,124
P3,0.08,0.38,399
P3,-0.17,1.00,67
P3,0.04,1.01,205
P3,0.05,1.01,109
P3,0.10,0.59,248
P3,0.11,0.60,154
P3,0.18,1.33,26
P3,0.19,1.33,46
P3,-0.10,1.32,31
P3,0.17,1.27,63
P3,0.18,1.27,19
P3,-0.03,1.16,1
P3,-0.03,1.17,59
P3,-0.04,1.17,129
P3,-0.05,1.17,16
P3,0.04,0.77,146
P3,0.15,1.00,82
P3,0.14,1.00,84
P3,-0.08,1.09,123
P3,-0.09,1.09,113
P3,-0.18,0.72,42
P3,0.00,1.27,12
P3,0.00,1.28,100
P3,-0.11,0.20,3051
P3,0.15,0.82,130
P3,-0.12,0.54,242
P3,0.02,1.31,14
P3,0.02,1.32,140
P3,0.03,1.31,12
P3,-0.08,0.68,95
P3,0.05,0.45,293
P3,-0.08,1.01,116
P3,-0.09,1.02,67
P3,-0.09,1.01,91
P3,0.24,1.10,13
P3,0.23,1.10,67
P3,0.21,0.86,85
P3,-0.22,0.91,96
P3,0.04,0.59,156
P3,0.04,0.60,232
P3,-0.08,1.26,41
P3,-0.08,0.74,181
P3,-0.09,0.74,129
P3,-0.10,0.74,86
P3,0.06,0.88,96
P3,0.06,0.87,67
P3,-0.21,1.15,105
P3,-0.15,1.36,67
P3,-0.14,1.36,102
P3,0.03,0.88,131
P3,0.03,0.89,274
P3,0.24,0.74,293
P3,-0.11,0.92,76
P3,-0.12,0.92,111
P3,0.17,1.39,8
P3,0.17,1.38,53
P3,-0.24,1.34,66
P3,-0.23,1.33,109
P3,0.02,0.89,120
P3,-0.11,0.99,102
P3,-0.12,0.99,98
P3,0.12,0.75,83
P3,0.13,0.75,51
P3,0.13,0.74,39
P3,-0.14,0.79,95
P3,-0.15,0.69,79
P3,-0.20,0.59,375
P3,0.05,0.75,177
P3,-0.15,0.62,63
P3,-0.15,0.63,39
P3,-0.16,0.63,135
P3,-0.17,0.63,148
P3,0.24,0.75,288
P3,0.11,1.14,29
P3,0.11,1.15,102
P3,0.12,1.15,45
P3,-0.05,0.98,131
P3,-0.04,0.98,29
P3,-0.04,0.97,65
P3,-0.13,0.50,173
P3,-0.01,1.03,199
P3,0.19,1.37,93
P3,-0.16,0.97,57
P3,0.13,1.18,42
P3,0.12,1.18,21
P3,0.12,1.17,55
P3,0.10,0.65,92
P3,-0.18,1.24,37
P3,-0.17,1.24,35
P3,-0.23,1.25,57
P3,-0.22,1.26,74
P3,-0.21,1.26,54
P3,0.08,0.51,218
P3,0.07,0.52,121
P3,0.07,0.51,203
P3,-0.05,1.05,48
P3,-0.06,1.05,55
P3,-0.22,1.30,12
P3,-0.21,1.31,79
P3,-0.20,1.30,51
P3,0.04,0.89,132
P3,0.01,0.77,312
P3,0.23,0.97,80
P3,-0.05,1.09,85
P3,-0.21,1.27,77
P3,-0.20,1.27,103
P3,-0.19,1.27,86
P3,0.22,0.69,430
P3,0.04,0.74,105
P3,0.02,0.79,117
P3,0.04,0.78,125
P3,0.14,1.18,36
P3,0.05,1.05,69
P3,0.05,1.06,41
P3,-0.12,1.19,74
P3,-0.08,1.18,12
P3,0.18,0.80,69
P3,0.13,1.01,46
P3,-0.06,0.88,141
P3,0.09,0.51,285
P3,0.12,1.25,65
P3,0.12,1.26,114
P3,0.11,1.26,100
P3,0.10,1.26,69
P3,0.10,1.25,5
P3,0.08,0.83,85
P3,-0.16,0.62,148
P3,0.19,1.24,81
P3,0.18,1.24,24
P3,-0.17,0.79,53
P3,-0.05,0.82,21
P3,-0.05,0.83,94
P3,-0.06,0.83,172
P3,-0.08,0.72,151
P3,0.10,1.14,12
P3,0.05,0.59,173
P3,0.10,0.66,60
P3,0.00,0.95,66
P3,0.02,0.95,91
P3,0.04,0.94,65
P3,0.02,0.94,47
P3,0.21,1.25,48
P3,0.20,1.25,88
P3,-0.13,0.53,62
P3,-0.11,0.54,188
P3,0.02,0.68,149
P3,0.09,0.95,77
P3,0.10,0.95,63
P3,-0.22,1.20,93
P3,-0.21,1.20,95
P3,-0.02,0.89,101
P3,0.06,1.21,32
P3,0.05,1.21,49
P3,0.05,1.20,3
P3,-0.21,1.08,146
P3,-0.20,1.08,120
P3,-0.11,0.67,187
P3,-0.13,0.68,35
P3,-0.13,0.67,101
P3,0.10,1.07,116
P3,0.11,1.07,101
P3,0.04,1.25,47
P3,0.15,0.76,67
P3,-0.16,1.38,108
P3,-0.17,1.38,68
P3,0.01,0.98,70
P3,-0.22,1.35,82
P3,-0.21,1.35,127
P3,-0.20,1.35,79
P3,-0.05,1.08,80
P3,-0.02,0.71,151
P3,0.19,1.03,63
P3,-0.01,0.60,281
P3,-0.02,0.97,31
P3,-0.02,0.98,81
P3,-0.01,0.98,67
P3,-0.11,1.32,16
P3,-0.11,1.33,38
P3,-0.12,1.33,32
P3,0.05,0.93,33
P3,0.06,0.94,73
P3,0.06,0.93,20
P3,-0.17,0.96,112
P3,-0.16,0.96,136
P3,-0.23,1.22,103
P3,-0.22,1.22,61
P3,-0.21,1.22,58
P3,-0.15,0.98,67
P3,0.07,0.70,89
P3,0.08,0.70,101
P3,0.06,0.80,228
P3,0.06,0.81,97
P3,-0.07,0.84,130
P3,0.13,0.80,57
P3,0.14,0.81,69
P3,0.21,1.02,73
P3,0.20,1.02,92
P3,-0.11,1.04,40
P3,0.06,1.10,36
P3,-0.10,0.92,44
P3,0.01,0.78,37
P3,0.00,0.78,81
P3,0.00,0.79,71
P3,-0.24,0.78,173
P3,-0.05,0.68,77
P3,0.11,1.28,68
P3,0.09,1.29,2
P3,-0.24,1.39,3
P3,-0.24,1.38,40
P3,0.21,1.03,94
P3,-0.20,1.34,68
P3,-0.19,1.34,82
P3,0.16,1.09,99
P3,0.07,1.16,22
P3,0.21,1.17,93
P3,0.20,1.17,112
P3,0.19,1.17,39
P3,0.24,0.89,137
P3,0.24,1.32,126
P3,0.23,1.32,159
P3,0.22,1.32,85
P3,-0.24,0.89,134
P3,-0.20,1.01,170
P3,0.16,0.96,49
P3,-0.14,1.12,47
P3,0.00,1.38,47
P3,0.01,1.39,20
P3,0.01,1.38,69
P3,0.12,1.24,143
P3,0.13,1.24,99
P3,0.11,0.62,199
P3,0.12,0.62,167
P3,0.13,0.62,110
P3,-0.10,0.86,59
P3,0.18,0.89,92
P3,0.12,0.69,110
P3,0.22,1.14,133
P3,0.22,1.15,68
P3,0.21,1.15,40
P3,0.21,1.14,97
P3,-0.06,0.95,64
P3,0.05,1.17,26
P3,0.06,1.18,51
P3,0.06,1.17,70
P3,0.07,1.17,72
P3,-0.16,0.64,109
P3,0.16,0.72,19
P3,0.04,0.79,129
P3,0.04,0.80,174
P3,0.06,0.79,194
P3,-0.02,0.78,50
P3,-0.03,0.78,69
P3,-0.07,0.55,359
P3,-0.12,0.80,51
P3,-0.22,1.24,138
P3,-0.21,1.24,78
P3,-0.20,1.24,46
P3,-0.20,1.23,36
P3,-0.20,1.22,75
P3,-0.19,1.22,66
P3,-0.19,1.11,36
P3,-0.20,1.10,51
P3,-0.08,0.48,267
P3,-0.17,1.27,29
P3,-0.16,1.27,38
P3,-0.15,1.27,62
P3,0.10,0.44,406
P3,-0.17,1.15,94
P3,-0.16,1.15,55
P3,-0.03,1.13,91
P3,-0.02,1.00,27
P3,-0.03,1.01,53
P3,-0.03,1.00,24
P3,-0.11,1.13,41
P3,-0.04,0.82,157
P3,-0.04,1.18,19
P3,-0.04,1.19,49
P3,-0.20,1.26,29
P3,-0.21,1.13,66
P3,-0.21,1.12,60
P3,0.08,1.37,40
P3,0.08,1.38,44
P3,0.09,1.38,37
P3,0.10,1.37,12
P3,-0.15,1.09,28
P3,0.04,0.58,121
P3,0.05,0.81,187
P3,0.05,0.82,40
P3,0.22,1.33,15
P3,0.22,1.34,94
P3,0.20,1.34,80
P3,0.20,1.33,97
P3,-0.20,1.15,80
P3,-0.19,1.15,42
P3,0.24,1.28,54
P3,-0.10,0.26,3434
P3,-0.04,0.70,149
P3,-0.16,1.26,64
P3,0.14,0.82,114
P3,0.14,0.83,67
P3,0.04,0.61,99
P3,-0.22,0.80,234
P3,-0.20,1.00,84
P3,0.16,0.69,115
P3,-0.02,1.30,28
P3,-0.02,1.31,65
P3,-0.03,1.30,10
P3,-0.10,0.72,128
P3,-0.12,0.71,35
P3,0.07,0.65,137
P3,0.12,1.34,30
P3,0.13,1.34,37
P3,0.07,1.33,24
P3,0.08,1.33,12
P3,0.08,1.34,47
P3,0.15,1.27,76
P3,0.16,1.27,97
P3,-0.12,0.91,80
P3,0.23,1.38,90
P3,0.02,0.88,35
P3,0.24,1.21,38
P3,0.23,1.21,37
P3,0.03,1.04,176
P3,0.04,1.14,74
P3,0.04,1.15,16
P3,0.04,1.13,13
P3,-0.21,1.17,88
P3,0.07,0.98,67
P3,0.08,0.98,22
P3,0.18,0.79,86
P3,-0.06,1.08,91
P3,-0.06,1.09,73
P3,-0.22,0.88,159
P3,0.10,0.53,118
P3,0.18,0.71,91
P3,0.08,1.39,4
P3,0.20,1.37,50
P3,-0.10,0.98,20
P3,-0.24,1.28,40
P3,0.13,1.19,17
P3,0.14,1.19,46
P3,0.15,1.19,44
P3,0.18,0.98,105
P3,0.19,0.98,51
P3,0.00,0.87,18
P3,-0.02,1.04,96
P3,-0.03,1.04,109
P3,-0.14,1.29,72
P3,0.24,0.73,232
P3,0.10,0.74,71
P3,0.11,0.75,77
P3,0.13,0.57,51
P3,0.13,1.00,46
P3,0.12,1.00,50
P3,-0.08,1.39,1
P3,-0.08,1.38,39
P3,0.21,1.30,10
P3,0.20,1.30,27
P3,-0.19,1.06,90
P3,-0.06,1.10,23
P3,-0.07,1.10,22
P3,-0.08,1.34,9
P3,-0.09,1.34,10
P3,-0.09,1.35,43
P3,-0.10,1.35,28
P3,-0.10,1.34,10
P3,-0.07,0.75,197
P3,-0.07,0.74,123
P3,0.18,0.66,102
P3,-0.05,0.90,93
P3,-0.04,0.65,283
P3,-0.13,0.88,53
P3,-0.14,0.89,71
P3,-0.15,0.89,107
P3,0.06,0.89,79
P3,0.07,0.89,125
P3,0.07,0.88,41
P3,0.07,1.25,65
P3,0.06,1.24,55
P3,-0.19,1.01,107
P3,-0.13,0.72,139
P3,-0.14,0.72,108
P3,0.10,1.28,35
P3,0.12,1.28,36
P3,-0.05,0.88,118
P3,-0.11,1.06,64
P3,-0.04,1.14,139
P3,0.15,0.75,38
P3,0.14,0.75,36
P3,0.15,1.21,39
P3,0.15,1.22,60
P3,-0.14,1.04,65
P3,-0.14,1.31,34
P3,-0.13,1.31,33
P3,-0.03,0.91,39
P3,-0.02,0.91,62
P3,-0.02,0.92,110
P3,-0.10,1.03,46
P3,-0.13,0.77,103
P3,0.22,1.39,2
P3,0.19,0.72,182
P3,-0.23,1.02,92
P3,0.11,1.32,7
P3,0.08,1.03,72
P3,-0.10,1.11,65
P3,-0.11,1.11,84
P3,-0.12,1.11,81
P3,0.14,0.70,55
P3,0.15,0.72,46
P3,0.14,0.72,75
P3,0.19,0.90,80
P3,0.01,0.86,45
P3,-0.01,0.91,52
P3,0.08,0.95,111
P3,-0.19,1.39,25
P3,0.13,1.15,44
P3,-0.23,1.18,87
P3,-0.01,1.35,11
P3,-0.01,1.36,73
P3,0.19,1.38,69
P3,0.18,1.38,86
P3,0.00,1.02,36
P3,0.00,1.03,132
P3,0.12,0.61,20
P3,0.23,1.28,107
P3,0.22,1.28,48
P3,-0.05,0.63,174
P3,-0.04,0.71,116
P3,0.20,0.87,77
P3,0.11,0.94,64
P3,0.11,0.98,70
P3,0.11,0.99,46
P3,0.14,1.12,51
P3,0.14,0.62,66
P3,0.04,0.96,72
P3,0.06,0.96,16
P3,-0.04,0.80,238
P3,-0.06,0.50,279
P3,-0.21,0.75,210
P3,-0.24,0.41,45376
P3,0.07,1.08,21
P3,0.08,1.08,39
P3,-0.06,1.04,146
P3,-0.07,1.05,73
P3,-0.14,0.67,71
P3,-0.15,0.67,131
P3,-0.16,0.67,57
P3,-0.23,0.42,29943
P3,0.01,1.12,56
P3,-0.13,0.84,82
P3,0.24,0.41,43571
P3,-0.15,1.15,41
P3,-0.01,0.95,154
P3,-0.15,1.29,33
P3,0.01,1.19,49
P3,0.01,1.20,77
P3,0.02,1.20,38
P3,0.03,1.35,9
P3,0.03,1.36,54
P3,0.22,1.12,34
P3,0.16,1.20,29
P3,0.13,0.89,50
P3,0.14,0.89,91
P3,0.23,0.42,32301
P3,0.24,1.24,47
P3,-0.03,0.79,124
P3,0.20,0.92,87
P3,0.19,0.92,75
P3,0.18,0.92,33
P3,-0.06,0.98,79
P3,0.00,1.08,52
P3,0.01,1.08,88
P3,-0.09,0.59,182
P3,0.12,0.92,37
P3,0.13,0.92,32
P3,0.13,0.93,138
P3,0.14,0.93,125
P3,0.14,0.92,58
P3,-0.11,0.94,64
P3,0.16,0.53,60
P3,-0.12,0.79,33
P3,-0.13,0.79,82
P3,-0.04,1.39,3
P3,-0.04,1.38,31
P3,0.21,1.04,143
P3,0.16,1.00,73
P3,-0.14,1.17,85
P3,-0.08,0.91,100
P3,-0.10,1.15,60
P3,-0.01,0.62,346
P3,-0.03,0.98,101
P3,-0.03,1.08,67
P3,-0.11,1.18,105
P3,0.17,0.61,88
P3,-0.24,1.00,135
P3,-0.22,1.00,51
P3,-0.21,1.30,30
P3,-0.19,1.30,87
P3,0.16,1.19,72
P3,-0.18,1.14,70
P3,0.00,1.09,177
P3,0.00,1.10,77
P3,0.02,1.09,93
P3,0.13,1.26,45
P3,0.13,1.25,30
P3,0.24,1.31,20
P3,0.23,1.31,30
P3,-0.19,0.55,504
P3,0.23,1.30,85
P3,0.24,1.30,81
P3,0.24,1.29,45
P3,0.19,1.04,73
P3,0.20,1.04,67
P3,0.02,0.71,105
P3,-0.10,1.01,83
P3,-0.13,1.19,52
P3,-0.18,0.85,69
P3,0.06,1.02,24
P3,0.07,1.02,12
P3,0.07,1.03,53
P3,0.08,1.02,45
P3,-0.08,1.23,9
P3,-0.09,1.23,26
P3,-0.09,1.22,37
P3,-0.09,0.46,226
P3,-0.03,0.93,97
P3,-0.04,0.93,54
P3,-0.05,0.92,20
P3,-0.15,1.39,19
P3,-0.15,1.38,96
P3,-0.07,1.08,64
P3,-0.13,1.34,6
P3,0.14,1.39,1
P3,-0.02,1.26,31
P3,-0.02,1.27,80
P3,0.06,0.90,66
P3,0.06,0.91,28
P3,0.07,0.91,84
P3,0.08,0.91,126
P3,-0.05,0.64,177
P3,0.07,1.10,81
P3,0.07,1.11,58
P3,-0.12,0.67,104
P3,0.14,0.84,87
P3,0.07,0.83,91
P3,0.07,0.82,80
P3,-0.10,1.08,87
P3,0.10,0.91,37
P3,0.10,0.92,74
P3,0.11,0.92,69
P3,0.11,0.91,33
P3,0.01,1.00,53
P3,0.01,1.01,154
P3,-0.11,0.58,77
P3,0.21,1.24,35
P3,0.20,1.24,94
P3,-0.23,1.32,8
P3,0.11,1.19,6
P3,0.10,1.19,3
P3,0.04,0.81,94
P3,0.05,0.84,159
P3,0.09,1.04,188
P3,0.10,1.04,75
P3,-0.18,1.27,47
P3,0.20,0.90,100
P3,0.21,0.90,125
P3,0.09,1.39,2
P3,-0.11,1.21,37
P3,-0.11,1.22,69
P3,-0.12,1.22,41
P3,-0.12,1.21,22
P3,-0.08,1.08,86
P3,-0.24,0.87,97
P3,-0.22,1.06,69
P3,-0.24,1.24,22
P3,-0.23,1.24,127
P3,-0.14,0.95,50
P3,-0.12,0.69,94
P3,0.15,1.36,63
P3,0.14,1.36,27
P3,0.04,0.98,32
P3,0.12,0.96,107
P3,0.03,1.33,89
P3,-0.20,1.09,49
P3,0.00,1.20,54
P3,0.20,1.14,40
P3,-0.22,1.19,72
P3,0.05,1.04,35
P3,0.07,1.04,116
P3,-0.12,1.38,42
P3,-0.11,1.38,13
P3,0.06,1.36,8
P3,0.06,1.37,57
P3,0.07,1.37,43
P3,0.07,1.36,10
P3,-0.10,1.22,29
P3,-0.16,1.10,62
P3,-0.12,0.53,111
P3,0.17,1.29,67
P3,0.15,1.30,22
P3,0.15,1.29,31
P3,0.06,0.92,60
P3,0.05,0.91,114
P3,-0.23,1.07,49
P3,-0.22,1.07,61
P3,-0.21,1.07,123
P3,-0.17,1.25,27
P3,-0.16,1.25,16
P3,-0.10,1.23,66
P3,-0.18,1.30,85
P3,0.15,0.73,114
P3,0.16,0.73,98
P3,0.01,0.76,70
P3,-0.07,1.02,33
P3,-0.14,0.68,37
P3,-0.15,1.04,53
P3,-0.16,1.04,13
P3,0.10,1.10,17
P3,0.09,1.10,13
P3,0.07,0.63,143
P3,-0.11,0.87,104
P3,-0.01,1.21,77
P3,0.17,1.00,65
P3,-0.16,0.98,82
P3,-0.23,1.35,15
P3,0.14,0.76,64
P3,0.06,1.08,25
P3,0.06,1.07,98
P3,0.07,1.07,74
P3,0.10,0.70,154
P3,0.11,0.70,112
P3,-0.13,1.27,10
P3,-0.15,1.28,11
P3,-0.13,1.16,27
P3,-0.14,1.16,18
P3,-0.10,1.21,1
P3,0.09,0.65,123
P3,0.07,0.58,121
P3,0.05,1.11,51
P3,0.18,1.25,34
P3,-0.02,0.88,158
P3,-0.02,0.87,79
P3,0.01,1.03,170
P3,0.00,1.04,58
P3,0.00,1.12,65
P3,-0.01,1.12,31
P3,0.14,1.07,11
P3,0.13,1.07,6
P3,0.12,1.08,17
P3,0.12,1.07,15
P3,0.03,1.39,4
P3,0.03,1.38,39
P3,-0.17,0.69,120
P3,-0.12,0.87,83
P3,0.16,1.36,81
P3,0.17,1.36,91
P3,-0.24,1.32,1
P3,-0.07,0.78,142
P3,0.18,1.14,27
P3,0.05,1.14,91
P3,0.06,1.14,39
P3,0.07,1.14,100
P3,0.01,1.30,86
P3,0.02,1.30,68
P3,0.13,1.12,28
P3,0.15,0.64,82
P3,-0.02,1.05,55
P3,-0.01,1.05,60
P3,-0.01,1.04,8
P3,0.22,1.24,83
P3,0.12,0.88,59
P3,-0.13,0.46,160
P3,0.11,0.80,58
P3,0.13,0.76,44
P3,0.03,0.87,104
P3,-0.23,0.88,132
P3,-0.12,0.66,90
P3,-0.22,1.18,93
P3,-0.21,1.18,64
P3,0.04,1.05,99
P3,0.15,1.26,60
P3,0.14,1.26,26
P3,-0.07,0.67,226
P3,-0.07,0.66,108
P3,-0.02,0.79,119
P3,0.14,0.71,129
P3,-0.12,1.15,29
P3,-0.10,1.36,52
P3,-0.11,1.36,30
P3,-0.05,1.37,2
P3,-0.05,1.38,55
P3,-0.04,1.37,5
P3,-0.02,1.15,44
P3,-0.02,1.16,37
P3,0.14,1.06,49
P3,0.13,1.06,67
P3,0.12,1.06,46
P3,0.01,1.22,61
P3,0.22,1.17,71
P3,0.23,1.17,83
P3,0.24,1.17,66
P3,0.07,0.76,82
P3,0.06,1.13,10
P3,0.05,1.13,50
P3,0.11,0.79,61
P3,-0.13,1.35,52
P3,-0.16,0.93,52
P3,-0.05,0.77,78
P3,-0.05,0.76,98
P3,-0.16,1.29,36
P3,-0.02,0.76,209
P3,0.08,0.92,123
P3,0.09,0.91,119
P3,-0.15,1.31,99
P3,0.15,0.55,83
P3,-0.19,1.09,58
P3,0.13,1.36,17
P3,0.12,1.35,48
P3,0.13,1.29,13
P3,0.12,1.30,66
P3,0.12,1.29,27
P3,-0.19,1.31,3
P3,0.04,0.73,173
P3,0.15,0.95,23
P3,-0.15,0.61,147
P3,-0.16,0.69,215
P3,-0.13,1.29,7
P3,0.17,0.65,81
P3,0.06,0.84,118
P3,0.24,1.38,44
P3,-0.10,0.99,49
P3,0.03,1.05,27
P3,-0.03,0.88,65
P3,-0.12,0.88,57
P3,-0.17,1.29,113
P3,0.01,0.50,252
P3,0.03,1.34,32
P3,0.04,1.34,50
P3,0.03,0.95,63
P3,0.03,0.96,32
P3,-0.16,0.68,218
P3,-0.12,1.09,63
P3,-0.13,1.38,32
P3,-0.14,0.81,62
P3,-0.02,1.17,85
P3,-0.02,1.18,114
P3,0.01,1.09,55
P3,0.03,1.15,5
P3,0.12,1.12,22
P3,0.12,1.19,5
P3,-0.19,0.76,108
P3,0.14,1.09,54
P3,-0.14,1.11,62
P3,-0.15,1.11,86
P3,-0.04,1.32,5
P3,-0.03,1.32,15
P3,0.00,1.15,20
P3,0.00,1.16,102
P3,-0.01,1.16,118
P3,0.02,0.63,101
P3,-0.22,1.04,48
P3,-0.10,0.94,18
P3,-0.11,1.10,14
P3,-0.12,1.10,11
P3,0.10,0.62,112
P3,-0.24,1.01,66
P3,-0.17,0.66,64
P3,-0.24,1.35,15
P3,-0.10,1.33,21
P3,0.15,1.16,20
P3,-0.07,0.77,68
P3,-0.08,0.78,168
P3,-0.24,0.77,165
P3,-0.12,1.37,33
P3,-0.13,1.37,121
P3,-0.07,1.17,151
P3,-0.08,1.17,48
P3,0.02,1.38,76
P3,0.02,1.39,17
P3,-0.08,0.67,140
P3,0.10,0.75,67
P3,0.10,0.76,59
P3,-0.03,1.02,71
P3,-0.04,1.02,65
P3,-0.04,1.01,166
P3,-0.11,1.29,14
P3,-0.11,1.30,158
P3,0.12,0.76,58
P3,-0.09,1.05,63
P3,0.16,0.78,91
P3,0.03,1.12,51
P3,-0.03,1.18,109
P3,0.04,1.22,7
P3,0.04,1.23,49
P3,0.03,1.23,53
P3,0.03,1.22,41
P3,0.11,1.25,27
P3,0.11,0.96,30
P3,-0.24,0.88,129
P3,0.19,1.34,27
P3,0.24,1.33,111
P3,-0.11,1.15,18
P3,0.16,1.29,26
P3,0.13,0.60,67
P3,0.06,0.86,45
P3,-0.14,0.56,55
P3,0.11,1.39,6
P3,-0.09,1.29,37
P3,-0.08,1.29,35
P3,-0.18,1.01,146
P3,0.00,0.84,160
P3,0.17,0.99,106
P3,0.11,1.16,24
P3,0.10,1.16,51
P3,-0.17,0.76,52
P3,-0.02,0.77,66
P3,0.11,0.78,44
P3,-0.14,0.63,59
P3,-0.18,1.38,55
P3,-0.24,1.20,26
P3,0.00,1.39,5
P3,0.12,0.67,111
P3,-0.07,0.92,37
P3,-0.07,0.93,65
P3,-0.08,0.93,135
P3,-0.08,0.92,46
P3,0.15,1.09,42
P3,-0.24,0.97,59
P3,0.01,0.99,89
P3,0.13,1.20,39
P3,0.14,1.20,50
P3,0.15,1.20,27
P3,0.06,1.26,6
P3,0.06,1.27,143
P3,0.07,1.27,81
P3,0.07,1.26,12
P3,0.08,1.04,32
P3,-0.09,1.12,39
P3,-0.16,1.19,59
P3,-0.11,1.05,155
P3,-0.24,0.40,4197
P3,0.24,0.40,4038
P3,-0.03,1.19,60
P3,-0.03,1.20,93
P3,0.24,1.26,93
P3,-0.06,0.67,43
P3,0.20,1.38,23
P3,0.12,1.20,18
P3,0.11,1.20,28
P3,-0.06,0.76,185
P3,0.18,0.65,93
P3,0.14,1.21,54
P3,-0.09,0.71,45
P3,-0.10,0.71,37
P3,0.02,1.03,26
P3,0.03,1.03,92
P3,0.03,1.02,81
P3,-0.04,0.88,88
P3,-0.04,1.00,62
P3,-0.05,1.00,23
P3,-0.12,0.83,88
P3,0.06,0.85,102
P3,0.06,1.06,34
P3,0.00,1.00,37
P3,0.03,1.09,157
P3,0.04,1.09,102
P3,0.14,1.13,11
P3,0.20,1.28,29
P3,0.22,1.30,30
P3,-0.15,1.32,44
P3,0.20,1.39,2
P3,0.00,0.62,25
P3,0.01,0.62,121
P3,-0.20,1.06,56
P3,0.11,1.35,15
P3,-0.19,1.35,83
P3,-0.17,1.35,27
P3,0.09,0.62,147
P3,0.19,1.31,18
P3,0.16,1.23,64
P3,0.15,1.23,12
P3,-0.04,0.81,62
P3,0.07,0.77,143
P3,0.00,1.07,107
P3,-0.01,1.07,121
P3,0.13,1.22,26
P3,0.14,1.23,6
P3,0.14,1.22,60
P3,-0.18,1.15,37
P3,0.19,1.19,38
P3,0.08,1.17,71
P3,0.19,1.11,60
P3,0.07,1.12,5
P3,-0.10,0.53,100
P3,0.07,1.06,22
P3,0.13,0.88,51
P3,0.14,0.88,85
P3,0.16,0.67,78
P3,-0.08,1.00,43
P3,-0.15,1.00,4
P3,-0.07,1.19,63
P3,-0.07,1.18,99
P3,0.02,1.06,23
P3,0.03,1.06,61
P3,-0.11,0.95,73
P3,0.14,1.33,52
P3,0.15,1.33,66
P3,0.16,1.33,70
P3,0.16,1.32,53
P3,-0.23,1.11,80
P3,-0.21,1.11,19
P3,0.18,1.05,56
P3,-0.04,1.28,12
P3,-0.04,1.29,28
P3,-0.05,1.28,123
P3,0.08,1.26,21
P3,0.11,0.86,51
P3,-0.07,1.25,33
P3,-0.24,0.98,102
P3,0.24,1.23,15
P3,-0.02,1.39,1
P3,-0.02,1.38,23
P3,0.02,1.17,84
P3,-0.03,0.97,47
P3,0.09,0.74,97
P3,-0.06,0.82,24
P3,0.01,0.85,44
P3,0.07,0.95,114
P3,0.08,0.87,109
P3,0.03,1.28,70
P3,0.03,1.29,39
P3,0.02,1.29,128
P3,0.02,1.28,88
P3,-0.15,0.66,21
P3,-0.16,0.66,66
P3,0.08,1.19,13
P3,0.10,1.09,2
P3,0.04,1.28,14
P3,0.23,1.33,55
P3,-0.03,1.22,15
P3,-0.08,0.88,73
P3,-0.08,0.89,35
P3,0.18,1.26,27
P3,0.05,0.98,3
P3,0.11,0.87,52
P3,0.17,1.07,44
P3,0.16,1.07,34
P3,0.06,1.25,54
P3,-0.04,1.22,40
P3,-0.04,1.23,34
P3,0.02,1.26,67
P3,0.02,1.27,35
P3,0.01,1.27,36
P3,0.01,1.26,51
P3,0.01,1.28,69
P3,0.22,1.02,62
P3,0.08,0.82,44
P3,0.05,1.34,42
P3,0.19,1.25,45
P3,-0.02,0.90,117
P3,-0.12,0.70,50
P3,-0.19,1.08,61
P3,0.13,0.67,77
P3,-0.05,0.91,79
P3,-0.11,0.62,40
P3,-0.17,1.22,10
P3,-0.16,1.22,16
P3,0.13,0.87,43
P3,0.01,1.36,62
P3,0.13,0.84,87
P3,0.12,0.84,63
P3,0.11,1.06,34
P3,-0.20,1.18,58
P3,-0.09,0.75,36
P3,0.24,1.22,89
P3,-0.11,0.71,29
P3,-0.11,0.74,94
P3,0.20,1.29,60
P3,-0.10,1.30,68
P3,-0.18,1.34,39
P3,0.03,0.90,60
P3,-0.06,0.77,29
P3,-0.18,1.37,36
P3,-0.17,1.37,38
P3,-0.12,0.90,54
P3,-0.05,0.99,93
P3,-0.06,0.99,77
P3,-0.19,1.25,16
P3,-0.18,1.25,45
P3,0.11,0.76,32
P3,0.10,0.64,76
P3,-0.13,1.36,30
P3,-0.12,1.36,48
P3,-0.14,1.09,66
P3,-0.04,1.33,54
P3,-0.05,1.33,8
P3,0.08,0.76,160
P3,-0.11,1.39,1
P3,-0.05,0.93,55
P3,-0.01,0.78,103
P3,-0.01,0.79,138
P3,0.22,1.37,69
P3,0.21,1.37,33
P3,-0.03,1.11,58
P3,0.06,1.19,64
P3,0.06,1.20,42
P3,-0.13,0.90,80
P3,-0.14,0.73,78
P3,-0.14,0.74,60
P3,-0.15,0.74,58
P3,-0.03,1.05,70
P3,0.11,1.17,34
P3,0.11,0.88,38
P3,0.21,1.29,45
P3,-0.01,1.23,26
P3,-0.01,1.24,74
P3,-0.05,1.04,74
P3,0.09,1.37,23
P3,-0.03,0.99,100
P3,0.09,0.88,62
P3,0.10,0.88,101
P3,0.12,0.80,15
P3,-0.11,0.93,20
P3,-0.13,0.71,46
P3,0.14,1.25,14
P3,-0.03,1.14,75
P3,-0.03,1.24,35
P3,0.06,1.05,11
P3,-0.14,0.75,19
P3,0.10,1.17,42
P3,0.10,1.18,23
P3,-0.24,1.07,61
P3,0.15,1.17,21
P3,0.10,0.87,60
P3,-0.21,1.06,51
P3,-0.04,1.24,77
P3,-0.14,1.27,25
P3,0.06,1.30,18
P3,0.07,1.31,3
P3,0.24,1.20,61
P3,0.22,1.25,13
P3,-0.01,1.31,15
P3,-0.03,1.31,4
P3,-0.11,1.08,33
P3,-0.18,1.35,87
P3,0.03,1.27,40
P3,0.04,0.84,146
P3,0.02,0.75,76
P3,-0.15,0.75,60
P3,-0.16,0.75,70
P3,0.07,0.99,142
P3,-0.07,1.30,56
P3,-0.08,1.30,31
P3,-0.09,1.30,29
P3,0.07,1.34,22
P3,-0.10,1.00,120
P3,-0.14,0.85,67
P3,0.00,1.14,82
P3,-0.14,1.39,7
P3,-0.14,1.38,67
P3,0.13,1.21,38
P3,-0.06,1.36,18
P3,-0.06,1.37,27
P3,-0.07,1.36,17
P3,-0.10,1.29,22
P3,-0.09,0.93,46
P3,0.01,0.92,17
P3,0.01,0.93,107
P3,0.09,0.63,58
P3,0.10,0.63,89
P3,-0.08,1.24,31
P3,-0.09,1.24,44
P3,0.09,0.89,114
P3,0.24,1.19,77
P3,0.07,1.00,20
P3,0.02,0.87,42
P3,0.02,0.86,79
P3,-0.14,0.99,101
P3,0.09,0.70,141
P3,0.04,0.88,131
P3,-0.23,1.38,125
P3,-0.22,1.37,7
P3,-0.04,0.91,35
P3,0.02,1.15,4
P3,0.02,1.16,104
P3,0.05,1.30,4
P3,0.11,0.84,80
P3,-0.06,1.33,46
P3,-0.07,1.33,63
P3,-0.07,1.32,22
P3,-0.13,1.39,2
P3,-0.13,0.99,48
P3,0.01,1.02,75
P3,-0.23,1.39,19
P3,-0.13,0.73,77
P3,-0.15,0.72,62
P3,-0.17,1.39,7
P3,0.17,1.18,16
P3,0.04,1.21,40
P3,0.17,1.33,53
P3,-0.22,1.27,66
P3,-0.21,1.28,124
P3,0.01,1.16,24
P3,0.00,1.17,19
P3,0.09,0.75,68
P3,-0.05,1.22,2
P3,-0.06,1.22,4
P3,-0.06,0.92,36
P3,-0.14,1.22,21
P3,-0.15,1.22,25
P3,-0.17,1.13,51
P3,-0.04,0.66,27
P3,0.09,0.92,62
P3,-0.01,1.38,39
P3,-0.01,1.39,10
P3,-0.21,1.23,35
P3,-0.09,1.03,46
P3,0.05,1.02,7
P3,0.06,1.01,53
P3,0.03,1.01,14
P3,0.04,1.02,105
P3,0.04,1.10,50
P3,0.03,1.11,26
P3,0.03,1.10,91
P3,0.14,1.05,43
P3,0.15,1.05,9
P3,0.12,1.27,29
P3,0.13,1.27,37
P3,0.14,1.29,18
P3,0.03,1.37,11
P3,0.04,1.37,5
P3,-0.15,0.68,2
P3,0.09,0.76,75
P3,-0.11,0.70,44
P3,-0.22,1.28,47
P3,0.01,1.18,17
P3,0.04,0.95,68
P3,-0.07,1.24,15
P3,0.14,1.24,58
P3,0.17,1.31,64
P3,-0.09,0.94,14
P3,-0.10,0.93,22
P3,0.16,0.66,3
P3,-0.06,1.17,79
P3,0.00,1.24,45
P3,0.13,0.61,11
P3,-0.12,0.62,46
P3,-0.22,0.99,71
P3,-0.07,1.28,9
P3,-0.07,1.29,71
P3,0.10,0.96,23
P3,0.11,0.97,24
P3,-0.07,0.94,80
P3,-0.21,1.34,8
P3,0.02,1.35,95
P3,0.02,1.34,5
P3,-0.16,1.24,16
P3,0.06,1.22,4
P3,0.07,1.22,26
P3,0.01,0.94,63
P3,-0.15,1.33,49
P3,-0.13,1.09,51
P3,0.18,1.39,1
P3,-0.14,0.69,39
P3,0.02,1.23,120
P3,0.02,1.24,81
P3,0.00,1.06,58
P3,0.01,1.06,30
P3,0.12,1.37,9
P3,0.11,1.37,2
P3,0.14,0.73,15
P3,-0.17,0.72,62
P3,0.00,0.97,101
P3,0.09,1.24,45
P3,0.09,1.26,144
P3,0.24,1.18,59
P3,-0.12,1.35,13
P3,0.09,0.84,53
P3,0.05,1.35,13
P3,0.05,1.36,52
P3,0.23,1.37,19
P3,-0.07,0.73,123
P3,0.24,0.28,47
P3,0.23,0.28,329
P3,0.23,0.27,80
P3,0.22,0.36,104
P3,-0.13,0.74,44
P3,-0.08,1.12,109
P3,0.05,1.27,63
P3,0.05,1.28,14
P3,0.06,1.28,43
P3,-0.13,1.22,31
P3,-0.16,0.72,44
P3,-0.11,0.19,908
P3,-0.12,0.19,165
P3,-0.24,0.34,175
P3,-0.23,0.34,138
P3,-0.22,0.34,52
P3,-0.05,1.27,36
P3,0.12,1.21,8
P3,0.11,1.21,23
P3,-0.16,1.21,54
P3,-0.06,1.20,41
P3,-0.07,1.20,22
P3,-0.08,1.19,10
P3,-0.15,0.22,44
P3,-0.09,1.26,12
P3,0.02,0.92,25
P3,0.24,0.38,927
P3,0.24,0.29,211
P3,0.23,0.29,500
P3,-0.21,1.19,58
P3,-0.01,1.06,43
P3,-0.11,0.96,65
P3,0.24,1.34,23
P3,0.23,1.34,19
P3,0.00,1.31,63
P3,0.01,1.32,2
P3,0.01,1.31,13
P3,0.11,1.30,35
P3,-0.14,0.20,5
P3,0.14,1.27,44
P3,0.21,1.33,80
P3,-0.08,0.94,41
P3,0.21,0.36,64
P3,0.10,0.78,95
P3,-0.07,0.99,33
P3,0.15,0.22,57
P3,0.08,1.00,75
P3,-0.05,1.25,19
P3,-0.06,1.25,50
P3,-0.18,1.39,2
P3,-0.09,1.33,7
P3,-0.23,0.26,26
P3,0.11,0.19,902
P3,0.12,0.19,135
P3,-0.01,1.17,101
P3,-0.08,0.95,38
P3,0.14,1.34,21
P3,0.15,1.34,24
P3,0.15,1.06,1
P3,0.12,0.60,68
P3,0.07,1.19,56
P3,0.07,1.18,7
P3,-0.10,1.04,48
P3,-0.07,1.21,22
P3,-0.08,1.36,1
P3,0.24,0.30,435
P3,0.23,0.30,607
P3,0.13,1.28,18
P3,-0.06,1.34,20
P3,-0.07,1.34,10
P3,-0.12,1.13,50
P3,-0.12,1.12,33
P3,0.11,0.18,10
P3,0.24,0.32,198
P3,0.23,0.32,117
P3,-0.17,1.04,21
P3,0.10,1.00,13
P3,0.11,1.00,15
P3,-0.10,1.39,1
P3,-0.10,1.38,9
P3,0.07,1.28,65
P3,0.13,1.37,14
P3,0.17,1.05,38
P3,-0.15,0.21,2
P3,0.02,1.36,23
P3,0.12,0.18,1
P3,0.09,1.30,34
P3,0.10,1.30,22
P3,0.07,1.13,54
P3,0.06,1.34,34
P3,-0.01,1.26,13
P3,-0.01,1.27,75
P3,0.09,1.25,10
P3,-0.11,0.18,13
P3,-0.23,1.31,31
P3,-0.23,1.30,4
P3,-0.06,1.29,15
P3,-0.06,1.30,33
P3,0.03,1.13,35
P3,0.23,0.26,56
P3,-0.08,1.35,44
P3,-0.24,0.31,187
P3,-0.23,0.31,218
P3,0.13,0.68,3
P3,0.08,0.88,20
P3,-0.23,0.35,207
P3,-0.22,0.35,41
P3,0.23,0.38,235
P3,0.22,0.38,110
P3,-0.10,0.19,558
P3,-0.10,0.18,21
P3,-0.24,0.38,756
P3,-0.23,0.27,120
P3,-0.24,0.33,349
P3,-0.23,0.33,184
P3,-0.22,1.36,45
P3,-0.12,1.39,1
P3,-0.24,0.39,1868
P3,0.24,0.34,259
P3,0.23,0.34,246
P3,0.22,0.34,23
P3,0.08,1.25,16
P3,-0.24,0.30,252
P3,-0.23,0.30,428
P3,-0.23,0.29,509
P3,0.05,0.90,98
P3,-0.22,0.36,50
P3,-0.24,0.32,284
P3,-0.23,0.32,88
P3,-0.23,0.38,237
P3,-0.04,1.20,70
P3,0.10,0.19,456
P3,0.23,0.35,212
P3,0.22,0.35,38
P3,-0.08,1.32,44
P3,-0.09,1.32,38
P3,0.08,1.01,8
P3,0.09,1.01,19
P3,0.24,0.39,2213
P3,0.00,1.19,33
P3,-0.24,1.29,19
P3,-0.23,1.29,5
P3,-0.23,1.28,21
P3,0.03,1.30,105
P3,-0.24,0.29,244
P3,-0.24,0.28,49
P3,-0.23,0.28,351
P3,-0.12,1.26,17
P3,-0.13,0.69,42
P3,0.07,0.92,59
P3,-0.11,1.09,30
P3,0.13,1.38,18
P3,-0.01,1.18,20
P3,0.24,0.31,179
P3,-0.06,1.27,8
P3,0.01,1.15,43
P3,-0.21,0.38,186
P3,-0.21,0.37,252
P3,-0.08,0.99,6
P3,-0.09,1.00,19
P3,-0.13,1.01,21
P3,0.02,1.25,7
P3,0.08,1.14,26
P3,0.21,1.28,23
P3,0.24,0.33,279
P3,0.23,0.33,112
P3,0.07,0.90,4
P3,0.08,1.10,21
P3,0.24,0.35,304
P3,0.02,1.37,70
P3,0.06,0.99,4
P3,0.01,1.17,1
P3,-0.10,1.02,25
P3,0.23,1.29,2
P3,0.22,1.29,10
P3,0.16,1.05,14
P3,0.01,1.37,55
P3,0.23,0.36,168
P3,-0.06,1.24,7
P3,-0.23,0.36,156
P3,0.12,1.39,1
P3,0.04,1.27,19
P3,-0.07,0.85,53
P3,0.15,1.07,14
P3,0.21,0.37,139
P3,0.10,0.18,15
P3,0.00,1.05,86
P3,-0.02,1.32,17
P3,-0.02,1.33,66
P3,-0.18,1.22,18
P3,-0.02,1.19,31
P3,-0.14,1.08,23
P3,0.23,0.41,508
P3,-0.16,1.23,45
P3,-0.08,1.31,67
P3,-0.09,1.31,84
P3,0.23,0.39,235
P3,0.07,1.38,10
P3,-0.23,0.41,415
P3,-0.04,0.99,18
P3,-0.22,0.38,85
P3,0.23,0.37,64
P3,0.22,0.37,19
P3,-0.24,0.35,138
P3,0.10,1.06,5
P3,-0.07,1.09,44
P3,-0.03,1.15,48
P3,0.02,1.14,13
P3,-0.11,0.90,35
P3,-0.11,0.91,38
P3,-0.08,0.84,77
P3,0.08,1.18,37
P3,0.08,1.09,24
P3,0.09,1.09,11
P3,-0.09,1.04,68
P3,0.11,1.31,28
P3,0.01,1.25,28
P3,0.15,1.37,30
P3,0.21,0.38,151
P3,-0.20,1.33,23
P3,0.01,0.87,36
P3,-0.10,0.90,24
P3,0.02,1.22,15
P3,0.02,1.33,38
P3,-0.09,1.38,9
P3,0.05,1.23,33
P3,-0.04,1.25,6
P3,-0.04,1.26,23
P3,-0.05,1.26,43
P3,-0.06,1.26,8
P3,-0.14,1.20,55
P3,-0.06,1.28,23
P3,-0.10,0.91,12
P3,0.02,1.00,29
P3,-0.04,0.94,12
P3,-0.04,0.95,15
P3,-0.03,0.94,29
P3,0.04,1.30,60
P3,0.18,1.31,22
P3,0.00,1.36,56
P3,-0.15,1.19,43
P3,-0.06,0.19,3321
P3,-0.06,0.18,110
P3,0.06,0.19,2956
P3,0.07,0.19,824
P3,-0.07,0.19,934
P3,0.22,0.31,339
P3,0.21,0.31,353
P3,-0.11,1.28,13
P3,-0.19,0.32,57
P3,-0.20,0.36,270
P3,-0.21,0.36,100
P3,0.06,0.18,95
P3,-0.21,0.30,305
P3,0.08,0.19,75
P3,-0.21,0.32,348
P3,-0.20,0.32,188
P3,-0.20,0.34,234
P3,-0.22,0.30,379
P3,0.15,1.24,25
P3,-0.05,1.39,2
P3,0.22,0.30,436
P3,0.07,1.01,1
P3,0.20,0.36,158
P3,0.20,0.35,140
P3,-0.07,0.18,5
P3,-0.05,0.19,3390
P3,-0.05,0.18,236
P3,0.23,0.31,190
P3,-0.19,1.24,4
P3,0.22,0.27,171
P3,0.21,0.27,131
P3,-0.21,0.31,182
P3,-0.20,0.31,143
P3,0.24,0.36,318
P3,0.22,0.28,261
P3,0.21,0.28,209
P3,-0.20,0.35,133
P3,-0.08,0.19,38
P3,0.07,0.18,3
P3,-0.22,0.37,4
P3,0.21,0.32,390
P3,0.20,0.32,213
P3,-0.22,0.26,56
P3,0.21,0.25,5
P3,-0.19,0.33,61
P3,-0.20,0.33,173
P3,-0.22,0.32,204
P3,0.21,0.30,254
P3,0.20,0.30,143
P3,0.24,0.37,105
P3,-0.22,0.27,193
P3,-0.21,0.27,133
P3,-0.22,0.28,266
P3,0.05,0.19,2958
P3,0.05,0.18,227
P3,-0.22,0.31,331
P3,0.11,1.24,15
P3,-0.02,1.20,9
P3,-0.02,1.21,67
P3,-0.03,1.21,49
P3,0.21,0.34,171
P3,0.20,0.34,226
P3,0.22,0.29,404
P3,0.21,0.29,219
P3,-0.24,0.37,218
P3,-0.23,0.37,67
P3,-0.21,1.39,10
P3,-0.21,0.33,274
P3,0.20,0.29,67
P3,-0.04,1.04,86
P3,0.22,0.33,158
P3,0.21,0.33,283
P3,0.01,1.07,46
P3,0.22,0.32,252
P3,0.20,0.31,101
P3,-0.22,0.29,298
P3,0.20,0.33,92
P3,-0.21,0.34,180
P3,0.22,0.39,18
P3,0.08,1.24,2
P3,-0.22,0.33,88
P3,0.05,1.37,2
P3,0.19,0.32,57
P3,0.19,0.31,33
P3,0.20,0.27,20
P3,0.00,0.98,73
P3,0.00,0.99,33
P3,-0.21,0.28,163
P3,-0.20,0.28,69
P3,-0.21,0.25,42
P3,-0.20,0.25,1
P3,-0.21,0.29,167
P3,-0.24,0.36,243
P3,0.23,0.25,9
P3,0.22,0.25,45
P3,0.20,0.28,52
P3,0.19,0.28,13
P3,-0.20,0.30,48
P3,0.09,1.18,13
P3,0.09,1.17,11
P3,-0.21,0.35,81
P3,0.21,0.26,63
P3,-0.19,0.31,56
P3,-0.19,0.30,33
P3,0.19,0.33,60
P3,-0.02,0.99,55
P3,-0.13,1.00,4
P3,0.21,0.35,49
P3,-0.23,0.39,106
P3,0.04,0.19,1105
P3,0.22,0.26,123
P3,0.04,0.18,71
P3,-0.04,0.19,1221
P3,-0.07,1.31,5
P3,-0.21,0.26,4
P3,-0.20,0.26,9
P3,-0.02,1.36,20
P3,-0.02,1.37,21
P3,-0.01,1.37,1
P3,-0.04,0.18,125
P3,-0.20,0.29,101
P3,-0.10,1.09,2
P3,0.08,1.28,28
P3,0.10,1.24,19
P3,0.01,1.29,27
P3,-0.23,0.40,206
P3,-0.14,1.00,24
P3,0.23,0.40,147
P3,-0.24,1.30,8
P3,-0.24,1.31,5
P3,0.19,1.14,2
P3,0.19,0.30,23
P3,0.19,0.29,19
P3,-0.19,0.29,12
P3,-0.22,0.39,6
P3,-0.22,0.25,9
P3,0.20,0.26,6
P3,-0.20,0.27,10
P3,-0.18,0.30,2
P4,-0.24,0.38,478
P4,-0.23,0.38,279
P4,-0.22,0.38,27
P4,0.07,0.20,1379
P4,0.06,0.20,1449
P4,0.06,0.21,2427
P4,0.05,0.20,1363
P4,-0.02,0.25,2616
P4,-0.01,0.25,2364
P4,0.00,0.25,2266
P4,0.00,0.27,1888
P4,0.00,0.28,1332
P4,-0.24,0.62,836
P4,-0.23,0.62,845
P4,-0.23,0.61,609
P4,0.08,0.25,1864
P4,0.07,0.25,2115
P4,-0.24,0.66,484
P4,0.14,0.27,214
P4,0.15,0.27,35
P4,0.00,0.24,2674
P4,0.05,0.45,11264
P4,0.05,0.44,3036
P4,0.12,0.45,3294
P4,0.12,0.46,2491
P4,0.11,0.44,759
P4,0.12,0.44,2086
P4,0.13,0.44,2508
P4,-0.19,0.82,224
P4,-0.19,0.83,283
P4,-0.20,0.83,320
P4,-0.20,0.82,217
P4,-0.21,0.82,318
P4,0.09,1.35,50
P4,0.09,1.36,38
P4,0.10,1.36,20
P4,0.10,1.35,51
P4,-0.23,0.80,272
P4,-0.24,0.80,269
P4,-0.24,0.79,339
P4,-0.02,0.20,1262
P4,-0.01,0.20,1237
P4,-0.10,0.29,687
P4,-0.10,0.30,737
P4,-0.11,0.30,740
P4,-0.11,0.29,672
P4,-0.23,0.48,528
P4,-0.22,0.48,346
P4,0.01,0.63,445
P4,0.01,0.64,458
P4,0.02,0.64,598
P4,0.02,0.63,403
P4,0.07,0.49,1174
P4,0.08,0.49,1367
P4,0.09,0.49,1038
P4,-0.20,1.01,167
P4,-0.20,1.02,245
P4,-0.19,1.02,112
P4,-0.18,1.02,178
P4,-0.18,1.01,219
P4,0.06,0.57,241
P4,0.06,0.58,226
P4,0.07,0.57,355
P4,0.09,0.87,36
P4,0.10,0.87,27
P4,-0.14,0.53,235
P4,-0.15,0.53,186
P4,-0.16,0.53,176
P4,0.23,0.52,357
P4,0.22,0.52,353
P4,-0.05,0.42,870
P4,-0.04,0.42,459
P4,-0.03,0.42,451
P4,-0.03,0.41,645
P4,0.13,0.45,3925
P4,0.13,0.43,1106
P4,0.14,0.43,1684
P4,0.01,0.43,944
P4,0.01,0.44,792
P4,0.00,0.43,988
P4,0.23,0.31,285
P4,0.22,0.31,615
P4,0.21,0.31,515
P4,0.13,0.46,2590
P4,0.02,0.26,2219
P4,0.02,0.27,2132
P4,0.03,0.27,1916
P4,0.03,0.26,2135
P4,0.04,0.26,1853
P4,0.24,0.43,572
P4,0.23,0.42,356
P4,-0.24,0.37,378
P4,0.14,0.44,3403
P4,-0.22,0.84,335
P4,-0.21,0.84,268
P4,0.06,0.22,2308
P4,0.06,0.23,2297
P4,0.05,0.23,1912
P4,0.05,0.22,2417
P4,0.04,0.22,2577
P4,-0.03,0.97,66
P4,-0.02,0.97,126
P4,-0.02,0.98,109
P4,-0.23,0.66,520
P4,-0.23,0.67,769
P4,-0.22,0.67,644
P4,-0.22,0.66,412
P4,-0.21,0.66,255
P4,-0.04,0.23,2927
P4,-0.03,0.23,2841
P4,-0.02,0.23,2480
P4,-0.10,0.64,276
P4,-0.11,0.64,214
P4,-0.12,0.64,197
P4,0.22,0.46,301
P4,0.21,0.46,93
P4,0.10,0.47,2151
P4,0.10,0.48,1576
P4,0.09,0.48,1968
P4,0.09,0.47,3184
P4,0.09,0.46,2586
P4,0.10,0.46,2245
P4,0.10,0.45,1628
P4,0.11,0.45,2284
P4,-0.21,0.81,367
P4,-0.20,0.81,388
P4,0.04,0.21,2384
P4,0.05,0.21,2348
P4,-0.06,0.34,915
P4,-0.07,0.34,962
P4,-0.21,0.83,220
P4,-0.05,0.20,1518
P4,-0.05,0.21,2733
P4,-0.06,0.21,3154
P4,-0.07,0.21,2759
P4,-0.07,0.20,1663
P4,-0.04,0.40,868
P4,-0.04,0.41,591
P4,-0.02,0.41,904
P4,-0.02,0.40,955
P4,-0.03,0.20,1355
P4,-0.03,0.21,2961
P4,-0.21,0.68,587
P4,-0.22,0.68,617
P4,-0.23,0.68,468
P4,0.05,0.32,1363
P4,0.05,0.33,1707
P4,0.04,0.33,1648
P4,0.03,0.33,1570
P4,0.03,0.32,1342
P4,0.00,0.29,1881
P4,0.01,0.29,2003
P4,0.02,0.29,1631
P4,-0.24,1.30,29
P4,-0.23,1.30,20
P4,-0.23,1.31,81
P4,-0.22,1.30,28
P4,-0.09,0.20,1190
P4,-0.10,0.20,732
P4,-0.10,0.21,1237
P4,0.03,0.22,2313
P4,-0.12,0.79,183
P4,-0.12,0.80,148
P4,-0.13,0.80,148
P4,-0.14,0.80,92
P4,-0.14,0.79,145
P4,-0.23,0.30,521
P4,-0.22,0.30,734
P4,-0.22,0.31,544
P4,-0.21,0.30,548
P4,0.21,0.34,334
P4,0.20,0.34,286
P4,0.19,0.34,90
P4,-0.24,0.86,188
P4,-0.24,0.85,133
P4,0.01,0.49,1358
P4,0.02,0.49,1213
P4,0.03,0.49,1143
P4,-0.07,0.28,1224
P4,-0.07,0.29,1371
P4,-0.06,0.29,1429
P4,-0.06,0.28,1144
P4,-0.23,0.65,598
P4,-0.22,0.65,450
P4,0.14,0.46,2897
P4,0.14,0.47,495
P4,0.02,0.42,1048
P4,0.02,0.43,477
P4,0.01,0.42,1259
P4,0.01,0.37,1040
P4,0.01,0.38,1097
P4,0.00,0.38,1047
P4,0.00,0.37,962
P4,-0.24,0.45,868
P4,-0.24,0.44,637
P4,-0.09,0.45,486
P4,-0.09,0.46,601
P4,-0.10,0.46,558
P4,-0.11,0.46,417
P4,-0.11,0.45,440
P4,0.06,0.24,2875
P4,0.05,0.24,2649
P4,0.01,0.46,1253
P4,0.01,0.47,1225
P4,-0.17,1.25,75
P4,-0.18,1.25,47
P4,-0.18,1.26,64
P4,-0.19,1.25,158
P4,0.02,0.20,1509
P4,0.02,0.21,2323
P4,0.03,0.21,2686
P4,0.03,0.20,1404
P4,0.04,0.20,1560
P4,-0.24,0.69,315
P4,-0.23,0.69,695
P4,-0.22,0.69,649
P4,-0.05,0.31,1282
P4,-0.05,0.32,1466
P4,-0.04,0.32,1488
P4,-0.04,0.31,1695
P4,-0.23,0.54,576
P4,-0.22,0.54,428
P4,-0.21,0.54,383
P4,0.01,0.25,2328
P4,0.15,0.43,1612
P4,-0.02,0.21,3045
P4,-0.01,0.21,2800
P4,-0.01,0.22,2351
P4,0.00,0.22,2177
P4,0.00,0.21,3019
P4,-0.01,0.34,1478
P4,-0.02,0.34,1313
P4,-0.13,0.51,367
P4,-0.14,0.51,284
P4,-0.15,0.51,201
P4,-0.04,0.29,1781
P4,-0.04,0.30,1348
P4,-0.03,0.30,1468
P4,-0.02,0.30,1494
P4,-0.02,0.29,1910
P4,0.06,0.25,2036
P4,0.06,0.26,1696
P4,0.07,0.26,1381
P4,0.08,0.26,1219
P4,-0.21,1.04,202
P4,-0.22,1.04,272
P4,-0.23,1.04,281
P4,-0.01,0.46,882
P4,-0.01,0.47,1255
P4,-0.14,1.32,59
P4,-0.14,1.33,92
P4,-0.15,1.33,66
P4,-0.15,1.32,108
P4,-0.24,0.52,527
P4,0.05,0.46,8351
P4,-0.01,0.35,1466
P4,-0.02,0.35,1274
P4,-0.15,1.36,41
P4,-0.14,1.36,82
P4,-0.13,1.36,83
P4,0.21,1.29,36
P4,0.20,1.29,44
P4,0.19,1.29,19
P4,-0.03,0.47,893
P4,-0.02,0.47,819
P4,0.15,0.42,1036
P4,0.16,0.42,632
P4,0.02,0.46,1750
P4,0.03,0.46,2513
P4,0.03,0.45,643
P4,0.02,0.45,896
P4,0.01,0.21,2942
P4,-0.07,0.68,402
P4,-0.07,0.69,256
P4,-0.08,0.69,280
P4,-0.08,0.68,141
P4,-0.09,0.68,304
P4,0.01,0.35,1187
P4,-0.24,0.68,472
P4,0.07,0.69,52
P4,0.08,0.69,133
P4,0.10,0.42,244
P4,0.07,0.61,213
P4,0.08,0.61,191
P4,0.09,0.61,147
P4,-0.20,0.37,170
P4,-0.19,0.37,202
P4,-0.18,0.37,101
P4,-0.11,0.36,675
P4,-0.12,0.36,540
P4,-0.13,0.36,434
P4,-0.13,0.35,429
P4,-0.01,0.70,153
P4,-0.01,0.71,144
P4,-0.02,0.71,138
P4,-0.02,0.70,109
P4,-0.14,1.00,76
P4,-0.13,1.00,71
P4,-0.24,0.89,282
P4,-0.23,0.89,222
P4,-0.23,0.88,246
P4,-0.03,0.45,737
P4,-0.02,0.45,1018
P4,-0.02,0.46,931
P4,-0.01,0.45,760
P4,0.00,0.23,2678
P4,0.01,0.24,2129
P4,0.02,0.24,2383
P4,0.02,0.23,2587
P4,0.02,0.68,172
P4,0.02,0.69,179
P4,0.03,0.69,193
P4,0.03,0.68,164
P4,0.07,0.43,808
P4,0.07,0.42,1019
P4,0.24,0.46,499
P4,0.23,0.46,634
P4,0.05,0.40,1320
P4,0.06,0.40,1268
P4,0.06,0.39,1315
P4,0.07,0.88,56
P4,0.08,0.89,90
P4,0.08,0.88,44
P4,0.09,0.88,38
P4,0.00,0.32,1682
P4,0.01,0.32,1650
P4,0.06,1.00,34
P4,0.06,1.01,54
P4,0.07,1.01,50
P4,0.07,1.00,9
P4,-0.13,0.37,478
P4,-0.14,0.37,353
P4,0.01,0.33,1861
P4,0.01,0.34,1517
P4,0.12,0.41,334
P4,0.12,0.40,262
P4,0.08,0.23,2034
P4,0.08,0.24,1866
P4,0.07,0.24,1942
P4,0.07,0.23,2330
P4,-0.10,0.96,82
P4,-0.10,0.97,106
P4,-0.11,0.97,201
P4,-0.11,0.96,72
P4,-0.13,0.50,479
P4,-0.14,0.50,323
P4,-0.15,0.50,334
P4,0.09,0.21,1868
P4,0.10,0.21,1564
P4,0.10,0.22,1173
P4,0.14,0.28,283
P4,0.14,0.29,166
P4,0.15,0.28,97
P4,-0.21,0.58,401
P4,0.11,0.32,829
P4,0.12,0.32,621
P4,0.01,0.36,1114
P4,0.00,0.36,1223
P4,-0.01,0.36,1523
P4,0.04,0.34,1412
P4,0.11,0.47,1751
P4,0.11,0.48,1059
P4,-0.08,0.27,1030
P4,-0.09,0.27,1046
P4,-0.10,0.27,896
P4,0.21,0.33,243
P4,-0.11,0.35,715
P4,-0.12,0.35,591
P4,-0.10,0.24,1250
P4,-0.10,0.25,1447
P4,-0.11,0.25,1036
P4,-0.11,0.24,1029
P4,-0.05,0.25,2181
P4,-0.05,0.26,2124
P4,-0.24,1.32,131
P4,-0.23,1.32,132
P4,-0.22,1.32,235
P4,0.08,0.47,3451
P4,0.08,0.46,1604
P4,-0.24,0.71,487
P4,-0.23,0.71,822
P4,-0.23,0.70,567
P4,0.08,0.42,445
P4,0.09,0.42,275
P4,0.09,0.41,527
P4,-0.07,0.61,399
P4,-0.07,0.62,289
P4,-0.06,0.62,311
P4,-0.06,0.61,220
P4,-0.05,0.61,200
P4,0.01,0.26,2184
P4,0.00,0.26,1914
P4,-0.01,0.26,2089
P4,0.09,0.28,1387
P4,0.09,0.29,531
P4,0.10,0.29,844
P4,0.10,0.28,993
P4,0.05,0.47,2666
P4,-0.09,0.32,790
P4,-0.09,0.33,946
P4,-0.10,0.33,950
P4,-0.10,0.32,696
P4,-0.11,0.32,795
P4,0.04,0.23,2598
P4,-0.04,0.25,2290
P4,-0.04,0.26,1986
P4,-0.06,0.25,2095
P4,0.08,0.22,2450
P4,0.07,0.22,2394
P4,-0.19,0.62,199
P4,-0.18,0.62,200
P4,0.03,0.80,208
P4,0.03,0.81,218
P4,0.04,0.81,166
P4,0.04,0.80,173
P4,0.05,0.80,64
P4,-0.03,0.26,1736
P4,-0.02,0.26,2096
P4,0.09,1.04,72
P4,0.10,1.04,32
P4,0.11,1.04,12
P4,0.08,0.39,1047
P4,0.09,0.39,871
P4,0.10,0.39,454
P4,-0.02,0.22,2410
P4,-0.04,0.33,1474
P4,-0.03,0.32,1546
P4,-0.10,0.59,186
P4,-0.11,0.59,137
P4,-0.12,0.59,229
P4,-0.21,0.48,213
P4,0.22,0.40,96
P4,0.09,0.45,479
P4,0.07,0.74,35
P4,0.07,0.75,95
P4,0.08,0.75,139
P4,0.09,0.75,78
P4,0.09,0.74,76
P4,-0.02,0.24,2703
P4,-0.03,0.25,2535
P4,-0.04,0.24,2026
P4,-0.09,0.28,878
P4,-0.10,0.28,508
P4,-0.07,1.05,136
P4,-0.08,1.05,237
P4,-0.09,1.05,148
P4,-0.09,1.04,38
P4,-0.13,0.78,143
P4,-0.14,0.78,102
P4,0.10,0.52,159
P4,0.11,0.52,81
P4,0.21,1.38,92
P4,0.20,1.38,90
P4,0.19,1.38,66
P4,0.02,0.52,583
P4,0.02,0.53,609
P4,0.01,0.53,631
P4,0.00,0.53,290
P4,0.00,0.52,440
P4,0.07,0.80,166
P4,0.07,0.81,168
P4,0.07,0.30,1099
P4,0.08,0.30,1268
P4,0.08,0.31,1114
P4,-0.03,0.36,1399
P4,-0.03,0.37,1245
P4,-0.23,0.83,348
P4,-0.22,0.83,258
P4,-0.04,0.27,1895
P4,-0.03,0.27,1625
P4,-0.03,0.28,1871
P4,-0.02,0.27,1781
P4,-0.06,0.42,1158
P4,-0.07,0.42,1094
P4,-0.08,0.42,780
P4,0.11,0.41,252
P4,0.02,0.77,101
P4,0.02,0.78,175
P4,0.03,0.78,249
P4,0.03,0.77,103
P4,-0.10,0.82,171
P4,-0.11,0.82,252
P4,-0.12,0.82,134
P4,0.01,0.45,843
P4,0.00,0.97,61
P4,0.00,0.98,62
P4,-0.21,0.61,398
P4,-0.20,0.61,413
P4,-0.19,0.61,229
P4,-0.08,0.57,396
P4,-0.08,0.58,248
P4,-0.09,0.58,440
P4,-0.10,0.58,356
P4,-0.10,0.57,333
P4,-0.06,0.41,709
P4,-0.07,0.41,791
P4,-0.19,0.81,326
P4,-0.03,1.11,224
P4,-0.03,1.12,179
P4,-0.02,1.12,4
P4,-0.02,1.11,43
P4,-0.09,0.66,389
P4,-0.09,0.67,194
P4,-0.10,0.67,170
P4,-0.10,0.66,379
P4,0.24,0.39,457
P4,0.23,0.39,321
P4,0.21,0.60,294
P4,0.20,0.60,229
P4,0.19,0.60,98
P4,-0.04,0.21,2981
P4,0.07,0.36,964
P4,0.08,0.36,841
P4,0.09,0.36,698
P4,0.07,0.32,977
P4,0.07,0.33,1410
P4,0.08,0.33,1129
P4,0.08,0.32,765
P4,-0.05,1.06,85
P4,-0.05,1.07,72
P4,-0.08,0.34,726
P4,-0.08,0.35,771
P4,-0.09,0.35,644
P4,-0.10,0.35,699
P4,-0.10,0.34,672
P4,0.07,0.21,3050
P4,-0.01,0.65,234
P4,-0.01,0.66,271
P4,0.00,0.66,105
P4,0.00,0.65,199
P4,-0.04,0.36,1118
P4,-0.04,0.37,1029
P4,-0.05,0.37,910
P4,-0.05,0.36,1115
P4,-0.05,0.30,1559
P4,-0.06,0.30,1237
P4,-0.02,0.28,1985
P4,0.06,0.80,126
P4,-0.01,0.41,1062
P4,-0.02,0.42,628
P4,0.04,0.48,2318
P4,0.04,0.49,1185
P4,0.05,0.49,1360
P4,0.05,0.48,1860
P4,0.06,0.47,3621
P4,0.04,0.46,4112
P4,-0.06,0.67,327
P4,-0.07,0.67,303
P4,-0.07,0.66,290
P4,0.12,0.47,1376
P4,-0.14,0.45,560
P4,-0.15,0.45,434
P4,-0.16,0.45,266
P4,-0.09,0.38,603
P4,-0.09,0.39,584
P4,-0.10,0.39,828
P4,-0.10,0.38,585
P4,-0.23,0.45,846
P4,-0.22,0.45,347
P4,-0.22,0.44,323
P4,-0.14,0.48,344
P4,-0.14,0.49,405
P4,-0.15,0.49,348
P4,-0.16,0.49,304
P4,-0.16,0.48,261
P4,-0.18,0.39,168
P4,-0.17,0.39,161
P4,-0.16,0.39,163
P4,0.03,0.34,1938
P4,0.02,0.25,2176
P4,0.03,0.25,2550
P4,-0.20,0.87,151
P4,-0.19,0.87,73
P4,-0.18,0.87,218
P4,-0.05,0.22,1942
P4,-0.04,0.22,2441
P4,0.17,1.01,29
P4,0.18,1.01,45
P4,-0.06,0.37,1009
P4,-0.07,0.37,859
P4,-0.08,0.37,608
P4,0.11,0.22,971
P4,0.11,0.46,2701
P4,0.10,0.33,927
P4,0.11,0.33,547
P4,0.12,0.33,468
P4,-0.06,0.23,2363
P4,-0.06,0.24,2238
P4,-0.05,0.24,1980
P4,-0.05,0.23,2134
P4,-0.24,0.56,505
P4,0.03,0.47,1946
P4,0.07,0.44,305
P4,-0.22,1.28,68
P4,-0.23,1.28,60
P4,-0.12,0.32,517
P4,-0.13,0.32,290
P4,-0.07,0.84,138
P4,-0.07,0.85,169
P4,0.05,0.26,1745
P4,0.05,0.27,2268
P4,-0.19,0.63,220
P4,-0.20,0.63,250
P4,-0.20,0.62,261
P4,0.24,1.26,81
P4,0.24,1.25,80
P4,-0.21,1.14,90
P4,-0.20,1.14,122
P4,-0.19,1.14,147
P4,-0.24,0.43,725
P4,-0.23,0.43,628
P4,0.04,0.27,2065
P4,0.06,0.27,1866
P4,0.19,0.54,68
P4,0.20,0.54,243
P4,0.21,0.54,285
P4,0.21,0.53,258
P4,0.23,0.49,441
P4,0.23,0.50,308
P4,0.22,0.50,297
P4,0.21,0.50,183
P4,0.21,0.49,150
P4,-0.08,0.30,805
P4,-0.08,0.31,1253
P4,-0.09,0.21,2176
P4,-0.10,0.22,1294
P4,-0.11,0.22,878
P4,-0.11,0.21,616
P4,0.05,0.54,250
P4,0.05,0.55,396
P4,0.04,0.55,440
P4,0.04,0.54,589
P4,0.04,0.47,2334
P4,-0.05,0.54,310
P4,-0.06,0.54,304
P4,-0.06,0.55,236
P4,-0.07,0.55,433
P4,-0.07,0.54,316
P4,-0.24,0.51,675
P4,-0.23,0.51,690
P4,-0.22,0.51,488
P4,-0.15,0.80,142
P4,-0.15,0.81,131
P4,-0.16,0.81,147
P4,-0.16,0.80,149
P4,0.04,0.25,2203
P4,0.05,0.25,2235
P4,-0.02,0.37,1303
P4,-0.02,0.36,1399
P4,-0.06,0.60,278
P4,-0.06,0.43,917
P4,-0.06,0.44,803
P4,-0.05,0.44,1079
P4,-0.05,0.43,998
P4,0.04,0.28,1951
P4,0.05,0.28,1680
P4,-0.06,0.26,1862
P4,-0.07,0.26,1670
P4,-0.07,0.25,1957
P4,0.00,0.35,1708
P4,0.00,0.34,1471
P4,-0.21,0.96,197
P4,-0.20,0.96,265
P4,-0.20,0.97,356
P4,-0.19,0.97,335
P4,-0.19,0.96,232
P4,0.04,0.29,1730
P4,0.05,0.29,1655
P4,0.06,0.29,1490
P4,-0.01,0.24,2202
P4,-0.03,0.22,2706
P4,-0.10,0.31,795
P4,-0.11,0.31,653
P4,-0.12,0.31,430
P4,0.13,0.34,418
P4,0.14,0.34,320
P4,0.15,0.34,259
P4,0.15,0.33,157
P4,-0.01,0.42,740
P4,-0.02,0.43,364
P4,-0.03,0.43,539
P4,-0.24,0.58,446
P4,-0.23,0.59,730
P4,-0.22,0.59,638
P4,-0.22,0.58,569
P4,-0.22,1.09,202
P4,-0.21,1.09,217
P4,-0.09,0.56,246
P4,-0.09,0.57,423
P4,-0.24,0.53,551
P4,-0.23,0.53,591
P4,-0.22,0.53,376
P4,0.24,0.86,72
P4,0.23,0.86,96
P4,0.22,0.86,31
P4,-0.22,1.22,71
P4,-0.21,1.22,94
P4,-0.20,1.22,158
P4,-0.20,0.69,301
P4,-0.19,0.69,342
P4,-0.18,0.69,309
P4,-0.24,0.54,529
P4,0.02,0.30,1310
P4,0.02,0.31,1359
P4,0.03,0.31,1813
P4,0.03,0.30,1585
P4,0.04,0.30,1795
P4,-0.07,0.58,343
P4,-0.08,0.59,330
P4,-0.07,0.49,371
P4,-0.08,0.49,373
P4,-0.23,1.03,149
P4,-0.24,1.03,166
P4,-0.24,1.04,183
P4,0.02,0.61,231
P4,0.02,0.62,268
P4,0.03,0.61,139
P4,-0.06,0.31,1311
P4,-0.06,0.32,1419
P4,-0.07,0.32,1305
P4,-0.07,0.31,1174
P4,-0.18,0.78,269
P4,-0.17,0.78,161
P4,-0.17,0.79,194
P4,-0.16,0.79,104
P4,-0.16,0.78,195
P4,-0.22,1.33,139
P4,-0.21,1.32,172
P4,0.03,0.48,1727
P4,-0.14,0.58,241
P4,-0.14,0.59,215
P4,-0.15,0.59,174
P4,-0.15,0.58,166
P4,-0.16,0.58,184
P4,-0.08,0.28,1128
P4,0.01,0.52,671
P4,-0.22,0.72,439
P4,-0.21,0.72,428
P4,-0.21,0.73,361
P4,-0.20,0.72,437
P4,-0.05,0.27,1783
P4,0.09,0.89,22
P4,0.10,0.89,31
P4,0.10,0.90,27
P4,0.11,0.90,48
P4,0.11,0.89,37
P4,-0.07,0.50,393
P4,-0.08,0.50,352
P4,-0.02,0.61,266
P4,-0.02,0.62,224
P4,-0.03,0.62,280
P4,-0.04,0.61,94
P4,0.11,0.38,554
P4,0.12,0.38,353
P4,0.13,0.38,459
P4,0.09,0.24,1296
P4,0.10,0.24,958
P4,-0.12,0.30,510
P4,-0.12,0.29,475
P4,0.07,0.40,1262
P4,0.08,0.40,614
P4,0.24,0.49,236
P4,0.22,0.49,382
P4,-0.01,0.43,527
P4,-0.01,0.44,734
P4,0.00,0.44,645
P4,0.03,0.23,2604
P4,-0.21,0.51,234
P4,0.03,0.62,200
P4,0.03,0.63,420
P4,0.04,0.63,428
P4,0.04,0.62,378
P4,-0.16,0.46,190
P4,-0.17,0.46,128
P4,-0.18,0.46,61
P4,-0.17,1.37,86
P4,-0.17,1.38,182
P4,-0.16,1.38,103
P4,-0.16,1.37,131
P4,0.06,0.37,1336
P4,0.06,0.38,1234
P4,0.07,0.38,1395
P4,0.07,0.37,1084
P4,0.07,0.29,1169
P4,-0.24,1.08,75
P4,-0.23,1.08,169
P4,-0.22,1.08,176
P4,-0.19,0.98,267
P4,-0.18,0.98,254
P4,-0.08,0.86,36
P4,-0.08,0.87,106
P4,-0.07,0.87,81
P4,-0.07,0.86,135
P4,0.10,0.20,650
P4,0.11,0.20,217
P4,-0.03,0.83,48
P4,-0.03,0.84,67
P4,-0.02,0.84,153
P4,-0.02,0.83,174
P4,-0.01,0.29,1609
P4,-0.05,1.20,53
P4,-0.05,1.21,68
P4,0.01,0.65,195
P4,0.02,0.65,355
P4,0.02,0.66,237
P4,0.03,0.65,497
P4,0.06,0.48,1657
P4,0.07,0.48,2289
P4,0.07,0.47,3194
P4,-0.01,0.28,1675
P4,0.24,0.42,498
P4,-0.06,0.27,1558
P4,-0.07,0.63,380
P4,-0.08,0.63,275
P4,-0.09,0.63,251
P4,0.14,0.36,363
P4,0.15,0.36,295
P4,0.16,0.36,161
P4,0.16,0.35,198
P4,0.00,0.20,1490
P4,0.01,0.20,1590
P4,0.10,0.26,1152
P4,0.11,0.26,771
P4,0.03,0.56,237
P4,0.04,0.56,375
P4,0.04,0.57,175
P4,0.24,0.41,449
P4,0.23,0.41,284
P4,0.22,0.41,70
P4,0.21,0.74,67
P4,0.20,0.74,77
P4,0.20,0.75,109
P4,0.19,0.75,108
P4,0.19,0.74,61
P4,-0.14,1.06,241
P4,-0.14,1.07,127
P4,-0.15,1.07,123
P4,-0.15,1.06,107
P4,-0.16,1.06,120
P4,0.14,0.45,4455
P4,0.03,0.24,2183
P4,0.04,0.24,2350
P4,-0.23,0.86,95
P4,-0.23,0.87,178
P4,-0.22,0.87,174
P4,-0.22,0.86,174
P4,-0.07,0.40,1002
P4,-0.06,0.40,981
P4,0.05,0.93,68
P4,0.06,0.93,60
P4,0.06,0.94,24
P4,0.07,0.94,12
P4,0.07,0.93,29
P4,-0.16,0.72,182
P4,-0.16,0.73,85
P4,-0.17,0.73,138
P4,-0.17,0.72,186
P4,-0.18,0.72,155
P4,0.04,0.68,152
P4,-0.24,0.84,253
P4,-0.24,0.83,246
P4,0.24,1.00,48
P4,0.23,1.00,41
P4,0.22,1.00,45
P4,0.00,0.40,1155
P4,0.00,0.41,925
P4,0.06,0.49,1207
P4,-0.02,0.58,160
P4,-0.01,0.58,212
P4,-0.01,0.59,391
P4,0.00,0.58,305
P4,0.11,1.25,6
P4,0.12,1.25,7
P4,0.12,1.26,55
P4,0.13,1.26,15
P4,0.13,1.25,13
P4,-0.24,0.82,244
P4,-0.23,0.82,428
P4,-0.23,0.81,332
P4,0.20,0.57,146
P4,0.19,0.57,146
P4,0.22,0.32,567
P4,0.21,0.32,720
P4,0.20,0.32,310
P4,0.20,0.31,294
P4,0.12,0.22,309
P4,-0.01,1.12,62
P4,-0.01,1.13,54
P4,0.00,0.33,1312
P4,-0.14,0.76,128
P4,-0.14,0.77,214
P4,-0.15,0.77,186
P4,-0.15,0.76,109
P4,-0.16,0.76,99
P4,-0.20,0.80,325
P4,0.09,0.32,957
P4,0.10,0.32,826
P4,0.08,0.37,703
P4,0.09,0.37,774
P4,0.10,0.37,493
P4,0.10,0.36,319
P4,0.07,0.51,691
P4,0.08,0.51,550
P4,0.09,0.51,286
P4,0.09,0.50,497
P4,0.13,0.27,502
P4,0.08,0.48,2131
P4,-0.23,0.75,288
P4,-0.22,0.75,235
P4,-0.15,0.74,147
P4,-0.16,0.74,143
P4,-0.17,0.74,135
P4,-0.12,0.78,196
P4,0.11,0.95,33
P4,0.12,0.95,34
P4,0.13,0.95,28
P4,0.21,0.75,118
P4,0.21,0.76,30
P4,0.20,0.76,36
P4,0.19,0.76,33
P4,-0.07,0.30,1124
P4,-0.24,0.46,879
P4,-0.23,0.46,657
P4,-0.22,0.46,301
P4,-0.06,0.22,2274
P4,0.03,0.53,536
P4,-0.18,0.97,265
P4,-0.17,0.97,167
P4,0.07,0.68,95
P4,0.08,0.68,54
P4,0.00,0.67,230
P4,0.01,0.67,285
P4,0.01,0.68,86
P4,0.02,0.67,156
P4,0.11,0.34,673
P4,0.11,0.35,452
P4,0.12,0.35,597
P4,-0.07,0.35,1269
P4,-0.06,0.35,930
P4,-0.05,0.34,1089
P4,0.02,0.22,2107
P4,0.09,0.26,1117
P4,0.09,0.27,885
P4,0.10,0.27,1327
P4,-0.01,0.74,170
P4,-0.01,0.75,120
P4,0.01,0.41,885
P4,0.02,0.41,841
P4,-0.01,0.87,88
P4,-0.01,0.88,109
P4,-0.02,0.88,51
P4,-0.02,0.87,25
P4,-0.20,1.04,286
P4,-0.20,1.05,125
P4,-0.21,1.05,110
P4,-0.22,1.24,268
P4,-0.21,1.24,133
P4,-0.20,1.24,93
P4,-0.03,0.33,1512
P4,-0.02,0.33,1331
P4,-0.02,0.32,1097
P4,0.07,0.41,967
P4,-0.03,0.35,1152
P4,-0.21,1.23,96
P4,-0.20,1.23,82
P4,-0.19,1.22,153
P4,0.08,0.27,1758
P4,-0.24,0.55,569
P4,0.08,0.38,907
P4,0.09,0.38,671
P4,0.10,0.38,645
P4,0.00,0.51,457
P4,-0.01,0.51,321
P4,-0.02,0.51,421
P4,0.11,0.39,422
P4,-0.07,0.33,1010
P4,0.00,0.49,1141
P4,0.00,0.50,954
P4,-0.23,1.36,78
P4,-0.24,1.36,119
P4,-0.24,1.35,110
P4,0.24,0.36,309
P4,0.23,0.36,153
P4,0.24,0.44,630
P4,-0.24,0.41,553
P4,-0.23,0.41,407
P4,-0.08,0.41,708
P4,-0.08,0.40,799
P4,-0.20,0.60,215
P4,-0.01,0.30,1257
P4,-0.01,0.31,1513
P4,0.00,0.31,1437
P4,0.00,0.30,1592
P4,-0.23,0.77,203
P4,-0.22,0.77,313
P4,-0.21,0.77,328
P4,-0.24,0.42,729
P4,-0.23,0.42,537
P4,-0.01,0.27,1882
P4,-0.22,0.92,199
P4,-0.22,0.93,187
P4,-0.21,0.93,266
P4,-0.21,0.92,227
P4,-0.20,0.92,200
P4,0.06,0.44,1198
P4,-0.13,0.56,99
P4,-0.14,0.56,186
P4,-0.11,1.02,86
P4,-0.11,1.03,201
P4,-0.12,1.03,88
P4,-0.12,1.02,103
P4,-0.09,0.34,781
P4,-0.21,0.53,239
P4,-0.20,0.53,91
P4,-0.22,0.81,291
P4,0.09,0.34,608
P4,0.09,0.35,674
P4,0.10,0.35,551
P4,0.10,0.34,733
P4,-0.08,0.44,835
P4,-0.09,0.44,745
P4,-0.10,0.44,668
P4,-0.04,0.44,1037
P4,-0.04,0.45,805
P4,-0.05,0.45,1079
P4,-0.06,0.45,1063
P4,0.05,0.43,1326
P4,0.06,0.43,1037
P4,0.24,0.81,88
P4,0.23,0.81,77
P4,0.04,0.65,369
P4,0.05,0.65,157
P4,0.06,0.65,84
P4,0.13,1.30,8
P4,0.14,1.30,48
P4,0.15,1.30,29
P4,0.08,0.76,50
P4,-0.22,0.80,232
P4,-0.21,0.80,307
P4,0.23,0.43,453
P4,-0.23,0.64,590
P4,-0.22,0.64,546
P4,0.05,0.82,106
P4,0.06,0.82,116
P4,0.06,0.83,100
P4,0.07,0.82,164
P4,-0.01,0.23,2794
P4,-0.05,0.28,1460
P4,-0.05,0.29,1903
P4,-0.04,0.28,1316
P4,-0.06,0.74,194
P4,-0.07,0.74,225
P4,-0.07,0.75,174
P4,-0.08,0.75,178
P4,-0.08,0.74,185
P4,-0.19,0.84,261
P4,-0.18,0.84,220
P4,-0.18,0.83,308
P4,-0.06,1.07,45
P4,-0.06,1.06,113
P4,0.01,0.54,602
P4,0.02,0.54,538
P4,0.03,0.54,586
P4,-0.03,0.34,1075
P4,0.08,0.29,1101
P4,0.06,0.88,90
P4,0.06,0.89,67
P4,-0.09,0.36,891
P4,-0.10,0.36,584
P4,-0.03,0.92,121
P4,-0.03,0.93,83
P4,-0.05,0.65,261
P4,-0.05,0.66,322
P4,-0.09,0.50,223
P4,-0.09,0.51,207
P4,-0.10,0.51,242
P4,-0.10,0.50,312
P4,0.22,0.30,569
P4,0.21,0.30,466
P4,0.20,0.30,232
P4,0.08,0.21,3361
P4,-0.23,0.97,100
P4,-0.22,0.97,187
P4,-0.21,0.97,257
P4,0.15,0.44,2623
P4,0.15,0.45,2061
P4,0.23,0.53,232
P4,0.22,0.53,252
P4,0.05,0.30,1116
P4,0.24,1.36,45
P4,0.24,1.37,116
P4,0.23,1.37,68
P4,0.22,1.37,85
P4,0.22,1.36,33
P4,-0.13,0.89,111
P4,-0.13,0.90,135
P4,-0.14,0.89,184
P4,-0.09,0.22,1669
P4,-0.07,0.45,1036
P4,-0.07,0.46,635
P4,-0.06,0.46,780
P4,-0.05,0.46,973
P4,-0.11,0.33,521
P4,-0.22,0.42,215
P4,-0.20,1.28,67
P4,-0.19,1.28,53
P4,-0.19,1.29,38
P4,-0.18,1.29,63
P4,-0.18,1.28,81
P4,0.24,0.29,125
P4,0.24,0.28,25
P4,0.23,0.28,258
P4,-0.23,0.72,526
P4,0.09,1.18,29
P4,0.09,1.19,53
P4,0.10,1.19,29
P4,0.10,1.18,27
P4,0.04,0.36,1168
P4,0.04,0.37,1188
P4,0.05,0.37,1214
P4,0.05,0.36,872
P4,0.14,0.95,24
P4,-0.12,0.50,485
P4,-0.11,0.20,201
P4,-0.12,0.20,39
P4,-0.05,0.49,536
P4,-0.05,0.50,501
P4,0.03,0.58,276
P4,0.03,0.59,302
P4,0.03,0.64,460
P4,0.20,0.33,251
P4,0.19,0.71,68
P4,0.18,0.71,56
P4,-0.07,0.23,1968
P4,-0.07,0.22,2307
P4,0.07,0.52,512
P4,0.08,0.52,385
P4,0.02,0.28,1306
P4,0.01,0.28,1777
P4,-0.06,0.92,128
P4,-0.06,0.93,33
P4,-0.07,0.93,82
P4,-0.07,0.92,121
P4,-0.08,0.92,77
P4,-0.06,0.47,487
P4,-0.07,0.47,429
P4,-0.08,0.46,447
P4,0.23,0.44,751
P4,0.00,0.55,441
P4,0.00,0.56,453
P4,-0.01,0.55,360
P4,-0.05,1.30,7
P4,-0.05,1.31,110
P4,-0.14,0.43,260
P4,-0.15,0.43,158
P4,-0.16,0.43,198
P4,-0.07,0.71,270
P4,-0.08,0.71,148
P4,-0.09,0.71,91
P4,-0.11,0.47,484
P4,-0.12,0.47,546
P4,-0.12,0.46,421
P4,-0.18,0.92,269
P4,-0.17,0.92,203
P4,-0.16,0.92,183
P4,-0.24,0.81,331
P4,0.06,0.33,1205
P4,0.06,0.34,1097
P4,0.07,0.34,1168
P4,0.08,0.34,996
P4,0.09,0.33,1152
P4,0.02,0.33,1463
P4,0.06,0.78,135
P4,0.07,0.78,41
P4,0.08,0.78,66
P4,-0.11,0.67,200
P4,-0.11,0.68,238
P4,-0.12,0.68,84
P4,-0.12,0.67,130
P4,0.02,0.32,1303
P4,-0.09,0.24,1245
P4,-0.08,0.45,680
P4,-0.03,0.39,880
P4,-0.03,0.40,703
P4,0.18,0.66,118
P4,0.01,0.23,2238
P4,0.00,0.45,708
P4,-0.22,0.71,672
P4,0.05,0.50,1184
P4,0.06,0.50,1192
P4,0.14,0.40,624
P4,-0.08,0.56,325
P4,-0.05,0.93,60
P4,-0.04,0.93,54
P4,-0.04,0.94,47
P4,-0.24,0.64,418
P4,-0.08,0.66,570
P4,-0.08,0.67,304
P4,0.03,0.91,71
P4,0.03,0.92,170
P4,0.04,0.92,74
P4,0.04,0.91,133
P4,-0.03,0.29,1736
P4,0.17,0.42,301
P4,-0.03,0.73,328
P4,-0.02,0.73,344
P4,-0.02,0.74,139
P4,-0.12,0.33,536
P4,-0.13,0.33,449
P4,0.12,1.16,57
P4,0.12,1.17,3
P4,0.13,1.17,20
P4,0.13,1.16,95
P4,0.02,0.44,320
P4,-0.10,0.68,251
P4,0.09,0.20,1157
P4,0.24,0.30,209
P4,0.23,0.30,560
P4,0.23,0.29,391
P4,-0.21,0.98,197
P4,-0.20,0.98,227
P4,-0.23,0.44,399
P4,0.01,0.27,1913
P4,-0.02,0.89,89
P4,-0.24,0.50,1014
P4,0.15,0.65,44
P4,0.08,0.20,1304
P4,-0.04,0.34,1077
P4,0.03,0.35,1144
P4,0.04,0.35,846
P4,-0.13,0.27,374
P4,-0.14,0.27,226
P4,-0.15,0.27,46
P4,-0.15,0.26,20
P4,-0.17,1.32,137
P4,-0.17,1.33,71
P4,-0.16,1.33,61
P4,-0.13,0.84,189
P4,-0.13,0.85,74
P4,-0.14,0.85,113
P4,-0.15,0.85,159
P4,-0.15,0.84,176
P4,-0.08,0.36,1106
P4,0.04,0.31,1754
P4,0.07,0.28,1143
P4,0.23,0.99,22
P4,0.22,0.99,47
P4,0.21,0.99,52
P4,0.08,0.97,38
P4,0.09,0.97,48
P4,0.09,0.98,28
P4,0.10,0.97,70
P4,-0.04,1.10,118
P4,-0.04,1.11,87
P4,-0.11,0.42,612
P4,-0.11,0.43,503
P4,0.08,0.86,84
P4,0.08,0.87,61
P4,0.09,0.86,51
P4,-0.24,0.61,523
P4,-0.24,0.60,405
P4,-0.23,0.60,553
P4,0.04,1.18,140
P4,0.05,1.18,35
P4,0.05,1.17,6
P4,0.24,0.72,47
P4,0.23,0.72,126
P4,-0.06,1.15,72
P4,-0.07,1.15,151
P4,-0.07,1.14,90
P4,0.06,0.95,14
P4,0.07,0.95,78
P4,0.08,0.95,108
P4,0.16,0.44,1326
P4,0.05,0.85,166
P4,0.06,0.85,94
P4,0.06,0.86,118
P4,0.07,0.85,95
P4,-0.09,1.17,72
P4,-0.09,1.18,99
P4,-0.10,1.18,102
P4,-0.10,1.17,132
P4,-0.12,0.60,399
P4,-0.13,0.59,276
P4,-0.21,0.60,473
P4,-0.19,1.03,241
P4,-0.18,1.03,151
P4,-0.17,1.03,111
P4,-0.16,1.01,192
P4,-0.17,1.01,176
P4,-0.17,1.20,87
P4,-0.16,1.20,95
P4,-0.15,1.20,68
P4,-0.11,0.58,307
P4,-0.04,0.91,124
P4,-0.05,0.91,118
P4,0.06,1.23,8
P4,0.06,1.24,40
P4,0.07,1.24,5
P4,0.07,1.23,10
P4,0.24,0.96,66
P4,0.23,0.96,56
P4,0.23,0.95,51
P4,-0.05,0.53,320
P4,-0.06,0.53,291
P4,-0.06,0.52,189
P4,-0.15,0.36,281
P4,-0.15,0.37,286
P4,-0.16,0.37,210
P4,-0.16,0.36,101
P4,0.08,0.43,352
P4,0.09,0.43,211
P4,-0.18,0.58,147
P4,-0.19,0.93,200
P4,-0.18,0.93,251
P4,-0.23,0.73,466
P4,-0.22,0.73,408
P4,-0.04,0.49,434
P4,-0.04,0.50,314
P4,0.16,1.24,19
P4,0.17,1.24,21
P4,0.18,1.24,1
P4,-0.24,0.48,588
P4,0.01,0.22,2289
P4,-0.22,0.89,232
P4,-0.21,0.89,233
P4,-0.21,0.88,108
P4,-0.21,0.44,66
P4,0.01,0.60,266
P4,0.01,0.61,388
P4,0.02,0.60,186
P4,-0.13,0.44,258
P4,-0.13,0.45,523
P4,-0.15,0.44,224
P4,-0.24,1.19,30
P4,-0.23,1.19,75
P4,-0.23,1.20,100
P4,-0.22,1.19,124
P4,0.11,0.27,770
P4,-0.02,0.72,84
P4,-0.01,0.73,298
P4,-0.01,0.72,98
P4,0.12,0.39,464
P4,0.02,0.34,1460
P4,-0.13,0.67,213
P4,0.05,0.41,1185
P4,0.06,0.41,1414
P4,0.19,0.64,173
P4,0.18,0.64,73
P4,0.17,0.64,37
P4,0.05,0.73,159
P4,0.05,0.74,82
P4,0.06,0.74,76
P4,0.06,0.73,81
P4,-0.24,0.88,88
P4,-0.24,0.87,95
P4,-0.13,1.28,40
P4,-0.12,1.28,12
P4,0.23,1.04,32
P4,0.22,1.04,50
P4,0.21,1.04,40
P4,0.02,0.35,985
P4,-0.05,0.64,239
P4,-0.04,0.64,230
P4,-0.04,0.63,168
P4,0.07,0.39,1151
P4,-0.16,0.50,301
P4,-0.20,0.65,288
P4,-0.21,0.65,373
P4,-0.19,0.78,329
P4,-0.11,0.28,505
P4,0.13,0.30,580
P4,0.14,0.30,303
P4,0.01,0.30,1951
P4,-0.07,0.39,709
P4,-0.08,0.39,798
P4,0.10,1.20,109
P4,0.11,1.20,101
P4,0.11,1.19,28
P4,0.12,1.19,48
P4,0.24,0.88,56
P4,0.03,0.29,1495
P4,0.03,0.28,1490
P4,-0.24,0.73,292
P4,-0.20,0.59,207
P4,-0.19,0.59,106
P4,0.03,0.50,1148
P4,0.04,0.45,2365
P4,0.06,0.28,1430
P4,-0.23,0.47,509
P4,-0.22,0.47,320
P4,-0.21,0.47,112
P4,-0.16,1.02,204
P4,-0.15,1.02,181
P4,-0.14,1.02,103
P4,-0.14,1.01,235
P4,-0.24,0.40,945
P4,-0.23,0.40,579
P4,-0.23,0.50,1028
P4,-0.22,0.50,666
P4,-0.21,0.50,325
P4,-0.14,0.70,158
P4,-0.15,0.70,208
P4,0.16,0.43,966
P4,-0.03,0.75,201
P4,-0.03,0.76,145
P4,0.02,0.55,572
P4,0.03,0.55,348
P4,0.05,0.31,1736
P4,0.06,0.31,1500
P4,0.07,0.31,1129
P4,-0.24,0.70,353
P4,-0.22,0.70,582
P4,-0.10,0.23,1271
P4,-0.24,0.63,558
P4,-0.23,0.63,811
P4,-0.22,0.63,561
P4,0.22,1.02,18
P4,0.21,1.02,29
P4,0.21,1.01,80
P4,-0.19,0.80,238
P4,-0.18,0.80,206
P4,-0.17,0.80,181
P4,-0.17,0.98,289
P4,-0.24,0.74,401
P4,0.07,0.27,1476
P4,0.08,0.28,1147
P4,0.15,0.40,397
P4,0.15,0.39,252
P4,-0.08,1.21,51
P4,-0.09,1.21,73
P4,-0.09,1.20,107
P4,0.06,0.42,1117
P4,0.08,0.41,696
P4,-0.09,0.48,515
P4,-0.10,0.48,390
P4,-0.10,0.47,576
P4,-0.22,0.60,587
P4,0.11,0.81,5
P4,0.12,0.81,13
P4,0.12,0.90,64
P4,0.13,0.90,34
P4,0.24,0.79,33
P4,0.23,0.79,38
P4,0.02,0.47,1278
P4,0.02,0.48,1250
P4,-0.01,0.40,1141
P4,0.03,0.79,89
P4,0.04,0.79,118
P4,0.05,0.79,167
P4,-0.02,0.66,160
P4,-0.02,0.67,277
P4,-0.03,0.24,2526
P4,-0.24,0.67,620
P4,-0.12,1.01,176
P4,-0.13,1.01,126
P4,0.03,0.52,625
P4,0.02,0.51,840
P4,-0.05,0.48,367
P4,-0.06,0.48,260
P4,-0.07,0.48,336
P4,-0.13,0.28,317
P4,-0.14,0.28,197
P4,0.04,0.61,237
P4,0.05,0.61,179
P4,0.08,0.55,106
P4,0.07,0.55,326
P4,0.09,0.22,1733
P4,0.01,0.40,1057
P4,-0.11,0.83,275
P4,-0.12,0.83,131
P4,-0.12,0.84,225
P4,-0.13,0.83,167
P4,-0.03,0.88,92
P4,-0.03,0.89,48
P4,-0.04,0.89,105
P4,-0.04,0.88,128
P4,-0.02,0.81,249
P4,-0.02,0.82,71
P4,-0.03,0.81,77
P4,0.18,0.62,51
P4,0.17,0.62,17
P4,0.06,0.51,846
P4,0.04,0.39,1455
P4,0.05,0.39,1748
P4,-0.05,0.62,247
P4,-0.05,0.63,181
P4,-0.06,0.63,125
P4,0.05,1.25,77
P4,0.05,1.26,34
P4,0.06,1.25,17
P4,0.07,0.54,216
P4,0.08,0.54,126
P4,0.17,0.43,557
P4,-0.01,0.33,1746
P4,-0.12,0.58,143
P4,0.09,0.25,1263
P4,0.10,0.25,1421
P4,0.02,0.50,1336
P4,-0.21,0.27,111
P4,-0.20,0.27,57
P4,0.15,1.38,11
P4,0.16,1.38,15
P4,-0.11,0.49,390
P4,-0.12,0.49,380
P4,-0.13,0.49,359
P4,0.02,0.71,126
P4,0.02,0.72,103
P4,0.03,0.72,72
P4,0.03,0.71,143
P4,0.04,0.69,156
P4,0.04,0.70,190
P4,0.05,0.70,159
P4,0.05,0.69,134
P4,0.01,0.59,364
P4,0.00,0.60,316
P4,0.00,0.59,518
P4,0.13,0.32,408
P4,0.14,0.32,254
P4,-0.02,0.52,286
P4,-0.03,0.51,428
P4,-0.05,0.75,281
P4,-0.05,0.74,173
P4,-0.19,0.68,283
P4,-0.18,0.68,289
P4,-0.23,1.02,71
P4,-0.22,1.03,184
P4,-0.22,1.02,192
P4,-0.23,0.26,68
P4,-0.22,0.26,168
P4,-0.15,1.19,41
P4,-0.14,1.19,68
P4,0.05,0.72,122
P4,0.00,0.62,423
P4,0.00,0.63,275
P4,-0.01,0.63,282
P4,-0.02,0.63,321
P4,0.01,0.39,1150
P4,0.08,0.81,99
P4,0.09,0.81,138
P4,0.10,0.81,86
P4,-0.10,0.52,494
P4,-0.11,0.52,544
P4,-0.11,0.51,319
P4,-0.12,0.51,325
P4,-0.07,0.64,316
P4,-0.07,0.65,321
P4,-0.08,0.65,216
P4,-0.08,0.64,363
P4,-0.09,0.64,246
P4,-0.18,0.45,57
P4,-0.19,0.45,72
P4,0.11,0.21,629
P4,0.13,0.40,387
P4,-0.07,0.60,179
P4,-0.09,0.23,1781
P4,-0.11,0.23,1173
P4,-0.18,1.21,89
P4,-0.17,1.21,58
P4,-0.05,0.41,700
P4,0.07,0.76,22
P4,-0.09,0.29,821
P4,-0.09,0.30,853
P4,0.09,0.70,75
P4,0.10,0.70,48
P4,0.09,0.31,779
P4,0.20,1.37,56
P4,0.21,1.37,79
P4,-0.12,0.40,555
P4,-0.13,0.40,442
P4,-0.14,0.40,171
P4,0.11,0.24,796
P4,0.12,0.24,628
P4,-0.04,0.20,1418
P4,-0.19,0.54,114
P4,-0.24,0.78,185
P4,-0.23,0.78,324
P4,-0.22,0.78,435
P4,0.24,0.54,180
P4,0.08,0.73,96
P4,0.09,0.73,92
P4,0.10,0.73,64
P4,-0.12,0.26,580
P4,-0.13,0.26,430
P4,-0.14,0.26,176
P4,-0.17,0.84,263
P4,-0.16,0.84,267
P4,-0.21,0.67,379
P4,-0.20,0.67,203
P4,-0.22,0.94,193
P4,-0.21,0.94,102
P4,-0.20,0.94,165
P4,0.24,0.82,84
P4,0.23,0.82,73
P4,-0.06,0.84,109
P4,-0.06,0.85,95
P4,0.12,0.94,15
P4,0.13,0.94,10
P4,0.14,0.94,25
P4,-0.08,0.25,1786
P4,-0.09,0.25,1281
P4,-0.04,0.38,1003
P4,-0.05,0.38,1050
P4,-0.06,0.38,1090
P4,-0.10,0.40,664
P4,-0.11,0.40,605
P4,-0.24,0.47,537
P4,0.01,1.12,37
P4,0.02,1.12,45
P4,0.02,1.13,32
P4,0.03,1.13,6
P4,0.03,1.12,40
P4,-0.13,0.88,105
P4,-0.14,0.88,138
P4,-0.22,0.98,244
P4,-0.01,0.67,260
P4,-0.01,0.68,173
P4,-0.20,0.33,249
P4,-0.19,0.33,228
P4,0.09,0.30,854
P4,0.07,0.84,105
P4,0.08,0.84,37
P4,0.08,0.83,121
P4,0.24,1.19,27
P4,0.23,1.19,72
P4,0.23,1.18,39
P4,-0.22,0.56,467
P4,-0.21,0.56,454
P4,0.12,0.61,47
P4,0.13,0.61,55
P4,0.14,0.61,14
P4,0.14,0.60,18
P4,-0.05,0.39,723
P4,-0.05,0.40,819
P4,-0.06,0.39,1037
P4,0.06,0.32,1386
P4,0.01,0.55,478
P4,-0.24,0.77,182
P4,0.23,0.55,163
P4,0.22,0.55,294
P4,0.21,0.55,320
P4,-0.04,0.55,361
P4,-0.05,0.55,510
P4,-0.05,0.56,394
P4,-0.06,0.56,373
P4,-0.14,0.33,318
P4,0.09,0.23,1576
P4,-0.07,0.24,2070
P4,0.04,0.41,1299
P4,0.05,0.42,1238
P4,-0.03,1.14,151
P4,-0.03,1.15,58
P4,-0.04,1.15,125
P4,-0.04,1.14,101
P4,-0.12,0.45,422
P4,-0.13,0.46,380
P4,0.11,0.70,1
P4,0.08,0.35,1048
P4,-0.09,0.31,882
P4,0.01,0.56,523
P4,0.02,0.56,303
P4,-0.08,0.22,1840
P4,-0.08,0.23,2001
P4,0.04,0.78,152
P4,0.05,0.78,188
P4,-0.17,0.57,156
P4,-0.18,0.57,165
P4,-0.19,0.57,208
P4,-0.21,0.71,458
P4,-0.20,0.71,333
P4,-0.19,0.71,161
P4,-0.04,0.51,215
P4,-0.04,0.52,385
P4,-0.05,0.51,246
P4,-0.07,0.59,246
P4,-0.06,0.59,215
P4,-0.09,0.69,236
P4,0.24,0.33,136
P4,0.01,0.48,1275
P4,0.02,0.83,168
P4,0.02,0.84,293
P4,-0.01,0.39,1398
P4,-0.02,0.39,1044
P4,-0.16,1.32,98
P4,-0.19,1.23,93
P4,-0.19,1.24,84
P4,-0.18,1.24,117
P4,-0.18,1.23,111
P4,-0.17,1.23,147
P4,0.23,1.32,10
P4,0.23,1.33,19
P4,0.22,1.33,30
P4,0.21,1.33,36
P4,0.21,1.32,37
P4,-0.09,0.41,575
P4,0.16,0.37,117
P4,0.17,0.37,107
P4,0.10,0.31,690
P4,0.11,0.31,587
P4,-0.13,0.31,280
P4,-0.14,0.31,231
P4,-0.06,0.20,1504
P4,-0.23,1.06,217
P4,-0.23,1.07,104
P4,-0.24,1.07,108
P4,-0.24,1.06,164
P4,0.17,0.44,665
P4,0.22,0.47,348
P4,0.21,0.47,189
P4,0.14,0.48,78
P4,0.14,0.49,59
P4,0.13,0.48,60
P4,-0.04,0.43,622
P4,-0.02,0.55,300
P4,-0.02,0.56,374
P4,-0.01,0.56,301
P4,-0.22,0.43,218
P4,-0.08,0.53,242
P4,-0.08,0.54,455
P4,-0.22,0.61,423
P4,-0.05,1.09,40
P4,-0.05,1.10,156
P4,-0.06,1.10,25
P4,-0.06,1.09,40
P4,-0.01,0.52,264
P4,0.06,0.36,1118
P4,-0.22,1.39,33
P4,-0.22,1.38,79
P4,-0.19,1.09,64
P4,-0.20,1.09,107
P4,-0.20,1.10,210
P4,-0.12,0.52,487
P4,-0.13,0.52,350
P4,-0.22,0.62,536
P4,-0.08,0.82,83
P4,-0.14,0.52,174
P4,-0.15,0.52,269
P4,0.13,0.39,382
P4,-0.21,0.70,396
P4,-0.07,0.36,1343
P4,-0.06,0.36,1089
P4,-0.17,0.85,272
P4,-0.18,0.85,302
P4,-0.18,0.86,150
P4,-0.19,0.85,214
P4,-0.12,0.61,373
P4,-0.13,0.61,334
P4,-0.14,0.61,458
P4,-0.23,1.39,10
P4,-0.23,1.38,132
P4,0.20,1.09,32
P4,-0.07,0.43,813
P4,0.22,0.54,360
P4,0.22,0.51,166
P4,0.21,0.51,189
P4,-0.10,0.79,145
P4,-0.11,0.79,209
P4,0.00,0.54,478
P4,-0.01,0.54,485
P4,-0.01,0.53,281
P4,-0.05,0.33,1243
P4,-0.06,0.33,965
P4,-0.03,0.31,1638
P4,0.24,0.84,30
P4,0.24,0.83,35
P4,0.22,0.29,636
P4,0.21,0.29,393
P4,-0.24,0.30,221
P4,-0.22,1.21,187
P4,-0.12,0.38,469
P4,-0.13,0.38,258
P4,-0.14,0.38,194
P4,0.12,0.26,631
P4,-0.06,0.82,221
P4,-0.07,0.82,32
P4,-0.07,0.83,172
P4,-0.06,0.50,316
P4,-0.13,1.03,133
P4,-0.14,1.03,138
P4,-0.14,1.04,149
P4,-0.15,1.04,79
P4,-0.15,1.03,166
P4,0.18,0.34,47
P4,-0.14,1.31,113
P4,-0.13,1.32,74
P4,-0.12,1.31,59
P4,-0.15,0.89,190
P4,-0.15,0.90,174
P4,-0.16,0.90,187
P4,-0.16,0.89,161
P4,-0.03,0.44,880
P4,-0.10,1.27,11
P4,-0.09,1.27,6
P4,-0.14,0.44,261
P4,-0.16,0.44,216
P4,-0.22,0.57,498
P4,-0.21,0.57,317
P4,-0.05,0.92,108
P4,-0.06,0.78,104
P4,-0.06,0.79,243
P4,-0.07,0.79,200
P4,-0.07,0.78,72
P4,-0.08,0.78,103
P4,-0.07,0.27,1156
P4,-0.23,0.93,150
P4,-0.23,0.94,261
P4,-0.24,0.94,190
P4,-0.24,0.93,263
P4,-0.03,1.30,14
P4,-0.02,1.30,151
P4,-0.02,1.29,10
P4,-0.16,0.51,130
P4,0.01,0.82,87
P4,0.01,0.83,171
P4,-0.03,0.77,112
P4,-0.03,0.78,229
P4,-0.04,0.78,220
P4,-0.04,0.77,142
P4,-0.08,0.62,363
P4,-0.09,0.62,430
P4,-0.10,0.62,148
P4,-0.08,0.20,1484
P4,0.20,0.62,257
P4,0.20,0.63,242
P4,0.19,0.63,181
P4,0.19,0.62,119
P4,-0.21,1.02,271
P4,0.18,0.40,154
P4,0.19,0.40,70
P4,0.04,0.32,1274
P4,-0.15,0.82,182
P4,-0.14,0.82,168
P4,0.22,0.35,4
P4,0.22,0.36,12
P4,0.21,0.36,91
P4,0.20,0.36,166
P4,0.20,0.35,162
P4,-0.07,0.56,496
P4,-0.08,0.55,411
P4,-0.01,0.69,209
P4,0.00,0.69,234
P4,0.00,0.68,116
P4,0.13,0.26,395
P4,0.14,0.26,225
P4,0.15,0.26,60
P4,0.02,0.57,345
P4,-0.24,0.49,784
P4,0.04,0.51,622
P4,0.05,0.51,596
P4,-0.20,0.56,301
P4,-0.19,0.56,123
P4,-0.07,0.73,121
P4,-0.11,0.34,500
P4,-0.12,0.34,448
P4,-0.13,0.34,496
P4,-0.08,0.43,865
P4,-0.05,0.67,179
P4,-0.05,0.68,173
P4,-0.04,0.67,146
P4,-0.20,0.85,106
P4,-0.13,0.70,202
P4,-0.06,0.69,149
P4,-0.06,0.70,161
P4,-0.07,0.38,973
P4,-0.08,1.01,65
P4,-0.09,1.01,164
P4,-0.10,1.01,53
P4,-0.10,1.00,68
P4,-0.16,0.52,301
P4,-0.17,0.52,133
P4,-0.19,1.12,124
P4,-0.18,1.12,98
P4,-0.17,1.12,138
P4,-0.14,0.55,339
P4,-0.15,0.55,277
P4,-0.15,0.56,190
P4,-0.16,0.55,171
P4,0.09,1.01,22
P4,0.10,1.01,41
P4,0.11,1.01,21
P4,0.00,0.48,989
P4,0.07,0.71,58
P4,0.07,0.72,47
P4,0.08,0.72,57
P4,0.08,0.71,52
P4,0.03,0.51,692
P4,0.04,0.52,513
P4,0.05,0.52,565
P4,0.24,0.40,419
P4,-0.19,0.67,106
P4,-0.22,0.29,501
P4,-0.21,0.29,508
P4,-0.20,0.29,164
P4,0.12,0.82,46
P4,0.13,0.82,42
P4,0.14,0.82,17
P4,-0.02,1.23,90
P4,-0.01,1.23,79
P4,0.07,0.59,262
P4,0.08,0.59,233
P4,0.09,0.59,131
P4,0.07,0.50,717
P4,-0.08,0.60,236
P4,-0.24,0.72,389
P4,0.09,0.40,687
P4,0.10,0.40,472
P4,0.11,0.40,261
P4,0.13,0.74,28
P4,0.14,0.74,7
P4,-0.01,1.05,24
P4,-0.01,1.06,34
P4,-0.02,1.06,53
P4,-0.02,1.05,15
P4,0.14,0.39,335
P4,-0.10,0.69,229
P4,-0.10,0.70,230
P4,0.04,0.53,621
P4,-0.23,0.55,733
P4,0.07,1.12,43
P4,0.07,1.13,51
P4,0.08,1.12,39
P4,0.04,0.50,822
P4,-0.22,1.20,146
P4,-0.10,0.71,130
P4,-0.21,0.90,228
P4,-0.22,0.90,305
P4,-0.01,0.32,1418
P4,-0.17,0.50,188
P4,-0.17,0.51,144
P4,-0.18,0.51,74
P4,-0.18,0.50,104
P4,-0.19,0.50,63
P4,0.07,0.35,1307
P4,-0.13,0.41,575
P4,-0.14,0.41,615
P4,-0.15,0.41,392
P4,0.01,0.31,1357
P4,0.00,0.47,1307
P4,0.00,0.46,1114
P4,0.04,0.84,98
P4,0.04,0.85,139
P4,0.05,0.84,119
P4,0.00,1.16,86
P4,0.00,1.17,80
P4,-0.01,1.17,75
P4,-0.01,1.16,23
P4,0.00,0.42,1174
P4,-0.22,0.55,631
P4,-0.21,0.55,364
P4,-0.08,0.51,194
P4,0.01,0.66,220
P4,-0.14,0.83,63
P4,-0.15,0.83,180
P4,-0.16,0.83,254
P4,-0.16,0.82,157
P4,-0.24,0.75,135
P4,-0.22,0.74,511
P4,-0.08,0.96,98
P4,-0.08,0.97,56
P4,-0.09,0.97,171
P4,-0.09,0.96,55
P4,-0.05,0.80,117
P4,-0.05,0.81,78
P4,-0.06,0.81,173
P4,-0.06,0.80,248
P4,0.03,0.60,196
P4,0.04,0.59,255
P4,0.08,0.74,73
P4,0.10,0.75,14
P4,0.10,0.74,25
P4,-0.08,0.61,237
P4,0.05,0.87,15
P4,0.05,0.88,29
P4,0.07,0.87,18
P4,-0.06,0.66,306
P4,0.03,0.57,165
P4,0.05,0.38,1325
P4,0.13,1.35,3
P4,0.14,1.35,21
P4,0.15,1.35,20
P4,-0.16,0.85,166
P4,-0.06,0.64,254
P4,0.24,1.01,45
P4,0.23,1.01,36
P4,0.03,0.70,211
P4,0.04,0.71,169
P4,0.04,0.97,68
P4,0.04,0.98,157
P4,0.13,0.31,291
P4,-0.24,0.59,717
P4,-0.20,0.78,291
P4,0.19,0.50,81
P4,0.20,0.50,130
P4,-0.22,0.82,363
P4,0.00,0.70,171
P4,0.00,0.71,81
P4,0.01,0.71,135
P4,0.01,0.70,101
P4,-0.24,0.57,522
P4,-0.23,0.57,705
P4,0.11,0.98,18
P4,0.11,0.99,2
P4,0.12,0.99,11
P4,0.12,0.98,15
P4,0.13,0.98,5
P4,-0.03,0.85,239
P4,-0.04,0.85,104
P4,-0.04,0.84,127
P4,-0.09,0.26,1023
P4,-0.12,0.55,250
P4,-0.12,0.56,176
P4,-0.13,0.55,297
P4,-0.15,0.92,121
P4,-0.15,0.91,126
P4,-0.08,0.26,1208
P4,-0.10,0.26,1129
P4,-0.12,0.24,847
P4,-0.13,0.24,398
P4,0.00,0.61,249
P4,-0.01,0.62,181
P4,-0.01,0.61,208
P4,0.03,0.82,200
P4,0.04,0.82,94
P4,0.13,0.47,1479
P4,-0.04,0.46,894
P4,0.05,0.35,1073
P4,0.05,0.34,1458
P4,-0.14,0.90,109
P4,-0.08,0.91,79
P4,0.01,0.62,374
P4,-0.16,1.05,119
P4,-0.17,1.06,118
P4,-0.18,1.06,84
P4,-0.18,1.05,125
P4,-0.13,1.33,89
P4,-0.13,1.34,55
P4,-0.18,1.15,199
P4,-0.17,1.15,167
P4,-0.16,1.15,70
P4,0.11,0.23,875
P4,-0.12,0.87,107
P4,-0.12,0.88,114
P4,-0.04,1.27,87
P4,-0.04,1.28,36
P4,0.05,1.02,42
P4,0.05,1.03,29
P4,0.06,1.03,103
P4,0.06,1.02,69
P4,-0.08,0.32,862
P4,-0.08,0.21,2416
P4,0.17,0.46,113
P4,0.16,0.46,206
P4,0.14,0.54,37
P4,0.14,0.55,125
P4,-0.16,1.10,109
P4,-0.15,1.10,45
P4,-0.14,1.10,72
P4,-0.20,0.38,119
P4,-0.19,0.38,136
P4,-0.18,0.38,99
P4,-0.12,0.23,608
P4,-0.13,0.23,194
P4,0.11,0.86,105
P4,0.11,0.87,23
P4,0.12,0.87,33
P4,0.12,0.86,38
P4,0.13,0.86,7
P4,-0.19,0.60,132
P4,-0.18,0.60,72
P4,-0.17,0.75,50
P4,-0.16,0.75,58
P4,-0.15,0.87,183
P4,-0.15,0.88,152
P4,-0.16,0.88,158
P4,-0.16,0.87,239
P4,-0.12,0.97,89
P4,-0.12,0.96,127
P4,0.03,1.15,16
P4,0.03,1.16,35
P4,0.04,1.15,13
P4,-0.06,1.17,103
P4,-0.06,1.18,39
P4,-0.19,1.07,242
P4,-0.18,1.07,237
P4,0.04,0.86,66
P4,0.05,0.86,173
P4,0.00,0.39,1299
P4,0.14,1.00,36
P4,0.15,1.00,20
P4,0.16,1.00,10
P4,-0.12,1.04,147
P4,-0.13,1.04,206
P4,-0.13,1.05,54
P4,-0.08,0.33,794
P4,-0.23,0.85,256
P4,-0.22,0.85,283
P4,-0.21,0.85,200
P4,-0.20,0.66,200
P4,0.17,1.02,41
P4,0.18,1.02,57
P4,-0.17,1.28,119
P4,-0.16,1.28,106
P4,-0.16,1.27,174
P4,0.04,0.72,114
P4,-0.11,0.26,827
P4,-0.20,0.73,412
P4,-0.19,0.73,318
P4,-0.19,1.05,132
P4,-0.20,0.68,370
P4,-0.19,0.75,187
P4,-0.20,0.75,248
P4,-0.20,0.74,388
P4,-0.21,0.63,383
P4,0.06,0.79,99
P4,-0.20,0.32,183
P4,-0.19,0.32,81
P4,0.15,0.90,57
P4,0.15,0.91,30
P4,0.16,0.91,25
P4,0.16,0.90,48
P4,-0.15,0.67,342
P4,-0.15,0.68,194
P4,-0.16,0.68,134
P4,-0.16,0.67,294
P4,-0.16,1.07,64
P4,0.24,0.45,803
P4,0.23,0.45,659
P4,-0.19,1.04,299
P4,-0.18,1.04,235
P4,0.03,0.36,1338
P4,-0.11,0.27,534
P4,-0.05,0.52,257
P4,-0.24,1.26,141
P4,-0.23,1.26,211
P4,-0.22,1.26,154
P4,-0.20,0.76,361
P4,-0.19,0.76,329
P4,0.24,1.20,44
P4,0.24,1.21,18
P4,0.23,1.21,20
P4,0.23,1.20,46
P4,0.22,1.20,33
P4,-0.01,0.97,48
P4,-0.01,0.98,119
P4,-0.12,0.25,666
P4,-0.13,0.25,347
P4,-0.23,0.79,321
P4,-0.21,0.76,218
P4,-0.09,0.47,506
P4,-0.20,0.89,318
P4,-0.19,0.89,319
P4,-0.19,0.88,171
P4,0.22,0.96,50
P4,0.21,0.96,50
P4,0.03,1.05,59
P4,0.04,1.05,26
P4,0.04,1.06,113
P4,0.05,1.06,73
P4,0.05,1.05,27
P4,0.20,1.34,36
P4,0.19,1.34,70
P4,0.18,1.34,34
P4,0.02,0.70,158
P4,-0.11,0.38,410
P4,-0.11,0.39,594
P4,0.02,0.73,148
P4,0.02,0.74,189
P4,0.03,0.74,205
P4,0.03,0.73,243
P4,-0.03,0.55,246
P4,-0.03,0.56,480
P4,0.22,0.28,318
P4,0.21,0.28,243
P4,-0.01,0.64,275
P4,0.00,0.64,240
P4,-0.16,0.99,120
P4,-0.15,0.99,128
P4,-0.14,0.99,216
P4,0.08,0.50,732
P4,-0.08,0.38,574
P4,-0.05,0.47,653
P4,-0.04,0.47,715
P4,0.22,0.42,234
P4,0.21,0.42,31
P4,-0.09,0.54,434
P4,-0.09,0.55,433
P4,-0.10,0.55,659
P4,-0.10,0.54,488
P4,-0.11,0.54,444
P4,0.01,0.80,81
P4,0.01,0.81,131
P4,-0.11,0.55,318
P4,-0.23,0.29,392
P4,-0.20,0.36,142
P4,-0.19,0.36,119
P4,-0.18,0.36,30
P4,0.13,0.24,336
P4,-0.17,0.93,249
P4,-0.16,0.93,162
P4,-0.18,1.14,85
P4,-0.01,1.02,52
P4,-0.01,1.03,130
P4,0.06,0.35,974
P4,-0.07,0.44,861
P4,0.08,1.11,81
P4,0.09,1.11,126
P4,0.09,1.10,28
P4,-0.15,1.01,208
P4,-0.15,1.00,95
P4,-0.11,0.71,118
P4,-0.12,0.71,170
P4,-0.12,0.72,161
P4,-0.13,0.72,213
P4,-0.13,0.71,107
P4,0.06,0.30,1174
P4,-0.16,0.61,86
P4,-0.17,0.61,41
P4,-0.18,0.61,84
P4,-0.10,1.08,155
P4,-0.11,1.08,52
P4,-0.12,1.08,115
P4,-0.12,1.07,159
P4,-0.01,0.48,750
P4,0.06,0.70,63
P4,0.06,0.69,82
P4,0.20,1.27,1
P4,-0.20,0.77,324
P4,-0.19,0.77,247
P4,-0.18,0.77,132
P4,-0.04,0.92,134
P4,-0.03,0.91,68
P4,-0.13,0.81,52
P4,-0.08,0.24,1487
P4,0.02,0.82,126
P4,0.03,0.83,174
P4,0.22,0.66,88
P4,0.22,0.67,79
P4,0.21,0.67,137
P4,0.21,0.66,73
P4,0.20,0.66,100
P4,-0.13,0.30,406
P4,0.15,0.41,578
P4,0.16,0.41,622
P4,-0.10,0.76,113
P4,-0.10,0.77,96
P4,-0.01,0.83,160
P4,-0.01,0.84,158
P4,0.00,0.83,51
P4,0.00,0.73,258
P4,0.01,0.73,153
P4,0.01,0.74,239
P4,0.01,0.79,154
P4,0.02,0.79,122
P4,0.24,0.37,316
P4,0.23,0.37,146
P4,-0.14,0.72,225
P4,-0.12,0.65,392
P4,-0.13,0.65,260
P4,-0.14,0.65,285
P4,-0.11,0.37,600
P4,-0.12,0.37,554
P4,-0.03,0.71,42
P4,-0.03,0.70,134
P4,-0.23,0.52,504
P4,0.00,0.72,104
P4,-0.12,0.42,427
P4,-0.13,0.42,356
P4,-0.19,0.74,315
P4,-0.18,0.74,140
P4,-0.18,0.73,231
P4,-0.10,0.63,215
P4,-0.09,0.60,266
P4,-0.09,0.61,200
P4,0.02,0.75,76
P4,0.03,0.75,132
P4,0.04,0.75,83
P4,0.04,0.74,88
P4,-0.10,0.72,152
P4,-0.11,0.72,131
P4,-0.18,0.79,210
P4,0.02,0.85,162
P4,0.03,0.85,94
P4,0.03,0.84,91
P4,-0.10,0.56,419
P4,-0.11,0.56,244
P4,-0.11,0.60,266
P4,-0.11,0.61,350
P4,-0.09,1.03,84
P4,-0.10,1.03,119
P4,0.01,1.05,24
P4,0.01,1.06,22
P4,0.02,1.06,45
P4,0.02,1.05,32
P4,-0.23,1.09,168
P4,0.23,0.85,82
P4,-0.23,0.49,775
P4,-0.22,0.49,623
P4,-0.02,0.48,868
P4,-0.08,1.02,13
P4,-0.09,1.02,156
P4,-0.10,1.02,79
P4,-0.21,0.86,203
P4,-0.20,0.86,117
P4,-0.09,0.40,576
P4,-0.23,0.58,544
P4,0.08,0.80,74
P4,-0.23,0.76,228
P4,0.05,0.53,488
P4,0.06,0.53,403
P4,0.06,0.52,568
P4,-0.17,0.43,161
P4,-0.18,0.43,118
P4,0.04,0.83,79
P4,0.05,0.83,85
P4,0.06,0.84,64
P4,-0.18,0.48,120
P4,-0.19,0.48,56
P4,0.24,0.47,322
P4,0.23,0.47,408
P4,-0.23,0.74,530
P4,0.03,0.66,205
P4,-0.23,1.24,253
P4,-0.01,0.49,935
P4,-0.02,0.49,612
P4,-0.03,0.49,547
P4,-0.03,0.48,829
P4,-0.22,0.79,241
P4,0.01,0.72,141
P4,-0.23,1.27,141
P4,-0.22,1.27,43
P4,0.23,0.84,36
P4,0.22,0.84,20
P4,-0.07,0.80,238
P4,0.01,0.51,698
P4,0.12,1.20,64
P4,0.13,1.20,44
P4,-0.02,0.44,614
P4,-0.20,1.25,124
P4,0.00,0.79,104
P4,0.00,0.80,26
P4,-0.01,0.79,108
P4,-0.01,0.78,186
P4,-0.23,0.84,297
P4,-0.24,0.39,439
P4,-0.14,0.34,446
P4,-0.15,0.34,273
P4,-0.23,1.35,79
P4,-0.24,1.34,160
P4,-0.03,0.52,245
P4,-0.10,0.60,226
P4,-0.02,0.91,95
P4,-0.01,0.91,174
P4,-0.01,0.92,151
P4,-0.15,0.46,220
P4,-0.09,0.59,373
P4,0.01,0.50,1121
P4,-0.12,0.43,410
P4,-0.13,0.43,390
P4,-0.19,0.79,245
P4,0.09,0.83,6
P4,0.09,0.84,27
P4,0.10,0.84,25
P4,0.10,0.83,27
P4,0.11,0.83,75
P4,-0.06,0.87,146
P4,-0.05,0.87,161
P4,-0.05,0.88,32
P4,-0.24,0.36,375
P4,-0.01,0.80,209
P4,-0.02,0.80,212
P4,0.20,0.38,67
P4,0.19,0.38,179
P4,0.18,0.38,104
P4,0.02,1.11,27
P4,0.06,0.62,208
P4,0.06,0.63,80
P4,0.07,0.63,163
P4,0.07,0.62,123
P4,0.04,0.60,236
P4,0.05,0.60,139
P4,0.06,0.60,162
P4,-0.06,1.13,172
P4,-0.07,1.13,128
P4,0.08,1.10,29
P4,0.10,1.11,9
P4,0.10,1.10,11
P4,0.01,0.75,115
P4,0.00,0.75,168
P4,-0.19,0.94,336
P4,-0.11,1.39,21
P4,-0.11,1.38,69
P4,0.07,0.65,82
P4,0.08,0.65,81
P4,0.20,0.49,25
P4,-0.17,1.17,122
P4,-0.18,1.17,121
P4,-0.19,1.17,145
P4,0.24,0.35,325
P4,-0.12,1.32,22
P4,-0.11,1.32,13
P4,-0.11,1.31,84
P4,0.05,0.64,202
P4,0.06,0.64,128
P4,-0.02,1.02,111
P4,-0.02,1.03,83
P4,-0.03,0.86,256
P4,0.18,0.46,67
P4,0.19,0.46,45
P4,-0.14,0.93,130
P4,-0.13,0.93,50
P4,-0.05,0.35,1068
P4,0.22,0.81,87
P4,-0.23,0.56,615
P4,-0.19,1.39,17
P4,-0.19,1.38,110
P4,-0.18,1.38,172
P4,-0.05,0.94,11
P4,-0.06,0.94,57
P4,-0.07,0.94,30
P4,-0.04,0.35,1227
P4,-0.12,0.95,35
P4,-0.13,0.96,99
P4,-0.13,0.95,53
P4,-0.19,0.55,151
P4,0.14,0.37,203
P4,0.15,0.37,204
P4,-0.09,0.87,102
P4,-0.09,0.88,87
P4,-0.10,0.88,92
P4,-0.10,0.87,103
P4,0.06,0.54,337
P4,0.07,0.53,314
P4,0.21,0.27,331
P4,-0.16,1.30,54
P4,-0.16,1.31,83
P4,-0.15,1.31,122
P4,-0.15,1.30,75
P4,-0.23,0.92,148
P4,-0.09,0.65,178
P4,-0.10,0.65,540
P4,-0.09,0.37,556
P4,-0.10,0.37,549
P4,-0.05,0.69,124
P4,-0.05,0.70,236
P4,-0.04,0.70,416
P4,-0.04,0.69,149
P4,-0.18,1.19,78
P4,-0.17,1.19,153
P4,-0.16,1.19,72
P4,0.06,0.67,153
P4,0.06,0.68,64
P4,0.08,0.67,75
P4,-0.16,0.98,205
P4,0.10,0.23,1072
P4,0.08,0.56,162
P4,0.09,0.56,245
P4,0.09,0.55,135
P4,-0.02,0.75,137
P4,-0.12,0.63,325
P4,-0.13,0.64,196
P4,-0.13,0.63,163
P4,-0.18,0.81,229
P4,-0.06,0.57,366
P4,0.20,0.29,112
P4,0.05,0.62,166
P4,-0.13,0.39,482
P4,-0.17,0.86,110
P4,0.12,0.23,526
P4,0.13,0.23,275
P4,-0.11,0.53,388
P4,-0.12,0.53,482
P4,-0.13,0.53,364
P4,-0.13,0.73,288
P4,-0.13,0.74,179
P4,-0.14,0.74,190
P4,-0.14,0.73,195
P4,-0.15,0.73,77
P4,-0.06,0.49,397
P4,0.17,1.27,3
P4,0.04,0.73,106
P4,0.22,0.45,345
P4,0.21,0.45,101
P4,0.09,0.76,34
P4,0.10,0.76,35
P4,0.11,0.76,16
P4,-0.16,1.16,31
P4,-0.17,1.16,58
P4,-0.18,1.16,53
P4,-0.20,0.70,448
P4,-0.12,1.36,31
P4,-0.13,1.37,73
P4,-0.14,1.37,50
P4,-0.08,1.04,61
P4,-0.17,1.31,134
P4,-0.22,0.95,218
P4,-0.21,0.95,171
P4,-0.20,0.95,154
P4,-0.12,0.77,134
P4,-0.13,0.77,213
P4,0.02,0.59,440
P4,0.01,0.58,367
P4,-0.13,0.60,188
P4,-0.21,0.26,116
P4,-0.21,0.69,527
P4,-0.21,0.78,314
P4,-0.21,0.79,276
P4,-0.20,0.79,262
P4,-0.08,0.48,366
P4,-0.08,0.47,340
P4,0.01,0.87,113
P4,0.01,0.88,74
P4,0.02,0.87,124
P4,-0.05,1.15,130
P4,-0.05,1.16,104
P4,0.03,0.76,116
P4,-0.01,0.60,325
P4,0.12,0.36,510
P4,0.12,0.37,300
P4,0.13,0.37,278
P4,-0.10,0.41,666
P4,-0.11,0.41,602
P4,-0.03,0.74,143
P4,-0.19,0.66,185
P4,0.10,0.30,846
P4,0.11,0.30,993
P4,0.11,0.29,679
P4,-0.09,0.82,137
P4,-0.10,0.83,126
P4,0.04,0.64,287
P4,0.07,1.08,34
P4,0.07,1.09,36
P4,0.08,1.09,27
P4,0.08,1.08,59
P4,-0.20,0.93,252
P4,-0.16,1.14,179
P4,-0.03,0.61,282
P4,0.05,0.99,107
P4,0.05,1.00,43
P4,0.06,0.99,31
P4,0.17,1.28,7
P4,0.16,1.28,23
P4,0.15,1.14,14
P4,0.16,1.14,12
P4,0.16,1.15,8
P4,0.17,1.14,12
P4,-0.11,0.50,332
P4,-0.09,0.79,156
P4,-0.09,0.80,98
P4,0.06,0.75,89
P4,0.06,0.76,89
P4,-0.11,0.48,556
P4,-0.12,0.48,582
P4,-0.13,0.48,379
P4,-0.02,0.50,401
P4,-0.01,0.50,636
P4,0.04,1.09,72
P4,0.05,1.09,37
P4,0.05,1.10,98
P4,-0.18,0.76,170
P4,-0.17,0.76,157
P4,0.24,0.38,448
P4,-0.03,0.46,874
P4,0.16,0.45,925
P4,0.17,0.45,408
P4,0.20,1.25,51
P4,0.19,1.25,79
P4,0.18,1.25,30
P4,-0.06,1.04,113
P4,-0.05,1.04,146
P4,-0.05,1.05,64
P4,-0.23,0.99,100
P4,-0.22,0.99,137
P4,-0.21,0.99,128
P4,-0.13,0.91,125
P4,-0.13,0.92,138
P4,-0.14,0.91,131
P4,-0.22,0.88,189
P4,-0.21,0.87,205
P4,-0.04,1.03,73
P4,-0.04,1.04,75
P4,-0.01,0.38,944
P4,-0.01,0.37,1158
P4,-0.09,0.98,193
P4,-0.09,0.99,114
P4,-0.10,0.99,237
P4,-0.10,0.98,178
P4,-0.18,1.18,195
P4,-0.17,1.18,166
P4,-0.07,0.57,408
P4,0.18,0.60,45
P4,0.23,0.78,44
P4,0.11,0.58,120
P4,0.12,0.58,74
P4,-0.10,0.45,507
P4,-0.11,0.44,384
P4,-0.16,0.69,140
P4,-0.17,0.69,211
P4,0.09,1.05,62
P4,0.10,1.05,17
P4,0.10,1.06,44
P4,0.11,1.06,11
P4,0.11,1.05,14
P4,-0.16,1.35,68
P4,-0.15,1.35,38
P4,-0.14,1.35,48
P4,-0.18,0.89,279
P4,-0.22,0.34,47
P4,-0.22,0.35,8
P4,-0.21,0.35,105
P4,-0.20,0.35,113
P4,-0.20,0.34,298
P4,-0.06,0.83,139
P4,-0.24,0.90,108
P4,-0.23,0.90,256
P4,-0.21,0.64,333
P4,0.08,0.82,92
P4,0.05,1.11,86
P4,0.05,1.12,37
P4,0.06,1.12,56
P4,0.06,1.11,77
P4,-0.18,1.00,87
P4,-0.17,1.00,149
P4,0.20,0.53,131
P4,0.19,0.53,36
P4,-0.01,1.11,77
P4,0.23,0.77,70
P4,-0.05,1.23,99
P4,-0.05,1.24,186
P4,0.22,1.19,39
P4,-0.10,0.80,261
P4,0.07,0.60,199
P4,0.08,0.60,290
P4,-0.09,0.42,625
P4,0.06,0.81,82
P4,-0.08,0.29,915
P4,0.00,0.82,53
P4,-0.13,0.54,268
P4,-0.15,0.54,216
P4,0.11,0.84,25
P4,0.12,0.83,52
P4,-0.16,0.64,179
P4,-0.16,0.65,273
P4,-0.17,0.65,194
P4,-0.17,0.64,133
P4,-0.09,0.73,247
P4,-0.10,0.73,385
P4,-0.11,0.73,324
P4,-0.17,0.62,129
P4,-0.04,0.68,121
P4,-0.03,0.69,182
P4,-0.03,0.68,343
P4,-0.04,0.39,955
P4,-0.06,0.51,284
P4,-0.07,0.51,262
P4,-0.10,0.53,357
P4,-0.22,1.14,85
P4,-0.22,1.15,217
P4,-0.23,1.15,144
P4,-0.23,1.14,178
P4,-0.19,1.13,169
P4,-0.20,1.13,223
P4,-0.21,1.13,114
P4,0.19,0.66,113
P4,0.18,0.67,89
P4,0.17,0.66,29
P4,0.14,0.90,12
P4,0.21,0.70,121
P4,0.20,0.70,194
P4,0.19,0.70,200
P4,0.19,0.69,101
P4,0.24,1.10,45
P4,0.23,1.10,33
P4,0.22,1.10,46
P4,0.00,0.57,365
P4,-0.01,0.57,230
P4,-0.14,0.46,316
P4,0.08,0.93,24
P4,0.08,0.94,47
P4,0.09,0.94,61
P4,0.09,0.93,26
P4,0.07,0.67,125
P4,0.06,0.59,90
P4,-0.12,0.41,638
P4,-0.08,0.80,199
P4,-0.08,0.81,68
P4,-0.08,0.79,176
P4,-0.18,0.75,75
P4,0.13,0.25,280
P4,0.14,0.25,151
P4,0.15,0.25,12
P4,-0.17,0.38,121
P4,-0.18,0.95,211
P4,-0.17,0.95,190
P4,0.10,1.32,74
P4,0.10,1.33,9
P4,0.11,1.33,22
P4,0.11,1.32,63
P4,0.12,1.32,58
P4,-0.07,0.77,83
P4,-0.08,0.77,54
P4,0.06,0.97,53
P4,0.06,0.98,73
P4,0.07,0.98,120
P4,0.07,0.97,43
P4,0.12,0.31,499
P4,0.13,0.41,648
P4,0.13,0.42,966
P4,0.14,0.41,739
P4,-0.08,0.73,85
P4,-0.09,0.74,170
P4,-0.17,1.04,167
P4,-0.16,1.04,106
P4,-0.14,0.66,146
P4,-0.15,0.66,143
P4,-0.15,0.65,279
P4,0.02,0.92,116
P4,0.03,0.93,91
P4,-0.12,1.37,52
P4,-0.12,0.27,552
P4,0.04,0.38,1338
P4,-0.15,0.78,127
P4,0.24,0.69,26
P4,0.12,0.30,763
P4,0.14,0.31,213
P4,-0.23,0.27,128
P4,-0.22,0.27,213
P4,-0.15,1.21,14
P4,-0.14,1.21,29
P4,-0.22,0.41,156
P4,-0.02,0.31,1363
P4,-0.19,0.72,276
P4,-0.16,1.18,161
P4,-0.15,1.18,120
P4,-0.16,0.56,118
P4,-0.17,0.56,203
P4,-0.18,0.56,194
P4,0.04,0.43,895
P4,0.12,1.03,8
P4,-0.23,0.91,223
P4,-0.22,0.91,237
P4,-0.21,0.91,252
P4,-0.04,0.56,357
P4,-0.14,0.67,156
P4,0.08,0.96,62
P4,0.09,0.96,18
P4,0.09,0.95,74
P4,0.10,0.95,37
P4,-0.02,0.90,47
P4,-0.14,0.60,233
P4,-0.15,0.60,116
P4,0.18,0.83,7
P4,0.18,0.84,79
P4,0.17,0.84,62
P4,0.17,0.83,13
P4,0.16,0.83,39
P4,-0.10,0.42,672
P4,-0.10,0.43,423
P4,-0.06,1.22,4
P4,-0.06,1.23,6
P4,-0.05,1.22,6
P4,-0.24,0.28,15
P4,-0.23,0.28,235
P4,-0.03,0.59,304
P4,-0.03,0.60,215
P4,-0.04,0.60,184
P4,-0.04,0.59,276
P4,0.13,0.49,118
P4,-0.15,0.61,217
P4,0.12,0.42,834
P4,0.12,0.43,1141
P4,-0.23,0.25,13
P4,-0.22,0.25,73
P4,-0.17,1.05,138
P4,0.03,0.38,1120
P4,0.03,0.39,1095
P4,0.02,0.36,933
P4,0.03,0.37,1337
P4,0.02,0.37,1122
P4,-0.14,0.32,175
P4,-0.21,0.74,364
P4,0.12,0.25,500
P4,-0.22,0.32,384
P4,-0.22,0.33,113
P4,-0.21,0.33,249
P4,0.00,1.04,85
P4,0.00,1.05,47
P4,0.00,1.14,16
P4,0.00,1.15,93
P4,0.01,1.15,66
P4,0.01,1.14,24
P4,0.11,0.43,642
P4,-0.11,1.29,15
P4,-0.11,1.30,146
P4,-0.15,0.48,232
P4,-0.17,0.48,181
P4,0.04,0.96,71
P4,0.05,0.97,49
P4,0.06,0.96,54
P4,-0.19,1.15,124
P4,0.00,0.87,86
P4,0.00,0.88,105
P4,-0.12,0.22,429
P4,-0.13,0.22,96
P4,-0.15,1.37,56
P4,-0.14,0.54,352
P4,0.08,1.05,107
P4,-0.21,0.32,416
P4,-0.04,0.75,88
P4,-0.18,0.94,328
P4,-0.19,1.30,71
P4,-0.19,1.31,99
P4,-0.18,1.31,103
P4,-0.18,1.30,69
P4,-0.17,1.30,37
P4,0.14,0.33,230
P4,0.03,0.40,926
P4,0.04,0.40,1176
P4,-0.21,1.30,9
P4,-0.21,1.31,95
P4,-0.22,1.31,36
P4,-0.12,0.89,177
P4,-0.12,0.90,121
P4,-0.02,0.38,870
P4,0.14,0.42,1103
P4,-0.14,0.39,207
P4,-0.15,0.39,148
P4,0.09,0.82,43
P4,0.10,0.82,74
P4,-0.14,1.29,43
P4,-0.15,1.29,42
P4,-0.16,1.29,35
P4,0.02,0.39,1035
P4,-0.12,0.21,192
P4,0.22,1.06,14
P4,0.21,1.06,50
P4,0.20,1.06,20
P4,-0.09,0.76,179
P4,-0.11,0.76,76
P4,0.13,0.36,456
P4,0.18,0.42,193
P4,-0.20,0.54,194
P4,0.04,0.66,64
P4,0.04,0.67,101
P4,0.05,0.67,191
P4,0.05,0.66,117
P4,-0.15,0.28,123
P4,0.19,0.33,69
P4,0.24,1.06,16
P4,0.24,1.07,6
P4,0.23,1.07,48
P4,0.23,1.06,4
P4,0.14,0.24,93
P4,-0.21,0.45,58
P4,-0.02,0.53,247
P4,-0.19,1.10,195
P4,-0.18,1.10,55
P4,0.06,0.46,3327
P4,-0.24,0.65,401
P4,-0.11,0.84,86
P4,-0.12,0.85,206
P4,-0.21,0.62,388
P4,0.17,0.77,106
P4,0.16,0.77,77
P4,0.09,0.52,159
P4,-0.16,1.03,232
P4,0.08,0.53,255
P4,0.09,0.54,190
P4,0.09,0.53,216
P4,-0.12,0.99,187
P4,-0.12,1.00,104
P4,-0.21,0.31,536
P4,-0.20,0.31,285
P4,0.24,0.48,277
P4,0.23,0.48,341
P4,0.22,0.62,111
P4,0.21,0.62,223
P4,-0.16,0.59,133
P4,-0.17,0.59,121
P4,-0.18,0.59,106
P4,-0.14,1.26,109
P4,-0.13,1.26,64
P4,-0.17,0.83,210
P4,-0.10,1.26,105
P4,-0.11,1.26,31
P4,-0.11,1.27,133
P4,-0.12,1.27,126
P4,-0.12,1.26,79
P4,-0.11,0.65,468
P4,-0.10,0.49,443
P4,-0.09,0.70,270
P4,0.12,0.21,182
P4,-0.12,0.39,538
P4,-0.21,0.49,405
P4,-0.20,0.49,129
P4,-0.18,0.64,85
P4,0.10,0.44,324
P4,-0.13,0.57,235
P4,-0.13,0.58,168
P4,-0.14,0.57,221
P4,-0.15,0.57,198
P4,-0.23,0.39,262
P4,-0.06,1.08,39
P4,-0.07,1.08,100
P4,-0.23,1.21,149
P4,-0.23,1.22,205
P4,-0.03,0.50,509
P4,0.07,0.79,81
P4,-0.14,1.12,107
P4,-0.15,1.12,237
P4,-0.15,1.13,188
P4,-0.16,1.13,129
P4,-0.16,1.12,171
P4,0.22,0.33,35
P4,0.22,0.34,98
P4,-0.03,1.26,11
P4,-0.03,1.27,111
P4,-0.02,1.27,98
P4,-0.02,1.26,12
P4,0.21,0.26,172
P4,-0.23,0.31,216
P4,-0.24,1.29,88
P4,-0.23,1.29,119
P4,-0.22,1.29,30
P4,0.20,0.64,154
P4,0.23,0.62,114
P4,0.23,0.63,59
P4,0.22,0.63,78
P4,-0.07,0.76,164
P4,-0.08,0.76,209
P4,0.22,0.72,89
P4,-0.22,0.28,422
P4,-0.18,0.65,132
P4,0.12,0.29,412
P4,0.13,0.29,297
P4,0.02,0.90,127
P4,0.03,0.90,125
P4,0.04,0.90,71
P4,-0.02,0.78,130
P4,-0.02,0.77,181
P4,-0.15,0.63,130
P4,-0.17,0.58,175
P4,-0.19,0.58,164
P4,0.11,0.37,401
P4,-0.17,1.27,64
P4,-0.05,0.82,126
P4,-0.14,1.18,70
P4,-0.13,1.18,80
P4,-0.12,1.18,95
P4,0.23,0.92,54
P4,0.22,0.92,45
P4,-0.13,1.06,140
P4,-0.14,1.05,13
P4,-0.01,1.10,38
P4,-0.02,1.10,115
P4,0.02,0.86,112
P4,0.03,0.87,74
P4,0.03,0.86,73
P4,0.24,0.71,49
P4,-0.14,0.35,321
P4,-0.17,0.49,105
P4,-0.05,1.08,55
P4,-0.24,0.99,91
P4,-0.24,0.98,152
P4,-0.23,0.98,253
P4,0.16,0.40,153
P4,-0.16,0.34,135
P4,-0.17,0.34,53
P4,-0.18,0.34,50
P4,-0.12,0.54,361
P4,0.19,0.36,153
P4,0.18,0.36,52
P4,-0.05,0.77,55
P4,-0.05,0.78,143
P4,-0.21,0.36,62
P4,-0.21,0.37,40
P4,-0.03,0.38,1012
P4,-0.19,0.40,62
P4,-0.18,0.40,103
P4,-0.17,0.40,171
P4,-0.19,0.92,217
P4,-0.14,0.42,236
P4,-0.11,0.66,293
P4,-0.12,0.66,178
P4,0.20,0.28,90
P4,-0.09,0.43,468
P4,-0.09,0.91,80
P4,-0.09,0.92,184
P4,-0.17,0.37,120
P4,-0.18,0.35,78
P4,-0.10,0.84,68
P4,-0.10,0.85,201
P4,-0.14,1.24,78
P4,-0.13,1.24,46
P4,-0.12,1.24,44
P4,-0.18,0.96,174
P4,0.08,0.58,216
P4,-0.24,0.29,120
P4,0.11,0.28,700
P4,0.12,0.28,591
P4,-0.15,0.33,109
P4,-0.17,0.82,212
P4,-0.18,0.82,269
P4,-0.21,1.16,120
P4,-0.20,1.16,81
P4,-0.20,1.17,108
P4,-0.19,1.16,58
P4,-0.06,1.31,35
P4,-0.06,1.32,156
P4,-0.09,0.81,154
P4,-0.10,0.81,229
P4,-0.07,1.06,29
P4,-0.07,1.07,169
P4,0.10,0.58,150
P4,-0.13,1.35,49
P4,-0.16,0.38,64
P4,-0.18,1.32,176
P4,-0.19,1.32,101
P4,-0.04,1.24,76
P4,-0.04,1.25,79
P4,-0.02,0.59,529
P4,0.19,0.77,65
P4,0.18,0.77,108
P4,0.24,0.91,22
P4,0.14,0.35,238
P4,0.20,0.96,74
P4,-0.01,0.76,110
P4,-0.01,0.77,226
P4,0.00,0.77,180
P4,0.00,0.76,80
P4,-0.12,0.28,528
P4,-0.13,0.29,433
P4,-0.13,0.68,55
P4,-0.13,0.69,216
P4,-0.14,0.69,178
P4,-0.14,0.68,123
P4,-0.17,0.42,138
P4,0.09,0.44,87
P4,-0.15,0.40,184
P4,-0.16,0.41,187
P4,-0.16,0.40,219
P4,-0.11,1.12,68
P4,-0.11,1.13,120
P4,-0.12,1.12,51
P4,-0.12,1.11,34
P4,-0.17,0.96,128
P4,-0.14,0.86,161
P4,-0.15,0.86,235
P4,-0.12,0.69,145
P4,-0.12,0.70,370
P4,0.21,0.25,20
P4,0.11,0.25,875
P4,0.00,0.84,81
P4,0.01,0.84,202
P4,0.11,0.91,39
P4,-0.05,0.73,307
P4,-0.04,0.73,204
P4,-0.04,0.74,173
P4,-0.04,0.65,208
P4,-0.04,0.66,315
P4,-0.03,0.66,308
P4,-0.03,0.65,294
P4,0.10,0.86,86
P4,0.24,0.34,283
P4,0.23,0.64,65
P4,0.23,0.65,81
P4,0.22,0.65,93
P4,0.22,0.64,101
P4,0.21,0.64,93
P4,-0.15,0.31,126
P4,0.19,0.32,95
P4,-0.22,1.35,47
P4,-0.21,1.35,92
P4,-0.21,1.36,27
P4,-0.20,1.36,4
P4,-0.20,1.35,75
P4,0.00,1.08,57
P4,0.00,1.09,94
P4,-0.01,1.09,17
P4,-0.01,1.08,12
P4,-0.21,1.20,161
P4,-0.21,1.21,180
P4,-0.04,1.12,105
P4,-0.03,0.63,189
P4,-0.17,0.89,219
P4,-0.17,0.90,230
P4,-0.18,0.90,249
P4,-0.19,0.90,287
P4,0.07,0.46,1554
P4,-0.15,0.98,133
P4,0.11,0.36,429
P4,0.06,0.90,52
P4,0.07,0.90,111
P4,0.07,0.89,83
P4,-0.20,0.55,148
P4,0.13,0.65,92
P4,0.13,0.66,38
P4,0.14,0.66,21
P4,0.14,0.65,46
P4,-0.04,1.34,61
P4,-0.03,1.34,49
P4,-0.03,1.33,22
P4,0.01,0.78,117
P4,0.04,0.42,995
P4,0.13,0.35,338
P4,-0.23,0.36,150
P4,0.02,0.38,961
P4,-0.04,0.48,731
P4,-0.20,0.84,205
P4,-0.21,0.59,393
P4,-0.14,0.23,14
P4,0.22,0.78,40
P4,0.22,0.77,15
P4,-0.15,0.93,106
P4,-0.24,0.76,242
P4,-0.21,1.28,53
P4,0.22,0.95,58
P4,0.21,0.95,34
P4,-0.14,0.24,117
P4,0.12,1.30,10
P4,0.12,1.31,49
P4,0.13,1.31,60
P4,-0.20,1.27,128
P4,-0.19,1.27,105
P4,-0.18,1.27,105
P4,-0.06,0.65,319
P4,-0.20,0.90,234
P4,-0.17,1.39,3
P4,0.07,1.03,99
P4,0.08,1.03,94
P4,0.24,0.68,32
P4,0.24,0.67,13
P4,-0.20,1.21,171
P4,-0.18,1.22,130
P4,-0.04,1.06,75
P4,-0.04,1.07,124
P4,-0.03,1.07,82
P4,-0.03,1.06,5
P4,0.22,0.44,289
P4,-0.04,0.71,152
P4,0.12,0.34,482
P4,-0.11,0.98,110
P4,-0.12,0.98,111
P4,-0.13,0.98,27
P4,-0.13,0.97,36
P4,-0.16,0.54,203
P4,-0.13,0.79,179
P4,-0.07,0.52,335
P4,0.23,0.25,12
P4,0.22,0.25,21
P4,0.12,0.54,85
P4,0.12,0.55,67
P4,0.11,0.54,118
P4,-0.08,0.70,206
P4,-0.13,1.30,168
P4,-0.20,1.08,55
P4,-0.06,0.68,226
P4,-0.17,0.87,221
P4,-0.17,0.54,146
P4,-0.17,0.55,121
P4,-0.18,0.54,124
P4,0.04,1.10,28
P4,0.06,1.10,48
P4,-0.09,1.08,141
P4,0.15,0.38,196
P4,0.16,0.38,119
P4,0.17,0.38,50
P4,0.06,0.55,487
P4,-0.04,1.16,17
P4,0.11,1.15,9
P4,0.11,1.16,9
P4,0.12,1.15,22
P4,0.13,1.15,17
P4,0.24,1.17,41
P4,0.23,1.17,28
P4,0.23,1.16,28
P4,0.22,0.59,103
P4,0.21,0.59,68
P4,0.20,0.59,65
P4,-0.19,0.70,438
P4,-0.10,0.74,214
P4,-0.15,0.69,142
P4,-0.20,1.03,256
P4,-0.11,1.01,85
P4,-0.24,1.38,112
P4,-0.24,1.37,215
P4,0.18,0.68,124
P4,0.17,0.68,21
P4,0.21,0.63,155
P4,-0.19,0.29,36
P4,0.23,0.38,302
P4,0.22,0.38,41
P4,-0.11,0.81,201
P4,-0.14,0.36,416
P4,-0.15,0.71,78
P4,-0.16,0.71,46
P4,-0.17,0.71,72
P4,-0.04,0.81,185
P4,0.22,0.71,110
P4,-0.03,0.82,104
P4,-0.01,0.82,93
P4,0.12,0.63,89
P4,-0.23,0.37,182
P4,-0.20,0.50,65
P4,0.24,0.77,66
P4,-0.21,1.19,111
P4,-0.20,1.19,96
P4,0.07,0.56,164
P4,-0.18,0.99,97
P4,-0.17,0.99,110
P4,-0.07,0.95,165
P4,-0.07,0.96,187
P4,-0.17,1.07,114
P4,-0.17,1.08,162
P4,0.23,1.22,2
P4,0.23,1.23,88
P4,0.22,1.23,55
P4,0.21,1.23,24
P4,0.21,1.22,15
P4,0.22,0.43,226
P4,0.21,0.43,43
P4,-0.06,0.73,221
P4,-0.06,0.72,182
P4,-0.19,1.18,184
P4,-0.04,0.62,36
P4,-0.09,0.49,235
P4,0.24,1.02,12
P4,0.23,1.02,27
P4,-0.24,1.10,84
P4,-0.24,1.11,97
P4,-0.23,1.11,159
P4,-0.22,1.11,70
P4,-0.22,1.10,117
P4,-0.09,1.12,22
P4,-0.09,1.13,47
P4,-0.10,1.13,139
P4,-0.10,1.12,14
P4,0.13,1.27,1
P4,-0.04,0.98,32
P4,-0.04,0.99,160
P4,-0.05,0.98,43
P4,0.11,0.75,9
P4,0.01,1.01,119
P4,0.01,1.02,45
P4,0.03,0.41,1209
P4,0.10,0.43,219
P4,-0.14,0.25,165
P4,-0.15,0.25,30
P4,0.10,0.88,15
P4,0.11,0.88,58
P4,-0.17,0.53,68
P4,-0.18,0.53,65
P4,-0.19,0.53,65
P4,0.00,1.00,58
P4,0.00,1.01,130
P4,0.01,1.00,80
P4,-0.14,0.87,145
P4,-0.16,0.86,178
P4,-0.08,1.16,23
P4,-0.09,1.16,29
P4,-0.10,1.16,99
P4,0.10,0.61,86
P4,0.24,0.76,89
P4,0.09,0.57,145
P4,0.09,0.58,175
P4,0.10,0.57,138
P4,-0.10,0.94,38
P4,-0.10,0.95,47
P4,-0.11,0.95,116
P4,-0.11,0.94,59
P4,-0.13,1.11,49
P4,-0.17,1.11,80
P4,-0.16,1.11,107
P4,-0.15,1.11,115
P4,0.07,1.20,7
P4,0.08,1.20,49
P4,0.09,1.20,117
P4,-0.17,1.10,110
P4,0.22,0.98,71
P4,0.21,0.98,78
P4,-0.13,1.15,68
P4,-0.13,1.16,193
P4,-0.14,1.16,86
P4,-0.14,1.15,70
P4,0.21,0.52,255
P4,-0.11,0.85,86
P4,0.20,1.33,17
P4,0.19,1.33,18
P4,0.18,1.33,4
P4,-0.08,1.15,42
P4,-0.08,1.14,90
P4,-0.02,0.54,311
P4,0.00,0.78,203
P4,0.15,0.46,1010
P4,0.15,0.47,133
P4,-0.12,0.86,85
P4,-0.13,0.87,113
P4,-0.13,0.86,59
P4,-0.14,0.95,53
P4,-0.15,0.95,122
P4,-0.21,1.03,238
P4,-0.04,0.72,196
P4,-0.03,0.72,121
P4,-0.21,0.28,319
P4,-0.20,0.28,97
P4,0.10,0.50,229
P4,0.11,0.50,106
P4,-0.10,1.30,118
P4,-0.10,1.31,72
P4,0.08,0.77,71
P4,0.09,0.77,56
P4,0.10,0.77,11
P4,0.06,0.66,94
P4,0.07,0.66,97
P4,0.08,0.66,80
P4,-0.17,0.66,106
P4,-0.18,0.66,136
P4,-0.06,0.58,166
P4,0.24,0.50,206
P4,0.24,0.32,104
P4,-0.21,0.34,241
P4,0.07,1.32,69
P4,0.08,1.32,63
P4,0.08,1.33,65
P4,0.09,1.32,107
P4,0.24,0.70,49
P4,0.01,0.76,129
P4,-0.10,0.89,67
P4,-0.11,0.89,97
P4,-0.11,0.90,56
P4,0.00,0.74,159
P4,-0.11,0.77,87
P4,0.02,1.33,20
P4,0.03,1.33,43
P4,0.03,1.34,27
P4,0.04,1.33,50
P4,0.13,0.22,57
P4,0.00,0.85,151
P4,0.00,0.86,134
P4,0.01,0.86,154
P4,0.01,0.85,160
P4,0.24,0.93,72
P4,0.23,0.93,63
P4,0.22,0.93,62
P4,-0.14,0.29,278
P4,-0.05,0.79,190
P4,0.20,1.01,38
P4,0.22,0.27,231
P4,0.01,0.57,391
P4,-0.18,1.13,158
P4,0.07,1.04,19
P4,0.08,1.04,33
P4,-0.15,1.15,44
P4,0.21,0.65,81
P4,0.20,0.65,89
P4,0.19,0.65,49
P4,0.24,1.35,6
P4,0.23,1.35,19
P4,0.23,1.36,41
P4,0.22,1.35,51
P4,0.09,0.80,31
P4,0.10,0.80,29
P4,0.11,0.80,10
P4,-0.05,0.57,408
P4,-0.04,0.57,226
P4,0.05,0.63,217
P4,0.04,0.58,208
P4,0.21,1.36,49
P4,0.20,1.36,40
P4,0.20,1.35,14
P4,-0.02,0.68,177
P4,-0.02,0.69,70
P4,-0.06,1.36,63
P4,-0.06,1.35,1
P4,0.00,0.91,104
P4,0.00,0.92,96
P4,0.01,0.92,144
P4,0.01,0.91,109
P4,0.02,0.91,45
P4,-0.24,0.32,136
P4,-0.08,1.13,152
P4,-0.23,1.10,128
P4,-0.24,1.33,86
P4,-0.23,1.33,136
P4,-0.15,0.32,231
P4,-0.16,0.32,200
P4,0.23,0.40,326
P4,0.24,0.57,55
P4,0.24,0.56,126
P4,0.23,0.56,204
P4,0.24,0.97,16
P4,0.23,0.97,29
P4,0.22,0.97,21
P4,-0.11,0.99,120
P4,-0.16,0.60,106
P4,-0.01,1.01,82
P4,-0.02,1.01,33
P4,0.16,0.33,36
P4,0.11,1.37,43
P4,0.11,1.38,21
P4,0.12,1.38,22
P4,0.12,1.37,32
P4,0.13,1.37,18
P4,-0.05,1.13,67
P4,-0.05,1.14,84
P4,-0.04,1.13,4
P4,-0.15,1.14,161
P4,-0.08,0.52,313
P4,-0.09,0.52,224
P4,0.09,1.09,6
P4,0.20,0.52,66
P4,0.06,0.61,176
P4,0.09,1.27,51
P4,0.10,1.27,51
P4,0.11,1.27,31
P4,-0.12,1.15,44
P4,-0.12,1.16,47
P4,-0.15,0.96,107
P4,-0.14,0.96,63
P4,-0.11,0.86,95
P4,-0.11,0.87,86
P4,0.10,0.53,180
P4,0.10,0.54,165
P4,0.11,0.53,206
P4,0.12,0.53,133
P4,0.17,0.40,194
P4,0.22,0.58,131
P4,0.21,0.58,171
P4,0.20,0.58,136
P4,0.24,0.90,32
P4,0.24,0.89,39
P4,-0.21,1.34,132
P4,-0.22,1.34,157
P4,-0.23,1.34,106
P4,-0.18,0.70,319
P4,-0.17,0.70,205
P4,-0.22,0.52,243
P4,-0.21,0.52,92
P4,0.20,0.98,31
P4,-0.02,0.65,173
P4,-0.14,1.20,79
P4,-0.13,1.21,34
P4,-0.13,1.20,35
P4,0.20,0.69,92
P4,0.18,0.69,93
P4,0.22,0.48,391
P4,0.21,0.48,131
P4,-0.17,0.88,261
P4,-0.18,0.88,203
P4,-0.24,0.34,170
P4,-0.22,1.37,93
P4,-0.21,1.37,76
P4,-0.19,1.00,121
P4,-0.19,1.01,233
P4,-0.21,1.15,124
P4,-0.11,1.04,94
P4,-0.09,0.72,82
P4,-0.11,0.62,408
P4,-0.11,0.63,164
P4,-0.12,0.62,325
P4,-0.15,0.35,262
P4,0.06,1.16,8
P4,0.07,1.16,22
P4,0.08,1.16,36
P4,0.18,0.73,60
P4,0.17,0.73,69
P4,-0.04,0.53,322
P4,-0.03,0.53,166
P4,-0.03,0.54,191
P4,-0.22,1.12,116
P4,-0.22,1.13,113
P4,-0.21,1.12,164
P4,-0.20,1.12,127
P4,-0.18,0.71,142
P4,-0.22,0.40,96
P4,0.11,0.42,335
P4,-0.19,1.21,101
P4,-0.15,1.05,33
P4,-0.20,0.91,302
P4,0.15,0.30,239
P4,0.16,0.30,103
P4,-0.21,0.75,206
P4,0.23,0.71,56
P4,0.21,0.71,91
P4,0.24,0.63,27
P4,0.24,0.62,121
P4,-0.20,0.58,175
P4,0.17,0.69,44
P4,0.17,0.36,96
P4,-0.06,0.86,37
P4,0.02,1.03,50
P4,0.03,1.03,88
P4,0.04,1.03,86
P4,-0.14,0.30,263
P4,-0.07,0.53,386
P4,-0.24,1.13,58
P4,-0.23,1.13,86
P4,-0.16,0.57,194
P4,-0.11,0.93,94
P4,-0.12,0.93,115
P4,-0.12,0.92,35
P4,-0.19,0.86,95
P4,0.05,0.91,21
P4,0.05,0.90,55
P4,0.10,0.49,536
P4,-0.12,0.57,320
P4,-0.06,0.75,172
P4,-0.10,0.86,47
P4,0.05,0.81,103
P4,-0.24,0.33,123
P4,0.24,0.51,140
P4,0.23,0.51,227
P4,-0.24,1.00,129
P4,0.19,0.44,68
P4,0.19,0.45,42
P4,0.18,0.45,172
P4,0.18,0.44,223
P4,0.20,1.19,9
P4,0.19,1.19,22
P4,0.05,1.39,9
P4,0.05,1.38,29
P4,-0.10,1.39,8
P4,-0.10,1.38,41
P4,-0.11,0.69,131
P4,-0.11,0.70,323
P4,-0.17,0.91,218
P4,-0.16,0.91,213
P4,-0.20,1.15,99
P4,0.14,0.23,27
P4,-0.17,0.45,115
P4,-0.17,0.44,106
P4,-0.16,0.95,150
P4,0.23,0.26,44
P4,0.22,0.26,135
P4,-0.16,0.33,57
P4,-0.17,0.33,32
P4,0.02,0.40,1097
P4,-0.20,1.00,76
P4,-0.03,0.64,145
P4,-0.02,0.64,286
P4,0.23,0.68,22
P4,0.23,0.69,37
P4,0.22,0.69,85
P4,0.21,0.69,134
P4,0.21,0.68,96
P4,-0.21,0.42,13
P4,-0.11,0.78,50
P4,0.22,0.83,16
P4,0.21,0.84,71
P4,0.20,0.84,53
P4,0.20,0.83,76
P4,0.07,1.39,11
P4,0.07,1.38,49
P4,-0.17,1.34,74
P4,-0.17,1.35,140
P4,-0.18,1.35,94
P4,-0.18,1.34,149
P4,-0.19,1.34,172
P4,-0.06,0.71,199
P4,-0.17,1.02,202
P4,-0.05,0.97,33
P4,0.02,1.17,22
P4,0.02,1.18,59
P4,0.03,1.18,34
P4,0.03,1.17,21
P4,-0.22,0.96,141
P4,-0.23,0.96,70
P4,0.22,0.37,8
P4,-0.12,0.81,67
P4,0.15,0.32,164
P4,0.15,0.31,130
P4,0.11,0.57,76
P4,-0.03,1.16,230
P4,0.20,0.26,14
P4,0.00,0.89,159
P4,0.01,0.89,125
P4,0.24,0.75,25
P4,-0.24,0.97,95
P4,-0.20,0.51,87
P4,-0.19,1.11,71
P4,-0.20,1.11,128
P4,0.23,0.57,158
P4,0.22,0.57,213
P4,-0.22,1.05,141
P4,-0.13,1.27,54
P4,-0.21,1.06,56
P4,-0.20,1.06,81
P4,-0.19,1.06,100
P4,-0.15,0.47,180
P4,-0.16,0.47,149
P4,-0.17,0.47,149
P4,0.08,0.70,43
P4,-0.24,0.35,269
P4,-0.23,0.35,91
P4,-0.06,0.98,109
P4,-0.06,0.99,213
P4,-0.24,1.09,151
P4,-0.19,0.91,254
P4,-0.18,0.91,198
P4,0.22,0.56,181
P4,0.19,0.68,156
P4,0.17,0.67,1
P4,-0.19,1.19,87
P4,-0.19,1.20,176
P4,-0.18,1.20,175
P4,0.17,0.92,20
P4,0.18,0.92,25
P4,0.18,0.93,48
P4,0.19,0.92,30
P4,-0.18,0.55,105
P4,0.20,0.39,90
P4,0.19,0.39,157
P4,0.18,0.39,206
P4,-0.18,0.47,118
P4,0.14,0.96,24
P4,0.13,0.96,37
P4,-0.10,1.14,15
P4,-0.11,1.14,17
P4,-0.12,1.14,6
P4,0.07,1.06,60
P4,0.07,1.07,13
P4,0.08,1.07,23
P4,0.08,1.06,54
P4,0.09,1.06,31
P4,-0.14,1.13,69
P4,-0.14,1.14,78
P4,0.20,0.72,46
P4,0.19,0.72,94
P4,0.18,0.72,92
P4,-0.20,0.30,185
P4,0.17,0.34,67
P4,0.08,0.45,232
P4,-0.02,0.86,55
P4,-0.01,0.86,117
P4,0.05,0.68,260
P4,0.19,0.80,21
P4,0.18,0.80,51
P4,0.17,0.80,48
P4,-0.19,0.28,14
P4,0.05,0.59,109
P4,-0.21,1.27,63
P4,-0.01,1.30,100
P4,-0.01,1.31,50
P4,0.00,1.30,54
P4,-0.11,0.80,99
P4,-0.03,1.13,111
P4,-0.02,1.14,40
P4,-0.02,1.13,24
P4,-0.03,0.67,247
P4,-0.05,1.03,63
P4,-0.16,1.00,74
P4,-0.24,1.14,161
P4,-0.14,0.94,137
P4,0.05,0.89,97
P4,-0.14,0.98,38
P4,-0.02,1.39,3
P4,0.05,0.75,116
P4,-0.04,0.82,84
P4,-0.17,1.26,74
P4,-0.19,1.26,41
P4,-0.16,0.96,116
P4,0.12,0.27,614
P4,-0.18,0.67,184
P4,-0.17,0.67,155
P4,0.04,1.07,33
P4,0.05,1.07,30
P4,0.12,0.72,34
P4,0.13,0.72,20
P4,0.14,0.72,3
P4,-0.15,0.64,228
P4,-0.11,0.57,402
P4,0.19,0.43,45
P4,0.18,0.43,209
P4,-0.17,0.94,149
P4,0.24,0.87,64
P4,0.23,0.87,71
P4,0.22,0.91,34
P4,0.24,0.52,273
P4,0.04,0.88,52
P4,0.04,0.89,91
P4,0.21,0.82,21
P4,0.21,0.83,30
P4,0.19,0.83,26
P4,0.19,0.82,30
P4,0.13,0.99,14
P4,0.13,1.00,70
P4,0.14,0.99,30
P4,0.15,0.99,12
P4,0.09,1.25,41
P4,0.10,1.25,25
P4,-0.05,0.72,96
P4,0.16,1.01,46
P4,0.15,1.01,38
P4,0.14,1.01,8
P4,-0.24,1.28,38
P4,-0.24,1.27,44
P4,-0.17,0.68,146
P4,0.19,0.84,38
P4,0.22,1.07,55
P4,-0.21,1.25,145
P4,0.04,1.29,39
P4,0.04,1.30,2
P4,0.05,1.30,25
P4,0.05,1.29,27
P4,0.06,1.29,38
P4,-0.03,0.58,164
P4,0.02,0.80,116
P4,0.02,0.81,161
P4,-0.15,1.27,122
P4,-0.17,0.77,156
P4,-0.16,0.77,155
P4,-0.23,1.37,113
P4,0.23,0.66,130
P4,0.24,0.66,102
P4,0.24,0.65,53
P4,0.20,1.13,25
P4,0.19,1.13,30
P4,0.18,1.13,11
P4,0.18,1.12,3
P4,-0.06,1.16,73
P4,0.18,0.63,94
P4,0.13,1.02,32
P4,0.12,1.02,5
P4,0.15,0.35,256
P4,0.16,0.34,171
P4,-0.20,0.48,29
P4,-0.21,0.46,150
P4,0.06,1.05,82
P4,0.06,1.06,52
P4,-0.15,1.16,40
P4,0.20,0.48,67
P4,-0.16,0.42,139
P4,-0.24,1.05,157
P4,-0.23,1.05,110
P4,-0.01,0.81,103
P4,0.00,0.81,30
P4,-0.22,1.25,131
P4,0.24,0.55,111
P4,-0.09,0.77,117
P4,-0.10,0.61,142
P4,-0.02,1.38,5
P4,-0.01,1.38,13
P4,-0.24,1.25,119
P4,-0.24,1.24,82
P4,-0.14,0.84,99
P4,-0.13,0.47,268
P4,-0.14,0.97,169
P4,-0.24,1.31,64
P4,-0.20,1.38,63
P4,-0.12,0.44,286
P4,-0.24,1.21,145
P4,-0.24,1.20,69
P4,-0.02,0.60,283
P4,-0.04,0.90,138
P4,-0.03,0.90,40
P4,-0.16,0.63,233
P4,-0.17,0.63,155
P4,-0.18,0.63,145
P4,-0.15,0.75,84
P4,-0.06,0.76,134
P4,-0.06,0.77,8
P4,0.13,1.07,19
P4,0.12,1.07,15
P4,0.16,1.19,32
P4,0.16,1.20,10
P4,0.17,1.20,1
P4,0.17,1.19,29
P4,0.07,1.05,127
P4,0.21,1.10,11
P4,0.04,0.44,1479
P4,0.23,0.54,287
P4,0.00,1.02,39
P4,0.08,0.57,200
P4,0.10,0.56,161
P4,-0.02,1.16,19
P4,-0.02,1.17,15
P4,-0.16,0.94,80
P4,-0.15,0.94,87
P4,0.23,1.13,40
P4,0.22,1.13,27
P4,0.21,1.13,42
P4,0.05,1.32,63
P4,0.06,1.32,86
P4,-0.24,1.15,73
P4,0.18,0.41,111
P4,0.17,0.41,249
P4,-0.04,1.33,15
P4,-0.02,0.79,71
P4,-0.03,0.57,360
P4,0.23,0.59,121
P4,0.24,0.59,110
P4,0.24,0.58,70
P4,0.04,0.93,43
P4,0.04,0.94,69
P4,0.05,0.94,104
P4,0.19,0.61,83
P4,0.21,0.35,99
P4,0.19,0.35,82
P4,0.22,0.70,107
P4,-0.10,1.33,40
P4,0.18,0.90,85
P4,0.19,0.90,29
P4,-0.19,0.52,95
P4,0.10,0.51,209
P4,-0.11,1.22,116
P4,-0.10,1.22,24
P4,0.19,0.49,32
P4,0.21,1.07,25
P4,0.19,0.48,53
P4,0.14,1.14,31
P4,0.13,1.14,65
P4,-0.19,0.46,54
P4,-0.20,0.46,35
P4,-0.07,1.03,48
P4,-0.07,1.04,61
P4,-0.06,1.03,45
P4,0.17,0.47,39
P4,0.16,0.47,86
P4,-0.23,0.32,61
P4,-0.20,0.52,53
P4,-0.05,0.59,199
P4,-0.05,0.60,154
P4,-0.14,0.75,162
P4,0.09,0.64,108
P4,0.09,0.65,134
P4,0.10,0.65,44
P4,0.10,0.64,183
P4,0.24,0.64,70
P4,-0.22,0.76,149
P4,-0.24,0.95,147
P4,-0.23,0.95,235
P4,0.20,0.27,66
P4,-0.01,0.94,130
P4,-0.01,0.95,74
P4,0.02,0.76,64
P4,-0.16,0.70,156
P4,-0.13,1.02,79
P4,0.12,0.57,57
P4,0.13,0.57,37
P4,0.03,0.42,1102
P4,0.19,0.58,81
P4,0.18,0.58,18
P4,-0.19,0.34,85
P4,0.06,1.38,20
P4,-0.18,0.49,111
P4,-0.19,0.49,76
P4,0.23,0.67,39
P4,0.15,0.51,70
P4,0.16,0.51,144
P4,0.17,0.51,84
P4,-0.17,1.22,91
P4,0.19,0.59,44
P4,0.18,0.59,32
P4,0.21,0.56,156
P4,-0.02,0.93,72
P4,-0.02,0.94,50
P4,0.00,0.94,106
P4,0.00,0.93,42
P4,0.12,1.23,20
P4,0.11,1.23,13
P4,0.09,1.33,8
P4,0.16,0.53,28
P4,0.17,0.53,47
P4,0.18,0.53,37
P4,-0.12,0.73,170
P4,0.16,0.28,2
P4,-0.05,1.32,159
P4,-0.05,1.33,90
P4,0.19,0.42,80
P4,0.21,1.34,32
P4,-0.20,0.57,293
P4,-0.14,0.47,272
P4,-0.12,1.33,43
P4,-0.11,1.33,26
P4,0.11,0.51,163
P4,0.12,0.51,49
P4,-0.13,0.94,75
P4,-0.19,0.95,186
P4,-0.03,1.09,173
P4,-0.02,1.09,119
P4,0.12,0.20,23
P4,-0.09,0.53,213
P4,0.07,1.19,9
P4,0.08,1.19,45
P4,-0.04,1.08,28
P4,-0.04,1.09,160
P4,0.08,0.62,81
P4,0.08,0.63,209
P4,0.09,0.62,66
P4,-0.23,1.25,68
P4,0.15,1.03,20
P4,0.14,1.03,16
P4,0.11,0.78,18
P4,0.12,0.78,22
P4,0.12,0.79,90
P4,0.13,0.79,39
P4,0.13,0.78,9
P4,0.24,0.73,10
P4,0.24,0.74,43
P4,0.23,0.74,82
P4,0.22,0.74,60
P4,0.22,0.73,69
P4,0.17,0.48,80
P4,0.18,0.48,115
P4,0.18,0.47,63
P4,0.03,0.43,656
P4,0.23,0.27,88
P4,-0.14,1.09,94
P4,-0.13,1.09,93
P4,-0.12,1.09,40
P4,-0.18,0.52,133
P4,-0.08,1.17,87
P4,0.22,1.05,30
P4,0.21,1.05,65
P4,0.20,1.05,44
P4,-0.21,1.17,86
P4,0.23,0.76,95
P4,0.22,0.76,42
P4,0.22,0.75,97
P4,0.14,0.38,294
P4,0.17,0.35,95
P4,-0.08,1.06,71
P4,-0.08,1.07,228
P4,-0.07,0.81,109
P4,0.05,1.15,18
P4,0.05,1.16,3
P4,0.06,1.15,17
P4,0.07,1.15,4
P4,-0.12,1.05,71
P4,-0.12,1.06,90
P4,-0.11,0.88,36
P4,-0.06,0.95,63
P4,-0.05,0.95,125
P4,-0.11,1.36,16
P4,-0.11,1.37,152
P4,-0.13,0.76,196
P4,0.22,0.39,59
P4,-0.13,1.19,60
P4,0.01,0.77,152
P4,-0.09,1.22,73
P4,-0.09,1.23,64
P4,-0.21,1.11,68
P4,0.06,1.33,73
P4,0.06,1.34,3
P4,0.07,1.34,29
P4,0.07,1.33,30
P4,-0.20,1.07,166
P4,0.16,0.80,15
P4,-0.24,0.92,108
P4,0.23,0.60,64
P4,0.22,0.60,183
P4,0.12,0.59,30
P4,0.13,0.59,11
P4,-0.21,0.43,32
P4,-0.02,0.76,215
P4,0.14,1.13,44
P4,0.13,1.13,49
P4,0.12,1.13,35
P4,0.17,0.60,40
P4,0.17,0.61,8
P4,0.18,0.61,21
P4,0.15,1.19,52
P4,0.15,1.20,47
P4,0.14,1.20,67
P4,0.14,1.19,40
P4,0.09,1.16,15
P4,0.17,0.39,94
P4,0.01,1.08,16
P4,0.02,1.08,36
P4,0.03,1.08,6
P4,-0.05,0.90,54
P4,0.15,0.52,26
P4,0.16,0.52,47
P4,0.17,0.52,60
P4,0.23,0.70,58
P4,0.15,0.89,29
P4,0.15,0.29,82
P4,-0.09,0.85,48
P4,-0.09,0.86,71
P4,0.18,0.87,44
P4,0.17,0.87,37
P4,0.17,0.88,5
P4,0.16,0.87,39
P4,-0.17,0.35,63
P4,-0.17,0.36,30
P4,-0.02,0.85,47
P4,-0.01,0.85,28
P4,-0.23,0.34,32
P4,0.23,0.32,81
P4,-0.03,0.79,109
P4,-0.04,0.76,108
P4,-0.08,1.27,93
P4,-0.08,1.26,7
P4,-0.16,0.97,150
P4,0.02,1.02,39
P4,0.24,0.80,35
P4,0.19,0.93,26
P4,0.18,0.94,59
P4,0.17,0.94,67
P4,0.17,0.93,56
P4,0.18,0.74,53
P4,0.17,0.74,119
P4,0.23,0.75,48
P4,0.15,0.48,68
P4,0.16,0.48,60
P4,0.21,0.72,59
P4,0.18,0.32,24
P4,0.21,0.81,63
P4,0.20,0.81,35
P4,0.16,0.31,28
P4,0.13,0.55,30
P4,-0.10,1.15,11
P4,-0.11,1.16,110
P4,-0.11,1.15,29
P4,0.23,0.35,103
P4,0.24,1.27,121
P4,0.23,1.27,46
P4,0.23,1.26,97
P4,0.01,0.69,120
P4,-0.13,0.99,216
P4,-0.12,0.91,96
P4,-0.07,0.70,211
P4,-0.08,1.10,58
P4,-0.08,1.11,120
P4,-0.09,1.11,33
P4,-0.09,1.10,79
P4,0.02,0.97,41
P4,0.03,0.97,55
P4,0.03,0.98,55
P4,0.21,0.44,39
P4,0.01,0.93,25
P4,-0.11,1.05,97
P4,-0.11,1.06,65
P4,0.18,0.65,58
P4,-0.21,1.00,33
P4,-0.22,1.00,35
P4,-0.23,1.00,114
P4,0.19,0.37,97
P4,0.18,0.37,61
P4,-0.05,1.39,7
P4,-0.05,1.38,69
P4,-0.14,0.63,69
P4,0.13,0.28,491
P4,-0.14,0.64,92
P4,0.08,1.38,15
P4,-0.22,1.18,27
P4,-0.23,1.18,56
P4,-0.24,1.18,83
P4,-0.24,1.17,69
P4,-0.06,1.02,69
P4,-0.08,1.03,94
P4,0.19,0.78,34
P4,0.18,0.78,86
P4,0.17,0.78,62
P4,0.09,1.08,97
P4,0.10,1.08,90
P4,0.02,1.21,103
P4,0.03,1.21,48
P4,0.03,1.20,3
P4,0.04,1.34,33
P4,0.05,1.33,11
P4,-0.16,0.35,171
P4,0.10,0.63,110
P4,0.11,0.63,73
P4,0.11,0.64,54
P4,-0.18,0.33,76
P4,-0.05,0.71,71
P4,-0.09,0.93,82
P4,-0.09,0.94,138
P4,0.17,0.90,48
P4,0.17,0.91,10
P4,0.22,0.68,19
P4,0.20,0.68,176
P4,0.18,0.49,46
P4,0.17,0.49,75
P4,-0.22,1.17,68
P4,-0.13,0.62,204
P4,-0.14,0.62,187
P4,-0.05,0.86,60
P4,-0.11,0.91,58
P4,-0.11,0.92,80
P4,0.08,1.21,27
P4,0.08,1.22,38
P4,0.09,1.22,69
P4,0.10,1.22,38
P4,0.10,1.21,16
P4,0.18,0.75,64
P4,0.17,0.75,14
P4,-0.08,0.89,106
P4,-0.08,0.90,163
P4,-0.13,0.66,181
P4,-0.21,1.10,43
P4,0.24,0.31,71
P4,0.20,0.95,41
P4,-0.08,0.72,241
P4,-0.16,1.17,160
P4,-0.15,1.17,139
P4,-0.12,1.25,51
P4,-0.11,1.25,10
P4,-0.21,1.01,119
P4,0.05,0.56,316
P4,0.05,0.57,405
P4,-0.20,1.20,99
P4,0.16,0.94,69
P4,0.20,0.47,67
P4,0.14,1.23,28
P4,0.14,1.24,37
P4,0.13,1.24,28
P4,0.13,1.23,33
P4,0.18,0.35,14
P4,0.23,0.34,52
P4,-0.09,1.29,15
P4,-0.09,1.30,136
P4,-0.10,1.29,20
P4,-0.23,0.33,30
P4,-0.24,0.31,19
P4,-0.15,0.29,87
P4,0.19,0.55,98
P4,-0.24,1.22,170
P4,-0.24,1.23,90
P4,0.20,1.08,60
P4,0.19,1.08,36
P4,0.18,1.08,22
P4,-0.05,1.11,188
P4,-0.05,1.12,157
P4,-0.16,0.66,64
P4,0.15,0.66,7
P4,0.16,0.66,24
P4,0.16,0.65,37
P4,-0.12,0.76,156
P4,0.16,0.60,36
P4,0.13,1.32,2
P4,0.03,0.44,505
P4,-0.17,1.13,160
P4,0.22,0.89,19
P4,0.23,0.89,56
P4,0.18,1.18,45
P4,0.17,1.18,43
P4,0.16,1.18,24
P4,-0.12,1.30,93
P4,-0.13,1.31,135
P4,0.06,0.45,1993
P4,0.17,0.55,9
P4,0.18,0.55,26
P4,0.20,0.71,112
P4,0.18,0.70,112
P4,0.23,0.98,51
P4,0.07,1.02,32
P4,-0.07,0.72,118
P4,-0.09,1.06,117
P4,0.01,0.99,32
P4,0.02,1.00,49
P4,0.03,1.00,20
P4,0.03,0.99,92
P4,0.11,1.26,7
P4,0.09,1.02,78
P4,-0.16,1.34,65
P4,-0.15,1.34,91
P4,-0.14,1.34,65
P4,0.07,0.45,526
P4,0.23,0.73,59
P4,0.05,0.58,202
P4,0.13,1.05,15
P4,0.14,0.77,12
P4,0.14,0.78,3
P4,0.15,0.78,28
P4,0.15,0.77,28
P4,-0.18,0.41,65
P4,-0.17,0.41,110
P4,0.24,1.11,30
P4,0.23,1.11,40
P4,0.23,1.12,91
P4,0.22,1.12,48
P4,0.22,1.11,6
P4,-0.02,0.99,27
P4,-0.02,1.00,67
P4,-0.01,1.00,38
P4,-0.01,0.99,55
P4,-0.20,1.18,117
P4,0.12,0.52,78
P4,0.13,0.53,34
P4,0.13,0.52,22
P4,0.20,0.67,129
P4,0.19,0.67,108
P4,0.16,0.39,110
P4,0.12,0.49,84
P4,0.23,0.91,17
P4,-0.19,0.31,63
P4,0.13,0.33,280
P4,0.17,0.33,17
P4,-0.22,0.37,11
P4,0.23,1.09,45
P4,0.22,1.09,12
P4,0.21,1.09,12
P4,0.20,0.55,203
P4,-0.04,0.54,167
P4,0.19,0.95,32
P4,0.18,0.95,39
P4,-0.20,0.43,1
P4,-0.19,0.43,54
P4,0.14,1.16,39
P4,0.14,1.17,10
P4,0.17,0.97,24
P4,0.16,0.97,35
P4,0.15,0.97,23
P4,-0.24,0.96,69
P4,-0.14,1.11,74
P4,0.03,1.39,4
P4,0.03,1.38,86
P4,0.24,0.53,108
P4,-0.14,0.71,91
P4,-0.15,0.97,154
P4,0.19,0.30,34
P4,0.13,0.54,23
P4,0.21,0.97,53
P4,0.19,0.98,23
P4,0.19,0.97,59
P4,0.17,0.63,44
P4,0.19,0.89,26
P4,0.18,0.89,39
P4,0.17,0.89,14
P4,0.20,0.40,33
P4,0.16,0.49,21
P4,0.14,1.08,43
P4,0.13,1.08,68
P4,-0.19,0.65,213
P4,-0.22,1.16,74
P4,0.03,1.01,12
P4,0.03,1.02,51
P4,0.04,1.02,31
P4,0.04,1.01,81
P4,-0.02,0.57,250
P4,-0.17,1.29,106
P4,-0.20,1.30,14
P4,-0.17,0.32,48
P4,-0.22,1.01,89
P4,-0.09,0.75,178
P4,-0.12,0.94,48
P4,0.23,1.25,53
P4,0.22,1.25,23
P4,0.22,1.24,43
P4,0.22,0.79,16
P4,0.16,0.93,8
P4,0.15,0.93,23
P4,0.16,0.74,57
P4,0.12,0.88,35
P4,0.21,0.94,62
P4,0.20,0.94,46
P4,0.19,0.94,45
P4,-0.20,1.37,101
P4,-0.19,1.37,48
P4,0.21,0.57,137
P4,0.14,0.89,19
P4,0.00,1.39,24
P4,0.00,1.38,53
P4,0.10,0.62,97
P4,0.11,0.62,109
P4,0.12,0.62,30
P4,0.17,0.85,24
P4,0.16,0.85,47
P4,0.16,0.84,56
P4,0.15,0.84,82
P4,0.17,0.82,75
P4,0.16,0.82,54
P4,0.15,1.06,7
P4,0.14,1.06,20
P4,0.13,1.06,12
P4,0.19,0.31,61
P4,0.15,0.49,24
P4,0.15,0.50,164
P4,0.16,0.50,26
P4,0.20,1.15,30
P4,0.21,1.15,48
P4,0.22,1.15,17
P4,0.18,0.52,14
P4,0.18,0.51,42
P4,0.16,0.32,80
P4,0.17,0.32,29
P4,0.20,0.42,29
P4,0.20,0.43,4
P4,-0.15,1.24,70
P4,-0.21,1.38,40
P4,-0.24,1.02,43
P4,-0.15,0.79,94
P4,0.12,0.74,11
P4,0.20,0.77,33
P4,0.11,1.31,16
P4,0.14,0.64,81
P4,0.15,0.64,39
P4,-0.15,0.62,168
P4,-0.16,0.62,119
P4,0.05,0.96,9
P4,0.07,0.96,75
P4,-0.23,1.23,89
P4,-0.22,1.23,109
P4,0.22,0.80,18
P4,0.21,0.80,39
P4,0.20,0.80,31
P4,-0.04,0.95,37
P4,-0.04,0.96,70
P4,-0.03,0.96,124
P4,-0.03,0.95,77
P4,0.13,0.62,41
P4,-0.11,0.74,119
P4,-0.12,0.75,147
P4,-0.12,0.74,123
P4,0.09,0.63,87
P4,0.16,0.64,37
P4,0.17,0.65,24
P4,0.13,1.29,2
P4,0.12,1.29,23
P4,0.11,1.29,32
P4,-0.14,0.92,104
P4,0.10,0.79,75
P4,0.10,0.78,2
P4,-0.02,1.19,4
P4,-0.02,1.20,41
P4,-0.01,1.20,72
P4,-0.01,1.19,5
P4,-0.12,1.34,65
P4,-0.11,1.34,16
P4,0.23,0.58,100
P4,0.20,1.26,6
P4,0.21,1.26,28
P4,0.22,1.26,51
P4,0.13,0.83,13
P4,0.14,0.83,37
P4,0.15,0.83,85
P4,0.17,0.70,45
P4,0.14,0.88,11
P4,-0.16,1.08,85
P4,-0.08,0.83,74
P4,-0.20,0.64,154
P4,0.23,1.31,40
P4,0.24,1.31,23
P4,0.24,1.32,21
P4,0.16,0.63,5
P4,-0.02,1.08,13
P4,0.15,0.86,52
P4,0.15,0.87,41
P4,0.16,0.86,40
P4,0.13,1.09,24
P4,0.23,0.94,80
P4,0.22,0.94,60
P4,0.21,0.93,38
P4,-0.07,1.24,36
P4,-0.07,1.25,95
P4,-0.24,0.91,76
P4,0.21,0.85,50
P4,0.21,0.86,12
P4,0.20,0.86,38
P4,0.19,0.86,26
P4,0.19,0.85,53
P4,0.18,0.97,24
P4,0.15,0.71,13
P4,0.16,0.71,21
P4,-0.21,0.41,1
P4,0.22,1.03,56
P4,0.21,1.03,28
P4,0.20,1.03,27
P4,0.19,1.35,39
P4,0.18,1.35,10
P4,-0.04,0.80,177
P4,-0.03,0.80,199
P4,0.23,1.14,36
P4,0.23,1.15,13
P4,0.24,1.15,17
P4,0.24,1.14,49
P4,0.20,0.85,22
P4,0.18,0.85,28
P4,0.14,0.93,23
P4,0.17,0.71,28
P4,-0.13,0.75,99
P4,0.24,0.95,26
P4,0.24,1.38,54
P4,0.24,1.39,16
P4,0.23,1.38,65
P4,-0.13,1.07,83
P4,0.20,0.37,98
P4,-0.22,0.39,48
P4,-0.04,0.86,72
P4,0.09,1.34,59
P4,0.10,1.34,20
P4,0.15,1.08,39
P4,0.16,1.08,54
P4,0.00,1.03,78
P4,-0.03,0.87,57
P4,-0.04,0.87,125
P4,-0.03,1.00,26
P4,-0.03,1.01,68
P4,-0.04,1.01,103
P4,-0.04,1.00,31
P4,-0.05,0.96,169
P4,0.24,0.60,44
P4,0.14,1.32,3
P4,0.15,1.32,17
P4,0.16,1.32,1
P4,0.18,1.38,24
P4,0.09,0.67,127
P4,0.10,0.67,51
P4,-0.19,0.30,63
P4,-0.15,0.30,134
P4,0.09,0.72,41
P4,0.09,0.71,11
P4,0.10,0.41,215
P4,0.16,0.57,33
P4,0.16,0.58,46
P4,0.17,0.58,30
P4,0.17,0.57,27
P4,-0.19,0.35,118
P4,0.09,0.66,60
P4,0.10,0.66,33
P4,-0.12,1.35,46
P4,-0.11,1.35,48
P4,0.24,0.99,18
P4,0.24,0.98,36
P4,-0.15,1.39,5
P4,-0.15,1.38,108
P4,0.10,0.91,25
P4,0.12,0.91,10
P4,-0.10,1.21,1
P4,-0.11,1.21,28
P4,-0.12,1.29,27
P4,-0.14,1.30,86
P4,0.08,0.85,70
P4,0.09,0.85,63
P4,0.08,1.02,41
P4,0.05,0.71,126
P4,0.12,1.00,43
P4,0.21,1.20,35
P4,0.21,1.21,77
P4,0.20,1.21,54
P4,0.19,1.21,39
P4,0.19,1.20,3
P4,0.16,1.17,3
P4,0.17,1.17,3
P4,0.18,1.17,2
P4,-0.05,0.89,11
P4,0.20,1.23,30
P4,-0.18,1.37,56
P4,-0.16,1.36,17
P4,0.13,1.19,27
P4,0.19,0.47,79
P4,-0.13,1.12,32
P4,0.05,0.77,85
P4,0.06,0.77,69
P4,0.13,0.73,51
P4,0.12,0.73,40
P4,-0.19,0.39,71
P4,-0.03,1.08,53
P4,0.11,0.65,57
P4,0.05,1.01,39
P4,0.04,0.87,101
P4,-0.16,0.30,48
P4,-0.06,1.20,33
P4,-0.06,1.21,14
P4,0.24,1.24,8
P4,0.23,1.24,44
P4,0.23,0.88,94
P4,0.22,0.88,40
P4,0.02,0.58,102
P4,0.19,1.18,14
P4,0.14,1.12,56
P4,0.15,1.12,45
P4,0.16,1.12,26
P4,0.12,0.56,106
P4,0.13,0.56,40
P4,0.01,0.94,118
P4,-0.14,0.81,28
P4,0.18,1.19,20
P4,0.11,1.08,22
P4,0.11,1.07,29
P4,-0.18,1.11,77
P4,0.10,0.72,27
P4,0.11,0.72,18
P4,-0.13,1.25,83
P4,-0.14,1.25,109
P4,-0.15,1.25,129
P4,-0.06,0.91,79
P4,0.06,0.87,34
P4,0.04,0.76,82
P4,0.05,0.76,12
P4,-0.09,0.78,64
P4,-0.08,0.98,15
P4,-0.03,1.10,99
P4,0.23,1.03,37
P4,0.22,1.21,22
P4,-0.03,1.39,2
P4,-0.03,1.38,66
P4,-0.22,1.07,64
P4,-0.21,1.07,104
P4,0.01,1.39,1
P4,0.01,1.38,31
P4,-0.07,0.91,96
P4,-0.21,1.08,113
P4,-0.15,1.08,78
P4,-0.15,1.09,117
P4,-0.07,0.97,62
P4,-0.07,0.98,100
P4,-0.05,0.99,75
P4,-0.06,1.00,124
P4,0.19,1.07,29
P4,0.13,0.77,2
P4,-0.14,1.17,136
P4,-0.13,1.17,131
P4,-0.08,1.12,38
P4,-0.15,0.38,95
P4,0.07,0.86,53
P4,0.20,0.56,126
P4,0.19,0.56,92
P4,0.20,0.89,6
P4,-0.07,1.17,124
P4,-0.07,1.16,93
P4,0.07,0.58,145
P4,-0.04,0.79,76
P4,0.19,1.05,28
P4,-0.06,1.14,116
P4,-0.04,1.05,53
P4,0.12,0.60,71
P4,0.11,0.61,56
P4,0.11,0.60,39
P4,-0.05,0.58,145
P4,0.13,1.22,43
P4,0.15,1.23,4
P4,0.15,1.22,5
P4,0.09,1.03,11
P4,-0.08,0.85,14
P4,0.19,1.36,24
P4,0.18,1.36,30
P4,-0.10,0.75,86
P4,0.06,0.92,37
P4,0.07,0.92,25
P4,-0.19,0.64,96
P4,-0.11,1.18,62
P4,-0.11,1.17,191
P4,0.02,0.96,39
P4,-0.04,1.18,43
P4,-0.04,1.19,68
P4,-0.05,1.25,96
P4,-0.08,1.08,42
P4,-0.08,1.09,48
P4,-0.11,1.00,66
P4,-0.01,1.04,75
P4,-0.02,0.92,60
P4,0.11,0.59,29
P4,0.10,0.59,40
P4,0.10,0.60,37
P4,0.09,0.60,109
P4,-0.08,0.84,74
P4,-0.09,0.84,110
P4,-0.09,0.83,67
P4,0.14,0.62,39
P4,0.15,0.62,24
P4,0.05,1.24,1
P4,0.01,1.16,68
P4,0.01,1.17,32
P4,0.21,1.08,3
P4,-0.16,0.31,101
P4,0.13,1.36,3
P4,0.14,1.37,30
P4,0.15,1.37,18
P4,0.15,1.36,2
P4,0.13,1.11,3
P4,0.14,1.11,33
P4,0.15,1.11,29
P4,0.10,0.85,80
P4,0.11,0.85,25
P4,0.19,0.41,94
P4,-0.08,0.93,46
P4,-0.10,0.93,54
P4,-0.04,1.02,90
P4,-0.05,1.02,27
P4,-0.07,0.99,107
P4,0.20,0.61,50
P4,0.21,0.38,21
P4,0.21,0.39,8
P4,-0.07,1.18,108
P4,-0.07,1.26,4
P4,-0.07,1.27,51
P4,0.24,1.16,26
P4,0.07,0.73,58
P4,-0.13,1.08,113
P4,-0.14,1.08,68
P4,-0.03,0.99,89
P4,-0.06,0.96,65
P4,-0.08,0.95,5
P4,-0.10,1.36,8
P4,-0.09,1.36,20
P4,-0.20,1.26,66
P4,-0.21,1.26,93
P4,0.11,1.09,9
P4,0.11,1.10,36
P4,0.12,1.10,23
P4,0.12,1.09,18
P4,-0.17,1.14,213
P4,-0.15,0.72,118
P4,-0.17,1.24,115
P4,-0.16,1.24,74
P4,0.07,0.83,75
P4,0.22,1.17,20
P4,0.06,1.08,25
P4,0.06,0.56,181
P4,0.21,1.24,5
P4,0.20,0.46,30
P4,0.14,1.09,40
P4,0.15,1.09,26
P4,0.02,0.98,3
P4,0.02,0.99,19
P4,-0.07,1.23,51
P4,-0.08,1.23,47
P4,-0.05,1.37,2
P4,-0.04,1.38,28
P4,-0.04,1.37,60
P4,0.16,1.13,14
P4,0.17,1.13,21
P4,0.17,1.12,3
P4,0.08,0.44,171
P4,-0.03,1.18,8
P4,-0.02,1.18,47
P4,-0.01,1.18,26
P4,-0.12,1.20,28
P4,-0.12,1.21,28
P4,-0.15,0.42,148
P4,-0.12,1.17,77
P4,0.03,0.96,29
P4,0.02,1.19,13
P4,0.03,1.19,58
P4,0.04,1.19,24
P4,0.02,1.37,39
P4,0.02,1.38,21
P4,0.03,1.37,73
P4,0.12,0.85,32
P4,0.13,0.85,33
P4,0.21,0.61,81
P4,0.01,1.18,25
P4,0.09,1.26,86
P4,0.10,1.26,20
P4,0.17,0.95,28
P4,0.17,1.26,11
P4,0.18,1.26,19
P4,0.19,1.26,3
P4,0.11,0.97,40
P4,-0.06,0.97,63
P4,0.04,1.21,46
P4,0.05,1.21,12
P4,0.05,1.20,1
P4,0.00,1.19,1
P4,0.01,1.19,79
P4,0.01,1.20,19
P4,0.18,1.05,33
P4,0.06,0.71,50
P4,0.07,0.70,4
P4,0.23,0.33,1
P4,0.21,1.14,33
P4,0.20,1.14,66
P4,0.19,1.14,20
P4,0.14,0.85,1
P4,0.15,0.85,12
P4,0.11,0.82,35
P4,0.12,0.48,352
P4,0.07,0.64,167
P4,0.08,0.64,148
P4,-0.10,0.78,19
P4,0.11,0.79,21
P4,-0.20,0.26,14
P4,-0.01,0.90,62
P4,0.00,0.90,123
P4,0.02,0.89,52
P4,0.03,0.89,63
P4,-0.17,1.09,61
P4,-0.18,1.09,37
P4,0.03,0.88,93
P4,0.11,0.49,236
P4,0.06,0.91,26
P4,0.07,0.91,21
P4,0.00,0.99,60
P4,0.06,1.30,15
P4,0.07,1.30,51
P4,0.08,1.30,46
P4,0.15,1.24,8
P4,-0.05,0.76,126
P4,-0.05,1.00,71
P4,-0.17,0.31,14
P4,0.12,0.67,32
P4,0.12,0.68,9
P4,0.13,0.68,21
P4,0.14,0.68,8
P4,0.14,0.67,15
P4,-0.17,1.36,82
P4,0.05,0.98,80
P4,-0.11,0.75,42
P4,0.08,1.24,24
P4,0.09,1.24,24
P4,0.24,0.85,45
P4,0.22,0.85,91
P4,-0.07,1.30,10
P4,-0.07,1.31,108
P4,-0.02,1.21,23
P4,-0.01,1.21,41
P4,0.01,0.95,25
P4,-0.19,1.36,7
P4,-0.18,1.36,24
P4,-0.19,1.08,64
P4,0.01,0.90,98
P4,0.12,0.89,17
P4,-0.22,1.06,141
P4,0.04,1.37,41
P4,0.08,1.35,25
P4,0.22,1.38,38
P4,0.20,0.97,70
P4,0.14,0.87,9
P4,-0.16,1.23,73
P4,-0.15,1.23,45
P4,0.10,1.28,7
P4,0.12,1.28,8
P4,0.14,1.25,6
P4,0.14,1.07,36
P4,-0.04,0.83,95
P4,0.12,1.39,8
P4,0.13,1.38,23
P4,0.17,0.79,73
P4,0.16,0.79,49
P4,0.19,1.37,33
P4,0.18,1.37,34
P4,0.17,1.37,8
P4,-0.04,0.58,160
P4,-0.23,1.16,57
P4,0.00,1.18,23
P4,-0.22,0.36,9
P4,0.02,1.28,29
P4,0.03,1.28,57
P4,0.11,1.21,32
P4,0.12,1.21,17
P4,0.11,0.56,97
P4,-0.21,1.18,40
P4,0.19,1.06,21
P4,0.00,1.23,84
P4,0.15,1.05,18
P4,0.16,1.05,38
P4,0.20,0.51,128
P4,0.04,1.08,44
P4,-0.18,0.44,37
P4,0.21,1.16,14
P4,0.21,1.17,8
P4,0.20,1.17,14
P4,0.20,1.16,18
P4,0.19,1.16,1
P4,-0.08,0.88,122
P4,-0.24,1.01,92
P4,-0.23,1.01,112
P4,-0.10,0.91,63
P4,-0.10,0.92,43
P4,0.22,1.39,5
P4,-0.16,1.22,39
P4,-0.15,1.22,18
P4,-0.04,1.20,129
P4,0.24,1.12,60
P4,0.24,1.13,38
P4,0.00,1.27,118
P4,0.00,1.28,60
P4,0.01,1.28,65
P4,0.01,1.27,26
P4,0.24,1.33,17
P4,0.12,0.50,59
P4,0.13,0.50,65
P4,-0.16,1.25,143
P4,-0.07,0.89,42
P4,-0.07,0.90,58
P4,0.18,0.76,65
P4,0.17,0.76,35
P4,0.12,1.14,45
P4,0.09,0.69,23
P4,-0.16,0.28,12
P4,0.01,1.33,15
P4,0.01,1.34,18
P4,0.02,1.34,13
P4,-0.20,0.88,119
P4,0.04,0.77,76
P4,0.24,0.61,34
P4,0.13,0.60,29
P4,0.15,0.60,19
P4,-0.09,1.33,64
P4,-0.09,1.34,19
P4,-0.10,1.34,23
P4,0.10,0.55,153
P4,-0.11,1.19,41
P4,-0.12,1.19,94
P4,-0.20,1.39,21
P4,0.23,0.80,19
P4,-0.03,1.02,91
P4,-0.18,0.42,44
P4,-0.19,0.42,29
P4,-0.19,0.41,52
P4,-0.04,1.26,55
P4,0.18,0.33,22
P4,-0.24,1.39,3
P4,0.09,1.30,12
P4,0.10,1.30,46
P4,0.11,1.30,39
P4,-0.14,1.27,87
P4,-0.15,1.26,61
P4,-0.19,0.51,15
P4,-0.10,1.06,26
P4,-0.10,1.07,84
P4,-0.11,1.07,56
P4,-0.12,1.13,61
P4,-0.01,0.93,93
P4,0.22,0.61,154
P4,0.00,1.06,2
P4,0.00,1.07,86
P4,0.01,1.07,59
P4,0.03,1.29,30
P4,0.04,1.28,66
P4,0.16,0.73,21
P4,0.11,1.14,55
P4,-0.06,1.11,52
P4,0.02,1.07,19
P4,0.09,0.68,44
P4,0.24,0.94,47
P4,0.18,0.88,17
P4,0.19,0.88,16
P4,0.05,1.31,60
P4,0.03,0.94,17
P4,0.06,1.27,9
P4,0.07,1.27,43
P4,0.07,1.28,58
P4,0.08,1.28,14
P4,0.08,1.27,38
P4,-0.08,0.94,31
P4,0.01,0.98,9
P4,-0.21,1.39,14
P4,0.10,0.94,30
P4,0.10,0.93,19
P4,-0.09,1.09,213
P4,0.19,0.28,5
P4,0.19,1.02,40
P4,0.20,1.02,25
P4,-0.24,1.16,58
P4,0.24,1.23,82
P4,0.06,1.39,2
P4,0.13,0.58,51
P4,0.14,0.57,2
P4,-0.02,0.96,79
P4,-0.02,0.95,39
P4,0.18,1.03,27
P4,0.19,1.03,52
P4,-0.06,0.88,60
P4,0.21,1.35,26
P4,-0.23,1.12,41
P4,-0.24,1.12,35
P4,0.10,0.96,8
P4,-0.07,1.01,42
P4,-0.07,1.02,91
P4,0.10,0.68,46
P4,0.11,0.68,21
P4,0.07,0.77,42
P4,-0.17,0.81,139
P4,-0.10,1.09,35
P4,0.24,1.09,56
P4,0.23,1.34,17
P4,0.22,1.34,66
P4,-0.21,0.25,9
P4,0.13,1.39,8
P4,0.01,1.26,1
P4,0.23,0.61,85
P4,0.11,1.22,32
P4,-0.19,0.99,43
P4,-0.20,1.29,41
P4,-0.21,1.29,27
P4,0.14,0.84,11
P4,0.10,1.02,19
P4,0.24,1.29,10
P4,0.23,1.29,8
P4,0.23,1.30,36
P4,0.22,1.29,31
P4,0.21,0.41,14
P4,-0.13,0.82,151
P4,0.15,0.82,29
P4,0.06,0.72,47
P4,0.14,1.31,16
P4,0.17,1.15,22
P4,0.18,1.15,23
P4,0.19,1.15,1
P4,-0.19,1.33,60
P4,-0.20,1.33,61
P4,-0.21,1.33,32
P4,0.22,0.82,23
P4,-0.03,0.98,91
P4,0.02,0.88,94
P4,-0.10,0.90,65
P4,0.20,1.22,53
P4,-0.12,1.38,27
P4,0.05,1.35,6
P4,0.06,1.35,10
P4,0.06,1.36,13
P4,0.07,1.36,1
P4,0.07,1.35,28
P4,0.15,0.79,38
P4,-0.08,1.00,27
P4,-0.09,1.00,62
P4,-0.21,0.38,35
P4,-0.20,0.99,70
P4,0.19,0.87,12
P4,-0.05,1.35,4
P4,-0.04,1.36,64
P4,-0.04,1.35,5
P4,0.03,0.95,11
P4,0.04,0.95,13
P4,0.05,0.95,13
P4,0.06,1.37,7
P4,0.07,1.37,22
P4,0.08,1.37,14
P4,0.08,1.36,1
P4,0.18,0.81,42
P4,0.18,0.82,20
P4,0.17,0.81,25
P4,0.13,0.63,67
P4,0.14,0.63,90
P4,0.15,0.63,71
P4,-0.16,1.09,106
P4,0.16,0.89,5
P4,-0.07,1.09,5
P4,0.16,0.98,33
P4,-0.01,1.07,15
P4,0.14,1.27,1
P4,0.14,0.22,1
P4,-0.23,1.17,70
P4,-0.20,1.31,94
P4,0.20,1.07,29
P4,0.12,0.64,46
P4,0.12,0.65,78
P4,0.13,0.64,44
P4,0.19,0.29,6
P4,0.20,0.82,13
P4,0.19,0.81,48
P4,0.11,0.66,57
P4,0.12,0.66,59
P4,0.16,0.78,30
P4,-0.01,1.27,125
P4,0.00,1.26,1
P4,0.15,0.61,56
P4,0.13,1.04,7
P4,0.12,1.04,2
P4,-0.18,1.33,69
P4,-0.20,1.34,79
P4,0.22,1.18,22
P4,0.21,1.18,18
P4,0.17,1.04,18
P4,0.17,1.05,6
P4,0.15,1.04,5
P4,-0.20,0.47,21
P4,-0.19,0.47,37
P4,-0.08,1.31,32
P4,-0.08,1.30,4
P4,-0.11,1.09,41
P4,0.18,0.98,19
P4,0.18,0.99,23
P4,0.17,0.99,55
P4,0.17,0.98,17
P4,0.02,1.15,9
P4,0.02,1.14,7
P4,-0.14,1.23,95
P4,-0.03,1.03,12
P4,0.15,1.02,5
P4,0.14,1.02,22
P4,-0.10,1.23,60
P4,-0.10,1.24,57
P4,-0.11,1.24,27
P4,-0.11,1.23,44
P4,0.03,1.06,57
P4,-0.12,1.23,93
P4,-0.13,1.23,21
P4,0.14,0.58,22
P4,0.17,1.31,36
P4,0.17,1.32,4
P4,0.18,1.32,7
P4,0.18,1.31,25
P4,0.13,0.51,30
P4,0.14,0.52,38
P4,0.10,0.69,15
P4,0.19,0.51,8
P4,0.11,0.55,89
P4,0.24,1.04,50
P4,0.24,1.05,25
P4,-0.18,1.39,5
P4,0.23,0.90,21
P4,0.10,1.37,33
P4,0.12,1.33,20
P4,0.13,1.33,43
P4,-0.08,1.19,13
P4,-0.08,1.20,98
P4,0.16,0.88,16
P4,0.15,0.88,10
P4,0.02,1.01,85
P4,0.11,1.35,4
P4,0.15,1.13,20
P4,-0.14,1.28,69
P4,0.19,0.79,37
P4,0.18,0.79,75
P4,-0.13,1.14,29
P4,0.19,0.96,37
P4,-0.01,0.89,78
P4,0.23,0.83,34
P4,0.23,1.05,39
P4,0.17,1.08,23
P4,0.14,0.50,88
P4,0.16,0.62,48
P4,0.15,1.28,31
P4,0.14,1.28,24
P4,0.08,1.31,9
P4,0.09,1.31,12
P4,-0.10,1.25,29
P4,0.13,1.01,5
P4,-0.10,1.19,18
P4,-0.11,1.20,56
P4,0.16,1.02,11
P4,-0.05,1.19,91
P4,-0.05,1.18,2
P4,0.10,1.13,37
P4,0.10,1.14,64
P4,-0.08,1.36,9
P4,-0.08,1.37,149
P4,0.16,0.95,2
P4,0.15,0.76,16
P4,0.16,0.76,18
P4,0.24,1.03,34
P4,0.21,0.90,21
P4,0.21,0.91,60
P4,0.20,0.91,41
P4,0.20,0.90,39
P4,0.21,0.73,22
P4,0.20,0.73,18
P4,-0.06,1.19,12
P4,0.02,0.94,24
P4,0.02,0.93,8
P4,-0.19,0.44,18
P4,-0.20,0.44,9
P4,-0.09,0.95,42
P4,-0.09,1.24,80
P4,-0.09,1.25,114
P4,0.17,1.30,1
P4,0.16,1.31,19
P4,-0.01,1.29,11
P4,0.00,1.29,13
P4,0.16,1.03,19
P4,-0.10,1.35,84
P4,0.03,1.14,19
P4,0.04,1.14,49
P4,0.05,1.14,33
P4,0.05,1.13,1
P4,0.19,1.09,50
P4,0.18,1.09,49
P4,0.17,1.09,52
P4,0.17,1.39,19
P4,0.17,1.38,38
P4,-0.05,0.83,100
P4,-0.05,0.84,125
P4,0.15,0.58,48
P4,0.21,0.92,37
P4,0.20,0.92,29
P4,0.17,0.72,9
P4,0.03,1.23,14
P4,0.03,1.24,4
P4,0.04,1.24,22
P4,0.04,1.23,8
P4,0.05,1.23,25
P4,0.21,0.77,13
P4,0.22,0.90,19
P4,0.15,0.53,33
P4,0.15,0.54,55
P4,0.16,0.54,54
P4,0.16,0.99,31
P4,-0.06,1.37,49
P4,-0.06,1.38,24
P4,0.02,1.10,34
P4,0.03,1.10,50
P4,0.21,1.25,1
P4,0.18,0.56,22
P4,0.04,1.11,15
P4,0.04,1.12,33
P4,0.06,1.21,22
P4,0.06,1.22,90
P4,0.07,1.21,29
P4,0.15,0.55,30
P4,0.24,0.78,26
P4,0.16,1.06,7
P4,0.17,1.06,41
P4,0.06,1.28,15
P4,0.11,0.93,5
P4,0.11,0.94,23
P4,0.12,0.93,31
P4,-0.18,1.08,106
P4,-0.16,1.39,3
P4,-0.05,1.01,29
P4,0.22,1.01,65
P4,0.07,1.10,4
P4,0.07,1.11,35
P4,0.23,1.39,3
P4,-0.13,1.10,38
P4,-0.03,1.23,8
P4,-0.03,1.24,27
P4,-0.02,1.24,47
P4,0.24,1.18,29
P4,-0.06,1.05,70
P4,0.09,0.78,34
P4,0.06,1.09,4
P4,0.12,0.97,12
P4,0.12,0.96,31
P4,-0.07,1.32,69
P4,-0.02,1.15,5
P4,0.08,1.26,54
P4,-0.09,1.31,56
P4,-0.09,1.32,45
P4,-0.10,1.32,71
P4,-0.06,0.89,52
P4,-0.06,0.90,20
P4,-0.20,1.32,52
P4,0.15,0.72,18
P4,0.16,0.72,16
P4,0.18,0.50,67
P4,0.02,1.04,25
P4,0.03,1.04,6
P4,0.04,1.04,14
P4,0.03,0.67,173
P4,-0.08,1.39,3
P4,-0.08,1.38,38
P4,-0.09,1.38,1
P4,-0.13,1.38,20
P4,-0.03,0.94,65
P4,-0.04,1.17,20
P4,-0.03,1.17,22
P4,0.04,1.22,37
P4,0.05,1.22,76
P4,-0.03,1.20,11
P4,-0.03,1.21,64
P4,-0.07,1.12,37
P4,0.08,1.14,46
P4,0.09,1.14,22
P4,0.09,1.13,5
P4,0.08,0.91,3
P4,0.09,0.91,6
P4,0.09,0.92,35
P4,0.10,0.92,15
P4,-0.06,1.12,17
P4,0.08,1.13,2
P4,-0.03,1.35,47
P4,-0.02,1.35,15
P4,-0.02,1.34,37
P4,-0.06,1.24,2
P4,0.07,0.99,37
P4,0.08,0.99,101
P4,0.09,0.99,24
P4,0.11,0.67,27
P4,0.08,0.90,43
P4,-0.12,1.10,100
P4,-0.13,1.13,57
P4,-0.17,0.60,74
P4,0.10,1.24,7
P4,0.11,1.24,24
P4,0.12,1.24,18
P4,0.20,0.99,22
P4,-0.02,1.04,34
P4,0.01,1.04,14
P4,0.10,1.29,26
P4,-0.09,0.90,26
P4,0.20,1.10,4
P4,0.19,1.10,11
P4,0.20,0.93,14
P4,0.08,1.18,12
P4,0.00,1.13,32
P4,0.00,1.12,24
P4,0.17,0.50,73
P4,-0.18,0.32,1
P4,0.08,0.79,33
P4,0.14,1.33,7
P4,0.14,0.51,28
P4,0.09,0.79,11
P4,0.11,0.92,5
P4,0.13,0.93,9
P4,0.13,0.92,7
P4,0.00,1.31,26
P4,-0.15,1.28,91
P4,-0.06,1.25,20
P4,-0.06,1.26,42
P4,0.24,0.92,6
P4,-0.01,1.28,50
P4,0.01,1.30,62
P4,0.01,1.29,2
P4,0.22,1.22,1
P4,0.16,0.75,8
P4,0.15,0.75,3
P4,-0.12,1.22,93
P4,0.07,1.14,16
P4,-0.16,1.26,74
P4,0.04,1.17,9
P4,-0.14,1.22,26
P4,-0.13,1.22,39
P4,0.20,1.28,1
P4,0.19,1.28,18
P4,0.18,1.28,7
P4,0.12,1.05,1
P4,0.12,1.06,19
P4,0.18,1.06,26
P4,-0.05,1.26,39
P4,0.04,0.99,26
P4,0.21,0.87,2
P4,-0.07,1.28,27
P4,-0.07,1.29,84
P4,-0.08,1.29,61
P4,-0.08,1.28,32
P4,-0.20,0.45,22
P4,0.05,1.28,11
P4,-0.04,1.21,126
P4,0.04,1.00,23
P4,0.15,1.07,25
P4,0.13,1.12,35
P4,-0.06,1.29,14
P4,-0.06,1.28,11
P4,-0.09,1.07,43
P4,0.21,1.00,28
P4,0.20,1.00,43
P4,0.19,1.23,37
P4,-0.18,0.31,1
P4,0.18,1.14,21
P4,-0.14,1.39,9
P4,-0.14,1.38,35
P4,0.18,1.07,8
P4,0.19,1.01,53
P4,0.14,0.59,14
P4,0.15,0.59,15
P4,0.05,1.19,58
P4,0.06,1.19,28
P4,-0.01,0.96,47
P4,0.09,0.90,21
P4,0.15,0.94,48
P4,0.08,1.23,18
P4,0.09,1.23,22
P4,0.10,1.23,2
P4,-0.08,1.18,60
P4,-0.12,1.39,6
P4,0.16,1.21,6
P4,0.17,1.21,24
P4,0.18,1.21,31
P4,0.19,1.22,17
P4,0.22,1.16,16
P4,0.22,1.32,25
P4,0.20,1.32,24
P4,0.20,1.31,1
P4,-0.16,0.29,24
P4,-0.01,1.26,71
P4,0.24,1.22,7
P4,0.20,0.88,5
P4,-0.03,1.28,1
P4,-0.03,1.29,55
P4,-0.02,1.28,2
P4,0.16,0.70,12
P4,0.16,1.09,36
P4,0.18,1.00,40
P4,0.19,1.00,31
P4,0.20,0.78,22
P4,0.14,0.92,1
P4,0.06,1.18,9
P4,0.11,0.96,16
P4,-0.06,1.01,29
P4,-0.07,1.19,10
P4,-0.09,1.19,69
P4,-0.22,0.24,4
P4,0.22,1.31,4
P4,0.21,1.31,12
P4,0.19,0.99,36
P4,0.03,1.09,9
P4,0.19,1.04,17
P4,0.20,1.04,19
P4,0.11,0.73,19
P4,0.09,1.17,9
P4,0.10,1.17,15
P4,-0.01,1.39,1
P4,-0.06,1.39,1
P4,0.18,1.30,2
P4,0.19,1.30,24
P4,0.20,1.30,21
P4,-0.20,0.42,8
P4,0.12,1.22,44
P4,-0.13,0.21,9
P4,-0.07,1.20,71
P4,0.00,1.24,66
P4,0.01,1.24,29
P4,0.01,1.23,31
P4,-0.01,1.24,27
P4,-0.01,1.25,29
P4,-0.22,1.36,12
P4,0.07,1.22,36
P4,0.21,0.40,10
P4,0.16,0.92,2
P4,0.08,1.34,32
P4,0.15,0.68,2
P4,0.09,1.38,9
P4,0.09,1.39,2
P4,0.01,1.21,35
P4,0.02,1.20,1
P4,0.17,1.25,17
P4,0.16,1.25,23
P4,0.15,1.25,3
P4,0.17,1.03,7
P4,0.18,1.04,40
P4,0.09,1.29,3
P4,0.18,0.86,15
P4,0.17,0.86,43
P4,-0.17,0.30,1
P4,0.06,1.14,2
P4,0.16,0.61,28
P4,-0.19,1.35,8
P4,0.18,0.57,19
P4,0.16,0.96,8
P4,0.15,0.96,13
P4,0.17,0.54,5
P4,0.17,0.56,2
P4,0.14,1.21,16
P4,0.13,1.21,17
P4,-0.15,0.24,1
P4,-0.09,0.89,58
P4,0.12,1.12,10
P4,-0.10,1.20,34
P4,0.10,1.03,3
P4,0.10,1.39,2
P4,0.10,1.38,1
P4,0.04,1.32,15
P4,0.17,0.59,4
P4,0.00,1.11,51
P4,0.01,1.11,8
P4,-0.07,0.88,22
P4,0.16,0.81,1
P4,0.15,0.81,10
P4,-0.10,1.05,48
P4,0.16,0.29,9
P4,0.02,1.24,21
P4,0.02,1.25,24
P4,0.09,1.21,3
P4,0.05,1.08,19
P4,-0.11,1.10,60
P4,0.03,1.11,3
P4,0.22,1.14,8
P4,0.18,1.16,6
P4,0.11,1.18,26
P4,0.12,1.18,15
P4,0.04,1.38,9
P4,-0.09,1.14,23
P4,0.20,1.12,45
P4,0.03,1.27,7
P4,0.04,1.27,8
P4,-0.02,1.31,26
P4,0.01,1.31,1
P4,0.01,1.32,53
P4,0.02,1.32,6
P4,0.02,1.31,2
P4,0.02,1.39,1
P4,0.08,0.98,17
P4,0.21,1.12,44
P4,-0.05,1.27,58
P4,0.14,0.98,10
P4,0.15,0.98,30
P4,0.21,0.24,5
P4,-0.10,1.04,10
P4,-0.13,1.29,8
P4,0.22,0.87,12
P4,0.14,1.39,8
P4,0.14,1.38,7
P4,-0.07,1.11,29
P4,-0.07,1.22,24
P4,0.19,1.39,4
P4,-0.08,1.22,47
P4,0.11,0.71,6
P4,0.12,0.71,3
P4,0.13,0.71,4
P4,0.10,0.99,13
P4,0.00,1.10,49
P4,0.09,1.07,5
P4,0.13,1.10,13
P4,0.09,1.12,7
P4,0.20,0.41,76
P4,0.10,1.00,5
P4,0.11,1.00,19
P4,0.07,1.29,8
P4,0.21,1.11,12
P4,-0.02,1.07,15
P4,0.18,1.23,18
P4,0.21,0.37,3
P4,0.01,1.03,11
P4,-0.09,1.35,19
P4,0.18,0.96,16
P4,0.20,1.11,10
P4,-0.07,1.00,7
P4,-0.03,1.37,7
P4,-0.20,0.25,1
P4,0.14,0.86,2
P4,0.01,1.09,9
P4,0.01,1.10,26
P4,0.02,1.09,10
P4,0.15,0.74,14
P4,-0.20,0.40,22
P4,0.13,1.28,9
P4,0.14,0.53,8
P4,-0.10,1.37,59
P4,0.12,1.34,35
P4,0.13,1.34,5
P4,0.13,0.21,2
P4,-0.13,1.39,10
P4,-0.07,1.36,2
P4,-0.07,1.37,14
P4,-0.08,0.99,44
P4,-0.02,1.33,5
P4,0.13,0.88,2
P4,0.13,0.67,15
P4,0.19,0.52,1
P4,0.18,1.39,2
P4,-0.05,0.85,23
P4,0.20,0.45,1
P4,0.17,1.00,7
P4,0.19,0.73,1
P4,0.24,1.08,13
P4,0.23,1.08,15
P4,0.16,1.29,1
P4,0.15,1.29,13
P4,0.14,1.29,18
P4,0.15,1.18,1
P4,0.14,1.18,10
P4,0.16,1.07,14
P4,0.08,1.25,19
P4,0.19,0.91,8
P4,0.24,1.30,12
P4,0.22,1.30,11
P4,0.06,1.26,9
P4,0.07,1.26,3
P4,0.13,0.81,5
P4,0.20,1.20,13
P4,0.11,1.13,12
P4,0.09,1.37,12
P4,0.11,1.36,2
